"accident_id";"lieu_id";"date_id";"cause_id";"lum_id";"intemp_id";"etat_surface_id";"impliq_id";"nb_blesses_graves";"nb_blesses_legers";"nb_indemnes";"gravite";"nb_morts"
"28754";"87803502";"28754";"11";"1";"1";"7";"6";"0";"1";"2";"1";"0"
"28755";"87803502";"8176";"11";"2";"1";"7";"6";"0";"1";"1";"1";"0"
"28795";"87806101";"28795";"11";"1";"1";"7";"4";"0";"1";"1";"1";"0"
"28798";"87806203";"28798";"11";"1";"1";"7";"4";"0";"2";"1";"1";"0"
"28802";"87806205";"28802";"11";"1";"1";"7";"6";"0";"1";"1";"1";"0"
"28803";"87806205";"28803";"11";"1";"1";"7";"3";"1";"0";"1";"2";"0"
"28805";"87806205";"28805";"11";"1";"1";"7";"6";"0";"2";"2";"1";"0"
"28812";"87807103";"28812";"11";"3";"1";"7";"6";"0";"1";"1";"1";"0"
"28814";"87807103";"28814";"11";"3";"1";"7";"6";"0";"1";"1";"1";"0"
"28817";"87807107";"28817";"11";"1";"3";"2";"6";"0";"1";"2";"1";"0"
"28818";"87807107";"28818";"11";"1";"1";"7";"6";"0";"1";"1";"1";"0"
"28839";"87811201";"28839";"11";"3";"1";"1";"6";"0";"5";"0";"1";"0"
"28841";"87811201";"28841";"11";"1";"1";"7";"6";"0";"1";"1";"1";"0"
"28845";"87811201";"28845";"11";"1";"1";"7";"6";"0";"1";"1";"1";"0"
"28848";"87811201";"28848";"11";"3";"2";"1";"6";"0";"1";"1";"1";"0"
"28860";"87811202";"28860";"11";"1";"1";"7";"6";"1";"0";"1";"2";"0"
"28866";"87811202";"28866";"11";"3";"1";"1";"6";"0";"2";"1";"1";"0"
"28869";"87811202";"28869";"11";"1";"1";"7";"8";"0";"1";"1";"1";"0"
"28870";"87811202";"28870";"11";"1";"1";"7";"6";"0";"3";"0";"1";"0"
"28872";"87811202";"28872";"11";"3";"1";"7";"6";"0";"1";"1";"1";"0"
"28873";"87811202";"28873";"11";"1";"1";"7";"6";"0";"3";"5";"1";"0"
"28877";"87811202";"28877";"11";"3";"1";"1";"6";"0";"3";"0";"3";"0"
"28878";"87811202";"28878";"11";"1";"3";"2";"6";"1";"0";"1";"2";"0"
"28880";"87811202";"13737";"11";"1";"1";"7";"6";"0";"1";"1";"1";"0"
"28882";"87811202";"28882";"11";"3";"1";"7";"6";"0";"2";"4";"1";"0"
"28886";"87811202";"28886";"11";"1";"3";"1";"6";"0";"4";"0";"1";"0"
"28891";"87811202";"28891";"11";"3";"1";"7";"6";"0";"1";"1";"1";"0"
"28892";"87811202";"28892";"11";"1";"1";"7";"6";"0";"1";"3";"1";"0"
"28894";"87811202";"28894";"11";"1";"1";"7";"6";"0";"1";"1";"1";"0"
"28895";"87811202";"28895";"11";"3";"1";"7";"6";"2";"4";"0";"2";"0"
"28899";"87811202";"28899";"11";"3";"1";"7";"6";"0";"1";"1";"1";"0"
"28944";"87812101";"28944";"11";"3";"1";"7";"6";"0";"1";"1";"1";"0"
"28946";"87812101";"28946";"11";"3";"3";"1";"6";"0";"1";"1";"1";"0"
"28959";"87812304";"28959";"11";"1";"1";"7";"6";"0";"1";"1";"1";"0"
"28975";"87813102";"28975";"11";"1";"1";"7";"6";"0";"1";"1";"1";"0"
"28976";"87813102";"28976";"11";"1";"1";"1";"6";"0";"1";"4";"1";"0"
"28979";"87813102";"28979";"11";"1";"1";"7";"6";"0";"3";"1";"1";"0"
"28980";"87813102";"28980";"11";"1";"1";"7";"6";"1";"0";"1";"2";"0"
"28981";"87813102";"28981";"11";"1";"1";"7";"6";"0";"1";"4";"1";"0"
"28997";"87813401";"28997";"11";"1";"1";"7";"6";"0";"1";"1";"1";"0"
"29000";"87813401";"29000";"11";"1";"1";"7";"6";"0";"1";"1";"1";"0"
"29001";"87813401";"29001";"11";"1";"1";"7";"6";"0";"1";"2";"1";"0"
"29002";"87813401";"29002";"11";"1";"1";"7";"4";"0";"1";"1";"1";"0"
"29003";"87813401";"29003";"11";"1";"3";"2";"6";"0";"1";"1";"1";"0"
"29005";"87813401";"29005";"11";"1";"1";"7";"6";"0";"1";"1";"1";"0"
"29006";"87813401";"29006";"11";"3";"3";"1";"6";"1";"0";"1";"2";"0"
"29007";"87813401";"29007";"11";"1";"1";"7";"6";"0";"3";"1";"1";"0"
"29009";"87813401";"29009";"11";"1";"1";"7";"6";"0";"1";"0";"3";"0"
"29010";"87813401";"29010";"11";"1";"1";"7";"6";"0";"1";"1";"1";"0"
"29011";"87813401";"29011";"11";"1";"1";"7";"6";"0";"1";"0";"1";"0"
"29013";"87813401";"29013";"11";"2";"1";"7";"6";"0";"1";"0";"1";"0"
"29016";"87813401";"29016";"11";"1";"2";"2";"6";"1";"0";"1";"2";"0"
"29019";"87813401";"29019";"11";"1";"1";"7";"6";"0";"1";"1";"1";"0"
"29021";"87813401";"29021";"11";"1";"3";"2";"6";"0";"1";"1";"1";"0"
"29022";"87813401";"29022";"11";"5";"3";"2";"6";"0";"2";"2";"1";"0"
"29024";"87813401";"29024";"11";"1";"1";"7";"6";"0";"1";"1";"1";"0"
"29030";"87813401";"26622";"11";"1";"1";"7";"6";"0";"1";"1";"1";"0"
"29035";"87813401";"29035";"11";"1";"1";"7";"6";"0";"1";"1";"1";"0"
"29036";"87813401";"8450";"11";"3";"1";"1";"6";"1";"3";"0";"2";"0"
"29037";"87813401";"29037";"11";"1";"1";"7";"6";"0";"1";"1";"1";"0"
"29042";"87813401";"29042";"11";"1";"1";"1";"6";"0";"1";"1";"1";"0"
"29046";"87813401";"29046";"11";"1";"1";"7";"6";"0";"1";"1";"1";"0"
"29048";"87813401";"29048";"11";"1";"1";"7";"6";"0";"1";"1";"1";"0"
"29054";"87813501";"29054";"11";"1";"1";"7";"8";"0";"1";"0";"1";"0"
"29085";"87817316";"29085";"11";"1";"1";"7";"6";"0";"1";"1";"1";"0"
"29086";"87817316";"29086";"11";"3";"1";"7";"6";"0";"1";"2";"1";"0"
"29087";"87817316";"29087";"11";"1";"1";"7";"6";"0";"3";"2";"1";"0"
"29088";"87817316";"29088";"11";"1";"1";"7";"6";"0";"2";"0";"1";"0"
"29091";"87817316";"29091";"11";"1";"1";"7";"6";"0";"1";"1";"1";"0"
"29096";"87821201";"29096";"11";"3";"1";"7";"6";"0";"1";"1";"1";"0"
"29099";"87821202";"29099";"11";"2";"1";"7";"6";"0";"1";"1";"1";"0"
"29101";"87821202";"29101";"11";"1";"1";"7";"6";"0";"1";"1";"1";"0"
"29105";"87821303";"29105";"11";"1";"3";"2";"4";"1";"0";"1";"2";"0"
"29107";"87821303";"29107";"11";"1";"1";"7";"6";"0";"1";"1";"1";"0"
"29110";"87821303";"29110";"11";"2";"1";"7";"6";"0";"1";"1";"1";"0"
"29114";"87821303";"29114";"11";"3";"1";"7";"6";"1";"1";"0";"2";"0"
"29149";"87822105";"29149";"11";"1";"4";"3";"6";"0";"1";"1";"1";"0"
"29151";"87822105";"29151";"11";"1";"1";"7";"6";"0";"2";"2";"1";"0"
"29155";"87822105";"29155";"11";"1";"1";"7";"6";"1";"0";"1";"2";"0"
"29158";"87822105";"29158";"11";"1";"1";"7";"6";"0";"1";"1";"1";"0"
"29159";"87822105";"29159";"11";"3";"3";"1";"6";"0";"1";"1";"1";"0"
"29191";"87822501";"29191";"11";"1";"1";"7";"6";"0";"1";"1";"1";"0"
"29195";"87822501";"29195";"11";"3";"1";"1";"3";"0";"1";"1";"1";"0"
"29196";"87822501";"27970";"11";"3";"1";"1";"6";"0";"3";"3";"1";"0"
"29199";"87822501";"29199";"11";"1";"1";"7";"6";"0";"1";"1";"1";"0"
"29200";"87822501";"29200";"11";"1";"1";"7";"6";"0";"1";"1";"1";"0"
"29251";"87826203";"29251";"11";"1";"1";"7";"6";"0";"1";"3";"1";"0"
"29255";"87826203";"29255";"11";"1";"1";"7";"4";"0";"1";"0";"1";"0"
"29262";"87826203";"29262";"11";"1";"1";"7";"6";"0";"1";"1";"1";"0"
"29263";"87826203";"29263";"11";"1";"1";"1";"6";"0";"1";"1";"1";"0"
"29265";"87826203";"29265";"11";"1";"3";"1";"6";"0";"2";"1";"1";"0"
"29280";"87832317";"29280";"11";"1";"1";"7";"6";"1";"0";"1";"2";"0"
"29281";"87832317";"29281";"11";"3";"1";"7";"6";"4";"0";"2";"2";"0"
"29291";"87833318";"29291";"11";"1";"1";"7";"6";"1";"0";"1";"2";"0"
"29292";"87833318";"29292";"11";"1";"1";"7";"6";"0";"1";"1";"1";"0"
"29293";"87833318";"29293";"11";"2";"1";"7";"6";"0";"1";"1";"1";"0"
"29294";"87833318";"29294";"11";"1";"1";"7";"6";"2";"0";"2";"2";"0"
"29295";"87833318";"29295";"11";"1";"1";"7";"6";"0";"1";"0";"1";"0"
"29297";"87833318";"29297";"11";"1";"1";"7";"6";"0";"2";"1";"1";"0"
"29324";"87834405";"29324";"11";"1";"3";"1";"6";"0";"1";"1";"1";"0"
"29326";"87834409";"29326";"11";"1";"1";"7";"6";"0";"1";"2";"1";"0"
"29330";"87834409";"29330";"11";"1";"1";"7";"6";"0";"1";"1";"1";"0"
"29332";"87834409";"29332";"11";"1";"1";"7";"6";"0";"1";"0";"1";"0"
"29334";"87834409";"29334";"11";"1";"2";"1";"6";"0";"1";"1";"1";"0"
"29343";"87835102";"29343";"11";"1";"1";"7";"6";"1";"2";"1";"2";"0"
"29345";"87835102";"29345";"11";"1";"1";"7";"4";"0";"1";"0";"1";"0"
"29384";"87837503";"29384";"11";"1";"1";"7";"6";"0";"1";"1";"1";"0"
"29386";"87837503";"29386";"11";"3";"1";"7";"6";"0";"1";"0";"1";"0"
"29401";"87841210";"29401";"11";"1";"1";"7";"4";"0";"2";"1";"1";"0"
"29404";"87841210";"29404";"11";"1";"2";"1";"6";"0";"2";"1";"1";"0"
"29405";"87841210";"29405";"11";"1";"1";"7";"6";"0";"2";"0";"1";"0"
"29406";"87841210";"29406";"11";"3";"3";"1";"6";"0";"2";"2";"1";"0"
"29478";"87847104";"29478";"11";"3";"3";"1";"6";"0";"1";"1";"1";"0"
"29479";"87847104";"29479";"11";"3";"1";"7";"4";"0";"1";"0";"1";"0"
"29480";"87847104";"29480";"11";"1";"1";"7";"6";"0";"1";"1";"1";"0"
"29481";"87847104";"29481";"11";"1";"1";"7";"6";"0";"2";"1";"1";"0"
"29490";"87847104";"29490";"11";"3";"3";"1";"6";"0";"4";"1";"1";"0"
"29495";"87847112";"29495";"11";"1";"1";"1";"6";"0";"1";"0";"1";"0"
"29496";"87847112";"29496";"11";"1";"1";"7";"6";"0";"1";"1";"1";"0"
"29598";"88824203";"11328";"11";"1";"6";"1";"6";"0";"4";"0";"1";"0"
"29599";"88825102";"29599";"11";"1";"1";"7";"4";"1";"2";"1";"2";"0"
"29603";"88825102";"29603";"11";"1";"1";"7";"6";"0";"1";"1";"1";"0"
"29604";"88825102";"29604";"11";"2";"1";"7";"6";"1";"0";"1";"2";"0"
"29607";"88825102";"29607";"11";"1";"1";"7";"4";"1";"0";"1";"2";"0"
"29608";"88825102";"29608";"11";"1";"1";"7";"6";"0";"1";"1";"1";"0"
"29640";"88833403";"29640";"11";"1";"1";"7";"9";"0";"1";"1";"1";"0"
"29642";"88833403";"29642";"11";"3";"3";"1";"6";"0";"1";"1";"1";"0"
"29644";"88833504";"29644";"11";"1";"1";"7";"6";"0";"3";"1";"1";"0"
"29645";"88833504";"29645";"11";"3";"1";"7";"6";"0";"1";"1";"1";"0"
"29664";"88842105";"29664";"11";"3";"1";"2";"6";"1";"0";"1";"2";"0"
"29666";"88842204";"29666";"11";"3";"1";"7";"6";"1";"0";"1";"2";"0"
"29670";"88842204";"29670";"11";"3";"1";"1";"6";"0";"1";"1";"1";"0"
"29672";"88842204";"29672";"11";"1";"1";"7";"6";"0";"1";"1";"1";"0"
"29674";"88842204";"29674";"11";"1";"1";"7";"6";"0";"3";"0";"1";"0"
"29675";"88842204";"2616";"11";"3";"6";"1";"6";"0";"1";"0";"1";"0"
"29682";"88843103";"29682";"11";"1";"1";"7";"6";"0";"1";"1";"1";"0"
"29765";"89813510";"29765";"11";"3";"1";"7";"6";"0";"1";"1";"1";"0"
"14431";"78662106";"14431";"11";"3";"1";"7";"6";"1";"0";"1";"2";"0"
"14432";"78662106";"14432";"11";"1";"3";"1";"6";"0";"2";"0";"1";"0"
"14440";"78663201";"14440";"11";"1";"1";"7";"6";"3";"0";"0";"2";"0"
"14453";"78663303";"14453";"11";"1";"1";"7";"1";"1";"0";"1";"3";"0"
"14455";"78664405";"14455";"11";"1";"1";"7";"6";"1";"0";"1";"2";"0"
"14458";"78664405";"14458";"11";"1";"1";"7";"6";"0";"3";"1";"1";"0"
"14459";"78664405";"14459";"11";"3";"1";"7";"6";"1";"1";"1";"2";"0"
"14460";"78664405";"14460";"11";"1";"1";"7";"6";"0";"1";"2";"1";"0"
"14474";"78674104";"14474";"11";"2";"2";"2";"2";"1";"0";"1";"2";"0"
"14481";"78675111";"14481";"11";"1";"1";"7";"6";"1";"0";"1";"2";"0"
"14484";"78675116";"14484";"11";"1";"1";"7";"6";"0";"1";"1";"1";"0"
"14485";"78675116";"14485";"11";"1";"1";"7";"6";"0";"2";"0";"1";"0"
"14496";"78676407";"14496";"11";"1";"3";"2";"7";"1";"0";"1";"2";"0"
"14497";"78676407";"14497";"11";"3";"1";"7";"6";"0";"1";"1";"1";"0"
"14499";"78676407";"14499";"11";"1";"1";"7";"6";"1";"1";"2";"2";"0"
"14501";"78676407";"14501";"11";"1";"1";"7";"6";"0";"1";"1";"1";"0"
"14503";"78677304";"14503";"11";"1";"1";"7";"7";"0";"1";"1";"1";"0"
"14505";"78677304";"14505";"11";"3";"1";"7";"6";"0";"2";"1";"1";"0"
"14517";"78687502";"14517";"11";"1";"1";"7";"7";"0";"1";"1";"1";"0"
"14538";"78706205";"14538";"11";"1";"1";"7";"6";"0";"2";"1";"1";"0"
"14539";"78706205";"14539";"11";"3";"1";"7";"6";"0";"4";"0";"1";"0"
"14543";"78706205";"14543";"11";"1";"1";"7";"7";"1";"0";"1";"2";"0"
"14545";"78706205";"14545";"11";"3";"1";"7";"6";"0";"1";"2";"1";"0"
"14547";"78706410";"14547";"11";"1";"1";"7";"6";"2";"0";"1";"2";"0"
"14550";"78706410";"14550";"11";"1";"1";"7";"6";"0";"1";"1";"1";"0"
"14551";"78706410";"14551";"11";"1";"1";"7";"6";"1";"1";"0";"2";"0"
"14554";"78706410";"14554";"11";"1";"1";"7";"6";"0";"1";"1";"1";"0"
"14555";"78706410";"14555";"11";"1";"1";"7";"6";"1";"0";"1";"2";"0"
"14558";"78706410";"14558";"11";"1";"1";"7";"8";"0";"1";"1";"1";"0"
"14570";"78731302";"14570";"11";"3";"1";"7";"6";"0";"2";"1";"1";"0"
"14572";"78731410";"14572";"11";"3";"1";"7";"4";"0";"1";"1";"1";"0"
"14573";"78731410";"14573";"11";"1";"1";"7";"6";"0";"1";"1";"1";"0"
"14574";"78731410";"14574";"11";"1";"1";"7";"6";"0";"1";"1";"1";"0"
"14575";"78731410";"14575";"11";"1";"1";"7";"3";"0";"1";"1";"1";"0"
"14576";"78731410";"14576";"11";"1";"1";"7";"6";"0";"1";"1";"1";"0"
"14577";"78731410";"14577";"11";"1";"1";"7";"6";"0";"2";"1";"1";"0"
"14579";"78731410";"14579";"11";"1";"1";"7";"8";"0";"1";"1";"1";"0"
"14588";"78732302";"14588";"11";"1";"1";"7";"6";"0";"1";"1";"1";"0"
"14591";"78732401";"14591";"11";"1";"1";"7";"6";"0";"1";"1";"1";"0"
"14592";"78732401";"14592";"11";"1";"1";"7";"6";"1";"0";"1";"2";"0"
"14593";"78732401";"14593";"11";"1";"1";"7";"6";"0";"1";"2";"1";"0"
"14594";"78732401";"14594";"11";"1";"1";"7";"6";"0";"1";"1";"1";"0"
"14595";"78732401";"14595";"11";"1";"1";"7";"6";"0";"1";"1";"1";"0"
"14596";"78732401";"14596";"11";"1";"1";"7";"6";"0";"3";"1";"1";"0"
"14597";"78732401";"14597";"11";"2";"3";"2";"6";"0";"1";"1";"1";"0"
"14600";"78733501";"14600";"11";"2";"3";"2";"8";"1";"1";"1";"2";"0"
"14602";"78733501";"14602";"11";"1";"1";"7";"6";"0";"1";"1";"1";"0"
"14603";"78733501";"14603";"11";"1";"1";"7";"6";"1";"1";"0";"2";"0"
"14604";"78733501";"14604";"11";"1";"1";"7";"6";"0";"3";"0";"1";"0"
"14662";"78743301";"14662";"11";"1";"1";"7";"6";"0";"1";"1";"1";"0"
"14665";"78743301";"14665";"11";"3";"3";"2";"7";"0";"2";"1";"1";"0"
"14666";"78743301";"14666";"11";"1";"1";"7";"6";"0";"1";"2";"1";"0"
"14712";"78745307";"14712";"11";"1";"1";"7";"6";"0";"1";"1";"1";"0"
"14714";"78745307";"14714";"11";"3";"3";"2";"6";"0";"1";"2";"1";"0"
"14724";"78746401";"14724";"11";"3";"3";"1";"5";"0";"1";"1";"1";"0"
"14725";"78746407";"14725";"11";"5";"1";"7";"6";"0";"1";"1";"1";"0"
"14729";"78746407";"14729";"11";"3";"1";"1";"6";"0";"1";"1";"1";"0"
"14733";"78746416";"14733";"11";"1";"3";"1";"6";"0";"1";"1";"1";"0"
"14735";"78746416";"14735";"11";"1";"1";"7";"5";"0";"1";"1";"1";"0"
"14738";"78746416";"14738";"11";"1";"1";"7";"6";"0";"2";"1";"1";"0"
"14739";"78746416";"14739";"11";"1";"1";"7";"6";"0";"1";"1";"1";"0"
"14740";"78746416";"14740";"11";"5";"1";"7";"6";"0";"2";"0";"1";"0"
"14741";"78746416";"14741";"11";"3";"1";"7";"6";"0";"2";"1";"1";"0"
"14742";"78746416";"14742";"11";"1";"1";"7";"6";"0";"1";"1";"1";"0"
"14743";"78746416";"14743";"11";"1";"3";"2";"6";"1";"1";"0";"2";"0"
"14746";"78747112";"14746";"11";"1";"1";"7";"6";"0";"2";"1";"1";"0"
"14748";"78747112";"14748";"11";"1";"1";"7";"6";"0";"1";"1";"1";"0"
"14750";"78747112";"14750";"11";"1";"1";"7";"6";"0";"2";"0";"1";"0"
"14752";"78747112";"14752";"11";"1";"1";"7";"6";"0";"1";"2";"1";"0"
"14757";"78747501";"14757";"11";"3";"1";"7";"4";"0";"1";"1";"1";"0"
"14759";"78747502";"14759";"11";"1";"1";"7";"6";"1";"0";"1";"2";"0"
"14763";"78747510";"14763";"11";"3";"3";"1";"5";"2";"0";"0";"2";"0"
"14764";"78747510";"14764";"11";"1";"1";"7";"6";"0";"1";"1";"1";"0"
"14769";"78747510";"14769";"11";"3";"3";"2";"6";"0";"2";"1";"1";"0"
"14771";"78747510";"14771";"11";"3";"1";"7";"6";"0";"1";"1";"1";"0"
"14804";"78756203";"14804";"11";"1";"1";"7";"6";"0";"1";"1";"1";"0"
"14807";"78756503";"2083";"11";"1";"1";"7";"6";"0";"1";"1";"1";"0"
"14808";"78756503";"14808";"11";"1";"1";"7";"6";"0";"1";"1";"1";"0"
"14814";"78756503";"14814";"11";"1";"3";"2";"6";"1";"3";"0";"2";"0"
"14815";"78756503";"14815";"11";"1";"3";"2";"6";"1";"2";"0";"2";"0"
"14816";"78756503";"14816";"11";"3";"1";"7";"6";"0";"1";"3";"1";"0"
"14817";"78756503";"14817";"11";"3";"1";"7";"6";"1";"1";"1";"2";"0"
"14818";"78756503";"14818";"11";"3";"3";"1";"6";"0";"1";"1";"1";"0"
"14841";"78757504";"14841";"11";"3";"1";"7";"6";"1";"0";"1";"2";"0"
"14842";"78757504";"14842";"11";"2";"1";"7";"6";"0";"1";"3";"1";"0"
"14843";"78757504";"14843";"11";"2";"3";"1";"6";"0";"2";"1";"1";"0"
"14845";"78757504";"14845";"11";"1";"1";"7";"6";"1";"2";"0";"2";"0"
"14846";"78757504";"14846";"11";"1";"1";"7";"6";"0";"1";"1";"1";"0"
"14847";"78757504";"14847";"11";"1";"1";"7";"6";"0";"2";"1";"1";"0"
"14862";"78761303";"14862";"11";"1";"1";"7";"6";"0";"1";"3";"1";"0"
"14864";"78761303";"14864";"11";"3";"4";"4";"5";"0";"1";"1";"1";"0"
"14879";"78762405";"14879";"11";"1";"1";"2";"6";"0";"1";"1";"1";"0"
"14883";"78762405";"14883";"11";"1";"1";"7";"6";"0";"1";"1";"1";"0"
"14944";"78764305";"14944";"11";"1";"1";"7";"6";"0";"1";"1";"1";"0"
"14946";"78764305";"14946";"11";"1";"1";"7";"6";"0";"1";"1";"1";"0"
"14947";"78764305";"14947";"11";"1";"1";"7";"6";"0";"1";"1";"1";"0"
"14957";"78765201";"14957";"11";"1";"1";"7";"6";"0";"1";"2";"1";"0"
"14959";"78765201";"14959";"11";"1";"1";"7";"6";"0";"1";"1";"1";"0"
"14960";"78765201";"14960";"11";"1";"1";"7";"6";"0";"3";"1";"1";"0"
"14961";"78765201";"14961";"11";"1";"1";"7";"6";"0";"1";"1";"1";"0"
"14962";"78765201";"14962";"11";"1";"1";"7";"6";"0";"2";"1";"1";"0"
"14964";"78765201";"14964";"11";"1";"1";"7";"8";"0";"1";"1";"1";"0"
"14966";"78765201";"14966";"11";"1";"1";"7";"6";"1";"0";"1";"2";"0"
"14967";"78765202";"14967";"11";"3";"1";"7";"3";"0";"1";"1";"1";"0"
"14982";"78765308";"14982";"11";"1";"1";"7";"6";"0";"2";"1";"1";"0"
"14983";"78765308";"14983";"11";"3";"1";"1";"6";"0";"1";"1";"1";"0"
"14984";"78765308";"14984";"11";"1";"3";"1";"6";"0";"1";"1";"1";"0"
"15000";"78766510";"15000";"11";"3";"1";"2";"6";"0";"1";"1";"1";"0"
"15002";"78766510";"15002";"11";"1";"1";"7";"6";"1";"0";"1";"2";"0"
"15006";"78766510";"15006";"11";"1";"1";"7";"6";"0";"2";"1";"1";"0"
"15007";"78766510";"15007";"11";"1";"1";"7";"6";"0";"1";"1";"1";"0"
"15025";"78771102";"15025";"11";"1";"1";"7";"6";"0";"3";"0";"1";"0"
"15033";"78771108";"15033";"11";"1";"1";"7";"4";"1";"0";"1";"2";"0"
"15035";"78771108";"15035";"11";"3";"1";"7";"6";"0";"9";"0";"1";"0"
"15041";"78771108";"15041";"11";"3";"1";"7";"6";"0";"1";"1";"1";"0"
"15042";"78771108";"15042";"11";"3";"1";"7";"5";"0";"2";"1";"1";"0"
"15046";"78771108";"15046";"11";"2";"1";"7";"1";"0";"1";"1";"1";"0"
"15050";"78771108";"15050";"11";"1";"7";"7";"6";"0";"2";"1";"1";"0"
"15051";"78771108";"15051";"11";"1";"1";"7";"6";"0";"2";"1";"1";"0"
"15052";"78771108";"15052";"11";"1";"1";"7";"6";"0";"1";"1";"1";"0"
"15054";"78771108";"15054";"11";"1";"3";"2";"6";"1";"0";"2";"2";"0"
"15055";"78771108";"15055";"11";"2";"1";"7";"6";"0";"3";"0";"1";"0"
"15103";"78772304";"15103";"11";"1";"1";"7";"6";"2";"1";"0";"2";"0"
"15105";"78772304";"15105";"11";"1";"1";"7";"6";"0";"3";"0";"1";"0"
"15106";"78772304";"15106";"11";"1";"1";"7";"6";"0";"1";"1";"1";"0"
"15109";"78772304";"15109";"11";"1";"1";"7";"6";"0";"1";"1";"1";"0"
"15112";"78773304";"15112";"11";"1";"1";"1";"6";"0";"1";"1";"1";"0"
"15113";"78773304";"15113";"11";"1";"1";"7";"6";"1";"0";"1";"2";"0"
"15116";"78773304";"15116";"11";"1";"1";"2";"6";"0";"1";"1";"1";"0"
"15119";"78773304";"15119";"11";"1";"1";"7";"6";"1";"0";"1";"2";"0"
"15124";"78773506";"15124";"11";"1";"1";"7";"6";"0";"1";"1";"1";"0"
"15132";"78773506";"15132";"11";"3";"1";"7";"6";"0";"1";"1";"1";"0"
"15133";"78773506";"15133";"11";"3";"1";"7";"6";"0";"2";"0";"1";"0"
"15135";"78773506";"15135";"11";"3";"3";"1";"6";"0";"1";"1";"1";"0"
"15136";"78773506";"15136";"11";"1";"1";"7";"6";"1";"0";"1";"2";"0"
"15150";"78774306";"15150";"11";"3";"2";"2";"6";"1";"1";"0";"2";"0"
"15152";"78774306";"15152";"11";"3";"2";"1";"6";"0";"1";"1";"1";"0"
"15155";"78774306";"15155";"11";"1";"1";"7";"6";"0";"1";"1";"1";"0"
"15156";"78774306";"15156";"11";"3";"1";"2";"6";"1";"0";"1";"2";"0"
"15164";"78775104";"15164";"11";"3";"1";"1";"6";"0";"1";"1";"1";"0"
"15179";"78775105";"15179";"11";"1";"1";"7";"6";"0";"1";"1";"1";"0"
"15181";"78775106";"15181";"11";"1";"3";"1";"6";"0";"1";"1";"1";"0"
"15192";"78775303";"15192";"11";"1";"1";"7";"6";"1";"0";"1";"2";"0"
"15197";"78776202";"15197";"11";"1";"1";"7";"6";"0";"1";"1";"1";"0"
"15199";"78776202";"15199";"11";"1";"1";"7";"6";"0";"4";"1";"1";"0"
"15203";"78776301";"15075";"11";"1";"1";"7";"6";"0";"1";"1";"1";"0"
"15234";"78781402";"15234";"11";"1";"1";"7";"6";"0";"4";"5";"1";"0"
"15250";"78782205";"15250";"11";"1";"1";"7";"6";"0";"1";"1";"1";"0"
"15260";"78782205";"15260";"11";"1";"1";"1";"6";"1";"0";"1";"2";"0"
"15261";"78782205";"15261";"11";"1";"1";"7";"6";"1";"0";"1";"2";"0"
"15268";"78782205";"15268";"11";"3";"3";"1";"6";"0";"2";"1";"1";"0"
"15269";"78782205";"15269";"11";"2";"1";"7";"6";"0";"1";"1";"1";"0"
"15275";"78783308";"15275";"11";"1";"1";"7";"6";"0";"2";"0";"1";"0"
"15279";"78783308";"15279";"11";"3";"1";"7";"6";"0";"2";"2";"1";"0"
"15281";"78783308";"15281";"11";"2";"1";"7";"6";"1";"0";"1";"2";"0"
"15282";"78783308";"15282";"11";"1";"1";"7";"4";"0";"1";"1";"1";"0"
"15285";"78784105";"15285";"11";"1";"3";"2";"6";"1";"0";"1";"2";"0"
"15295";"78784301";"15295";"11";"1";"1";"7";"4";"0";"2";"0";"1";"0"
"15296";"78784301";"15296";"11";"1";"1";"7";"6";"0";"1";"1";"1";"0"
"15315";"78786205";"15315";"11";"3";"1";"7";"6";"0";"2";"0";"1";"0"
"15316";"78786205";"15316";"11";"1";"1";"7";"5";"0";"1";"1";"1";"0"
"15319";"78787105";"15319";"11";"1";"3";"2";"6";"0";"3";"0";"1";"0"
"15323";"78787105";"15323";"11";"3";"3";"1";"6";"0";"1";"1";"1";"0"
"15348";"78796107";"15348";"11";"3";"1";"7";"6";"0";"2";"1";"1";"0"
"15425";"79672107";"15425";"11";"1";"1";"7";"7";"1";"0";"1";"2";"0"
"15433";"79682406";"15433";"11";"3";"1";"7";"6";"1";"0";"0";"2";"0"
"15460";"79705202";"15460";"11";"3";"1";"7";"6";"1";"0";"1";"2";"0"
"15476";"79713205";"15476";"11";"3";"3";"2";"6";"0";"1";"1";"1";"0"
"15484";"79715411";"15484";"11";"1";"1";"7";"6";"1";"0";"1";"2";"0"
"15485";"79715411";"15485";"11";"1";"1";"7";"4";"1";"0";"1";"2";"0"
"15486";"79715411";"15486";"11";"1";"1";"7";"6";"2";"1";"0";"2";"0"
"15487";"79715411";"15487";"11";"1";"1";"7";"7";"0";"1";"1";"1";"0"
"15488";"79715411";"15488";"11";"1";"4";"2";"6";"0";"1";"1";"1";"0"