"accident_id";"lieu_id";"date_id";"cause_id";"lum_id";"intemp_id";"etat_surface_id";"impliq_id";"nb_blesses_graves";"nb_blesses_legers";"nb_indemnes";"gravite";"nb_morts"
"15489";"79715411";"15489";"11";"2";"3";"2";"6";"0";"4";"0";"1";"0"
"15490";"79715411";"15490";"11";"1";"1";"2";"6";"0";"2";"0";"1";"0"
"15492";"79715411";"15492";"11";"1";"1";"7";"6";"1";"1";"1";"2";"0"
"15493";"79715411";"15493";"11";"1";"1";"7";"6";"0";"1";"1";"1";"0"
"15494";"79715411";"15494";"11";"1";"1";"7";"4";"0";"1";"1";"1";"0"
"15495";"79715411";"15495";"11";"1";"3";"1";"6";"0";"2";"1";"1";"0"
"15496";"79715411";"15496";"11";"1";"1";"1";"8";"0";"1";"2";"1";"0"
"15499";"79715411";"15499";"11";"1";"1";"7";"6";"0";"1";"2";"1";"0"
"15500";"79715411";"15500";"11";"1";"1";"7";"6";"0";"2";"1";"1";"0"
"15502";"79716203";"15502";"11";"1";"1";"7";"6";"1";"0";"1";"2";"0"
"15503";"79716203";"15503";"11";"1";"2";"2";"6";"0";"1";"2";"1";"0"
"15506";"79716303";"15506";"11";"1";"1";"7";"6";"1";"0";"1";"2";"0"
"15507";"79716303";"15507";"11";"1";"1";"7";"6";"2";"1";"0";"2";"0"
"15515";"79721103";"15515";"11";"1";"1";"7";"6";"0";"1";"1";"1";"0"
"15521";"79721407";"15521";"11";"1";"3";"2";"6";"0";"1";"1";"1";"0"
"15523";"79721407";"15523";"11";"3";"1";"7";"6";"0";"1";"1";"1";"0"
"15525";"79721407";"15525";"11";"1";"1";"7";"6";"0";"2";"0";"1";"0"
"15526";"79721407";"15526";"11";"3";"1";"7";"6";"0";"1";"1";"1";"0"
"15540";"79721407";"15540";"11";"1";"1";"7";"6";"0";"4";"0";"1";"0"
"15544";"79721407";"15544";"11";"3";"1";"7";"6";"0";"1";"2";"1";"0"
"15561";"79726203";"15561";"11";"1";"1";"7";"6";"2";"5";"0";"2";"0"
"15562";"79726203";"15562";"11";"1";"1";"7";"2";"2";"1";"1";"2";"0"
"15563";"79726203";"15563";"11";"3";"3";"2";"6";"1";"1";"0";"2";"0"
"15567";"79726302";"15567";"11";"1";"1";"7";"6";"0";"1";"1";"1";"0"
"15569";"79726304";"15569";"11";"1";"1";"2";"8";"1";"0";"1";"2";"0"
"15570";"79726304";"5937";"11";"1";"4";"4";"6";"1";"1";"0";"2";"0"
"15575";"79726304";"15575";"11";"3";"1";"7";"6";"2";"2";"0";"2";"0"
"15576";"79726304";"15576";"11";"1";"1";"7";"6";"1";"0";"1";"2";"0"
"15577";"79726304";"15577";"11";"1";"1";"7";"6";"0";"1";"1";"1";"0"
"15578";"79726304";"15578";"11";"3";"3";"2";"6";"1";"0";"1";"2";"0"
"15586";"79726304";"15586";"11";"2";"1";"7";"6";"0";"1";"2";"1";"0"
"15588";"79726304";"15588";"11";"1";"1";"7";"6";"0";"2";"1";"1";"0"
"15589";"79726304";"15589";"11";"2";"1";"7";"8";"0";"0";"1";"3";"0"
"15590";"79726304";"15590";"11";"1";"1";"7";"6";"0";"1";"1";"1";"0"
"15605";"79727502";"15605";"11";"1";"1";"7";"6";"0";"1";"1";"1";"0"
"15606";"79727502";"15606";"11";"4";"1";"7";"6";"0";"1";"1";"1";"0"
"15608";"79727502";"15608";"11";"1";"1";"7";"6";"0";"3";"0";"1";"0"
"15640";"79733202";"15640";"11";"3";"1";"7";"6";"0";"1";"1";"1";"0"
"15643";"79733202";"15643";"11";"1";"1";"7";"6";"0";"1";"1";"1";"0"
"15646";"79733202";"15646";"11";"3";"2";"2";"6";"1";"0";"1";"2";"0"
"15648";"79733202";"15648";"11";"3";"1";"7";"6";"0";"1";"1";"1";"0"
"15649";"79733202";"15649";"11";"1";"1";"7";"6";"0";"1";"1";"1";"0"
"15651";"79733202";"15651";"11";"1";"1";"7";"6";"0";"0";"1";"3";"0"
"15653";"79733202";"15653";"11";"3";"1";"7";"6";"0";"1";"1";"1";"0"
"15655";"79733202";"15655";"11";"3";"1";"7";"6";"0";"1";"0";"1";"0"
"15656";"79733202";"15656";"11";"1";"1";"7";"6";"0";"1";"1";"1";"0"
"15658";"79733202";"15658";"11";"1";"1";"7";"6";"0";"1";"1";"1";"0"
"15660";"79733202";"15660";"11";"1";"1";"7";"6";"0";"1";"1";"1";"0"
"15699";"79734503";"15699";"11";"1";"1";"7";"6";"1";"0";"1";"2";"0"
"15701";"79734503";"15701";"11";"1";"1";"7";"4";"0";"1";"1";"1";"0"
"15702";"79734503";"15702";"11";"1";"1";"7";"6";"0";"1";"1";"1";"0"
"15703";"79734503";"15703";"11";"1";"1";"7";"6";"0";"2";"1";"1";"0"
"15705";"79734504";"15705";"11";"1";"1";"7";"6";"1";"0";"1";"2";"0"
"15706";"79734504";"15706";"11";"1";"1";"7";"6";"0";"1";"1";"1";"0"
"15707";"79734504";"15707";"11";"1";"3";"1";"6";"0";"1";"1";"1";"0"
"15715";"79735201";"15715";"11";"1";"1";"7";"6";"0";"1";"1";"1";"0"
"15716";"79735201";"15716";"11";"1";"1";"7";"6";"0";"4";"0";"1";"0"
"15718";"79735201";"15718";"11";"1";"1";"7";"6";"0";"1";"1";"1";"0"
"15723";"79735201";"15723";"11";"1";"1";"7";"6";"0";"4";"0";"1";"0"
"15725";"79735201";"15725";"11";"1";"1";"7";"6";"0";"2";"1";"1";"0"
"15727";"79735201";"15727";"11";"1";"1";"7";"6";"0";"1";"1";"1";"0"
"15728";"79735201";"15728";"11";"1";"1";"7";"6";"0";"3";"2";"1";"0"
"15739";"79737101";"15739";"11";"3";"1";"1";"6";"0";"1";"1";"1";"0"
"15744";"79737101";"15744";"11";"1";"1";"7";"8";"0";"0";"1";"3";"0"
"15763";"79743401";"15763";"11";"3";"1";"7";"6";"1";"0";"1";"2";"0"
"15765";"79743401";"15765";"11";"1";"1";"7";"6";"0";"1";"1";"1";"0"
"15768";"79743401";"15768";"11";"3";"3";"2";"6";"0";"3";"0";"1";"0"
"15769";"79743401";"15769";"11";"3";"2";"2";"6";"0";"4";"1";"1";"0"
"15772";"79743401";"15772";"11";"1";"1";"7";"6";"0";"1";"1";"1";"0"
"15774";"79743401";"15774";"11";"1";"3";"1";"6";"0";"2";"1";"1";"0"
"15776";"79743406";"15776";"11";"1";"1";"7";"6";"0";"1";"1";"1";"0"
"15777";"79743406";"15777";"11";"5";"1";"7";"6";"1";"0";"1";"2";"0"
"15778";"79743406";"15778";"11";"1";"1";"7";"6";"0";"1";"1";"1";"0"
"15786";"79744105";"15786";"11";"5";"1";"7";"6";"0";"3";"2";"1";"0"
"15795";"79744202";"15795";"11";"1";"2";"2";"6";"0";"2";"4";"1";"0"
"15796";"79744202";"15796";"11";"2";"1";"7";"6";"0";"1";"1";"1";"0"
"15797";"79744203";"15797";"11";"3";"3";"2";"6";"0";"3";"3";"1";"0"
"15829";"79745401";"15829";"11";"1";"1";"7";"6";"0";"1";"1";"1";"0"
"15830";"79745401";"13243";"11";"4";"1";"7";"6";"1";"0";"1";"2";"0"
"15928";"79747502";"15928";"11";"1";"1";"1";"5";"0";"1";"1";"1";"0"
"15929";"79747502";"15929";"11";"1";"1";"7";"6";"0";"1";"1";"1";"0"
"15930";"79747502";"15930";"11";"1";"1";"7";"6";"0";"1";"2";"1";"0"
"15932";"79747502";"15932";"11";"5";"2";"1";"6";"0";"1";"1";"1";"0"
"15933";"79747502";"15933";"11";"3";"1";"7";"6";"0";"2";"0";"1";"0"
"15935";"79747502";"15935";"11";"3";"1";"7";"6";"0";"2";"0";"3";"0"
"15937";"79747502";"15937";"11";"3";"1";"7";"6";"0";"1";"1";"1";"0"
"15941";"79747502";"15941";"11";"1";"1";"7";"6";"0";"1";"1";"1";"0"
"15952";"79751205";"15952";"11";"3";"1";"7";"6";"0";"1";"1";"1";"0"
"15953";"79751205";"15953";"11";"3";"3";"2";"6";"0";"1";"1";"1";"0"
"15956";"79751206";"15956";"11";"1";"1";"2";"6";"0";"2";"0";"1";"0"
"15957";"79751206";"15957";"11";"1";"3";"1";"6";"0";"2";"1";"1";"0"
"15961";"79751206";"15961";"11";"1";"1";"7";"8";"0";"1";"1";"1";"0"
"15963";"79751303";"15963";"11";"3";"1";"7";"6";"0";"1";"1";"1";"0"
"15964";"79751303";"15964";"11";"1";"4";"3";"6";"0";"1";"1";"1";"0"
"15966";"79751303";"15966";"11";"1";"1";"7";"6";"0";"1";"2";"1";"0"
"15968";"79751303";"15968";"11";"1";"1";"7";"6";"0";"1";"2";"1";"0"
"15970";"79751303";"15970";"11";"1";"1";"7";"6";"0";"1";"1";"1";"0"
"15971";"79751303";"15971";"11";"1";"1";"7";"6";"0";"1";"2";"1";"0"
"15972";"79751303";"15972";"11";"1";"1";"7";"6";"0";"2";"0";"1";"0"
"15973";"79751303";"15973";"11";"3";"1";"7";"6";"1";"1";"2";"2";"0"
"15976";"79751303";"15976";"11";"1";"1";"7";"6";"0";"1";"1";"1";"0"
"15977";"79751303";"15977";"11";"3";"1";"7";"6";"1";"2";"0";"2";"0"
"15978";"79751303";"15978";"11";"1";"1";"7";"6";"0";"1";"3";"1";"0"
"15979";"79751303";"15979";"11";"1";"1";"7";"6";"0";"1";"1";"1";"0"
"15980";"79751303";"15980";"11";"3";"3";"2";"6";"0";"1";"1";"1";"0"
"15981";"79751303";"15981";"11";"3";"1";"7";"6";"0";"1";"2";"1";"0"
"15983";"79751303";"15983";"11";"1";"1";"7";"6";"0";"1";"1";"1";"0"
"15984";"79751303";"15984";"11";"3";"1";"7";"6";"0";"1";"2";"1";"0"
"15985";"79751303";"15985";"11";"1";"1";"7";"5";"1";"1";"0";"2";"0"
"15986";"79751303";"15986";"11";"3";"1";"7";"6";"0";"1";"2";"1";"0"
"15990";"79751303";"15990";"11";"5";"1";"7";"6";"1";"1";"1";"2";"0"
"15991";"79751303";"15991";"11";"1";"1";"1";"6";"0";"1";"2";"1";"0"
"15992";"79751303";"15992";"11";"3";"1";"7";"6";"0";"1";"1";"1";"0"
"15993";"79751303";"15993";"11";"3";"1";"7";"6";"0";"1";"1";"1";"0"
"15994";"79751303";"15994";"11";"1";"1";"7";"6";"0";"1";"2";"1";"0"
"15997";"79751303";"15997";"11";"1";"1";"7";"6";"0";"1";"1";"1";"0"
"15998";"79751303";"15998";"11";"1";"1";"7";"6";"1";"0";"1";"2";"0"
"15999";"79751303";"15999";"11";"1";"1";"7";"6";"0";"2";"1";"1";"0"
"16001";"79751303";"16001";"11";"3";"3";"2";"6";"0";"1";"1";"1";"0"
"16002";"79751303";"16002";"11";"1";"1";"7";"6";"0";"1";"1";"1";"0"
"16003";"79751303";"16003";"11";"3";"3";"2";"6";"0";"1";"1";"1";"0"
"16004";"79751303";"16004";"11";"3";"1";"7";"6";"0";"1";"1";"1";"0"
"16044";"79752303";"16044";"11";"3";"1";"7";"6";"0";"1";"1";"1";"0"
"16046";"79752306";"16046";"11";"1";"1";"7";"4";"0";"1";"1";"1";"0"
"16049";"79752306";"16049";"11";"3";"2";"2";"6";"0";"4";"2";"1";"0"
"16050";"79752306";"16050";"11";"3";"1";"7";"4";"1";"0";"1";"2";"0"
"16051";"79752306";"16051";"11";"1";"1";"7";"6";"0";"4";"0";"1";"0"
"16055";"79752306";"16055";"11";"5";"1";"7";"6";"0";"2";"1";"1";"0"
"16056";"79752306";"16056";"11";"5";"1";"7";"6";"0";"1";"1";"1";"0"
"16057";"79752306";"16057";"11";"5";"3";"1";"6";"1";"1";"1";"2";"0"
"16059";"79752306";"16059";"11";"5";"1";"7";"6";"0";"1";"1";"1";"0"
"16061";"79752306";"16061";"11";"3";"1";"7";"6";"0";"3";"3";"1";"0"
"16067";"79752306";"16067";"11";"1";"1";"7";"6";"0";"1";"1";"1";"0"
"16069";"79752306";"16069";"11";"1";"2";"1";"6";"0";"1";"1";"1";"0"
"16077";"79752306";"16077";"11";"2";"1";"7";"6";"0";"1";"1";"1";"0"
"16083";"79752306";"16083";"11";"3";"1";"7";"6";"0";"4";"0";"1";"0"
"16086";"79752306";"16086";"11";"1";"1";"7";"6";"1";"0";"1";"2";"0"
"16089";"79752403";"16089";"11";"1";"1";"7";"6";"0";"1";"1";"1";"0"
"16091";"79752403";"16091";"11";"1";"1";"7";"6";"0";"1";"1";"1";"0"
"16092";"79752403";"16092";"11";"1";"3";"1";"6";"0";"3";"1";"1";"0"
"16101";"79753104";"16101";"11";"2";"3";"2";"6";"1";"0";"1";"2";"0"
"16102";"79753104";"16102";"11";"3";"1";"7";"6";"0";"1";"1";"1";"0"
"16104";"79753104";"16104";"11";"1";"3";"1";"6";"1";"0";"1";"2";"0"
"16106";"79753104";"16106";"11";"4";"1";"7";"6";"1";"0";"1";"2";"0"
"16109";"79753104";"16109";"11";"1";"1";"7";"6";"1";"0";"1";"2";"0"
"16115";"79753104";"16115";"11";"1";"1";"7";"6";"0";"1";"1";"1";"0"
"16121";"79753104";"16121";"11";"3";"1";"7";"6";"1";"0";"1";"2";"0"
"16125";"79753104";"16125";"11";"1";"1";"7";"2";"0";"2";"0";"1";"0"
"16126";"79753104";"16126";"11";"3";"3";"2";"6";"0";"1";"1";"1";"0"
"16153";"79753203";"16153";"11";"1";"3";"2";"6";"0";"5";"1";"1";"0"
"16155";"79753203";"16155";"11";"3";"3";"2";"6";"0";"1";"1";"1";"0"
"16156";"79753203";"16156";"11";"1";"1";"7";"6";"0";"1";"2";"1";"0"
"16157";"79753203";"16157";"11";"1";"1";"7";"6";"0";"1";"1";"1";"0"
"16158";"79753203";"16158";"11";"1";"1";"7";"1";"1";"0";"1";"2";"0"
"16159";"79753203";"16159";"11";"3";"1";"7";"6";"0";"1";"1";"1";"0"
"16161";"79753203";"16161";"11";"1";"1";"1";"6";"0";"1";"1";"1";"0"
"16175";"79753203";"16175";"11";"1";"1";"7";"5";"0";"1";"1";"1";"0"
"16203";"79753501";"16203";"11";"1";"3";"1";"6";"0";"1";"2";"1";"0"
"16206";"79753502";"16206";"11";"3";"3";"2";"6";"0";"2";"1";"1";"0"
"16211";"79753502";"15142";"11";"1";"1";"7";"6";"0";"1";"1";"1";"0"
"16212";"79753502";"16212";"11";"1";"3";"1";"6";"0";"1";"1";"1";"0"
"16218";"79753502";"16218";"11";"1";"1";"7";"6";"0";"1";"1";"1";"0"
"16221";"79753503";"16221";"11";"3";"1";"2";"6";"0";"2";"0";"1";"0"
"16222";"79753503";"16222";"11";"1";"1";"1";"6";"0";"2";"1";"1";"0"
"16223";"79753503";"16223";"11";"3";"1";"7";"6";"0";"0";"1";"3";"0"
"16224";"79753503";"16224";"11";"1";"1";"7";"6";"0";"1";"1";"1";"0"
"16225";"79753503";"16225";"11";"1";"1";"7";"6";"0";"1";"1";"1";"0"
"16231";"79753503";"16231";"11";"1";"1";"7";"6";"0";"1";"1";"1";"0"
"16232";"79753503";"16232";"11";"1";"3";"2";"6";"0";"2";"0";"1";"0"
"16233";"79753503";"16233";"11";"1";"1";"7";"6";"0";"2";"1";"1";"0"
"16235";"79753503";"16235";"11";"5";"3";"1";"6";"0";"2";"2";"1";"0"
"16236";"79753503";"16236";"11";"1";"1";"7";"6";"0";"1";"1";"1";"0"
"16237";"79753503";"16237";"11";"1";"1";"7";"4";"0";"1";"2";"1";"0"
"16238";"79753503";"16238";"11";"5";"1";"7";"6";"0";"1";"1";"1";"0"
"16239";"79753503";"16239";"11";"3";"1";"7";"6";"0";"1";"1";"1";"0"
"16243";"79753503";"16243";"11";"1";"1";"2";"6";"0";"1";"2";"1";"0"
"16245";"79753503";"16245";"11";"3";"3";"2";"6";"0";"1";"1";"1";"0"
"16246";"79753503";"16246";"11";"1";"1";"7";"5";"0";"1";"1";"1";"0"
"16250";"79753504";"16250";"11";"3";"1";"7";"6";"0";"1";"1";"1";"0"
"16251";"79753504";"7255";"11";"1";"1";"7";"6";"0";"2";"2";"1";"0"
"16253";"79753504";"16253";"11";"4";"1";"7";"2";"1";"0";"1";"2";"0"
"16255";"79753504";"16255";"11";"3";"1";"7";"6";"0";"1";"2";"1";"0"
"16256";"79753504";"16256";"11";"1";"1";"7";"6";"0";"2";"0";"1";"0"
"16294";"79754305";"16294";"11";"3";"1";"7";"6";"0";"1";"2";"1";"0"
"16301";"79754403";"16301";"11";"3";"1";"7";"6";"0";"2";"2";"1";"0"
"16328";"79755404";"16328";"11";"1";"1";"7";"7";"0";"0";"3";"3";"1"
"16330";"79755404";"16330";"11";"1";"1";"7";"6";"0";"3";"0";"1";"0"
"16332";"79755404";"16332";"11";"3";"1";"7";"6";"0";"1";"2";"1";"0"
"16333";"79755404";"16333";"11";"1";"1";"7";"6";"0";"1";"1";"1";"0"
"16335";"79755404";"16335";"11";"3";"1";"7";"6";"0";"1";"1";"1";"0"
"16336";"79755404";"16336";"11";"1";"1";"7";"6";"0";"1";"1";"1";"0"
"16337";"79755404";"16337";"11";"4";"1";"7";"6";"0";"1";"2";"1";"0"
"16338";"79755404";"16338";"11";"1";"1";"7";"6";"0";"3";"0";"1";"0"
"16339";"79755404";"16339";"11";"1";"2";"1";"6";"0";"2";"0";"1";"0"
"16341";"79755404";"16341";"11";"3";"1";"7";"6";"0";"4";"0";"1";"0"
"16344";"79755507";"16344";"11";"3";"1";"7";"6";"0";"1";"1";"1";"0"
"16347";"79755507";"16347";"11";"3";"1";"7";"6";"0";"3";"0";"1";"0"
"16357";"79756302";"7131";"11";"1";"1";"7";"6";"0";"1";"1";"1";"0"
"16404";"79757301";"16404";"11";"1";"1";"7";"4";"1";"0";"1";"2";"0"
"16405";"79757301";"16405";"11";"3";"1";"7";"6";"0";"2";"0";"1";"0"
"16407";"79757301";"16407";"11";"5";"1";"7";"6";"1";"0";"1";"2";"0"
"16413";"79757301";"16413";"11";"3";"1";"2";"3";"0";"1";"1";"1";"0"
"16433";"79757503";"16433";"11";"1";"1";"7";"6";"0";"1";"1";"1";"0"
"16434";"79757503";"16434";"11";"1";"1";"7";"6";"0";"1";"3";"1";"0"
"16437";"79757505";"16437";"11";"1";"1";"7";"6";"0";"1";"1";"1";"0"
"16438";"79757505";"16438";"11";"3";"1";"7";"6";"0";"2";"1";"1";"0"
"16440";"79757505";"16440";"11";"3";"1";"7";"6";"0";"1";"1";"1";"0"
"16441";"79757505";"16441";"11";"3";"1";"7";"6";"0";"2";"0";"1";"0"
"16447";"79757505";"16447";"11";"1";"1";"7";"6";"0";"1";"1";"1";"0"
"16448";"79757505";"16448";"11";"3";"1";"7";"6";"0";"1";"1";"1";"0"
"16450";"79757505";"16450";"11";"3";"1";"7";"6";"0";"1";"1";"1";"0"
"16451";"79757505";"16451";"11";"1";"1";"7";"6";"1";"4";"0";"3";"1"
"16452";"79757505";"16452";"11";"2";"1";"7";"6";"1";"0";"1";"2";"0"
"16464";"79761301";"16464";"11";"1";"1";"2";"6";"0";"1";"1";"1";"0"
"16465";"79761301";"16465";"11";"1";"1";"7";"6";"0";"1";"1";"1";"0"
"16466";"79761301";"16466";"11";"3";"3";"1";"6";"0";"1";"1";"1";"0"
"16467";"79761301";"16467";"11";"5";"3";"1";"6";"0";"1";"1";"1";"0"
"16470";"79761303";"16470";"11";"3";"1";"7";"6";"0";"2";"1";"1";"0"
"16472";"79761310";"16472";"11";"1";"1";"7";"6";"0";"1";"1";"1";"0"
"16473";"79761310";"16473";"11";"1";"1";"7";"7";"0";"1";"1";"1";"0"
"16474";"79761310";"16474";"11";"1";"1";"7";"4";"1";"1";"1";"2";"0"
"16501";"79762103";"16501";"11";"1";"1";"7";"6";"1";"0";"1";"2";"0"
"16502";"79762103";"16502";"11";"3";"1";"7";"6";"0";"1";"2";"1";"0"
"16504";"79762103";"16504";"11";"1";"1";"7";"6";"0";"2";"0";"1";"0"
"16505";"79762103";"16505";"11";"1";"1";"7";"6";"0";"4";"0";"1";"0"
"16506";"79762103";"16506";"11";"1";"1";"7";"6";"0";"2";"1";"1";"0"
"16508";"79762202";"16508";"11";"3";"1";"7";"6";"2";"4";"0";"2";"0"
"16509";"79762202";"16509";"11";"1";"3";"2";"6";"0";"1";"1";"1";"0"
"16510";"79762202";"16510";"11";"1";"1";"7";"6";"0";"1";"1";"1";"0"
"16517";"79763201";"16517";"11";"1";"1";"7";"6";"0";"2";"0";"1";"0"
"16537";"79764101";"16537";"11";"1";"2";"2";"6";"0";"1";"1";"1";"0"
"16539";"79764101";"16539";"11";"1";"1";"7";"6";"0";"1";"1";"1";"0"
"16541";"79764101";"16541";"11";"1";"3";"2";"6";"0";"1";"1";"1";"0"
"16542";"79764101";"16542";"11";"1";"1";"7";"7";"0";"1";"2";"1";"0"
"16543";"79764101";"16543";"11";"1";"1";"1";"6";"0";"1";"1";"1";"0"
"16545";"79764101";"16545";"11";"1";"1";"7";"6";"0";"4";"1";"1";"0"
"16546";"79764101";"16546";"11";"1";"1";"7";"6";"0";"1";"1";"1";"0"
"16549";"79764101";"16549";"11";"1";"1";"7";"6";"0";"2";"1";"1";"0"
"16550";"79764101";"16550";"11";"3";"3";"1";"6";"0";"1";"1";"1";"0"
"16552";"79764101";"16552";"11";"1";"1";"7";"2";"0";"1";"1";"1";"0"
"16553";"79764101";"16553";"11";"2";"1";"7";"6";"0";"1";"1";"1";"0"
"16557";"79764103";"16557";"11";"1";"1";"7";"6";"0";"1";"1";"1";"0"
"16558";"79764103";"16558";"11";"1";"1";"7";"6";"0";"1";"1";"1";"0"
"16560";"79764103";"16560";"11";"1";"1";"7";"6";"0";"1";"1";"1";"0"
"16561";"79764103";"16561";"11";"1";"2";"1";"6";"0";"1";"2";"1";"0"
"16562";"79764103";"16562";"11";"1";"1";"7";"6";"1";"0";"1";"2";"0"
"16564";"79764103";"16564";"11";"2";"1";"7";"6";"0";"1";"1";"1";"0"
"16566";"79764201";"16566";"11";"1";"1";"7";"6";"0";"2";"1";"1";"0"
"16568";"79764201";"16568";"11";"1";"2";"1";"6";"0";"1";"2";"1";"0"
"16573";"79764202";"16573";"11";"3";"3";"2";"6";"0";"3";"0";"1";"0"
"16579";"79764301";"16579";"11";"3";"1";"7";"6";"0";"2";"2";"1";"0"
"16584";"79764301";"16584";"11";"2";"6";"1";"6";"0";"1";"1";"1";"0"
"16586";"79764301";"16586";"11";"1";"1";"7";"6";"0";"3";"1";"1";"0"
"16587";"79764301";"16587";"11";"1";"1";"7";"6";"0";"1";"1";"1";"0"
"16589";"79764301";"16589";"11";"1";"1";"7";"6";"0";"1";"1";"1";"0"
"16590";"79764301";"16590";"11";"1";"1";"7";"6";"0";"1";"1";"1";"0"
"16592";"79764304";"16592";"11";"3";"1";"7";"6";"0";"1";"1";"1";"0"
"16593";"79764304";"16593";"11";"3";"1";"7";"6";"1";"0";"2";"2";"0"
"16594";"79764304";"16594";"11";"1";"1";"7";"6";"0";"1";"1";"1";"0"
"16595";"79764304";"16595";"11";"1";"1";"7";"6";"0";"2";"1";"1";"0"
"16596";"79764304";"16596";"11";"1";"3";"2";"6";"0";"1";"1";"1";"0"
"16597";"79764304";"16597";"11";"1";"2";"1";"6";"0";"1";"2";"1";"0"
"16600";"79765101";"16600";"11";"1";"1";"7";"6";"0";"1";"1";"1";"0"
"16601";"79765101";"16601";"11";"1";"1";"7";"6";"0";"2";"1";"1";"0"
"16603";"79765101";"16603";"11";"3";"1";"7";"6";"0";"1";"1";"1";"0"
"16605";"79765102";"16605";"11";"1";"1";"7";"6";"0";"2";"1";"1";"0"
"16615";"79765403";"16615";"11";"1";"6";"7";"6";"0";"1";"1";"1";"0"
"16616";"79765403";"16616";"11";"1";"1";"7";"6";"1";"0";"1";"2";"0"
"16618";"79765403";"16618";"11";"1";"1";"7";"3";"0";"1";"1";"1";"0"
"16621";"79765403";"16621";"11";"1";"1";"7";"5";"0";"1";"1";"1";"0"
"16622";"79765403";"16622";"11";"3";"1";"7";"6";"1";"0";"1";"2";"0"
"16624";"79765403";"16624";"11";"1";"1";"2";"6";"0";"0";"1";"3";"0"
"16625";"79765403";"16625";"11";"2";"3";"2";"6";"0";"1";"1";"1";"0"
"16639";"79766102";"16639";"11";"1";"1";"7";"2";"0";"1";"1";"1";"0"
"16642";"79766201";"16642";"11";"1";"1";"7";"4";"0";"0";"1";"3";"0"
"16643";"79766201";"16643";"11";"1";"1";"7";"6";"0";"1";"1";"1";"0"
"16645";"79766201";"16645";"11";"1";"1";"7";"6";"0";"1";"1";"1";"0"
"16654";"79766201";"16654";"11";"3";"1";"7";"6";"0";"1";"1";"1";"0"
"16657";"79766201";"16657";"11";"5";"1";"1";"6";"0";"4";"0";"1";"0"
"16662";"79766201";"16662";"11";"1";"1";"7";"6";"0";"2";"1";"1";"0"
"16668";"79766205";"16668";"11";"1";"1";"7";"6";"0";"2";"0";"1";"0"
"16671";"79766205";"16671";"11";"1";"1";"7";"6";"0";"2";"0";"1";"0"
"16672";"79766205";"16672";"11";"1";"1";"7";"6";"0";"1";"1";"1";"0"
"16673";"79766205";"16673";"11";"3";"1";"7";"6";"0";"1";"1";"1";"0"
"16674";"79766205";"16674";"11";"1";"1";"7";"5";"0";"1";"2";"1";"0"
"16677";"79766401";"16677";"11";"1";"1";"2";"6";"0";"1";"1";"1";"0"
"16686";"79766506";"16686";"11";"3";"1";"7";"5";"0";"1";"1";"1";"0"
"16691";"79767101";"16691";"11";"1";"1";"7";"6";"0";"1";"2";"1";"0"
"16692";"79767101";"16692";"11";"1";"1";"7";"4";"0";"1";"1";"1";"0"
"16694";"79767101";"16694";"11";"5";"1";"7";"5";"1";"0";"1";"2";"0"
"16695";"79767101";"16695";"11";"1";"1";"7";"6";"0";"1";"4";"1";"0"
"16696";"79767101";"16696";"11";"1";"1";"7";"6";"0";"2";"2";"1";"0"
"16697";"79767101";"16697";"11";"1";"3";"1";"6";"0";"2";"1";"1";"0"
"16698";"79767101";"16698";"11";"2";"2";"1";"6";"0";"1";"1";"1";"0"
"16700";"79767101";"16700";"11";"3";"1";"7";"6";"0";"1";"2";"1";"0"
"16702";"79767101";"16702";"11";"1";"1";"7";"6";"0";"1";"1";"1";"0"
"16704";"79767101";"16704";"11";"1";"1";"7";"6";"0";"1";"1";"1";"0"
"16705";"79767101";"16705";"11";"1";"1";"7";"6";"1";"0";"1";"2";"0"
"16706";"79767101";"16706";"11";"3";"1";"7";"6";"0";"4";"1";"1";"0"
"16709";"79767104";"16709";"11";"5";"1";"7";"2";"0";"2";"1";"1";"0"
"16725";"79767203";"16725";"11";"1";"1";"7";"6";"0";"1";"1";"1";"0"
"16726";"79767203";"16726";"11";"3";"3";"1";"6";"0";"3";"1";"1";"0"
"16727";"79767203";"4455";"11";"1";"1";"7";"6";"0";"1";"1";"1";"0"
"16729";"79767203";"16729";"11";"1";"1";"7";"5";"0";"1";"1";"1";"0"
"16730";"79767203";"16730";"11";"2";"1";"1";"5";"0";"1";"2";"1";"0"
"16731";"79767203";"16731";"11";"1";"1";"7";"6";"0";"1";"1";"1";"0"
"16740";"79767209";"16740";"11";"3";"1";"7";"6";"0";"2";"1";"1";"0"
"16743";"79767209";"16743";"11";"1";"1";"1";"6";"0";"1";"1";"1";"0"
"16745";"79767213";"16745";"11";"1";"1";"7";"6";"0";"1";"1";"1";"0"
"16746";"79767213";"16746";"11";"1";"1";"7";"6";"0";"1";"1";"1";"0"