"accident_id";"lieu_id";"date_id";"cause_id";"lum_id";"intemp_id";"etat_surface_id";"impliq_id";"nb_blesses_graves";"nb_blesses_legers";"nb_indemnes";"gravite";"nb_morts"
"16749";"79767301";"16749";"11";"1";"1";"7";"6";"0";"1";"1";"1";"0"
"16750";"79767301";"16750";"11";"1";"1";"7";"2";"0";"1";"1";"1";"0"
"16751";"79767301";"16751";"11";"3";"1";"7";"6";"1";"0";"1";"2";"0"
"16752";"79767301";"16752";"11";"1";"1";"7";"6";"0";"1";"1";"1";"0"
"16756";"79767301";"5619";"11";"3";"1";"7";"6";"0";"1";"2";"1";"0"
"16759";"79767301";"16759";"11";"1";"1";"7";"6";"0";"1";"1";"1";"0"
"16761";"79767301";"16761";"11";"1";"1";"7";"5";"1";"0";"1";"2";"0"
"16765";"79767301";"16765";"11";"3";"1";"7";"6";"0";"1";"2";"1";"0"
"16767";"79767301";"16767";"11";"1";"1";"7";"6";"1";"0";"1";"2";"0"
"16769";"79767301";"16769";"11";"3";"1";"7";"6";"0";"3";"1";"1";"0"
"16771";"79767301";"16771";"11";"2";"3";"2";"6";"0";"1";"1";"1";"0"
"16773";"79767301";"16773";"11";"1";"1";"7";"6";"0";"1";"1";"1";"0"
"16775";"79767301";"16775";"11";"1";"1";"7";"6";"0";"1";"1";"1";"0"
"16777";"79767301";"16777";"11";"3";"3";"2";"6";"0";"1";"1";"1";"0"
"16779";"79767301";"16779";"11";"3";"3";"1";"6";"0";"1";"1";"1";"0"
"16783";"79767301";"16783";"11";"1";"1";"7";"6";"1";"0";"1";"2";"0"
"16787";"79767301";"16787";"11";"3";"1";"7";"8";"2";"2";"0";"3";"1"
"16792";"79767301";"16792";"11";"5";"1";"7";"6";"0";"1";"1";"1";"0"
"16793";"79767301";"16793";"11";"5";"1";"7";"6";"0";"1";"1";"1";"0"
"16794";"79767301";"16794";"11";"5";"3";"1";"6";"0";"1";"1";"1";"0"
"16798";"79767301";"16798";"11";"5";"2";"1";"6";"0";"1";"1";"1";"0"
"16799";"79767301";"15992";"11";"3";"1";"7";"6";"0";"1";"1";"1";"0"
"16803";"79767301";"16803";"11";"1";"1";"7";"6";"0";"1";"1";"1";"0"
"16805";"79767301";"16805";"11";"1";"1";"7";"6";"0";"1";"2";"1";"0"
"16807";"79767301";"16807";"11";"1";"1";"7";"6";"0";"1";"1";"1";"0"
"16811";"79767301";"16811";"11";"1";"3";"1";"6";"0";"4";"0";"1";"0"
"16819";"79767301";"16819";"11";"1";"1";"7";"6";"0";"1";"1";"1";"0"
"16821";"79767301";"16821";"11";"1";"3";"2";"2";"0";"1";"1";"1";"0"
"16822";"79767301";"16822";"11";"1";"1";"7";"6";"0";"1";"2";"1";"0"
"16827";"79767303";"16827";"11";"1";"1";"7";"3";"0";"1";"1";"1";"0"
"16828";"79767303";"16828";"11";"3";"1";"7";"6";"0";"2";"1";"1";"0"
"16833";"79767303";"16833";"11";"3";"1";"7";"6";"0";"3";"0";"1";"0"
"16839";"79767303";"16839";"11";"1";"1";"7";"2";"0";"1";"1";"1";"0"
"16871";"79771405";"16871";"11";"3";"3";"1";"6";"0";"1";"1";"1";"0"
"16874";"79771405";"9234";"11";"1";"1";"7";"6";"0";"1";"1";"1";"0"
"16875";"79771405";"16875";"11";"1";"1";"7";"6";"0";"1";"1";"1";"0"
"16877";"79771405";"16877";"11";"1";"1";"7";"6";"0";"1";"1";"1";"0"
"16888";"79773505";"16888";"11";"3";"1";"7";"6";"1";"1";"0";"2";"0"
"16894";"79773505";"16894";"11";"1";"1";"7";"6";"0";"2";"1";"1";"0"
"16911";"79775401";"16911";"11";"1";"1";"7";"6";"0";"1";"2";"1";"0"
"16913";"79775401";"16913";"11";"3";"3";"2";"6";"0";"0";"1";"3";"0"
"16914";"79775401";"16914";"11";"3";"1";"7";"5";"1";"1";"1";"2";"0"
"16920";"79775519";"16920";"11";"3";"3";"7";"6";"0";"1";"1";"1";"0"
"16921";"79775519";"16921";"11";"1";"3";"2";"6";"0";"1";"1";"1";"0"
"16932";"79776103";"16932";"11";"1";"1";"7";"6";"0";"1";"1";"1";"0"
"16934";"79776103";"16934";"11";"1";"1";"7";"6";"0";"1";"2";"1";"0"
"16937";"79776103";"16937";"11";"3";"1";"2";"6";"0";"1";"1";"1";"0"
"16941";"79776201";"16941";"11";"1";"1";"7";"4";"0";"1";"1";"1";"0"
"16942";"79776201";"16942";"11";"1";"1";"7";"5";"1";"1";"0";"2";"0"
"16944";"79776201";"16944";"11";"1";"1";"7";"6";"0";"4";"1";"1";"0"
"16945";"79776201";"16945";"11";"1";"1";"7";"6";"0";"2";"1";"1";"0"
"16946";"79776201";"16946";"11";"1";"1";"7";"6";"0";"2";"1";"1";"0"
"16947";"79776201";"16947";"11";"1";"1";"7";"4";"0";"0";"1";"3";"0"
"16956";"79776402";"16956";"11";"1";"1";"7";"6";"0";"2";"1";"1";"0"
"16959";"79777202";"16959";"11";"1";"3";"1";"6";"0";"1";"1";"1";"0"
"16961";"79777202";"16961";"11";"1";"1";"7";"6";"0";"1";"1";"1";"0"
"16967";"79777203";"16967";"11";"1";"1";"7";"3";"1";"0";"1";"2";"0"
"16986";"79781508";"16986";"11";"1";"1";"1";"6";"0";"1";"1";"1";"0"
"16989";"79781508";"16989";"11";"1";"1";"7";"6";"0";"1";"1";"1";"0"
"16993";"79782104";"16993";"11";"3";"1";"7";"6";"0";"1";"1";"1";"0"
"17017";"79786404";"17017";"11";"3";"1";"1";"4";"0";"1";"1";"1";"0"
"17022";"79786404";"17022";"11";"1";"1";"7";"6";"0";"1";"0";"1";"0"
"17079";"79794204";"17079";"11";"3";"3";"1";"6";"0";"1";"1";"1";"0"
"17080";"79794204";"17080";"11";"1";"1";"7";"6";"0";"2";"0";"1";"0"
"17083";"79794204";"17083";"11";"3";"3";"1";"6";"0";"1";"1";"1";"0"
"17084";"79794204";"17084";"11";"2";"3";"1";"6";"0";"3";"0";"1";"0"
"17092";"79795305";"17092";"11";"1";"1";"7";"6";"0";"1";"1";"1";"0"
"17094";"79795305";"17094";"11";"3";"1";"7";"4";"2";"0";"0";"2";"0"
"17098";"79795404";"17098";"11";"1";"1";"1";"6";"0";"1";"1";"1";"0"
"17100";"79795404";"17100";"11";"3";"3";"2";"6";"0";"1";"1";"1";"0"
"17104";"79796101";"17104";"11";"1";"3";"1";"6";"0";"1";"1";"1";"0"
"17106";"79796101";"17106";"11";"2";"1";"1";"6";"0";"1";"1";"1";"0"
"17123";"79805403";"17123";"11";"3";"3";"2";"6";"3";"0";"0";"2";"0"
"17124";"79805403";"17124";"11";"1";"1";"7";"6";"1";"0";"1";"2";"0"
"17170";"79827303";"17170";"11";"3";"1";"7";"6";"1";"0";"1";"2";"0"
"17172";"79827304";"17172";"11";"1";"1";"7";"6";"0";"1";"1";"1";"0"
"17204";"79913402";"17204";"11";"3";"4";"4";"8";"0";"1";"1";"1";"0"
"17205";"79913402";"17205";"11";"1";"1";"7";"6";"0";"1";"1";"1";"0"
"17207";"79913402";"17207";"11";"3";"1";"7";"6";"0";"2";"0";"1";"0"
"17227";"80661305";"17227";"11";"3";"1";"7";"6";"0";"1";"0";"1";"0"
"17229";"80661305";"17229";"11";"1";"3";"1";"6";"1";"0";"2";"2";"0"
"17257";"80723306";"17257";"11";"1";"3";"2";"6";"1";"0";"1";"2";"0"
"17260";"80725204";"17260";"11";"1";"1";"7";"6";"1";"0";"1";"2";"0"
"17261";"80725205";"17261";"11";"1";"1";"7";"1";"1";"1";"1";"2";"0"
"17266";"80725301";"17266";"11";"3";"1";"7";"6";"1";"0";"1";"2";"0"
"17271";"80725301";"17271";"11";"1";"1";"7";"5";"1";"0";"0";"2";"0"
"17285";"80731101";"17285";"11";"1";"1";"7";"6";"0";"3";"1";"1";"0"
"17286";"80731101";"17286";"11";"3";"1";"7";"2";"0";"1";"1";"1";"0"
"17288";"80731101";"17288";"11";"1";"1";"7";"6";"0";"1";"1";"1";"0"
"17293";"80731204";"17293";"11";"1";"1";"7";"3";"0";"2";"0";"1";"0"
"17323";"80732506";"17323";"11";"3";"3";"2";"6";"1";"1";"0";"2";"0"
"17324";"80732506";"17324";"11";"2";"1";"7";"2";"0";"1";"1";"1";"0"
"17326";"80732506";"17326";"11";"1";"1";"7";"6";"0";"3";"1";"1";"0"
"17366";"80737101";"17366";"11";"1";"1";"7";"6";"1";"0";"1";"2";"0"
"17373";"80737103";"17373";"11";"1";"1";"7";"6";"0";"1";"1";"1";"0"
"17386";"80737402";"17386";"11";"1";"1";"7";"2";"0";"2";"0";"1";"0"
"17391";"80737402";"17391";"11";"1";"3";"2";"6";"0";"1";"1";"1";"0"
"17399";"80737503";"17399";"11";"2";"3";"2";"6";"0";"1";"1";"1";"0"
"17414";"80741306";"17414";"11";"2";"1";"2";"2";"0";"1";"1";"1";"0"
"17417";"80741306";"17417";"11";"2";"1";"7";"6";"0";"1";"1";"1";"0"
"17420";"80741306";"17420";"11";"1";"3";"1";"6";"1";"0";"1";"2";"0"
"17421";"80741306";"12720";"11";"1";"1";"7";"6";"0";"1";"1";"1";"0"
"17422";"80741306";"17422";"11";"1";"1";"7";"6";"0";"0";"1";"3";"0"
"17456";"80742106";"17456";"11";"3";"3";"1";"6";"0";"3";"2";"1";"0"
"17460";"80742107";"17460";"11";"1";"3";"2";"2";"0";"1";"1";"1";"0"
"17463";"80742107";"17463";"11";"1";"1";"7";"8";"0";"3";"0";"1";"0"
"17473";"80742112";"17473";"11";"1";"1";"7";"6";"0";"1";"1";"1";"0"
"17475";"80742112";"17475";"11";"1";"1";"7";"6";"0";"1";"1";"1";"0"
"17476";"80742112";"17476";"11";"3";"1";"7";"6";"0";"1";"2";"1";"0"
"17477";"80742112";"17477";"11";"1";"1";"2";"6";"0";"1";"2";"1";"0"
"17480";"80742112";"17480";"11";"1";"1";"7";"2";"1";"0";"1";"2";"0"
"17483";"80742112";"17483";"11";"1";"1";"7";"6";"0";"1";"1";"1";"0"
"17485";"80742112";"17485";"11";"3";"1";"7";"2";"0";"1";"1";"1";"0"
"17486";"80742112";"17486";"11";"4";"3";"1";"6";"0";"2";"3";"1";"0"
"17488";"80742112";"17488";"11";"3";"1";"1";"6";"0";"3";"1";"1";"0"
"17489";"80742112";"17489";"11";"1";"1";"7";"2";"1";"0";"1";"2";"0"
"17490";"80742112";"17490";"11";"1";"1";"7";"6";"0";"1";"1";"1";"0"
"17493";"80742202";"17493";"11";"3";"1";"7";"6";"0";"4";"0";"1";"0"
"17495";"80742202";"17495";"11";"1";"2";"2";"6";"0";"1";"1";"1";"0"
"17496";"80742202";"17496";"11";"3";"1";"7";"6";"0";"1";"1";"1";"0"
"17501";"80742202";"17501";"11";"1";"1";"7";"6";"0";"1";"1";"1";"0"
"17505";"80742306";"17505";"11";"3";"1";"7";"2";"0";"1";"1";"1";"0"
"17521";"80742409";"17521";"11";"1";"1";"7";"6";"0";"1";"1";"1";"0"
"17527";"80742412";"17484";"11";"1";"1";"7";"6";"0";"1";"2";"1";"0"
"17535";"80743302";"17535";"11";"3";"1";"7";"6";"0";"1";"1";"1";"0"
"17536";"80743302";"7349";"11";"1";"1";"7";"6";"0";"1";"1";"1";"0"
"17540";"80743302";"17540";"11";"1";"1";"7";"6";"0";"1";"1";"1";"0"
"17543";"80743302";"17543";"11";"1";"1";"7";"6";"0";"1";"1";"1";"0"
"17546";"80743302";"17546";"11";"3";"3";"1";"6";"0";"2";"0";"1";"0"
"17552";"80743302";"17552";"11";"1";"1";"7";"6";"0";"3";"1";"1";"0"
"17554";"80743302";"17554";"11";"3";"1";"7";"6";"0";"2";"1";"1";"0"
"17555";"80743302";"17555";"11";"3";"1";"7";"6";"0";"1";"0";"1";"0"
"17557";"80743302";"17557";"11";"1";"1";"7";"6";"0";"2";"0";"1";"0"
"17560";"80743303";"17560";"11";"4";"3";"1";"6";"0";"1";"2";"1";"0"
"17561";"80743303";"17561";"11";"5";"3";"1";"6";"0";"2";"1";"1";"0"
"17562";"80743303";"17562";"11";"5";"1";"7";"6";"0";"1";"1";"1";"0"
"17564";"80743303";"17564";"11";"2";"1";"1";"6";"0";"3";"0";"1";"0"
"17565";"80743303";"17565";"11";"1";"1";"7";"6";"1";"1";"1";"2";"0"
"17566";"80743303";"17566";"11";"1";"3";"2";"6";"0";"4";"2";"1";"0"
"17567";"80743303";"17567";"11";"1";"1";"7";"6";"0";"3";"0";"1";"0"
"17569";"80743303";"17569";"11";"1";"1";"7";"6";"0";"1";"2";"1";"0"
"17580";"80743405";"17580";"11";"1";"1";"7";"4";"0";"1";"1";"1";"0"
"17581";"80743405";"17581";"11";"2";"3";"2";"6";"0";"2";"1";"1";"0"
"17632";"80746401";"17632";"11";"3";"3";"1";"6";"0";"1";"2";"1";"0"
"17633";"80746403";"17633";"11";"5";"1";"7";"8";"0";"1";"1";"1";"0"
"17636";"80746405";"17636";"11";"1";"1";"7";"6";"0";"1";"1";"1";"0"
"17640";"80746405";"17640";"11";"1";"1";"7";"7";"0";"1";"1";"1";"0"
"17641";"80746405";"17641";"11";"1";"1";"7";"6";"0";"1";"2";"1";"0"
"17646";"80746405";"17646";"11";"1";"1";"7";"6";"0";"1";"1";"1";"0"
"17652";"80746405";"17652";"11";"1";"1";"7";"6";"1";"0";"1";"2";"0"
"17653";"80746405";"17653";"11";"3";"1";"7";"6";"0";"1";"1";"1";"0"
"17654";"80746405";"17654";"11";"3";"3";"1";"5";"0";"1";"1";"1";"0"
"17657";"80746405";"17657";"11";"1";"1";"7";"2";"0";"1";"1";"1";"0"
"17658";"80746405";"17658";"11";"5";"1";"7";"6";"0";"2";"1";"1";"0"
"17662";"80746405";"17662";"11";"1";"3";"1";"6";"0";"2";"1";"1";"0"
"17664";"80746405";"17664";"11";"1";"1";"7";"4";"0";"2";"0";"1";"0"
"17665";"80746405";"17665";"11";"5";"1";"7";"6";"0";"1";"1";"1";"0"
"17670";"80746405";"17670";"11";"1";"1";"7";"6";"0";"3";"2";"1";"0"
"17677";"80746405";"17677";"11";"1";"1";"7";"6";"0";"1";"1";"1";"0"
"17683";"80746405";"17683";"11";"1";"2";"2";"6";"1";"0";"1";"2";"0"
"17687";"80746405";"17687";"11";"1";"1";"7";"6";"0";"1";"1";"1";"0"
"17690";"80746405";"17690";"11";"1";"1";"7";"6";"0";"1";"1";"1";"0"
"17691";"80746405";"17691";"11";"1";"1";"7";"6";"0";"2";"2";"1";"0"
"17695";"80746408";"17695";"11";"3";"1";"7";"6";"0";"1";"2";"1";"0"
"17706";"80746502";"17706";"11";"1";"1";"7";"6";"0";"1";"1";"1";"0"
"17707";"80746502";"17707";"11";"1";"1";"7";"6";"1";"0";"1";"2";"0"
"17708";"80746502";"17708";"11";"1";"1";"7";"6";"0";"1";"1";"1";"0"
"17709";"80746502";"17709";"11";"1";"1";"7";"6";"0";"2";"2";"1";"0"
"17711";"80746502";"17711";"11";"1";"3";"2";"6";"0";"4";"0";"1";"0"
"17714";"80746502";"17714";"11";"1";"1";"7";"5";"0";"1";"1";"1";"0"
"17715";"80746502";"17715";"11";"1";"1";"7";"6";"0";"1";"3";"1";"0"
"17717";"80746502";"17717";"11";"3";"1";"7";"6";"0";"1";"2";"1";"0"
"17720";"80747101";"17720";"11";"1";"3";"2";"6";"0";"1";"1";"1";"0"
"17723";"80747101";"17723";"11";"1";"3";"2";"6";"0";"3";"0";"1";"0"
"17726";"80747101";"17726";"11";"5";"7";"1";"6";"0";"3";"1";"1";"0"
"17729";"80747103";"17729";"11";"3";"1";"7";"6";"1";"0";"1";"2";"0"
"17734";"80747103";"17734";"11";"1";"3";"2";"6";"0";"1";"1";"1";"0"
"17738";"80747202";"17738";"11";"1";"1";"7";"4";"0";"1";"1";"1";"0"
"17742";"80747403";"17742";"11";"1";"1";"7";"0";"0";"1";"0";"1";"0"
"17770";"80751106";"17770";"11";"1";"1";"7";"8";"0";"2";"2";"1";"0"
"17772";"80751106";"17772";"11";"1";"1";"7";"8";"0";"3";"2";"1";"0"
"17801";"80751401";"17801";"11";"1";"1";"7";"6";"0";"1";"1";"1";"0"
"17802";"80751401";"17802";"11";"3";"1";"7";"6";"0";"1";"1";"1";"0"
"17807";"80751501";"17807";"11";"1";"3";"1";"5";"0";"1";"1";"1";"0"
"17811";"80751502";"17811";"11";"1";"1";"7";"6";"0";"1";"1";"1";"0"
"17822";"80752101";"13556";"11";"3";"1";"7";"6";"0";"2";"0";"1";"0"
"17823";"80752101";"17823";"11";"1";"1";"7";"7";"0";"1";"1";"1";"0"
"17826";"80752101";"17826";"11";"1";"1";"1";"6";"0";"0";"1";"3";"0"
"17828";"80752101";"17828";"11";"1";"1";"7";"2";"0";"1";"1";"1";"0"
"17829";"80752101";"17829";"11";"1";"1";"7";"6";"0";"1";"1";"1";"0"
"17832";"80752101";"17832";"11";"1";"1";"1";"6";"0";"2";"1";"1";"0"
"17835";"80752101";"17835";"11";"1";"1";"7";"6";"0";"2";"1";"1";"0"
"17837";"80752102";"17837";"11";"3";"3";"1";"6";"1";"0";"1";"2";"0"
"17840";"80752102";"17840";"11";"1";"1";"2";"6";"0";"1";"2";"1";"0"
"17844";"80752102";"17844";"11";"3";"1";"7";"6";"1";"2";"0";"2";"0"
"17845";"80752102";"17845";"11";"3";"1";"7";"2";"0";"1";"1";"1";"0"
"17848";"80752102";"17848";"11";"1";"1";"7";"6";"2";"1";"1";"2";"0"
"17853";"80752102";"17853";"11";"3";"3";"1";"6";"0";"2";"1";"1";"0"
"17859";"80752102";"17859";"11";"2";"1";"7";"6";"0";"1";"1";"1";"0"
"17860";"80752102";"17860";"11";"2";"3";"2";"6";"0";"2";"1";"1";"0"
"17863";"80752107";"17863";"11";"1";"1";"7";"2";"0";"1";"2";"1";"0"
"17865";"80752107";"17865";"11";"1";"1";"7";"4";"0";"1";"1";"1";"0"
"17866";"80752107";"17866";"11";"2";"1";"7";"6";"0";"1";"1";"1";"0"
"17867";"80752107";"17867";"11";"1";"1";"7";"6";"0";"1";"1";"1";"0"
"17868";"80752107";"17868";"11";"1";"1";"7";"6";"0";"1";"1";"1";"0"
"17869";"80752203";"17869";"11";"1";"1";"7";"6";"1";"0";"1";"2";"0"
"17871";"80752203";"17871";"11";"1";"1";"7";"6";"0";"3";"0";"1";"0"
"17872";"80752203";"17872";"11";"1";"1";"7";"6";"0";"1";"1";"1";"0"
"17873";"80752203";"17873";"11";"1";"1";"7";"6";"0";"2";"1";"1";"0"
"17874";"80752203";"17874";"11";"5";"2";"1";"6";"0";"1";"2";"1";"0"
"17875";"80752203";"17875";"11";"1";"1";"7";"6";"0";"2";"1";"1";"0"
"17878";"80752401";"17878";"11";"1";"1";"7";"6";"0";"1";"1";"1";"0"
"17885";"80752417";"17885";"11";"1";"1";"7";"8";"1";"0";"1";"2";"0"
"17907";"80753105";"17907";"11";"1";"3";"1";"6";"0";"1";"1";"1";"0"
"17920";"80753302";"17920";"11";"1";"1";"7";"6";"0";"1";"1";"1";"0"
"17932";"80753505";"17932";"11";"1";"3";"2";"6";"0";"1";"2";"1";"0"
"17933";"80753505";"17933";"11";"1";"1";"7";"6";"0";"1";"1";"1";"0"
"17934";"80753505";"17934";"11";"1";"1";"7";"6";"0";"1";"1";"1";"0"
"17935";"80753505";"17935";"11";"1";"1";"7";"6";"0";"1";"2";"1";"0"
"17937";"80753505";"17937";"11";"1";"1";"7";"6";"0";"2";"1";"1";"0"
"17938";"80753505";"17938";"11";"1";"1";"7";"6";"0";"2";"1";"1";"0"
"17939";"80753505";"17939";"11";"1";"1";"7";"6";"0";"1";"2";"1";"0"
"17940";"80753505";"17940";"11";"1";"1";"7";"6";"0";"1";"2";"1";"0"
"17942";"80753505";"17942";"11";"3";"1";"7";"6";"0";"1";"2";"1";"0"
"17943";"80753505";"17943";"11";"3";"1";"2";"6";"0";"1";"2";"1";"0"
"17944";"80753505";"17944";"11";"3";"1";"7";"6";"0";"2";"1";"1";"0"
"17945";"80753505";"17945";"11";"3";"1";"7";"6";"0";"2";"1";"1";"0"
"17946";"80753505";"17946";"11";"3";"1";"7";"6";"0";"1";"2";"1";"0"
"17947";"80753505";"17947";"11";"1";"1";"7";"6";"0";"1";"2";"1";"0"
"17949";"80753505";"17949";"11";"5";"3";"1";"6";"0";"1";"2";"1";"0"
"17950";"80753505";"17950";"11";"1";"1";"7";"5";"0";"1";"1";"1";"0"
"17953";"80753505";"17953";"11";"3";"1";"7";"6";"0";"2";"1";"1";"0"
"17954";"80753505";"17954";"11";"1";"1";"7";"6";"0";"1";"1";"1";"0"
"17955";"80753505";"17955";"11";"1";"1";"7";"5";"0";"1";"1";"1";"0"
"17956";"80753505";"17956";"11";"1";"1";"7";"6";"0";"1";"1";"1";"0"
"17957";"80753506";"17957";"11";"3";"1";"7";"6";"0";"2";"2";"1";"0"
"17959";"80753506";"17959";"11";"1";"1";"7";"6";"0";"3";"0";"1";"0"
"17984";"80754208";"17984";"11";"1";"1";"7";"6";"0";"1";"1";"1";"0"
"17988";"80754208";"9214";"11";"1";"1";"7";"6";"0";"1";"1";"1";"0"
"17992";"80754208";"17992";"11";"1";"1";"7";"6";"0";"1";"1";"1";"0"
"17996";"80754208";"17996";"11";"3";"3";"1";"6";"0";"4";"0";"1";"0"
"18002";"80754210";"18002";"11";"5";"3";"1";"6";"0";"1";"1";"1";"0"
"18007";"80754306";"18007";"11";"3";"1";"7";"6";"0";"1";"1";"1";"0"
"18009";"80754306";"18009";"11";"1";"1";"7";"6";"0";"1";"1";"1";"0"
"18010";"80754306";"18010";"11";"1";"3";"2";"6";"0";"1";"2";"1";"0"
"18012";"80754306";"18012";"11";"5";"3";"1";"6";"0";"3";"0";"1";"0"
"18013";"80754306";"18013";"11";"1";"1";"7";"6";"1";"0";"1";"2";"0"
"18014";"80754306";"18014";"11";"1";"1";"7";"6";"0";"2";"1";"1";"0"
"18015";"80754306";"18015";"11";"1";"1";"7";"6";"0";"6";"2";"1";"0"
"18022";"80754409";"18022";"11";"1";"1";"7";"6";"0";"1";"1";"1";"0"
"18023";"80754409";"18023";"11";"2";"3";"2";"6";"0";"1";"1";"1";"0"
"18025";"80754409";"18025";"11";"1";"1";"7";"6";"0";"2";"1";"1";"0"
"18031";"80754410";"18031";"11";"1";"1";"7";"5";"0";"1";"1";"1";"0"
"18032";"80754501";"18032";"11";"1";"1";"7";"6";"1";"1";"1";"2";"0"
"18033";"80754501";"18033";"11";"3";"3";"2";"5";"0";"1";"3";"1";"0"
"18041";"80755302";"18041";"11";"1";"1";"7";"6";"0";"1";"1";"1";"0"
"18043";"80755302";"18043";"11";"1";"1";"7";"6";"0";"1";"1";"1";"0"
"18044";"80755306";"18044";"11";"1";"1";"7";"6";"0";"1";"1";"1";"0"
"18049";"80755402";"18049";"11";"1";"1";"7";"6";"0";"1";"1";"1";"0"
"18050";"80755402";"18050";"11";"1";"1";"7";"8";"1";"1";"1";"2";"0"
"18051";"80755402";"18051";"11";"1";"1";"7";"4";"0";"1";"1";"1";"0"
"18052";"80755402";"18052";"11";"1";"1";"7";"6";"0";"1";"1";"1";"0"
"18053";"80755402";"18053";"11";"3";"1";"7";"6";"0";"3";"1";"1";"0"
"18054";"80755402";"18054";"11";"1";"1";"7";"6";"0";"2";"1";"1";"0"
"18059";"80755407";"18059";"11";"1";"1";"7";"6";"0";"1";"1";"1";"0"
"18060";"80755407";"18060";"11";"1";"1";"7";"6";"0";"2";"0";"1";"0"
"18061";"80755407";"18061";"11";"3";"1";"7";"6";"0";"1";"1";"1";"0"
"18063";"80755407";"18063";"11";"1";"1";"7";"6";"0";"1";"1";"1";"0"
"18065";"80755407";"18065";"11";"1";"3";"2";"6";"0";"1";"1";"1";"0"
"18068";"80755407";"18068";"11";"2";"1";"7";"6";"1";"0";"0";"3";"0"
"18069";"80755407";"18069";"11";"1";"3";"1";"5";"0";"2";"1";"1";"0"
"18070";"80755407";"18070";"11";"1";"1";"7";"5";"0";"1";"1";"1";"0"
"18073";"80755407";"18073";"11";"3";"1";"7";"6";"0";"1";"2";"1";"0"
"18092";"80756105";"18092";"11";"1";"1";"7";"6";"0";"1";"1";"1";"0"
"18093";"80756105";"18093";"11";"1";"1";"7";"6";"0";"2";"2";"1";"0"
"18094";"80756105";"18094";"11";"1";"1";"7";"6";"0";"2";"0";"1";"0"
"18095";"80756105";"18095";"11";"1";"1";"7";"6";"0";"2";"1";"1";"0"
"18096";"80756105";"18096";"11";"1";"1";"7";"6";"1";"0";"1";"2";"0"
"18097";"80756105";"18097";"11";"1";"1";"7";"6";"0";"5";"0";"1";"0"
"18098";"80756105";"18098";"11";"1";"1";"7";"6";"0";"1";"2";"1";"0"
"18099";"80756105";"18099";"11";"1";"1";"7";"6";"0";"2";"0";"1";"0"
"18105";"80756501";"18105";"11";"1";"1";"7";"6";"0";"1";"1";"1";"0"
"18115";"80756502";"18115";"11";"1";"1";"7";"6";"0";"2";"2";"1";"0"
"18116";"80756502";"18116";"11";"3";"3";"2";"6";"1";"2";"0";"2";"0"
"18122";"80757501";"18122";"11";"4";"3";"2";"5";"0";"2";"0";"1";"0"
"18137";"80761103";"18137";"11";"1";"1";"7";"6";"0";"1";"2";"1";"0"
"18139";"80761103";"18139";"11";"2";"1";"7";"4";"0";"1";"1";"1";"0"
"18140";"80761103";"18140";"11";"1";"1";"7";"6";"0";"1";"1";"1";"0"
"18143";"80761105";"18143";"11";"1";"1";"7";"6";"0";"1";"1";"1";"0"
"18144";"80761105";"18144";"11";"1";"1";"7";"6";"0";"1";"1";"1";"0"
"18145";"80761105";"18145";"11";"5";"1";"7";"6";"0";"1";"2";"1";"0"
"18146";"80761105";"18146";"11";"5";"1";"7";"6";"0";"1";"2";"1";"0"
"18147";"80761105";"18147";"11";"3";"1";"7";"4";"0";"1";"1";"1";"0"
"18148";"80761105";"18148";"11";"1";"1";"7";"6";"0";"1";"1";"1";"0"
"18150";"80761201";"18150";"11";"3";"1";"7";"6";"0";"1";"1";"1";"0"
"18152";"80761201";"18152";"11";"1";"1";"7";"6";"0";"1";"1";"1";"0"
"18154";"80761201";"849";"11";"1";"1";"7";"6";"0";"2";"2";"1";"0"
"18158";"80761201";"18158";"11";"1";"1";"7";"6";"0";"1";"1";"1";"0"
"18162";"80761201";"18162";"11";"1";"1";"7";"6";"0";"1";"1";"1";"0"
"18168";"80761201";"18168";"11";"1";"1";"7";"4";"0";"1";"2";"1";"0"
"18169";"80761201";"18169";"11";"1";"1";"7";"5";"0";"1";"1";"1";"0"
"18171";"80761201";"1534";"11";"3";"1";"7";"6";"0";"1";"1";"1";"0"
"18186";"80761202";"18186";"11";"3";"1";"7";"6";"0";"1";"2";"1";"0"
"18188";"80761202";"18188";"11";"1";"1";"7";"6";"0";"1";"1";"1";"0"
"18189";"80761202";"18189";"11";"1";"1";"7";"5";"0";"1";"1";"1";"0"
"18213";"80761306";"18213";"11";"1";"1";"7";"6";"0";"1";"1";"1";"0"
"18214";"80761306";"18214";"11";"1";"1";"7";"6";"1";"0";"1";"2";"0"
"18215";"80761306";"18215";"11";"2";"3";"2";"2";"0";"1";"1";"1";"0"
"18217";"80761306";"18217";"11";"3";"1";"7";"5";"1";"0";"1";"2";"0"
"18219";"80761306";"18219";"11";"1";"1";"7";"6";"0";"2";"1";"1";"0"