"accident_id";"lieu_id";"date_id";"cause_id";"lum_id";"intemp_id";"etat_surface_id";"impliq_id";"nb_blesses_graves";"nb_blesses_legers";"nb_indemnes";"gravite";"nb_morts"
"18225";"80761306";"18225";"11";"1";"1";"7";"6";"0";"4";"0";"1";"0"
"18226";"80761306";"18226";"11";"3";"1";"7";"6";"0";"1";"1";"1";"0"
"18229";"80761306";"18229";"11";"1";"1";"2";"2";"1";"1";"1";"2";"0"
"18231";"80761306";"18231";"11";"3";"3";"2";"6";"0";"1";"1";"1";"0"
"18232";"80761306";"18232";"11";"3";"1";"7";"6";"0";"2";"2";"1";"0"
"18247";"80762102";"18247";"11";"1";"1";"1";"6";"1";"0";"1";"2";"0"
"18248";"80762102";"18248";"11";"1";"1";"7";"2";"0";"1";"2";"1";"0"
"18249";"80762102";"18249";"11";"1";"1";"7";"6";"1";"2";"1";"2";"0"
"18250";"80762102";"18250";"11";"1";"3";"1";"5";"0";"1";"1";"1";"0"
"18268";"80762108";"18268";"11";"1";"1";"7";"6";"0";"1";"2";"1";"0"
"18272";"80762108";"18272";"11";"1";"1";"7";"6";"1";"0";"1";"2";"0"
"18273";"80762108";"18273";"11";"3";"1";"7";"6";"1";"0";"2";"2";"0"
"18279";"80762108";"18279";"11";"3";"1";"7";"6";"0";"1";"1";"1";"0"
"18283";"80762108";"18283";"11";"1";"1";"7";"5";"0";"2";"0";"1";"0"
"18284";"80762109";"18284";"11";"1";"3";"2";"6";"0";"1";"1";"1";"0"
"18285";"80762109";"12693";"11";"1";"1";"7";"6";"0";"1";"1";"1";"0"
"18288";"80762109";"18288";"11";"1";"1";"7";"6";"0";"1";"1";"1";"0"
"18290";"80762201";"18290";"11";"1";"1";"7";"6";"0";"1";"1";"1";"0"
"18304";"80762403";"7660";"11";"1";"1";"7";"6";"0";"1";"1";"1";"0"
"18306";"80762403";"18306";"11";"3";"1";"1";"6";"0";"1";"1";"1";"0"
"18307";"80762403";"18307";"11";"1";"1";"7";"6";"0";"1";"1";"1";"0"
"18308";"80762403";"18308";"11";"2";"1";"7";"2";"0";"1";"1";"1";"0"
"18321";"80762405";"18321";"11";"1";"1";"7";"2";"1";"1";"0";"2";"0"
"18324";"80762405";"18324";"11";"1";"1";"7";"4";"0";"2";"0";"1";"0"
"18331";"80763102";"18331";"11";"1";"1";"7";"6";"0";"1";"1";"1";"0"
"18333";"80763102";"18333";"11";"1";"1";"7";"5";"0";"1";"1";"1";"0"
"18334";"80763102";"18334";"11";"1";"1";"7";"6";"0";"1";"2";"1";"0"
"18349";"80763409";"18349";"11";"1";"1";"7";"5";"0";"3";"1";"1";"0"
"18351";"80763410";"18351";"11";"1";"1";"7";"6";"1";"0";"1";"2";"0"
"18352";"80763410";"18352";"11";"1";"1";"7";"6";"1";"0";"1";"2";"0"
"18370";"80764106";"18370";"11";"1";"1";"7";"2";"0";"1";"1";"1";"0"
"18374";"80764106";"18374";"11";"1";"1";"7";"6";"0";"1";"1";"1";"0"
"18378";"80764106";"18378";"11";"1";"1";"7";"6";"0";"2";"1";"1";"0"
"18380";"80764106";"18380";"11";"1";"1";"7";"5";"0";"1";"1";"1";"0"
"18381";"80764106";"18381";"11";"2";"1";"7";"6";"0";"1";"1";"1";"0"
"18383";"80764106";"18383";"11";"1";"1";"2";"6";"0";"1";"1";"1";"0"
"18384";"80764106";"18384";"11";"1";"1";"7";"6";"0";"1";"3";"1";"0"
"18388";"80764203";"18388";"11";"1";"1";"7";"6";"0";"1";"2";"1";"0"
"18390";"80764203";"18390";"11";"1";"1";"7";"6";"0";"1";"1";"1";"0"
"18392";"80764203";"18392";"11";"1";"1";"7";"5";"0";"1";"1";"1";"0"
"18393";"80764203";"18393";"11";"2";"1";"7";"6";"0";"1";"1";"1";"0"
"18396";"80764204";"18396";"11";"1";"1";"7";"5";"0";"2";"0";"1";"0"
"18407";"80764302";"18407";"11";"5";"3";"1";"4";"0";"1";"1";"1";"0"
"18410";"80764302";"18410";"11";"5";"2";"1";"6";"0";"1";"1";"1";"0"
"18413";"80764302";"18413";"11";"2";"1";"7";"6";"0";"1";"1";"1";"0"
"18414";"80764302";"18414";"11";"1";"1";"7";"6";"1";"0";"1";"2";"0"
"18419";"80764309";"18419";"11";"1";"1";"7";"3";"0";"1";"1";"1";"0"
"18424";"80764406";"18424";"11";"1";"1";"7";"6";"1";"0";"1";"2";"0"
"18425";"80764406";"18425";"11";"3";"6";"1";"2";"1";"0";"1";"2";"0"
"18427";"80764406";"18427";"11";"1";"1";"7";"6";"0";"1";"1";"1";"0"
"18429";"80764406";"18429";"11";"5";"1";"7";"6";"0";"1";"1";"1";"0"
"18430";"80764406";"18430";"11";"2";"3";"1";"3";"0";"1";"1";"1";"0"
"18431";"80764406";"18431";"11";"1";"1";"1";"6";"0";"1";"1";"1";"0"
"18440";"80764503";"18440";"11";"1";"1";"7";"6";"0";"1";"1";"1";"0"
"18441";"80764503";"18441";"11";"1";"1";"7";"2";"0";"1";"1";"1";"0"
"18442";"80764504";"18442";"11";"1";"1";"7";"2";"0";"1";"1";"1";"0"
"18446";"80764513";"18446";"11";"1";"1";"7";"6";"0";"1";"1";"1";"0"
"18447";"80764513";"18447";"11";"1";"1";"7";"6";"0";"1";"1";"1";"0"
"18448";"80764513";"18448";"11";"3";"1";"7";"6";"0";"1";"2";"1";"0"
"18449";"80764513";"18449";"11";"1";"1";"7";"6";"0";"1";"1";"1";"0"
"18451";"80764513";"18451";"11";"1";"2";"1";"6";"0";"1";"1";"1";"0"
"18452";"80764513";"14297";"11";"1";"1";"7";"4";"0";"1";"1";"1";"0"
"18453";"80765201";"18453";"11";"1";"1";"7";"6";"0";"1";"2";"1";"0"
"18456";"80765201";"17372";"11";"5";"3";"1";"6";"0";"1";"2";"1";"0"
"18459";"80765203";"18459";"11";"1";"1";"7";"2";"0";"1";"1";"1";"0"
"18460";"80765203";"18460";"11";"3";"1";"7";"6";"0";"1";"2";"1";"0"
"18469";"80765304";"18469";"11";"3";"1";"7";"6";"0";"1";"2";"1";"0"
"18471";"80765304";"18471";"11";"1";"1";"7";"6";"0";"1";"1";"1";"0"
"18474";"80765305";"18474";"11";"1";"1";"7";"4";"0";"1";"1";"1";"0"
"18476";"80765305";"18476";"11";"1";"1";"7";"6";"0";"1";"1";"1";"0"
"18478";"80765305";"18478";"11";"3";"1";"7";"6";"0";"1";"1";"1";"0"
"18485";"80765402";"18485";"11";"1";"1";"7";"6";"0";"2";"0";"1";"0"
"18491";"80765402";"18491";"11";"1";"1";"7";"6";"0";"1";"1";"1";"0"
"18494";"80765402";"18494";"11";"1";"1";"7";"6";"0";"1";"2";"1";"0"
"18503";"80765405";"18503";"11";"1";"1";"7";"6";"0";"2";"1";"1";"0"
"18504";"80765405";"18504";"11";"1";"1";"7";"2";"0";"1";"1";"1";"0"
"18505";"80765405";"18505";"11";"1";"1";"7";"6";"0";"1";"1";"1";"0"
"18506";"80765405";"18506";"11";"3";"1";"7";"6";"0";"1";"1";"1";"0"
"18509";"80765405";"18509";"11";"1";"1";"7";"6";"0";"1";"1";"1";"0"
"18516";"80765423";"18516";"11";"1";"1";"7";"2";"0";"1";"1";"1";"0"
"18518";"80765507";"18518";"11";"1";"1";"7";"6";"0";"1";"2";"1";"0"
"18519";"80765507";"18519";"11";"1";"1";"7";"6";"1";"0";"1";"2";"0"
"18525";"80765510";"18525";"11";"1";"1";"7";"6";"0";"1";"2";"1";"0"
"18528";"80765510";"18528";"11";"1";"3";"1";"6";"0";"1";"1";"1";"0"
"18530";"80765510";"18530";"11";"1";"1";"7";"6";"0";"1";"1";"1";"0"
"18543";"80767203";"18543";"11";"3";"1";"7";"6";"0";"1";"1";"1";"0"
"18548";"80767208";"18548";"11";"1";"1";"7";"6";"0";"1";"1";"1";"0"
"18549";"80767208";"18549";"11";"1";"1";"7";"6";"0";"1";"1";"1";"0"
"18550";"80767208";"18550";"11";"1";"1";"7";"5";"1";"0";"1";"2";"0"
"18553";"80767208";"18553";"11";"1";"1";"7";"6";"0";"1";"1";"1";"0"
"18556";"80771103";"18556";"11";"1";"1";"7";"4";"1";"0";"1";"2";"0"
"18557";"80771103";"18557";"11";"1";"1";"7";"6";"1";"0";"1";"2";"0"
"18562";"80771302";"18562";"11";"1";"1";"7";"6";"0";"1";"1";"1";"0"
"18564";"80771302";"18564";"11";"3";"2";"2";"6";"0";"1";"2";"1";"0"
"18565";"80771302";"18565";"11";"1";"1";"7";"6";"0";"1";"1";"1";"0"
"18591";"80772405";"18591";"11";"3";"1";"7";"6";"0";"4";"0";"1";"0"
"18592";"80772405";"18592";"11";"1";"1";"7";"6";"0";"5";"0";"1";"0"
"18593";"80772405";"18593";"11";"5";"1";"7";"6";"0";"1";"1";"1";"0"
"18594";"80772405";"18594";"11";"1";"1";"7";"5";"0";"1";"1";"1";"0"
"18595";"80772405";"18595";"11";"1";"1";"7";"3";"0";"1";"1";"1";"0"
"18602";"80773103";"18602";"11";"3";"1";"7";"6";"0";"1";"1";"1";"0"
"18623";"80774111";"18623";"11";"1";"1";"7";"6";"0";"1";"1";"1";"0"
"18624";"80774111";"18624";"11";"1";"1";"7";"6";"0";"2";"1";"1";"0"
"18625";"80774111";"18625";"11";"5";"3";"1";"6";"0";"1";"1";"1";"0"
"18627";"80774111";"18627";"11";"1";"1";"7";"6";"0";"1";"1";"1";"0"
"18628";"80774111";"18628";"11";"2";"1";"7";"6";"0";"1";"1";"1";"0"
"18629";"80774111";"18629";"11";"1";"3";"2";"6";"0";"2";"0";"1";"0"
"18630";"80774111";"18630";"11";"2";"3";"1";"6";"0";"1";"1";"1";"0"
"18631";"80774111";"18631";"11";"1";"3";"2";"6";"0";"1";"2";"1";"0"
"18645";"80774505";"18645";"11";"1";"1";"7";"6";"0";"1";"1";"1";"0"
"18646";"80774505";"18646";"11";"1";"1";"7";"6";"0";"1";"1";"1";"0"
"18647";"80774505";"18647";"11";"1";"1";"7";"6";"0";"1";"4";"1";"0"
"18648";"80774505";"18648";"11";"1";"1";"7";"6";"0";"2";"0";"1";"0"
"18649";"80774505";"18649";"11";"1";"1";"7";"6";"1";"0";"1";"2";"0"
"18650";"80774505";"18650";"11";"1";"1";"7";"6";"0";"2";"0";"1";"0"
"18651";"80774505";"9514";"11";"2";"3";"2";"6";"0";"1";"3";"1";"0"
"18652";"80774505";"18652";"11";"1";"1";"7";"6";"0";"3";"0";"1";"0"
"18654";"80774505";"18654";"11";"3";"3";"1";"6";"0";"4";"0";"1";"0"
"18655";"80774505";"18655";"11";"3";"3";"1";"4";"1";"0";"1";"2";"0"
"18656";"80774505";"18656";"11";"1";"1";"7";"6";"0";"1";"1";"1";"0"
"18658";"80774505";"18658";"11";"3";"1";"7";"4";"1";"0";"1";"2";"0"
"18659";"80774505";"18659";"11";"1";"1";"7";"6";"0";"1";"1";"1";"0"
"18660";"80774505";"18660";"11";"1";"3";"1";"6";"0";"1";"1";"1";"0"
"18661";"80774505";"18661";"11";"3";"1";"1";"6";"0";"3";"1";"1";"0"
"18662";"80774505";"18662";"11";"1";"3";"1";"6";"0";"1";"1";"1";"0"
"18663";"80774505";"18663";"11";"1";"1";"7";"6";"0";"1";"1";"1";"0"
"18665";"80774505";"18665";"11";"1";"1";"7";"6";"0";"1";"1";"1";"0"
"18666";"80774505";"18666";"11";"1";"1";"7";"6";"0";"2";"1";"1";"0"
"18667";"80774505";"18667";"11";"3";"3";"1";"6";"0";"1";"1";"1";"0"
"18668";"80774505";"18668";"11";"3";"1";"7";"6";"0";"2";"1";"1";"0"
"18669";"80774505";"18669";"11";"2";"1";"7";"6";"0";"3";"0";"1";"0"
"18670";"80774505";"18670";"11";"3";"1";"7";"6";"0";"1";"1";"1";"0"
"18671";"80774505";"18671";"11";"1";"1";"7";"6";"0";"1";"1";"1";"0"
"18672";"80774505";"18672";"11";"1";"1";"7";"6";"0";"2";"0";"1";"0"
"18673";"80774505";"18673";"11";"1";"1";"7";"6";"0";"1";"1";"1";"0"
"18674";"80774505";"18674";"11";"1";"1";"7";"6";"0";"2";"0";"1";"0"
"18675";"80774505";"18675";"11";"1";"3";"2";"6";"0";"3";"2";"1";"0"
"18676";"80774505";"18676";"11";"3";"1";"7";"6";"0";"1";"1";"1";"0"
"18678";"80774505";"18678";"11";"3";"1";"7";"6";"0";"2";"1";"1";"0"
"18679";"80774505";"18679";"11";"1";"1";"7";"6";"0";"1";"1";"1";"0"
"18680";"80774505";"16414";"11";"1";"1";"7";"6";"0";"1";"2";"1";"0"
"18681";"80774505";"18681";"11";"1";"1";"7";"6";"0";"1";"1";"1";"0"
"18696";"80775101";"18696";"11";"1";"1";"7";"6";"0";"1";"3";"1";"0"
"18698";"80775101";"18698";"11";"1";"1";"7";"2";"0";"1";"1";"1";"0"
"18702";"80775101";"18702";"11";"1";"1";"7";"6";"0";"1";"1";"1";"0"
"18704";"80775101";"18704";"11";"1";"1";"7";"2";"0";"1";"1";"1";"0"
"18710";"80775101";"18710";"11";"3";"1";"7";"6";"0";"2";"1";"1";"0"
"18711";"80775103";"18711";"11";"1";"1";"7";"6";"0";"2";"1";"1";"0"
"18712";"80775103";"18712";"11";"1";"1";"7";"6";"0";"3";"1";"1";"0"
"18713";"80775103";"18713";"11";"3";"3";"2";"5";"0";"1";"1";"1";"0"
"18715";"80775103";"18715";"11";"1";"1";"7";"2";"0";"1";"1";"1";"0"
"18724";"80776206";"18724";"11";"3";"1";"7";"6";"0";"5";"0";"1";"0"
"18734";"80776305";"18734";"11";"1";"1";"7";"6";"0";"2";"0";"1";"0"
"18735";"80776305";"18735";"11";"1";"3";"1";"6";"0";"1";"1";"1";"0"
"18737";"80776305";"18737";"11";"1";"1";"7";"6";"0";"2";"2";"1";"0"
"18738";"80776305";"10004";"11";"1";"1";"7";"6";"0";"4";"0";"1";"0"
"18740";"80776305";"18740";"11";"1";"1";"7";"6";"0";"2";"0";"1";"0"
"18741";"80776305";"18741";"11";"3";"1";"7";"6";"0";"1";"1";"1";"0"
"18742";"80776320";"18742";"11";"1";"1";"7";"6";"0";"1";"2";"1";"0"
"18743";"80776320";"18743";"11";"3";"1";"7";"6";"0";"2";"1";"1";"0"
"18757";"80781410";"18757";"11";"2";"1";"7";"6";"0";"1";"1";"1";"0"
"18760";"80781410";"18760";"11";"1";"1";"7";"6";"0";"1";"1";"1";"0"
"18778";"80782401";"18778";"11";"1";"1";"7";"6";"0";"0";"1";"3";"0"
"18779";"80782401";"18779";"11";"1";"1";"7";"7";"0";"1";"1";"1";"0"
"18780";"80782401";"18780";"11";"1";"1";"7";"6";"1";"0";"1";"2";"0"
"18781";"80782401";"18781";"11";"1";"1";"7";"6";"0";"1";"2";"1";"0"
"18793";"80783406";"18793";"11";"1";"1";"7";"6";"0";"1";"1";"1";"0"
"18794";"80783406";"18794";"11";"1";"1";"7";"6";"0";"1";"1";"1";"0"
"18829";"80785102";"18829";"11";"1";"1";"7";"6";"0";"1";"1";"1";"0"
"18830";"80785102";"18830";"11";"1";"1";"7";"6";"0";"2";"0";"1";"0"
"18831";"80785102";"18831";"11";"1";"1";"7";"6";"0";"2";"0";"1";"0"
"18832";"80785102";"18832";"11";"1";"1";"7";"6";"0";"1";"1";"1";"0"
"18833";"80785102";"18833";"11";"1";"1";"1";"6";"0";"1";"5";"1";"0"
"18835";"80785102";"18835";"11";"1";"1";"7";"4";"1";"0";"1";"2";"0"
"18839";"80785102";"18839";"11";"1";"1";"7";"6";"0";"1";"1";"1";"0"
"18843";"80785102";"18843";"11";"1";"1";"7";"6";"0";"1";"1";"1";"0"
"18844";"80785102";"18844";"11";"5";"1";"7";"5";"1";"1";"2";"2";"0"
"18884";"80786205";"18884";"11";"1";"3";"1";"6";"0";"1";"1";"1";"0"
"18885";"80786205";"18885";"11";"1";"1";"7";"6";"0";"1";"1";"1";"0"
"18897";"80786303";"18897";"11";"1";"1";"7";"6";"0";"1";"1";"1";"0"
"18898";"80786303";"18898";"11";"3";"1";"7";"6";"0";"1";"1";"1";"0"
"18900";"80786303";"18900";"11";"1";"1";"7";"2";"0";"1";"1";"1";"0"
"18902";"80786306";"18902";"11";"1";"1";"7";"7";"0";"1";"1";"1";"0"
"18903";"80786407";"18903";"11";"3";"1";"7";"6";"0";"0";"2";"3";"0"
"18904";"80786407";"18904";"11";"1";"1";"7";"6";"1";"0";"1";"2";"0"
"18910";"80786407";"18910";"11";"1";"1";"7";"6";"1";"0";"2";"2";"0"
"18932";"80793505";"18932";"11";"3";"1";"7";"4";"1";"0";"2";"2";"0"
"18933";"80793505";"18933";"11";"1";"1";"7";"6";"0";"1";"1";"1";"0"
"18938";"80793505";"18938";"11";"3";"1";"7";"6";"2";"2";"0";"2";"0"
"18942";"80793505";"18942";"11";"3";"1";"7";"4";"0";"1";"2";"1";"0"
"18944";"80793505";"18944";"11";"1";"1";"7";"6";"0";"1";"1";"1";"0"
"18966";"80796107";"18966";"11";"3";"1";"7";"6";"0";"1";"1";"1";"0"
"19018";"80797507";"19018";"11";"1";"1";"1";"6";"0";"2";"1";"1";"0"
"19019";"80797508";"19019";"11";"1";"1";"7";"6";"0";"1";"1";"1";"0"
"19020";"80797508";"19020";"11";"1";"1";"7";"6";"0";"1";"1";"1";"0"
"19023";"80797508";"19023";"11";"1";"3";"1";"6";"0";"1";"1";"1";"0"
"19030";"80797508";"19030";"11";"1";"3";"2";"6";"0";"1";"0";"3";"0"
"19041";"80804112";"19041";"11";"1";"1";"7";"6";"0";"1";"1";"1";"0"
"19042";"80804112";"19042";"11";"1";"1";"7";"6";"0";"1";"1";"1";"0"
"19043";"80804112";"19043";"11";"2";"3";"1";"6";"0";"1";"1";"1";"0"
"19044";"80804112";"16821";"11";"1";"1";"7";"6";"0";"1";"0";"1";"0"
"19045";"80804112";"19045";"11";"1";"1";"7";"6";"0";"1";"1";"1";"0"
"19046";"80804112";"19046";"11";"3";"3";"2";"6";"0";"1";"1";"1";"0"
"19050";"80804503";"19050";"11";"1";"1";"7";"6";"0";"1";"4";"1";"0"
"19052";"80804503";"19052";"11";"1";"1";"7";"6";"0";"1";"1";"1";"0"
"19057";"80804503";"19057";"11";"1";"1";"7";"6";"1";"0";"1";"2";"0"
"19058";"80804503";"19058";"11";"1";"6";"1";"6";"0";"1";"1";"1";"0"
"19059";"80804503";"19059";"11";"1";"3";"2";"7";"0";"1";"1";"1";"0"
"19073";"80805401";"19073";"11";"1";"1";"7";"3";"0";"1";"1";"1";"0"
"19082";"80807107";"19082";"11";"3";"1";"7";"6";"0";"1";"1";"1";"0"
"19084";"80807107";"9748";"11";"2";"1";"7";"6";"1";"0";"1";"2";"0"
"19085";"80807107";"19085";"11";"3";"3";"1";"6";"1";"0";"1";"2";"0"
"19087";"80807107";"19087";"11";"1";"1";"7";"6";"0";"1";"1";"1";"0"
"19090";"80807107";"19090";"11";"1";"1";"7";"1";"0";"1";"1";"1";"0"
"19093";"80807108";"19093";"11";"3";"1";"7";"6";"1";"1";"2";"2";"0"
"19106";"80812408";"19106";"11";"1";"1";"7";"6";"0";"1";"1";"1";"0"
"19113";"80813108";"19113";"11";"1";"1";"7";"6";"0";"1";"1";"1";"0"
"19114";"80813111";"19114";"11";"3";"2";"2";"6";"0";"1";"1";"1";"0"
"19121";"80813202";"19121";"11";"1";"1";"7";"7";"1";"0";"1";"2";"0"
"19122";"80813202";"19122";"11";"3";"3";"1";"6";"0";"3";"1";"1";"0"
"19123";"80813202";"19123";"11";"1";"3";"1";"6";"0";"1";"1";"1";"0"
"133";"697";"133";"11";"3";"1";"7";"6";"0";"0";"1";"3";"0"
"664";"5499";"664";"11";"1";"1";"7";"6";"1";"0";"1";"2";"0"
"1280";"13695";"1280";"11";"1";"1";"1";"6";"0";"1";"1";"1";"0"
"1857";"27122";"1857";"11";"1";"1";"7";"6";"0";"1";"1";"1";"0"
"2056";"29005";"2056";"11";"1";"1";"7";"6";"0";"1";"1";"1";"0"
"2286";"29626";"2286";"11";"5";"2";"1";"6";"0";"1";"1";"1";"0"
"2758";"36661";"2758";"11";"1";"1";"7";"9";"0";"0";"1";"3";"0"
"2958";"38438";"2958";"11";"1";"1";"7";"6";"0";"1";"1";"1";"0"
"3229";"39028";"3229";"11";"1";"1";"2";"6";"0";"1";"1";"1";"0"
"4371";"41109";"4371";"11";"1";"1";"7";"6";"0";"2";"0";"1";"0"
"4452";"41253";"4452";"11";"3";"1";"7";"6";"0";"1";"2";"1";"0"
"4453";"41253";"4453";"11";"2";"3";"2";"5";"0";"2";"0";"1";"0"
"4461";"41276";"4461";"11";"1";"1";"7";"6";"0";"2";"1";"1";"0"
"4486";"41383";"4486";"11";"1";"1";"7";"6";"0";"1";"1";"1";"0"
"4488";"41383";"4488";"11";"3";"1";"7";"2";"0";"1";"1";"1";"0"
"4770";"42960";"4770";"11";"1";"1";"7";"6";"0";"2";"0";"1";"0"
"4772";"42960";"4772";"11";"3";"7";"7";"6";"0";"1";"2";"1";"0"
"4845";"43106";"4845";"11";"1";"1";"7";"6";"0";"1";"1";"1";"0"
"9851";"72152";"9851";"11";"1";"1";"7";"9";"0";"4";"0";"1";"0"
"10131";"72619";"10131";"11";"1";"1";"7";"6";"0";"1";"1";"1";"0"
"10690";"73495";"10690";"11";"1";"1";"7";"6";"1";"0";"1";"2";"0"
"10863";"74037";"10863";"11";"1";"1";"7";"4";"0";"2";"0";"1";"0"
"11110";"78352";"11110";"11";"1";"1";"7";"6";"0";"1";"1";"1";"0"
"11875";"82628";"11875";"11";"1";"1";"7";"2";"1";"0";"1";"2";"0"
"12435";"90880";"12435";"11";"1";"1";"7";"5";"0";"2";"1";"1";"0"
"12447";"67642401";"12447";"11";"1";"1";"7";"6";"0";"1";"1";"1";"0"
"12451";"67642412";"12451";"11";"1";"1";"7";"2";"1";"0";"1";"2";"0"
"12453";"67642512";"12453";"11";"3";"3";"2";"6";"1";"0";"4";"2";"0"
"12464";"67643503";"12464";"11";"1";"1";"7";"6";"1";"0";"1";"2";"0"
"12465";"67643503";"12465";"11";"1";"1";"7";"4";"0";"1";"0";"3";"0"
"12466";"67643506";"12466";"11";"1";"1";"7";"4";"0";"2";"0";"1";"0"
"12495";"67656205";"12495";"11";"1";"1";"7";"6";"0";"1";"2";"1";"0"
"12564";"69815114";"12564";"11";"1";"1";"7";"6";"1";"0";"1";"2";"0"
"12573";"70706103";"12573";"11";"1";"1";"7";"6";"0";"0";"1";"3";"0"
"12577";"70706103";"12577";"11";"3";"1";"7";"6";"1";"3";"0";"2";"0"
"12581";"70706103";"12581";"11";"1";"1";"7";"6";"1";"1";"3";"2";"0"
"12582";"70706103";"12582";"11";"1";"2";"1";"6";"1";"2";"3";"2";"0"
"12584";"70706103";"12584";"11";"1";"1";"7";"6";"0";"2";"0";"1";"0"
"12661";"70817410";"12661";"11";"3";"1";"7";"6";"0";"1";"1";"1";"0"
"12664";"70817410";"12664";"11";"2";"1";"7";"2";"0";"1";"1";"1";"0"
"12726";"70827103";"12726";"11";"1";"1";"7";"6";"0";"1";"2";"1";"0"
"12728";"70827103";"12728";"11";"3";"1";"7";"6";"0";"2";"2";"1";"0"
"12729";"70827103";"12729";"11";"1";"1";"7";"6";"1";"0";"1";"2";"0"
"12730";"70827103";"12730";"11";"1";"1";"7";"4";"0";"1";"1";"1";"0"
"12732";"70827103";"12732";"11";"3";"1";"7";"6";"2";"2";"0";"2";"0"
"12737";"70827305";"12737";"11";"1";"1";"7";"6";"0";"1";"1";"1";"0"
"12777";"71703401";"12777";"11";"3";"1";"7";"2";"0";"0";"1";"3";"0"
"12864";"71814104";"12864";"11";"3";"1";"7";"6";"0";"1";"1";"1";"0"
"12896";"71821106";"12896";"11";"1";"1";"7";"3";"0";"1";"1";"1";"0"
"12897";"71821106";"12897";"11";"3";"1";"1";"2";"1";"0";"1";"2";"0"
"12907";"71821203";"12907";"11";"1";"1";"7";"2";"1";"0";"1";"2";"0"
"12912";"71821208";"12912";"11";"3";"1";"7";"6";"0";"1";"3";"1";"0"
"12916";"71821208";"12916";"11";"1";"1";"7";"6";"0";"2";"0";"1";"0"
"13018";"71833106";"13018";"11";"1";"1";"7";"6";"0";"5";"1";"1";"0"
"13019";"71833106";"13019";"11";"1";"1";"7";"6";"0";"1";"1";"1";"0"
"13020";"71833106";"13020";"11";"1";"1";"7";"6";"0";"1";"1";"1";"0"
"13021";"71833106";"13021";"11";"1";"7";"1";"6";"0";"1";"1";"1";"0"
"13023";"71833106";"4099";"11";"1";"1";"7";"6";"0";"1";"1";"1";"0"
"13024";"71833106";"13024";"11";"1";"3";"1";"6";"0";"1";"1";"1";"0"
"13025";"71833106";"13025";"11";"1";"1";"7";"6";"0";"3";"0";"1";"0"
"13070";"72802207";"13070";"11";"1";"3";"2";"6";"1";"0";"1";"2";"0"
"13133";"73697204";"13133";"11";"1";"1";"7";"6";"0";"1";"1";"1";"0"
"13164";"73821203";"13164";"11";"1";"1";"7";"6";"0";"1";"1";"1";"0"
"13198";"74734101";"13198";"11";"3";"1";"2";"6";"1";"0";"1";"2";"0"
"13200";"74734101";"13200";"11";"1";"1";"7";"6";"1";"0";"1";"2";"0"
"13278";"75737501";"13278";"11";"1";"1";"7";"1";"0";"1";"1";"1";"0"
"13279";"75737501";"13279";"11";"1";"1";"7";"5";"0";"2";"0";"1";"0"
"13280";"75737501";"13280";"11";"1";"1";"7";"2";"0";"3";"1";"1";"0"
"13298";"75751411";"13298";"11";"5";"3";"2";"6";"0";"1";"2";"1";"0"
"13322";"75776303";"13322";"11";"1";"1";"7";"6";"0";"1";"1";"1";"0"
"13326";"75776303";"13326";"11";"1";"1";"7";"6";"0";"1";"1";"1";"0"
"13328";"75776303";"13328";"11";"3";"1";"7";"4";"0";"1";"0";"1";"0"
"13354";"75786201";"13354";"11";"1";"1";"7";"6";"0";"1";"1";"1";"0"
"13415";"75806104";"13415";"11";"1";"1";"7";"8";"0";"1";"1";"1";"0"
"13471";"76731405";"13471";"11";"3";"3";"1";"6";"1";"1";"1";"2";"0"
"13472";"76731405";"13472";"11";"1";"1";"7";"6";"0";"2";"2";"1";"0"
"13478";"76732401";"13478";"11";"1";"1";"7";"6";"0";"1";"1";"1";"0"
"13480";"76732410";"13480";"11";"1";"1";"7";"6";"0";"1";"1";"1";"0"
"13482";"76732410";"13482";"11";"1";"1";"7";"6";"0";"1";"1";"1";"0"
"13483";"76732410";"13483";"11";"3";"3";"1";"2";"0";"1";"0";"3";"0"
"13484";"76732410";"13484";"11";"1";"1";"7";"6";"0";"1";"1";"1";"0"
"13505";"76734502";"13505";"11";"3";"1";"7";"6";"0";"3";"0";"1";"0"
"13506";"76734502";"13506";"11";"1";"1";"7";"4";"0";"1";"1";"1";"0"
"13508";"76734502";"13508";"11";"1";"3";"1";"6";"0";"1";"1";"1";"0"
"13519";"76736510";"13519";"11";"1";"1";"7";"6";"1";"0";"1";"2";"0"
"13520";"76736510";"13520";"11";"3";"1";"7";"6";"0";"1";"1";"1";"0"
"13522";"76736510";"13522";"11";"3";"3";"2";"5";"0";"3";"0";"1";"0"
"13567";"76763101";"13567";"11";"3";"1";"7";"6";"0";"2";"1";"1";"0"
"13574";"76765202";"13574";"11";"3";"3";"1";"5";"0";"1";"1";"1";"0"
"13596";"76771506";"13596";"11";"1";"1";"7";"6";"1";"0";"1";"2";"0"
"13598";"76771506";"13598";"11";"2";"1";"7";"6";"0";"1";"1";"1";"0"