"accident_id";"lieu_id";"date_id";"cause_id";"lum_id";"intemp_id";"etat_surface_id";"impliq_id";"nb_blesses_graves";"nb_blesses_legers";"nb_indemnes";"gravite";"nb_morts"
"13599";"76771506";"13599";"11";"1";"1";"7";"6";"0";"1";"0";"1";"0"
"13629";"76774402";"13629";"11";"1";"2";"2";"4";"0";"2";"0";"1";"0"
"13630";"76774402";"13630";"11";"1";"1";"7";"6";"0";"1";"2";"1";"0"
"13631";"76774402";"13631";"11";"1";"1";"7";"6";"0";"1";"1";"1";"0"
"13634";"76774405";"13634";"11";"1";"1";"7";"6";"0";"1";"2";"1";"0"
"13635";"76774405";"13635";"11";"1";"1";"7";"6";"0";"1";"1";"1";"0"
"13636";"76774405";"13636";"11";"3";"1";"7";"6";"0";"1";"1";"1";"0"
"13667";"76776406";"13667";"11";"1";"1";"7";"6";"1";"0";"1";"2";"0"
"13668";"76776406";"13668";"11";"1";"3";"1";"6";"0";"2";"0";"1";"0"
"13669";"76776406";"13669";"11";"1";"1";"1";"6";"0";"1";"1";"1";"0"
"13678";"76782111";"13678";"11";"1";"1";"7";"6";"0";"1";"2";"1";"0"
"13679";"76782111";"13679";"11";"1";"3";"1";"6";"0";"1";"1";"1";"0"
"13681";"76783114";"13681";"11";"1";"1";"7";"6";"0";"2";"1";"1";"0"
"13717";"77683203";"13717";"11";"3";"1";"7";"6";"0";"2";"2";"1";"0"
"13766";"77723107";"13766";"11";"1";"1";"7";"6";"0";"2";"1";"1";"0"
"13769";"77723107";"13769";"11";"3";"1";"7";"6";"0";"1";"2";"1";"0"
"13776";"77723301";"13776";"11";"1";"1";"7";"6";"0";"2";"0";"1";"0"
"13778";"77723301";"13778";"11";"1";"1";"7";"6";"0";"1";"1";"1";"0"
"13779";"77723301";"13779";"11";"1";"1";"7";"6";"0";"3";"2";"1";"0"
"13793";"77731512";"13793";"11";"1";"1";"7";"6";"0";"1";"1";"1";"0"
"13809";"77732501";"13809";"11";"1";"1";"7";"6";"0";"2";"1";"1";"0"
"13830";"77736117";"13830";"11";"1";"2";"2";"6";"0";"5";"0";"1";"0"
"13835";"77736117";"13835";"11";"1";"1";"7";"6";"1";"0";"1";"2";"0"
"13838";"77736209";"13838";"11";"1";"1";"7";"6";"1";"0";"1";"2";"0"
"13839";"77736209";"13839";"11";"3";"1";"7";"3";"0";"1";"1";"1";"0"
"13851";"77737206";"13851";"11";"1";"1";"7";"6";"0";"1";"1";"1";"0"
"13854";"77737211";"13854";"11";"1";"1";"7";"6";"0";"2";"0";"1";"0"
"13858";"77737301";"13858";"11";"1";"1";"7";"6";"1";"0";"1";"2";"0"
"13863";"77737301";"13863";"11";"1";"1";"7";"6";"0";"3";"0";"1";"0"
"13864";"77737301";"13864";"11";"1";"1";"7";"5";"0";"0";"1";"3";"0"
"13865";"77737301";"13865";"11";"1";"1";"7";"6";"1";"0";"1";"2";"0"
"13868";"77737308";"13868";"11";"3";"1";"7";"6";"0";"2";"1";"1";"0"
"13870";"77737308";"13870";"11";"1";"1";"7";"6";"0";"1";"1";"1";"0"
"13871";"77737308";"13871";"11";"3";"1";"7";"8";"3";"2";"1";"2";"0"
"13872";"77737308";"13872";"11";"1";"1";"7";"6";"0";"2";"0";"1";"0"
"13874";"77737308";"13874";"11";"1";"1";"7";"6";"0";"2";"0";"1";"0"
"13878";"77737308";"13878";"11";"2";"7";"1";"6";"0";"3";"0";"1";"0"
"13881";"77737308";"13881";"11";"1";"3";"2";"4";"1";"1";"2";"2";"0"
"13882";"77737308";"13882";"11";"1";"3";"2";"6";"0";"1";"1";"1";"0"
"13883";"77737308";"13883";"11";"1";"3";"2";"6";"0";"1";"1";"1";"0"
"13897";"77743102";"13897";"11";"1";"1";"7";"6";"1";"0";"1";"2";"0"
"13903";"77743104";"13903";"11";"1";"1";"7";"6";"0";"1";"1";"1";"0"
"13929";"77745107";"13929";"11";"1";"3";"2";"6";"0";"1";"1";"1";"0"
"13931";"77745107";"13931";"11";"2";"3";"2";"4";"0";"2";"0";"1";"0"
"13934";"77745107";"13934";"11";"1";"1";"7";"6";"0";"1";"1";"1";"0"
"13945";"77746209";"13945";"11";"1";"1";"7";"6";"0";"1";"1";"1";"0"
"13947";"77746209";"13947";"11";"4";"1";"7";"6";"0";"1";"1";"1";"0"
"13959";"77747205";"13959";"11";"1";"1";"7";"6";"0";"4";"1";"1";"0"
"13961";"77747205";"13961";"11";"3";"1";"7";"8";"0";"0";"2";"0";"0"
"13964";"77747205";"13964";"11";"1";"3";"2";"6";"0";"1";"1";"1";"0"
"13968";"77747205";"13968";"11";"1";"1";"7";"6";"0";"1";"0";"1";"0"
"14014";"77757304";"14014";"11";"1";"1";"7";"6";"0";"1";"1";"1";"0"
"14045";"77763214";"14045";"11";"3";"2";"2";"6";"0";"1";"1";"1";"0"
"14046";"77763214";"14046";"11";"1";"3";"2";"6";"1";"0";"1";"2";"0"
"14047";"77764102";"14047";"11";"1";"1";"7";"6";"0";"1";"3";"1";"0"
"14050";"77764102";"14050";"11";"3";"1";"7";"6";"0";"1";"1";"1";"0"
"14053";"77764102";"14053";"11";"3";"1";"7";"6";"0";"2";"1";"1";"0"
"14054";"77764102";"14054";"11";"1";"1";"7";"6";"0";"1";"1";"1";"0"
"14055";"77764102";"14055";"11";"2";"1";"7";"6";"0";"1";"2";"1";"0"
"14070";"77765202";"14070";"11";"1";"1";"7";"6";"0";"1";"1";"1";"0"
"14131";"77771402";"14131";"11";"1";"1";"7";"6";"0";"3";"0";"1";"0"
"14134";"77771402";"14134";"11";"3";"1";"7";"6";"0";"3";"1";"1";"0"
"14144";"77772301";"14144";"11";"1";"1";"7";"4";"0";"1";"1";"1";"0"
"14148";"77772301";"14148";"11";"3";"1";"7";"6";"0";"1";"2";"1";"0"
"14159";"77772505";"14159";"11";"1";"1";"7";"6";"0";"2";"1";"1";"0"
"14164";"77772509";"14164";"11";"3";"1";"7";"2";"0";"2";"2";"1";"0"
"14169";"77774403";"14169";"11";"1";"1";"7";"7";"0";"1";"1";"1";"0"
"14171";"77774404";"14171";"11";"1";"1";"7";"6";"0";"1";"1";"1";"0"
"14184";"77775401";"14184";"11";"1";"1";"7";"6";"1";"0";"1";"2";"0"
"14185";"77775401";"14185";"11";"1";"3";"2";"6";"0";"1";"1";"1";"0"
"14186";"77775401";"14186";"11";"1";"1";"7";"6";"0";"1";"1";"1";"0"
"14192";"77775401";"14192";"11";"1";"1";"7";"4";"0";"0";"1";"3";"0"
"14193";"77775401";"14193";"11";"1";"3";"2";"6";"0";"2";"1";"1";"0"
"14202";"77776305";"14202";"11";"1";"1";"7";"6";"0";"2";"0";"1";"0"
"14203";"77776305";"14203";"11";"3";"2";"2";"6";"0";"3";"0";"1";"0"
"14204";"77776305";"14204";"11";"1";"1";"7";"6";"0";"2";"0";"1";"0"
"14206";"77776305";"14206";"11";"1";"1";"7";"6";"0";"1";"1";"1";"0"
"14209";"77776305";"14209";"11";"1";"1";"7";"6";"0";"1";"1";"1";"0"
"14210";"77776305";"14210";"11";"1";"1";"7";"6";"0";"2";"1";"1";"0"
"14211";"77776305";"14211";"11";"3";"1";"7";"6";"0";"1";"1";"1";"0"
"14213";"77776305";"14213";"11";"1";"1";"7";"6";"1";"0";"1";"2";"0"
"14216";"77776305";"14216";"11";"3";"2";"1";"6";"0";"1";"2";"1";"0"
"14219";"77776305";"14219";"11";"1";"1";"7";"6";"1";"0";"1";"2";"0"
"14220";"77776305";"14220";"11";"1";"1";"7";"6";"0";"2";"1";"1";"0"
"14221";"77776305";"14221";"11";"1";"1";"7";"6";"0";"1";"1";"1";"0"
"14241";"77777103";"14241";"11";"1";"1";"1";"6";"1";"0";"1";"2";"0"
"14242";"77777103";"14242";"11";"1";"1";"7";"4";"0";"1";"2";"1";"0"
"14247";"77777203";"14247";"11";"1";"1";"7";"6";"0";"1";"1";"1";"0"
"14253";"77777204";"14253";"11";"1";"1";"7";"6";"0";"1";"1";"1";"0"
"23932";"85812203";"23932";"11";"1";"1";"7";"6";"0";"1";"1";"1";"0"
"23934";"85812203";"23934";"11";"3";"1";"7";"6";"0";"2";"1";"1";"0"
"23935";"85812203";"23935";"11";"5";"1";"7";"6";"2";"0";"1";"2";"0"
"23938";"85812203";"23938";"11";"1";"3";"1";"6";"0";"1";"1";"1";"0"
"23940";"85812203";"23940";"11";"1";"1";"7";"6";"0";"1";"1";"1";"0"
"23941";"85812203";"23941";"11";"3";"1";"7";"6";"0";"1";"1";"1";"0"
"23943";"85812203";"23943";"11";"1";"3";"1";"2";"0";"1";"1";"1";"0"
"23962";"85813501";"23962";"11";"1";"1";"7";"6";"0";"1";"1";"1";"0"
"23964";"85813501";"23964";"11";"1";"1";"1";"4";"1";"0";"2";"2";"0"
"23965";"85813501";"23965";"11";"1";"1";"7";"6";"0";"2";"2";"1";"0"
"23977";"85814201";"10840";"11";"1";"1";"7";"4";"0";"1";"1";"1";"0"
"23982";"85814201";"23982";"11";"3";"1";"7";"6";"0";"1";"0";"1";"0"
"23986";"85814405";"23986";"11";"3";"1";"7";"6";"0";"2";"1";"1";"0"
"23989";"85814405";"23989";"11";"3";"1";"7";"2";"1";"0";"1";"2";"0"
"23997";"85814405";"23997";"11";"1";"3";"2";"2";"1";"0";"0";"2";"0"
"23998";"85814405";"23998";"11";"2";"1";"7";"4";"0";"1";"1";"1";"0"
"24001";"85814405";"24001";"11";"1";"1";"7";"6";"0";"1";"1";"1";"0"
"24005";"85814405";"24005";"11";"3";"1";"1";"6";"0";"2";"1";"1";"0"
"24008";"85814405";"24008";"11";"1";"1";"7";"6";"0";"1";"1";"1";"0"
"24010";"85814405";"24010";"11";"3";"1";"7";"2";"0";"0";"1";"3";"0"
"24015";"85814405";"24015";"11";"1";"1";"7";"4";"0";"1";"0";"1";"0"
"24048";"85815501";"24048";"11";"3";"1";"7";"6";"0";"3";"0";"1";"0"
"24050";"85815501";"24050";"11";"1";"1";"7";"4";"0";"1";"1";"1";"0"
"24054";"85815501";"24054";"11";"3";"2";"2";"2";"0";"1";"1";"1";"0"
"24056";"85815501";"24056";"11";"3";"1";"1";"6";"0";"1";"1";"1";"0"
"24057";"85815501";"24057";"11";"3";"1";"7";"6";"0";"2";"0";"1";"0"
"24060";"85815501";"24060";"11";"1";"1";"7";"6";"0";"1";"1";"1";"0"
"24061";"85815501";"24061";"11";"1";"1";"7";"6";"0";"1";"1";"1";"0"
"24062";"85815501";"24062";"11";"3";"3";"1";"6";"0";"1";"1";"1";"0"
"24075";"85815502";"24075";"11";"1";"1";"7";"9";"0";"1";"0";"1";"0"
"24109";"85817501";"24109";"11";"1";"1";"7";"6";"0";"1";"1";"1";"0"
"24111";"85817501";"24111";"11";"1";"1";"7";"2";"0";"1";"0";"1";"0"
"24112";"85817501";"24112";"11";"1";"1";"7";"6";"0";"1";"2";"1";"0"
"24113";"85817502";"24113";"11";"1";"1";"7";"6";"0";"1";"3";"1";"0"
"24115";"85817506";"24115";"11";"1";"1";"7";"6";"0";"2";"0";"1";"0"
"24116";"85817506";"24116";"11";"1";"1";"7";"6";"0";"1";"2";"1";"0"
"24117";"85817506";"24117";"11";"1";"1";"7";"6";"0";"2";"0";"1";"0"
"24119";"85817506";"8596";"11";"1";"1";"7";"6";"0";"1";"1";"1";"0"
"24120";"85817506";"24120";"11";"1";"1";"7";"6";"0";"1";"1";"1";"0"
"24122";"85817506";"24122";"11";"1";"1";"7";"6";"0";"2";"0";"1";"0"
"24123";"85817506";"24123";"11";"1";"1";"7";"4";"0";"1";"1";"1";"0"
"24124";"85817506";"24124";"11";"1";"1";"7";"6";"0";"2";"0";"1";"0"
"24160";"85821501";"24160";"11";"3";"1";"7";"6";"0";"6";"0";"1";"0"
"24161";"85821501";"24161";"11";"1";"1";"7";"6";"0";"2";"1";"1";"0"
"24192";"85822406";"24192";"11";"3";"1";"7";"6";"0";"1";"1";"1";"0"
"24194";"85822406";"24194";"11";"3";"1";"7";"6";"0";"1";"0";"1";"0"
"24196";"85822406";"24196";"11";"3";"1";"7";"6";"0";"1";"1";"1";"0"
"24199";"85822406";"24199";"11";"3";"1";"7";"6";"0";"3";"1";"1";"0"
"24201";"85822406";"24201";"11";"1";"2";"1";"6";"0";"1";"1";"1";"0"
"24202";"85822406";"24202";"11";"3";"1";"7";"6";"0";"1";"1";"1";"0"
"24204";"85822406";"24204";"11";"1";"1";"7";"6";"0";"1";"1";"1";"0"
"24257";"85823504";"24257";"11";"3";"1";"7";"4";"0";"1";"0";"1";"0"
"24259";"85823504";"24259";"11";"3";"1";"7";"6";"0";"1";"1";"1";"0"
"24260";"85823504";"24260";"11";"1";"1";"7";"2";"0";"1";"1";"1";"0"
"24264";"85823504";"24264";"11";"1";"1";"7";"6";"2";"1";"1";"2";"0"
"24296";"85824302";"24296";"11";"1";"1";"7";"4";"0";"1";"1";"1";"0"
"24297";"85824302";"24297";"11";"1";"1";"7";"6";"0";"1";"0";"1";"0"
"24298";"85824302";"24298";"11";"3";"1";"2";"6";"0";"1";"2";"1";"0"
"24302";"85824302";"24302";"11";"3";"3";"1";"6";"0";"1";"5";"3";"0"
"24304";"85824302";"24304";"11";"3";"3";"1";"6";"0";"1";"1";"1";"0"
"24305";"85824302";"24305";"11";"3";"1";"7";"3";"0";"1";"0";"1";"0"
"24306";"85824302";"24306";"11";"3";"1";"7";"6";"0";"3";"0";"1";"0"
"24307";"85824302";"24307";"11";"2";"1";"7";"6";"0";"1";"1";"1";"0"
"24308";"85824302";"24308";"11";"1";"3";"1";"6";"0";"3";"1";"1";"0"
"24354";"85825506";"24354";"11";"1";"1";"7";"6";"0";"2";"1";"1";"0"
"24359";"85825506";"24359";"11";"1";"1";"7";"6";"0";"1";"2";"1";"0"
"24360";"85825506";"24360";"11";"1";"3";"1";"6";"0";"1";"3";"1";"0"
"24361";"85825506";"24361";"11";"1";"1";"7";"6";"0";"1";"2";"1";"0"
"24365";"85825506";"24365";"11";"1";"1";"7";"6";"0";"1";"1";"1";"0"
"24370";"85825506";"24370";"11";"1";"1";"7";"6";"0";"1";"1";"1";"0"
"24371";"85825506";"24371";"11";"3";"3";"1";"6";"0";"2";"1";"1";"0"
"24372";"85825506";"24372";"11";"1";"1";"7";"6";"0";"2";"2";"1";"0"
"24376";"85825506";"24376";"11";"1";"1";"7";"6";"0";"1";"2";"1";"0"
"24377";"85826101";"24377";"11";"1";"6";"1";"6";"0";"1";"1";"1";"0"
"24384";"85826101";"24384";"11";"1";"1";"7";"6";"0";"1";"2";"1";"0"
"24387";"85826101";"24387";"11";"1";"1";"7";"4";"0";"1";"1";"1";"0"
"24391";"85826102";"24391";"11";"1";"3";"2";"6";"0";"2";"1";"1";"0"
"24393";"85826102";"24393";"11";"1";"1";"7";"6";"0";"1";"1";"1";"0"
"24400";"85826102";"24400";"11";"1";"1";"7";"4";"0";"1";"1";"1";"0"
"24401";"85826102";"7867";"11";"1";"1";"7";"6";"0";"1";"1";"1";"0"
"24454";"85827107";"24454";"11";"3";"1";"7";"6";"0";"1";"1";"1";"0"
"24460";"85827107";"24460";"11";"3";"1";"7";"4";"0";"1";"1";"1";"0"
"24465";"85827303";"24465";"11";"3";"1";"7";"2";"0";"1";"1";"1";"0"
"24467";"85827303";"24467";"11";"1";"1";"7";"6";"0";"1";"1";"1";"0"
"24468";"85827303";"24468";"11";"1";"1";"7";"6";"0";"1";"1";"1";"0"
"24470";"85827303";"24470";"11";"1";"1";"7";"6";"0";"1";"1";"1";"0"
"24471";"85827303";"24471";"11";"3";"1";"7";"6";"0";"1";"1";"1";"0"
"24476";"85827304";"24476";"11";"3";"1";"7";"6";"0";"1";"1";"1";"0"
"24477";"85827304";"24477";"11";"1";"1";"7";"6";"0";"1";"2";"1";"0"
"24482";"85827304";"24482";"11";"1";"1";"7";"6";"0";"1";"2";"1";"0"
"24486";"85827304";"24486";"11";"1";"1";"7";"6";"0";"1";"1";"1";"0"
"24497";"85827406";"24497";"11";"1";"1";"7";"6";"0";"1";"1";"1";"0"
"24503";"85831107";"24503";"11";"1";"1";"7";"6";"0";"2";"0";"1";"0"
"24504";"85831107";"24504";"11";"1";"1";"7";"8";"0";"1";"1";"1";"0"
"24507";"85831107";"24507";"11";"3";"1";"7";"6";"0";"2";"0";"1";"0"
"24508";"85831107";"24508";"11";"1";"1";"7";"6";"0";"1";"1";"1";"0"
"24509";"85831107";"24509";"11";"1";"1";"7";"6";"0";"1";"1";"1";"0"
"24510";"85831107";"24510";"11";"3";"3";"1";"6";"0";"2";"1";"1";"0"
"24512";"85831107";"24512";"11";"2";"1";"7";"6";"0";"2";"1";"1";"0"
"24513";"85831107";"24513";"11";"1";"1";"7";"6";"0";"1";"1";"1";"0"
"24514";"85831107";"24514";"11";"1";"1";"7";"6";"0";"1";"1";"1";"0"
"24543";"85832105";"24543";"11";"1";"1";"7";"4";"0";"1";"0";"1";"0"
"24549";"85832501";"24549";"11";"1";"1";"7";"4";"0";"1";"1";"1";"0"
"24565";"85833211";"24565";"11";"1";"1";"7";"6";"0";"1";"1";"1";"0"
"24566";"85833211";"24566";"11";"1";"1";"7";"6";"1";"0";"2";"2";"0"
"24567";"85833211";"24567";"11";"1";"1";"7";"6";"0";"1";"3";"1";"0"
"24568";"85833211";"24568";"11";"1";"1";"7";"7";"0";"2";"1";"1";"0"
"24572";"85833211";"24572";"11";"1";"1";"7";"6";"0";"1";"1";"1";"0"
"24574";"85833211";"24574";"11";"3";"1";"7";"6";"0";"1";"2";"1";"0"
"24575";"85833211";"24575";"11";"1";"3";"2";"6";"0";"1";"2";"1";"0"
"24577";"85833211";"24577";"11";"1";"1";"7";"6";"1";"0";"1";"2";"0"
"24629";"85834210";"24629";"11";"1";"1";"7";"6";"0";"2";"4";"1";"0"
"24631";"85834210";"10667";"11";"1";"1";"7";"6";"0";"1";"1";"1";"0"
"24635";"85834210";"24635";"11";"1";"1";"7";"6";"0";"1";"2";"1";"0"
"24638";"85834210";"24638";"11";"2";"1";"7";"6";"0";"1";"1";"1";"0"
"24643";"85834308";"24643";"11";"1";"1";"1";"6";"1";"0";"1";"2";"0"
"24644";"85834308";"24644";"11";"1";"1";"7";"4";"0";"1";"1";"1";"0"
"24648";"85834308";"24648";"11";"1";"3";"2";"6";"0";"1";"1";"1";"0"
"24649";"85834308";"24649";"11";"1";"1";"2";"2";"0";"0";"2";"3";"0"
"24651";"85834308";"24651";"11";"1";"3";"1";"6";"0";"3";"0";"1";"0"
"24654";"85834308";"24654";"11";"1";"1";"7";"6";"0";"1";"1";"1";"0"
"24656";"85834308";"24656";"11";"1";"1";"7";"6";"0";"1";"1";"1";"0"
"24657";"85834308";"24657";"11";"1";"3";"1";"6";"0";"1";"1";"1";"0"
"24665";"85834308";"24665";"11";"1";"1";"7";"6";"0";"1";"1";"1";"0"
"24671";"85834308";"24671";"11";"1";"1";"7";"2";"1";"0";"2";"2";"0"
"24674";"85834308";"24674";"11";"3";"1";"1";"2";"0";"1";"1";"1";"0"
"24675";"85834308";"24675";"11";"3";"1";"7";"6";"0";"1";"1";"1";"0"
"24731";"85835212";"24731";"11";"1";"1";"7";"6";"0";"1";"1";"1";"0"
"24732";"85835212";"24732";"11";"1";"1";"7";"6";"0";"1";"1";"1";"0"
"24750";"85835401";"24750";"11";"1";"1";"7";"8";"0";"3";"3";"1";"0"
"24781";"85836106";"24781";"11";"1";"1";"7";"6";"0";"1";"1";"1";"0"
"24783";"85836106";"24783";"11";"1";"1";"7";"6";"0";"1";"1";"1";"0"
"24784";"85836106";"24784";"11";"1";"1";"7";"6";"1";"3";"0";"2";"0"
"24790";"85836106";"24790";"11";"1";"1";"7";"6";"0";"1";"1";"1";"0"
"24791";"85836106";"24791";"11";"1";"1";"7";"6";"0";"1";"1";"1";"0"
"24793";"85836106";"24793";"11";"2";"1";"7";"6";"0";"1";"1";"1";"0"
"24795";"85836106";"24795";"11";"3";"1";"7";"6";"0";"2";"2";"1";"0"
"24832";"85837101";"24832";"11";"1";"1";"7";"6";"0";"1";"2";"1";"0"
"24834";"85837101";"24834";"11";"1";"3";"1";"6";"0";"1";"1";"1";"0"
"24869";"85841126";"24869";"11";"3";"1";"1";"6";"0";"2";"1";"1";"0"
"24870";"85841126";"20312";"11";"1";"3";"1";"6";"0";"1";"1";"1";"0"
"24879";"85841406";"24879";"11";"3";"1";"7";"6";"1";"0";"1";"2";"0"
"24896";"85841506";"24896";"11";"1";"1";"2";"6";"0";"1";"1";"1";"0"
"24898";"85841506";"24898";"11";"1";"1";"7";"6";"0";"1";"1";"1";"0"
"24901";"85841506";"24901";"11";"1";"1";"7";"4";"0";"1";"1";"1";"0"
"24902";"85841506";"24902";"11";"3";"1";"7";"5";"0";"3";"1";"1";"0"
"24906";"85841506";"24906";"11";"1";"1";"7";"6";"0";"1";"1";"1";"0"
"24908";"85841506";"24908";"11";"2";"6";"4";"6";"0";"1";"1";"1";"0"
"24911";"85841506";"24911";"11";"3";"3";"1";"6";"0";"1";"2";"1";"0"
"24912";"85841506";"24912";"11";"1";"1";"1";"6";"0";"1";"1";"1";"0"
"24920";"85842103";"24920";"11";"1";"1";"7";"6";"1";"0";"1";"2";"0"
"24932";"85842103";"24932";"11";"3";"3";"1";"4";"0";"1";"1";"1";"0"
"24956";"85842212";"24956";"11";"1";"3";"1";"6";"0";"1";"1";"1";"0"
"24973";"85844206";"24973";"11";"3";"3";"1";"4";"0";"1";"1";"1";"0"
"24974";"85844206";"24974";"11";"1";"1";"1";"7";"1";"0";"1";"2";"0"
"24989";"85844206";"24989";"11";"1";"1";"7";"6";"0";"1";"1";"1";"0"
"25041";"85845304";"21803";"11";"1";"1";"7";"6";"0";"1";"1";"1";"0"
"25046";"85845304";"25046";"11";"1";"1";"7";"6";"0";"2";"1";"1";"0"
"25047";"85845304";"25047";"11";"3";"3";"1";"6";"0";"1";"1";"1";"0"
"25050";"85845304";"25050";"11";"1";"1";"7";"6";"0";"1";"1";"1";"0"
"25053";"85845304";"25053";"11";"3";"3";"1";"6";"0";"1";"1";"1";"0"
"25059";"85845401";"25059";"11";"1";"1";"7";"6";"0";"1";"2";"1";"0"
"25060";"85845401";"25060";"11";"1";"1";"7";"6";"0";"1";"1";"1";"0"
"25061";"85845401";"25061";"11";"1";"1";"7";"6";"0";"1";"1";"1";"0"
"25063";"85845401";"2143";"11";"1";"1";"1";"6";"0";"1";"1";"1";"0"
"25064";"85845401";"25064";"11";"3";"1";"7";"6";"0";"2";"3";"1";"0"
"25065";"85845401";"25065";"11";"3";"1";"7";"6";"0";"1";"1";"1";"0"
"25066";"85845401";"25066";"11";"1";"1";"7";"8";"0";"3";"0";"1";"0"
"25067";"85845401";"25067";"11";"1";"1";"7";"6";"0";"4";"0";"1";"0"
"25068";"85845401";"25068";"11";"1";"1";"7";"2";"0";"2";"0";"1";"0"
"25069";"85845401";"25069";"11";"2";"1";"1";"6";"0";"1";"3";"1";"0"
"25071";"85845401";"25071";"11";"3";"1";"7";"6";"0";"2";"6";"1";"0"
"25072";"85845401";"25072";"11";"1";"1";"7";"5";"0";"1";"1";"1";"0"
"25073";"85845401";"25073";"11";"1";"1";"7";"6";"0";"1";"0";"1";"0"
"25135";"85851107";"25135";"11";"1";"3";"2";"6";"0";"1";"1";"1";"0"
"25137";"85851107";"25137";"11";"2";"1";"7";"6";"1";"0";"1";"2";"0"
"25138";"85851202";"25138";"11";"3";"1";"1";"6";"0";"4";"0";"1";"0"
"25140";"85851202";"25140";"11";"3";"1";"7";"6";"0";"0";"1";"3";"0"
"25141";"85851202";"25141";"11";"1";"1";"7";"4";"1";"1";"1";"2";"0"
"25142";"85851202";"25142";"11";"4";"2";"2";"6";"0";"1";"1";"1";"0"
"25143";"85851202";"25143";"11";"1";"7";"7";"6";"0";"1";"1";"1";"0"
"25193";"85851401";"10131";"11";"1";"1";"7";"6";"0";"1";"1";"1";"0"
"25202";"85851403";"22584";"11";"3";"1";"1";"6";"0";"1";"1";"1";"0"
"25204";"85851403";"25204";"11";"3";"1";"7";"6";"0";"1";"1";"1";"0"
"25210";"85851403";"25210";"11";"1";"1";"7";"6";"0";"1";"1";"1";"0"
"25212";"85851403";"25212";"11";"1";"1";"7";"4";"0";"1";"1";"1";"0"
"25213";"85851403";"25213";"11";"3";"1";"7";"5";"0";"2";"0";"1";"0"
"25216";"85851406";"25216";"11";"3";"1";"7";"6";"1";"3";"0";"2";"0"
"25217";"85851406";"25217";"11";"3";"1";"2";"6";"0";"1";"1";"1";"0"
"25219";"85851406";"25219";"11";"3";"1";"2";"6";"0";"4";"0";"1";"0"
"25221";"85851406";"25221";"11";"2";"1";"7";"6";"0";"2";"0";"1";"0"
"25222";"85851406";"25222";"11";"1";"1";"7";"6";"0";"2";"0";"1";"0"
"25223";"85851406";"25223";"11";"1";"1";"7";"6";"0";"2";"3";"1";"0"
"25224";"85851406";"25224";"11";"2";"1";"7";"6";"1";"0";"1";"2";"0"
"25227";"85851406";"25227";"11";"2";"1";"4";"6";"0";"2";"0";"1";"0"
"25228";"85851406";"25228";"11";"1";"1";"7";"6";"0";"1";"1";"1";"0"
"25229";"85851406";"25229";"11";"1";"1";"7";"6";"0";"1";"1";"1";"0"
"25230";"85851406";"25230";"11";"3";"1";"1";"6";"0";"2";"2";"1";"0"
"25231";"85851406";"25231";"11";"1";"1";"7";"6";"0";"2";"1";"1";"0"
"25233";"85851406";"25233";"11";"1";"1";"7";"6";"0";"5";"0";"1";"0"
"25235";"85851406";"25235";"11";"1";"1";"7";"6";"0";"3";"0";"1";"0"
"25236";"85851406";"25236";"11";"3";"3";"1";"6";"0";"1";"1";"1";"0"
"25237";"85851406";"25237";"11";"3";"1";"7";"6";"0";"5";"0";"1";"0"
"25238";"85851406";"25238";"11";"3";"1";"1";"6";"0";"1";"1";"1";"0"
"25239";"85851406";"25239";"11";"1";"1";"7";"8";"0";"2";"1";"1";"0"
"25242";"85851406";"25242";"11";"1";"1";"7";"6";"0";"4";"0";"1";"0"
"25243";"85851406";"25243";"11";"3";"1";"7";"4";"0";"1";"1";"1";"0"
"25244";"85851406";"25244";"11";"1";"1";"7";"6";"0";"1";"1";"1";"0"
"25246";"85851406";"25246";"11";"3";"3";"1";"6";"0";"1";"1";"1";"0"
"25247";"85851406";"25247";"11";"3";"1";"7";"6";"0";"1";"1";"1";"0"
"25248";"85851406";"25248";"11";"1";"1";"7";"6";"1";"0";"1";"2";"0"
"25249";"85851406";"25249";"11";"2";"3";"1";"6";"0";"1";"2";"1";"0"
"25252";"85851406";"25252";"11";"1";"1";"7";"6";"0";"1";"1";"1";"0"
"25265";"85852402";"25265";"11";"3";"1";"7";"6";"0";"3";"0";"1";"0"
"25267";"85852402";"25267";"11";"3";"1";"1";"6";"0";"2";"0";"1";"0"
"25272";"85852402";"25272";"11";"1";"1";"7";"6";"0";"1";"1";"1";"0"
"25274";"85852402";"25274";"11";"1";"1";"7";"6";"1";"0";"1";"2";"0"
"25278";"85852402";"25278";"11";"2";"1";"7";"8";"1";"1";"1";"2";"0"
"25280";"85852402";"25280";"11";"1";"1";"7";"8";"0";"3";"0";"1";"0"
"25294";"85852503";"25294";"11";"1";"1";"1";"6";"0";"2";"0";"1";"0"
"25295";"85852503";"25295";"11";"1";"1";"7";"6";"0";"1";"1";"1";"0"