"accident_id";"lieu_id";"date_id";"cause_id";"lum_id";"intemp_id";"etat_surface_id";"impliq_id";"nb_blesses_graves";"nb_blesses_legers";"nb_indemnes";"gravite";"nb_morts"
"25299";"85852503";"25299";"11";"1";"1";"7";"2";"1";"1";"0";"2";"0"
"25322";"85853406";"25322";"11";"1";"1";"7";"6";"1";"0";"1";"2";"0"
"25323";"85853406";"25323";"11";"1";"1";"7";"6";"0";"1";"1";"1";"0"
"25324";"85853406";"25324";"11";"3";"1";"1";"6";"1";"0";"1";"2";"0"
"25326";"85853406";"25326";"11";"1";"1";"7";"6";"0";"1";"1";"1";"0"
"25327";"85853406";"25327";"11";"3";"1";"1";"6";"0";"1";"2";"1";"0"
"25332";"85853406";"25332";"11";"1";"2";"1";"5";"0";"2";"0";"1";"0"
"25334";"85853406";"25334";"11";"3";"3";"1";"6";"1";"0";"1";"2";"0"
"25339";"85854106";"25339";"11";"2";"1";"7";"3";"0";"1";"1";"1";"0"
"25340";"85854106";"25340";"11";"1";"1";"7";"6";"0";"2";"1";"1";"0"
"25341";"85854106";"25341";"11";"1";"1";"7";"6";"1";"0";"1";"2";"0"
"25344";"85854106";"25344";"11";"1";"1";"7";"5";"0";"1";"1";"1";"0"
"25346";"85854106";"25346";"11";"1";"1";"1";"6";"0";"1";"1";"1";"0"
"25347";"85854106";"25347";"11";"3";"1";"7";"6";"0";"1";"0";"1";"0"
"25378";"85854502";"25378";"11";"1";"3";"2";"3";"0";"1";"1";"1";"0"
"25381";"85854502";"25381";"11";"1";"1";"7";"4";"0";"1";"1";"1";"0"
"25450";"85861102";"25450";"11";"1";"1";"7";"6";"0";"1";"1";"1";"0"
"25452";"85861102";"25452";"11";"1";"1";"7";"6";"0";"1";"1";"1";"0"
"25453";"85861102";"25453";"11";"1";"1";"7";"6";"0";"2";"1";"1";"0"
"25454";"85861102";"25454";"11";"1";"3";"1";"6";"1";"0";"1";"2";"0"
"25468";"85861204";"25468";"11";"1";"1";"1";"8";"0";"1";"1";"1";"0"
"25470";"85861204";"25470";"11";"3";"1";"7";"6";"1";"0";"1";"2";"0"
"25471";"85861205";"25471";"11";"1";"1";"7";"8";"0";"1";"1";"1";"0"
"25472";"85861205";"25472";"11";"1";"1";"7";"8";"0";"2";"1";"1";"0"
"25475";"85861205";"25475";"11";"1";"1";"7";"2";"0";"1";"1";"1";"0"
"25476";"85861205";"25476";"11";"1";"1";"7";"8";"0";"1";"1";"1";"0"
"25478";"85861205";"25478";"11";"1";"2";"1";"4";"0";"1";"1";"1";"0"
"25487";"85861211";"25487";"11";"1";"1";"7";"6";"0";"1";"1";"1";"0"
"25490";"85861301";"25490";"11";"1";"1";"7";"6";"0";"1";"1";"1";"0"
"25491";"85861301";"25491";"11";"3";"1";"7";"6";"1";"0";"1";"2";"0"
"25492";"85861301";"25492";"11";"1";"1";"7";"2";"0";"1";"1";"1";"0"
"25514";"85861502";"25514";"11";"2";"1";"7";"3";"0";"1";"1";"1";"0"
"25517";"85861502";"25517";"11";"3";"1";"7";"4";"0";"1";"1";"1";"0"
"25528";"85862101";"25528";"11";"1";"1";"7";"6";"0";"2";"0";"1";"0"
"25531";"85862101";"25531";"11";"3";"3";"1";"6";"0";"3";"0";"1";"0"
"25533";"85862101";"13316";"11";"1";"1";"7";"6";"1";"0";"1";"2";"0"
"25534";"85862101";"25534";"11";"1";"7";"1";"6";"0";"1";"1";"1";"0"
"25535";"85862101";"25535";"11";"1";"1";"7";"6";"0";"1";"1";"1";"0"
"25536";"85862101";"25536";"11";"1";"1";"7";"6";"0";"2";"0";"1";"0"
"25537";"85862101";"25537";"11";"1";"1";"7";"6";"0";"1";"1";"1";"0"
"25539";"85862101";"25539";"11";"3";"1";"7";"6";"0";"3";"0";"1";"0"
"25540";"85862101";"25540";"11";"1";"1";"7";"6";"0";"1";"1";"1";"0"
"25543";"85862101";"18445";"11";"3";"1";"7";"6";"0";"2";"0";"1";"0"
"25554";"85862301";"25554";"11";"1";"1";"7";"6";"1";"0";"1";"2";"0"
"25555";"85862301";"25555";"11";"1";"3";"1";"3";"0";"2";"0";"1";"0"
"25556";"85862301";"25556";"11";"3";"3";"1";"6";"0";"1";"0";"1";"0"
"25567";"85862406";"25567";"11";"1";"3";"1";"6";"0";"1";"1";"1";"0"
"25568";"85862407";"25568";"11";"1";"1";"7";"6";"0";"1";"1";"1";"0"
"25570";"85862407";"25570";"11";"1";"1";"1";"6";"0";"2";"0";"1";"0"
"25573";"85863105";"25573";"11";"1";"1";"1";"6";"0";"1";"1";"1";"0"
"25574";"85863202";"25574";"11";"1";"1";"7";"6";"0";"3";"1";"1";"0"
"25575";"85863202";"25575";"11";"1";"1";"7";"6";"0";"1";"1";"1";"0"
"25576";"85863202";"25576";"11";"1";"1";"7";"6";"0";"1";"1";"1";"0"
"25577";"85863202";"25577";"11";"1";"1";"7";"6";"0";"1";"1";"1";"0"
"25582";"85863401";"25582";"11";"3";"2";"1";"6";"0";"1";"2";"1";"0"
"25583";"85863401";"25583";"11";"1";"3";"2";"6";"1";"0";"1";"2";"0"
"25584";"85863401";"25584";"11";"1";"1";"7";"6";"0";"3";"0";"1";"0"
"25586";"85863401";"25586";"11";"1";"1";"1";"6";"0";"1";"1";"1";"0"
"25587";"85863401";"25587";"11";"1";"3";"1";"6";"0";"1";"1";"1";"0"
"25588";"85863401";"25588";"11";"1";"1";"7";"6";"0";"1";"2";"1";"0"
"25591";"85863401";"25591";"11";"3";"1";"7";"6";"0";"1";"1";"1";"0"
"25593";"85863401";"25593";"11";"3";"1";"1";"4";"0";"2";"1";"1";"0"
"25622";"85864102";"25622";"11";"1";"1";"7";"6";"1";"0";"1";"2";"0"
"25625";"85864102";"25625";"11";"3";"2";"1";"6";"0";"1";"1";"1";"0"
"25626";"85864102";"25626";"11";"1";"1";"7";"6";"0";"4";"1";"1";"0"
"25627";"85864102";"25627";"11";"1";"1";"7";"6";"0";"1";"1";"1";"0"
"25628";"85864102";"25628";"11";"1";"3";"1";"6";"0";"5";"0";"1";"0"
"25676";"85865102";"25676";"11";"1";"3";"2";"6";"1";"0";"1";"2";"0"
"25677";"85865102";"19544";"11";"1";"1";"7";"6";"0";"0";"1";"3";"0"
"25678";"85865102";"25678";"11";"1";"1";"7";"6";"0";"2";"1";"1";"0"
"25716";"85865306";"25716";"11";"1";"2";"1";"6";"0";"1";"1";"1";"0"
"25787";"85871202";"25787";"11";"1";"1";"1";"4";"0";"1";"1";"1";"0"
"25902";"85874304";"25902";"11";"1";"1";"7";"6";"0";"1";"1";"1";"0"
"25903";"85874304";"25903";"11";"1";"1";"7";"6";"0";"2";"1";"1";"0"
"25910";"85874501";"25910";"11";"3";"2";"1";"6";"1";"0";"1";"2";"0"
"25912";"85874508";"25912";"11";"3";"1";"7";"6";"0";"1";"1";"1";"0"
"25915";"85874508";"25915";"11";"1";"1";"7";"6";"0";"2";"1";"1";"0"
"25920";"85874508";"25920";"11";"1";"1";"7";"6";"0";"1";"1";"1";"0"
"25926";"85874508";"25926";"11";"1";"3";"2";"6";"0";"3";"0";"1";"0"
"25931";"85874508";"25931";"11";"1";"1";"7";"6";"0";"1";"1";"1";"0"
"25932";"85874508";"25932";"11";"3";"1";"1";"6";"0";"3";"0";"1";"0"
"25933";"85874508";"25933";"11";"1";"1";"7";"6";"0";"3";"0";"1";"0"
"25935";"85874508";"25935";"11";"1";"1";"1";"7";"1";"0";"1";"2";"0"
"25940";"85874508";"25940";"11";"2";"1";"7";"6";"0";"1";"1";"1";"0"
"25951";"85875501";"25951";"11";"1";"1";"7";"6";"0";"1";"1";"1";"0"
"25953";"85875501";"25953";"11";"1";"1";"7";"4";"0";"1";"1";"1";"0"
"25982";"85876501";"25982";"11";"1";"1";"7";"8";"0";"2";"1";"1";"0"
"25983";"85876501";"23780";"11";"1";"1";"7";"6";"0";"2";"0";"1";"0"
"25985";"85876501";"25985";"11";"3";"1";"7";"6";"0";"5";"0";"1";"0"
"25988";"85876501";"25988";"11";"1";"3";"1";"6";"0";"2";"2";"1";"0"
"25990";"85876502";"25990";"11";"1";"1";"7";"6";"1";"0";"2";"2";"0"
"25993";"85876502";"25993";"11";"1";"3";"2";"6";"1";"3";"0";"2";"0"
"26019";"85877404";"26019";"11";"1";"1";"7";"6";"0";"1";"1";"1";"0"
"26021";"85877404";"26021";"11";"1";"1";"7";"6";"0";"1";"1";"1";"0"
"26030";"85882102";"26030";"11";"3";"3";"1";"4";"0";"1";"1";"1";"0"
"26034";"85882102";"26034";"11";"3";"1";"7";"6";"0";"1";"1";"1";"0"
"26036";"85882102";"26036";"11";"1";"2";"2";"6";"0";"1";"1";"1";"0"
"26038";"85882102";"26038";"11";"3";"3";"2";"6";"0";"1";"1";"1";"0"
"26054";"85882102";"26054";"11";"3";"1";"7";"6";"0";"1";"1";"1";"0"
"26063";"85883204";"26063";"11";"3";"1";"7";"6";"0";"2";"0";"1";"0"
"26071";"85883204";"26071";"11";"1";"1";"7";"5";"1";"0";"1";"2";"0"
"26079";"85883204";"26079";"11";"1";"1";"7";"6";"0";"1";"1";"1";"0"
"26080";"85883204";"26080";"11";"3";"3";"1";"6";"0";"2";"0";"1";"0"
"26115";"85887504";"26115";"11";"1";"1";"7";"6";"0";"1";"1";"1";"0"
"26145";"85895204";"26145";"11";"2";"3";"1";"3";"0";"1";"1";"1";"0"
"26159";"85902104";"26159";"11";"1";"1";"7";"6";"0";"1";"1";"1";"0"
"26220";"86792506";"26220";"11";"3";"1";"1";"6";"0";"2";"0";"1";"0"
"26226";"86793209";"26226";"11";"3";"1";"7";"4";"0";"1";"1";"1";"0"
"26228";"86793209";"26228";"11";"1";"1";"7";"6";"0";"1";"1";"1";"0"
"26230";"86793209";"26230";"11";"3";"1";"7";"6";"0";"2";"0";"1";"0"
"26232";"86793209";"26232";"11";"1";"1";"7";"6";"0";"1";"1";"1";"0"
"26234";"86793209";"26234";"11";"1";"1";"7";"6";"0";"1";"2";"1";"0"
"26237";"86793209";"26237";"11";"1";"1";"7";"6";"1";"2";"0";"2";"0"
"26247";"86796107";"26247";"11";"1";"3";"2";"6";"0";"2";"1";"1";"0"
"26252";"86796401";"26252";"11";"3";"1";"7";"6";"1";"0";"0";"2";"0"
"26277";"86801409";"26277";"11";"1";"1";"7";"2";"0";"2";"1";"1";"0"
"26284";"86802101";"26284";"11";"1";"1";"7";"6";"0";"1";"1";"1";"0"
"26285";"86802101";"26285";"11";"1";"1";"7";"6";"1";"0";"1";"2";"0"
"26286";"86802101";"26286";"11";"1";"1";"7";"6";"1";"0";"1";"2";"0"
"26290";"86802101";"25794";"11";"1";"1";"7";"6";"0";"1";"1";"1";"0"
"26292";"86802101";"26292";"11";"1";"1";"7";"6";"0";"1";"0";"1";"0"
"26295";"86802101";"26295";"11";"1";"1";"7";"6";"0";"1";"1";"1";"0"
"26300";"86802401";"26300";"11";"1";"1";"7";"6";"0";"1";"1";"1";"0"
"26301";"86802401";"26301";"11";"1";"1";"7";"4";"0";"1";"1";"1";"0"
"26302";"86802401";"26302";"11";"3";"3";"1";"6";"0";"1";"1";"1";"0"
"26309";"86802407";"26309";"11";"3";"1";"7";"6";"0";"1";"1";"1";"0"
"26311";"86802503";"26311";"11";"1";"1";"7";"6";"0";"1";"1";"1";"0"
"26326";"86803403";"26326";"11";"1";"1";"7";"6";"0";"2";"0";"1";"0"
"26331";"86803403";"26331";"11";"1";"1";"7";"2";"1";"1";"0";"2";"0"
"26340";"86803403";"26340";"11";"1";"1";"7";"6";"1";"1";"0";"2";"0"
"26342";"86803403";"26342";"11";"3";"1";"7";"6";"0";"1";"1";"1";"0"
"26344";"86803403";"26344";"11";"3";"3";"1";"6";"0";"3";"0";"1";"0"
"26346";"86803403";"26346";"11";"3";"1";"7";"6";"0";"1";"2";"1";"0"
"26348";"86803403";"26348";"11";"1";"1";"7";"6";"0";"1";"1";"1";"0"
"26349";"86803403";"26349";"11";"1";"1";"7";"6";"0";"1";"1";"1";"0"
"26350";"86803403";"26350";"11";"1";"1";"7";"3";"0";"1";"0";"1";"0"
"26446";"86805404";"26446";"11";"1";"1";"7";"4";"0";"1";"1";"1";"0"
"26452";"86805404";"26452";"11";"1";"1";"7";"6";"1";"0";"1";"2";"0"
"26456";"86805404";"26456";"11";"3";"1";"7";"6";"0";"2";"0";"1";"0"
"26466";"86806206";"26466";"11";"1";"1";"7";"4";"0";"1";"1";"1";"0"
"26481";"86806504";"26481";"11";"3";"1";"7";"2";"0";"1";"2";"1";"0"
"26488";"86806504";"26488";"11";"3";"3";"1";"6";"0";"1";"1";"1";"0"
"26492";"86806504";"26492";"11";"1";"1";"7";"6";"0";"1";"1";"1";"0"
"26583";"86812401";"26583";"11";"1";"1";"7";"6";"0";"1";"1";"1";"0"
"26587";"86812401";"26587";"11";"1";"1";"7";"6";"0";"1";"1";"1";"0"
"26588";"86812401";"26588";"11";"1";"1";"7";"3";"0";"1";"1";"1";"0"
"26589";"86812401";"26589";"11";"1";"1";"7";"6";"0";"1";"1";"1";"0"
"26590";"86812401";"26590";"11";"1";"1";"7";"4";"0";"1";"1";"1";"0"
"26597";"86812501";"26597";"11";"1";"3";"1";"6";"0";"1";"1";"1";"0"
"26603";"86812501";"26603";"11";"3";"3";"2";"6";"0";"1";"1";"1";"0"
"26607";"86812501";"26607";"11";"1";"3";"1";"6";"0";"1";"1";"1";"0"
"26608";"86812501";"26608";"11";"3";"3";"1";"6";"0";"1";"3";"1";"0"
"26618";"86813101";"26618";"11";"1";"1";"7";"6";"0";"2";"0";"1";"0"
"26621";"86813101";"26621";"11";"2";"3";"1";"6";"0";"1";"1";"1";"0"
"26624";"86813101";"26624";"11";"1";"1";"7";"6";"0";"1";"1";"1";"0"
"26626";"86813101";"26626";"11";"1";"1";"7";"6";"0";"1";"1";"1";"0"
"26703";"86814205";"26703";"11";"1";"1";"7";"6";"1";"2";"3";"2";"0"
"26706";"86814205";"26706";"11";"1";"1";"2";"6";"0";"2";"1";"1";"0"
"26708";"86814205";"26708";"11";"1";"3";"1";"6";"0";"1";"1";"1";"0"
"26710";"86814205";"26710";"11";"1";"3";"1";"6";"0";"1";"1";"1";"0"
"26769";"86815404";"26769";"11";"1";"1";"7";"3";"0";"1";"1";"1";"0"
"26770";"86815404";"26770";"11";"1";"3";"1";"4";"0";"1";"1";"1";"0"
"26773";"86815404";"26773";"11";"3";"1";"7";"6";"1";"2";"1";"2";"0"
"26775";"86815404";"26775";"11";"1";"1";"7";"6";"0";"1";"1";"1";"0"
"26778";"86815404";"26778";"11";"2";"1";"1";"6";"1";"1";"0";"2";"0"
"26794";"86816406";"26794";"11";"1";"1";"7";"6";"0";"1";"1";"1";"0"
"26797";"86816406";"26797";"11";"1";"3";"1";"6";"0";"2";"0";"1";"0"
"26799";"86816406";"26799";"11";"1";"1";"1";"6";"0";"5";"0";"1";"0"
"26802";"86816406";"26802";"11";"1";"1";"7";"7";"0";"1";"1";"1";"0"
"26803";"86816406";"26803";"11";"1";"1";"7";"1";"0";"1";"0";"1";"0"
"26821";"86817101";"26821";"11";"2";"1";"7";"6";"0";"1";"1";"1";"0"
"26827";"86817101";"26827";"11";"1";"1";"7";"6";"0";"1";"1";"1";"0"
"26838";"86817101";"26838";"11";"1";"1";"7";"6";"0";"1";"1";"1";"0"
"26840";"86817101";"26840";"11";"1";"1";"7";"6";"0";"1";"2";"1";"0"
"26851";"86817101";"26851";"11";"1";"1";"7";"6";"0";"1";"1";"1";"0"
"26852";"86817101";"26852";"11";"1";"1";"7";"6";"0";"1";"1";"1";"0"
"26854";"86817101";"26854";"11";"1";"3";"1";"6";"0";"2";"1";"1";"0"
"26906";"86817504";"26906";"11";"1";"1";"7";"6";"0";"2";"1";"1";"0"
"26914";"86817504";"26914";"11";"1";"1";"7";"6";"0";"1";"1";"1";"0"
"26915";"86817504";"26915";"11";"3";"1";"7";"6";"0";"4";"2";"1";"0"
"26916";"86817504";"26916";"11";"1";"7";"7";"6";"0";"1";"1";"1";"0"
"26934";"86821402";"26934";"11";"1";"1";"7";"6";"0";"1";"1";"1";"0"
"26944";"86821406";"26944";"11";"2";"1";"7";"6";"0";"1";"1";"1";"0"
"26945";"86821406";"26945";"11";"1";"1";"7";"5";"0";"1";"2";"1";"0"
"26946";"86821406";"26946";"11";"3";"1";"7";"6";"0";"1";"0";"1";"0"
"26951";"86821411";"26951";"11";"3";"1";"7";"6";"0";"1";"1";"1";"0"
"26952";"86821411";"26952";"11";"1";"2";"1";"6";"0";"0";"1";"3";"0"
"26954";"86821411";"26954";"11";"1";"1";"7";"2";"0";"1";"1";"1";"0"
"26956";"86821411";"26956";"11";"1";"1";"7";"6";"0";"1";"0";"1";"0"
"26958";"86821411";"26958";"11";"1";"1";"7";"4";"0";"1";"1";"1";"0"
"26959";"86821411";"26959";"11";"5";"1";"7";"6";"0";"1";"1";"1";"0"
"26963";"86821505";"26963";"11";"3";"1";"7";"6";"0";"1";"1";"1";"0"
"26964";"86821505";"26964";"11";"3";"3";"2";"2";"0";"1";"1";"1";"0"
"26965";"86821505";"26965";"11";"1";"1";"7";"6";"0";"1";"1";"1";"0"
"26968";"86821505";"26968";"11";"2";"3";"2";"6";"1";"0";"1";"2";"0"
"26970";"86821505";"26970";"11";"3";"1";"7";"6";"0";"1";"1";"1";"0"
"26973";"86821505";"26973";"11";"1";"1";"7";"8";"0";"1";"1";"1";"0"
"26974";"86821505";"26974";"11";"1";"1";"7";"9";"1";"0";"0";"2";"0"
"26978";"86821505";"26978";"11";"3";"3";"1";"8";"0";"1";"1";"1";"0"
"26979";"86821505";"26979";"11";"1";"1";"7";"2";"1";"0";"1";"2";"0"
"26980";"86821505";"26980";"11";"1";"1";"7";"6";"0";"1";"1";"1";"0"
"26982";"86821505";"26982";"11";"3";"1";"7";"6";"0";"2";"0";"1";"0"
"27010";"86822301";"27010";"11";"1";"1";"7";"6";"0";"3";"0";"1";"0"
"27012";"86822301";"27012";"11";"1";"1";"7";"6";"0";"2";"1";"1";"0"
"27013";"86822301";"27013";"11";"1";"1";"7";"5";"0";"1";"1";"1";"0"
"27015";"86822301";"27015";"11";"1";"3";"2";"8";"0";"2";"1";"1";"0"
"27017";"86822301";"27017";"11";"1";"3";"1";"6";"0";"1";"5";"1";"0"
"27018";"86822301";"27018";"11";"1";"3";"2";"7";"0";"1";"1";"1";"0"
"27021";"86822301";"27021";"11";"2";"1";"7";"6";"0";"1";"2";"1";"0"
"27031";"86822502";"27031";"11";"1";"2";"2";"6";"0";"1";"1";"1";"0"
"27033";"86822502";"27033";"11";"3";"1";"7";"6";"0";"1";"1";"1";"0"
"27036";"86822502";"27036";"11";"1";"1";"7";"6";"0";"1";"1";"1";"0"
"27037";"86822502";"27037";"11";"3";"1";"7";"6";"1";"1";"1";"2";"0"
"27038";"86822502";"27038";"11";"1";"1";"7";"4";"0";"1";"1";"1";"0"
"27040";"86822502";"27040";"11";"1";"1";"7";"6";"0";"2";"2";"1";"0"
"27043";"86822502";"27043";"11";"1";"1";"7";"6";"0";"2";"0";"1";"0"
"27046";"86822502";"27046";"11";"1";"1";"7";"5";"0";"1";"1";"1";"0"
"27047";"86822502";"27047";"11";"1";"1";"7";"6";"0";"2";"1";"1";"0"
"27052";"86823104";"27052";"11";"3";"1";"2";"6";"0";"1";"4";"1";"0"
"27055";"86823104";"27055";"11";"1";"1";"1";"6";"0";"1";"1";"1";"0"
"27057";"86823104";"27057";"11";"1";"1";"7";"6";"0";"1";"1";"1";"0"
"27058";"86823104";"27058";"11";"3";"1";"7";"6";"0";"1";"2";"1";"0"
"27059";"86823104";"27059";"11";"2";"1";"1";"4";"1";"1";"3";"2";"0"
"27060";"86823104";"27060";"11";"1";"1";"7";"6";"0";"1";"1";"1";"0"
"27158";"86823503";"27158";"11";"3";"1";"7";"6";"0";"1";"2";"1";"0"
"27160";"86823503";"7701";"11";"1";"1";"7";"6";"0";"1";"1";"1";"0"
"27161";"86823503";"27161";"11";"3";"1";"7";"6";"0";"4";"1";"1";"0"
"27164";"86823503";"27164";"11";"3";"1";"7";"6";"2";"4";"1";"2";"0"
"27170";"86823503";"27170";"11";"3";"1";"7";"6";"0";"0";"1";"3";"0"
"27172";"86823503";"27172";"11";"1";"3";"2";"6";"0";"1";"1";"1";"0"
"27173";"86823503";"27173";"11";"3";"1";"1";"6";"0";"2";"0";"1";"0"
"27175";"86823503";"27175";"11";"1";"1";"7";"5";"1";"0";"2";"2";"0"
"27177";"86823503";"27177";"11";"3";"1";"7";"6";"0";"2";"2";"1";"0"
"27179";"86823503";"27179";"11";"2";"1";"7";"4";"0";"1";"1";"1";"0"
"27180";"86823503";"27180";"11";"2";"1";"7";"6";"0";"1";"1";"1";"0"
"27185";"86823503";"27185";"11";"3";"3";"2";"3";"0";"0";"1";"3";"0"
"27189";"86823503";"27189";"11";"3";"1";"7";"6";"0";"1";"1";"1";"0"
"27195";"86823503";"27195";"11";"3";"1";"7";"5";"0";"3";"0";"1";"0"
"27196";"86823503";"27196";"11";"3";"7";"1";"2";"0";"1";"1";"1";"0"
"27200";"86823503";"27200";"11";"3";"1";"7";"6";"0";"1";"1";"1";"0"
"27214";"86824204";"27214";"11";"1";"1";"7";"6";"0";"1";"1";"1";"0"
"27215";"86824204";"27215";"11";"1";"1";"7";"2";"0";"1";"1";"1";"0"
"27218";"86824204";"27218";"11";"3";"1";"7";"6";"0";"2";"7";"1";"0"
"27219";"86824204";"27219";"11";"1";"1";"7";"6";"0";"1";"1";"1";"0"
"27220";"86824204";"27220";"11";"3";"1";"7";"6";"0";"1";"2";"1";"0"
"27221";"86824204";"27221";"11";"1";"1";"7";"6";"0";"0";"1";"3";"0"
"27248";"86824404";"27248";"11";"1";"1";"7";"6";"0";"1";"1";"1";"0"
"27260";"86824404";"27260";"11";"3";"1";"5";"6";"1";"1";"6";"2";"0"
"27261";"86824404";"27261";"11";"1";"3";"1";"6";"0";"1";"1";"1";"0"
"27333";"86825304";"27333";"11";"1";"1";"7";"6";"0";"1";"1";"1";"0"
"27334";"86825304";"27334";"11";"1";"1";"7";"6";"0";"3";"0";"1";"0"
"27335";"86825304";"27335";"11";"1";"1";"7";"6";"0";"1";"2";"1";"0"
"27338";"86825304";"27338";"11";"1";"1";"7";"4";"1";"2";"1";"2";"0"
"27340";"86825304";"27340";"11";"1";"1";"7";"6";"0";"1";"1";"1";"0"
"27341";"86825304";"27341";"11";"1";"1";"7";"6";"0";"1";"1";"1";"0"
"27343";"86825304";"27343";"11";"1";"1";"7";"6";"0";"1";"1";"1";"0"
"27344";"86825304";"27344";"11";"1";"1";"7";"6";"0";"2";"1";"1";"0"
"27345";"86825304";"27345";"11";"1";"1";"7";"6";"0";"1";"1";"1";"0"
"27346";"86825304";"27346";"11";"1";"1";"7";"6";"0";"2";"2";"1";"0"
"27347";"86825304";"27347";"11";"1";"1";"7";"6";"0";"3";"0";"1";"0"
"27348";"86825304";"27348";"11";"3";"1";"7";"2";"0";"1";"1";"1";"0"
"27349";"86825304";"27349";"11";"1";"1";"7";"6";"0";"1";"5";"1";"0"
"27350";"86825304";"27350";"11";"1";"1";"7";"6";"0";"1";"1";"1";"0"
"27352";"86825304";"27352";"11";"2";"1";"7";"6";"0";"1";"1";"1";"0"
"27354";"86825304";"27354";"11";"1";"3";"1";"6";"0";"1";"1";"1";"0"
"27355";"86825304";"27355";"11";"1";"1";"7";"6";"0";"2";"1";"1";"0"
"27356";"86825304";"27356";"11";"3";"1";"7";"6";"1";"0";"1";"2";"0"
"27357";"86825304";"27357";"11";"3";"3";"1";"6";"0";"3";"1";"1";"0"
"27378";"86825506";"27378";"11";"1";"1";"7";"6";"0";"1";"1";"1";"0"
"27380";"86826101";"27380";"11";"3";"3";"2";"6";"0";"1";"1";"1";"0"
"27387";"86826101";"27387";"11";"1";"1";"7";"6";"0";"1";"1";"1";"0"
"27391";"86826101";"27391";"11";"1";"1";"7";"6";"0";"1";"2";"1";"0"
"27397";"86826103";"27397";"11";"1";"1";"7";"6";"0";"1";"2";"1";"0"
"27398";"86826103";"27398";"11";"1";"1";"1";"6";"2";"1";"0";"2";"0"
"27400";"86826103";"27400";"11";"1";"1";"7";"6";"0";"2";"0";"1";"0"
"27401";"86826103";"27401";"11";"3";"1";"7";"6";"0";"1";"1";"1";"0"
"27402";"86826103";"27402";"11";"1";"3";"1";"6";"0";"1";"1";"1";"0"
"27403";"86826103";"27403";"11";"2";"3";"1";"4";"1";"0";"1";"2";"0"
"27404";"86826103";"27404";"11";"1";"1";"7";"6";"0";"1";"4";"1";"0"
"27408";"86826103";"25779";"11";"1";"3";"1";"6";"0";"1";"2";"1";"0"
"27411";"86826103";"27411";"11";"1";"1";"7";"6";"0";"2";"0";"1";"0"
"27412";"86826103";"27412";"11";"3";"1";"7";"6";"0";"3";"0";"1";"0"
"27460";"86827212";"27460";"11";"3";"1";"7";"6";"0";"1";"1";"1";"0"
"27502";"86831207";"27502";"11";"1";"1";"7";"6";"2";"3";"7";"2";"0"
"27503";"86831207";"27503";"11";"1";"1";"7";"5";"0";"1";"1";"1";"0"
"27504";"86831207";"27504";"11";"1";"1";"7";"2";"0";"1";"1";"1";"0"
"27505";"86831207";"27505";"11";"3";"1";"7";"6";"0";"3";"3";"1";"0"
"27510";"86831207";"27510";"11";"1";"1";"7";"4";"1";"0";"1";"2";"0"
"27511";"86831207";"27511";"11";"1";"1";"7";"4";"0";"2";"0";"1";"0"
"27515";"86831207";"27515";"11";"3";"1";"7";"6";"0";"1";"1";"1";"0"
"27517";"86831207";"27517";"11";"3";"1";"7";"6";"1";"4";"0";"2";"0"
"27518";"86831207";"27518";"11";"3";"1";"7";"6";"0";"1";"1";"1";"0"
"27520";"86831207";"27520";"11";"3";"1";"7";"6";"0";"1";"1";"1";"0"
"27521";"86831207";"27521";"11";"1";"1";"7";"2";"0";"1";"1";"1";"0"
"27523";"86831207";"27523";"11";"1";"1";"7";"6";"0";"1";"1";"1";"0"
"27524";"86831207";"27524";"11";"1";"1";"7";"6";"1";"1";"0";"2";"0"
"27525";"86831207";"27525";"11";"3";"1";"7";"6";"0";"3";"0";"1";"0"
"27526";"86831207";"25213";"11";"3";"1";"7";"6";"0";"1";"1";"1";"0"
"27527";"86831207";"27527";"11";"3";"1";"7";"5";"0";"2";"0";"1";"0"
"27613";"86832206";"27613";"11";"2";"3";"1";"6";"1";"0";"2";"2";"0"
"27620";"86832401";"27620";"11";"1";"1";"7";"4";"0";"1";"1";"1";"0"
"27621";"86832401";"27621";"11";"1";"1";"7";"6";"0";"1";"1";"1";"0"
"27623";"86832401";"27623";"11";"1";"1";"7";"6";"0";"2";"1";"1";"0"
"27625";"86832401";"27625";"11";"1";"1";"7";"6";"0";"1";"1";"1";"0"
"27628";"86832401";"27628";"11";"1";"1";"7";"6";"0";"1";"1";"1";"0"
"27653";"86833103";"27653";"11";"1";"1";"1";"6";"0";"1";"1";"1";"0"
"27655";"86833103";"27655";"11";"1";"1";"2";"6";"0";"1";"0";"1";"0"
"27661";"86833103";"27661";"11";"1";"1";"7";"6";"0";"1";"1";"1";"0"
"27671";"86833103";"27671";"11";"1";"2";"1";"6";"0";"2";"2";"1";"0"
"27719";"86833503";"27719";"11";"3";"1";"1";"6";"0";"3";"1";"1";"0"