"accident_id";"lieu_id";"date_id";"cause_id";"lum_id";"intemp_id";"etat_surface_id";"impliq_id";"nb_blesses_graves";"nb_blesses_legers";"nb_indemnes";"gravite";"nb_morts"
"27723";"86833503";"27723";"11";"1";"1";"7";"6";"0";"1";"1";"1";"0"
"27725";"86833503";"27725";"11";"3";"7";"7";"6";"0";"1";"1";"1";"0"
"27727";"86833503";"27727";"11";"3";"1";"7";"6";"0";"4";"0";"1";"0"
"27730";"86833503";"27730";"11";"1";"1";"1";"6";"0";"1";"1";"1";"0"
"27733";"86833503";"27733";"11";"1";"1";"7";"6";"0";"1";"1";"1";"0"
"27735";"86833503";"27735";"11";"3";"1";"7";"6";"0";"2";"0";"1";"0"
"27736";"86833503";"2699";"11";"1";"1";"7";"6";"0";"1";"1";"1";"0"
"27754";"86834105";"27754";"11";"1";"2";"2";"6";"0";"1";"1";"1";"0"
"27756";"86834105";"27756";"11";"1";"1";"7";"6";"0";"1";"4";"1";"0"
"27759";"86834105";"27759";"11";"1";"1";"7";"6";"0";"1";"1";"1";"0"
"27763";"86834105";"27763";"11";"1";"1";"7";"6";"0";"1";"2";"1";"0"
"27764";"86834105";"27764";"11";"3";"3";"2";"6";"0";"1";"0";"1";"0"
"27768";"86834105";"27768";"11";"1";"1";"7";"6";"0";"1";"1";"1";"0"
"27769";"86834105";"27769";"11";"1";"1";"7";"4";"0";"1";"0";"1";"0"
"27772";"86834107";"27772";"11";"3";"1";"1";"6";"0";"2";"4";"1";"0"
"27774";"86834107";"27774";"11";"1";"3";"2";"6";"0";"1";"1";"1";"0"
"27775";"86834107";"27775";"11";"1";"1";"7";"6";"1";"1";"1";"2";"0"
"27777";"86834107";"27777";"11";"3";"3";"1";"6";"0";"3";"0";"1";"0"
"27778";"86834107";"27778";"11";"1";"1";"7";"6";"0";"1";"1";"1";"0"
"27779";"86834107";"27779";"11";"1";"3";"1";"6";"0";"1";"1";"1";"0"
"27780";"86834107";"27780";"11";"1";"1";"7";"6";"0";"1";"1";"1";"0"
"27781";"86834107";"27781";"11";"1";"1";"7";"6";"0";"1";"1";"1";"0"
"27783";"86834107";"27783";"11";"1";"1";"1";"6";"0";"1";"1";"1";"0"
"27784";"86834107";"27784";"11";"1";"1";"7";"6";"0";"1";"1";"1";"0"
"27785";"86834107";"27785";"11";"3";"1";"7";"6";"0";"1";"2";"1";"0"
"27789";"86834107";"27789";"11";"1";"1";"7";"6";"0";"1";"1";"1";"0"
"27790";"86834107";"27790";"11";"1";"1";"7";"6";"0";"1";"1";"1";"0"
"27803";"86834202";"27803";"11";"1";"1";"7";"6";"0";"1";"1";"1";"0"
"27807";"86834203";"27807";"11";"1";"1";"7";"6";"1";"0";"1";"2";"0"
"27817";"86834302";"27817";"11";"1";"3";"2";"1";"1";"0";"1";"2";"0"
"27818";"86834302";"27818";"11";"3";"1";"2";"6";"1";"0";"1";"2";"0"
"27825";"86834303";"27825";"11";"1";"1";"7";"6";"1";"1";"1";"2";"0"
"27832";"86835101";"27832";"11";"3";"2";"2";"6";"0";"1";"1";"1";"0"
"27844";"86835101";"27844";"11";"1";"1";"7";"6";"0";"1";"1";"1";"0"
"27846";"86835101";"27846";"11";"1";"1";"1";"6";"0";"1";"1";"1";"0"
"27850";"86835101";"27850";"11";"1";"1";"7";"6";"0";"1";"4";"1";"0"
"27851";"86835101";"27851";"11";"1";"1";"7";"6";"1";"0";"1";"2";"0"
"27855";"86835101";"27855";"11";"3";"1";"7";"3";"0";"2";"0";"1";"0"
"27857";"86835101";"27857";"11";"1";"1";"7";"6";"1";"0";"1";"2";"0"
"27858";"86835101";"27858";"11";"1";"1";"7";"6";"0";"1";"2";"1";"0"
"27985";"86842102";"27985";"11";"3";"1";"7";"4";"0";"1";"1";"1";"0"
"27986";"86842102";"27986";"11";"1";"1";"7";"3";"0";"1";"1";"1";"0"
"27988";"86842102";"27988";"11";"1";"1";"7";"6";"0";"1";"1";"1";"0"
"28175";"86846505";"28175";"11";"1";"1";"7";"6";"0";"1";"1";"1";"0"
"28192";"86847406";"28192";"11";"3";"3";"2";"5";"1";"0";"1";"2";"0"
"28194";"86847406";"28194";"11";"1";"1";"7";"6";"1";"0";"1";"2";"0"
"28196";"86847406";"28196";"11";"3";"3";"1";"6";"0";"1";"1";"1";"0"
"28199";"86847406";"7161";"11";"1";"3";"2";"6";"0";"1";"0";"1";"0"
"28200";"86847406";"28200";"11";"1";"1";"7";"6";"1";"1";"0";"2";"0"
"28202";"86847406";"28202";"11";"1";"1";"7";"6";"0";"1";"1";"1";"0"
"28203";"86847406";"28203";"11";"1";"1";"7";"4";"0";"1";"0";"1";"0"
"28204";"86847406";"28204";"11";"2";"1";"7";"6";"0";"2";"2";"1";"0"
"28221";"86851307";"28221";"11";"3";"1";"7";"5";"1";"0";"1";"2";"0"
"28223";"86851307";"28223";"11";"3";"1";"1";"6";"0";"1";"3";"1";"0"
"28229";"86851307";"28229";"11";"1";"1";"7";"6";"0";"1";"0";"1";"0"
"28332";"86862202";"28332";"11";"2";"1";"7";"4";"0";"2";"0";"1";"0"
"28343";"86862302";"28343";"11";"1";"1";"1";"6";"1";"0";"1";"2";"0"
"28344";"86862302";"28344";"11";"1";"1";"7";"6";"0";"1";"1";"1";"0"
"28346";"86862302";"28346";"11";"1";"1";"7";"6";"0";"1";"1";"1";"0"
"28348";"86862302";"28348";"11";"1";"1";"7";"2";"1";"0";"1";"2";"0"
"28351";"86862302";"28351";"11";"1";"1";"7";"4";"0";"1";"1";"1";"0"
"28352";"86862302";"28352";"11";"1";"1";"7";"6";"0";"1";"1";"1";"0"
"28353";"86862302";"28353";"11";"1";"1";"7";"6";"0";"1";"1";"1";"0"
"28355";"86862302";"28355";"11";"1";"1";"7";"6";"0";"2";"1";"1";"0"
"28356";"86862302";"28356";"11";"3";"3";"1";"6";"0";"2";"0";"1";"0"
"28360";"86862302";"28360";"11";"1";"3";"1";"6";"0";"1";"1";"1";"0"
"28361";"86862302";"28361";"11";"1";"3";"1";"6";"1";"1";"0";"2";"0"
"28364";"86862302";"28364";"11";"1";"3";"1";"6";"0";"3";"0";"1";"0"
"28373";"86862504";"28373";"11";"1";"1";"7";"6";"0";"1";"1";"1";"0"
"28461";"86872303";"28461";"11";"1";"3";"2";"6";"0";"1";"1";"1";"0"
"28462";"86872303";"28462";"11";"1";"1";"7";"6";"1";"0";"1";"2";"0"
"28465";"86872303";"28465";"11";"1";"1";"7";"6";"0";"1";"1";"1";"0"
"28466";"86872303";"28466";"11";"1";"1";"7";"6";"1";"0";"1";"2";"0"
"28469";"86872303";"28469";"11";"1";"1";"7";"6";"0";"1";"1";"1";"0"
"28472";"86872303";"28472";"11";"1";"1";"7";"6";"1";"0";"1";"2";"0"
"28473";"86872303";"28473";"11";"1";"1";"7";"6";"0";"3";"0";"1";"0"
"28480";"86872303";"28480";"11";"3";"6";"1";"6";"0";"3";"0";"1";"0"
"28482";"86872303";"28482";"11";"3";"3";"1";"6";"0";"1";"1";"1";"0"
"28604";"87791507";"28604";"11";"1";"1";"7";"6";"0";"3";"0";"1";"0"
"28606";"87791507";"28606";"11";"1";"1";"7";"4";"0";"1";"0";"1";"0"
"28634";"87793505";"28634";"11";"1";"1";"7";"6";"1";"0";"1";"2";"0"
"28635";"87793505";"28635";"11";"3";"1";"7";"6";"0";"2";"0";"1";"0"
"5139";"45276";"5139";"11";"1";"1";"7";"2";"0";"1";"1";"1";"0"
"5850";"48607";"5850";"11";"3";"3";"2";"6";"0";"1";"1";"1";"0"
"6113";"49423";"6113";"11";"1";"1";"7";"6";"0";"1";"1";"1";"0"
"6362";"52075";"6362";"11";"1";"1";"7";"6";"1";"0";"1";"2";"0"
"6368";"52076";"6368";"11";"1";"1";"7";"6";"1";"0";"1";"2";"0"
"7090";"60856";"7090";"11";"1";"1";"7";"6";"0";"1";"1";"1";"0"
"7246";"60985";"7246";"11";"1";"3";"1";"6";"0";"1";"1";"1";"0"
"7632";"61477";"7632";"11";"1";"1";"7";"6";"1";"0";"2";"2";"0"
"7634";"61477";"7634";"11";"1";"1";"7";"5";"0";"2";"1";"1";"0"
"7874";"61737";"7874";"11";"3";"1";"7";"6";"0";"1";"2";"1";"0"
"19189";"81691507";"19189";"11";"3";"1";"7";"6";"0";"1";"1";"1";"0"
"19201";"81705402";"19201";"11";"1";"1";"7";"6";"0";"2";"0";"1";"0"
"19202";"81705405";"19202";"11";"1";"3";"2";"6";"1";"1";"1";"2";"0"
"19204";"81705407";"19204";"11";"1";"1";"7";"6";"0";"1";"1";"1";"0"
"19205";"81705407";"19205";"11";"1";"1";"7";"6";"0";"1";"1";"1";"0"
"19208";"81707301";"19208";"11";"1";"1";"7";"6";"1";"0";"1";"2";"0"
"19224";"81714205";"19224";"11";"3";"1";"7";"6";"2";"2";"0";"2";"0"
"19237";"81721404";"19237";"11";"1";"1";"7";"6";"0";"1";"1";"1";"0"
"19238";"81721404";"19238";"11";"1";"1";"7";"1";"1";"0";"1";"2";"0"
"19239";"81721404";"19239";"11";"3";"1";"7";"6";"0";"2";"0";"1";"0"
"19246";"81722206";"19246";"11";"2";"1";"7";"6";"0";"1";"1";"1";"0"
"19251";"81722404";"19251";"11";"1";"1";"7";"6";"1";"0";"1";"2";"0"
"19260";"81723101";"19260";"11";"1";"1";"7";"6";"0";"1";"1";"1";"0"
"19269";"81725502";"19269";"11";"1";"1";"7";"6";"1";"1";"0";"2";"0"
"19270";"81725502";"19270";"11";"1";"1";"7";"6";"1";"0";"1";"2";"0"
"19271";"81725502";"19271";"11";"1";"1";"7";"6";"1";"0";"1";"2";"0"
"19281";"81727301";"19281";"11";"3";"1";"1";"6";"0";"1";"2";"1";"0"
"19308";"81741407";"19308";"11";"1";"1";"7";"6";"0";"1";"1";"1";"0"
"19329";"81744515";"19329";"11";"1";"3";"1";"2";"0";"2";"1";"1";"0"
"19335";"81747506";"19335";"11";"1";"1";"7";"6";"1";"0";"1";"2";"0"
"19336";"81747506";"19336";"11";"1";"3";"2";"6";"0";"2";"0";"1";"0"
"19347";"81751218";"19347";"11";"1";"1";"7";"6";"0";"1";"1";"1";"0"
"19370";"81753201";"19370";"11";"1";"1";"7";"7";"0";"0";"1";"3";"0"
"19375";"81755102";"16317";"11";"1";"1";"7";"6";"1";"0";"1";"2";"0"
"19379";"81755102";"19379";"11";"3";"1";"7";"6";"1";"1";"1";"2";"0"
"19405";"81756101";"19405";"11";"1";"1";"7";"6";"0";"1";"1";"1";"0"
"19509";"81763302";"19509";"11";"1";"1";"7";"2";"1";"0";"1";"2";"0"
"19535";"81764202";"19535";"11";"1";"1";"7";"2";"0";"1";"1";"1";"0"
"19537";"81764203";"19537";"11";"1";"1";"7";"6";"1";"2";"1";"2";"0"
"19539";"81764203";"19539";"11";"1";"1";"7";"6";"0";"1";"1";"1";"0"
"19551";"81764204";"19551";"11";"3";"1";"7";"6";"0";"1";"2";"1";"0"
"19559";"81764401";"19559";"11";"1";"1";"7";"6";"0";"1";"1";"1";"0"
"19560";"81764401";"19560";"11";"3";"3";"1";"6";"0";"1";"1";"1";"0"
"19562";"81764401";"19562";"11";"1";"1";"7";"5";"0";"1";"1";"1";"0"
"19578";"81765203";"19578";"11";"1";"1";"7";"6";"0";"1";"1";"1";"0"
"19579";"81765204";"19579";"11";"3";"1";"7";"6";"0";"1";"0";"1";"0"
"19582";"81765204";"19582";"11";"1";"1";"7";"6";"0";"1";"1";"1";"0"
"19591";"81765405";"19591";"11";"1";"1";"7";"6";"0";"1";"1";"1";"0"
"19635";"81766303";"19635";"11";"1";"1";"7";"6";"0";"1";"1";"1";"0"
"19638";"81766303";"19638";"11";"1";"1";"7";"6";"0";"3";"0";"1";"0"
"19660";"81767105";"19660";"11";"1";"1";"2";"6";"0";"2";"1";"1";"0"
"19664";"81767105";"19664";"11";"3";"1";"7";"6";"0";"1";"1";"1";"0"
"19687";"81772104";"19687";"11";"3";"1";"7";"6";"0";"1";"2";"1";"0"
"19688";"81772104";"19688";"11";"1";"1";"7";"6";"0";"1";"1";"1";"0"
"19696";"81772501";"19696";"11";"3";"1";"7";"6";"0";"1";"1";"1";"0"
"19697";"81772501";"19697";"11";"1";"1";"7";"6";"0";"2";"2";"1";"0"
"19712";"81773202";"19712";"11";"1";"1";"7";"6";"0";"1";"1";"1";"0"
"19713";"81773203";"19713";"11";"3";"1";"7";"6";"0";"1";"1";"1";"0"
"19716";"81773203";"19716";"11";"2";"1";"7";"6";"0";"2";"1";"1";"0"
"19721";"81774202";"19721";"11";"3";"1";"7";"6";"0";"1";"0";"1";"0"
"19722";"81774202";"19722";"11";"1";"3";"2";"6";"0";"1";"1";"1";"0"
"19724";"81774202";"19724";"11";"1";"1";"7";"6";"0";"1";"1";"1";"0"
"19726";"81774202";"19726";"11";"3";"1";"2";"6";"0";"2";"1";"1";"0"
"19727";"81774202";"19727";"11";"5";"1";"7";"4";"0";"1";"1";"1";"0"
"19729";"81774202";"19729";"11";"3";"1";"7";"6";"0";"1";"1";"1";"0"
"19730";"81774202";"19730";"11";"3";"1";"7";"2";"0";"2";"1";"1";"0"
"19739";"81774402";"19739";"11";"3";"3";"2";"6";"0";"1";"3";"1";"0"
"19760";"81777205";"19760";"11";"2";"1";"7";"6";"0";"1";"1";"1";"0"
"19765";"81781105";"19765";"11";"1";"1";"7";"9";"0";"1";"0";"1";"0"
"19766";"81781105";"19766";"11";"3";"1";"1";"6";"1";"0";"4";"2";"0"
"19767";"81781108";"19767";"11";"1";"1";"7";"6";"0";"1";"1";"1";"0"
"19768";"81781110";"19768";"11";"1";"1";"7";"6";"0";"1";"1";"1";"0"
"19770";"81781110";"19770";"11";"3";"1";"7";"4";"0";"1";"1";"1";"0"
"19771";"81781112";"19771";"11";"3";"1";"7";"9";"0";"0";"1";"3";"0"
"19786";"81782213";"19786";"11";"2";"1";"7";"6";"0";"1";"2";"1";"0"
"19788";"81782213";"19788";"11";"1";"3";"2";"9";"0";"0";"2";"3";"0"
"19789";"81782213";"19789";"11";"1";"1";"7";"6";"0";"1";"1";"1";"0"
"19804";"81784504";"19804";"11";"1";"3";"1";"6";"0";"1";"1";"1";"0"
"19805";"81784504";"19805";"11";"1";"1";"7";"6";"0";"1";"1";"1";"0"
"19807";"81784504";"19807";"11";"1";"1";"7";"6";"0";"1";"1";"1";"0"
"19808";"81784513";"19808";"11";"1";"1";"7";"6";"0";"1";"1";"1";"0"
"19809";"81784513";"19809";"11";"2";"2";"2";"6";"1";"0";"1";"2";"0"
"19810";"81784513";"19810";"11";"1";"6";"2";"6";"0";"1";"0";"1";"0"
"19812";"81784513";"19812";"11";"1";"1";"7";"6";"0";"1";"1";"1";"0"
"19813";"81784513";"19813";"11";"1";"1";"7";"6";"1";"0";"1";"2";"0"
"19814";"81784513";"19814";"11";"1";"1";"7";"6";"0";"1";"1";"1";"0"
"19815";"81784514";"19815";"11";"1";"3";"2";"6";"0";"1";"1";"1";"0"
"19827";"81785514";"19827";"11";"1";"1";"7";"6";"0";"1";"1";"1";"0"
"19872";"81791503";"19872";"11";"1";"1";"7";"6";"0";"1";"2";"1";"0"
"19875";"81793407";"19875";"11";"1";"1";"7";"6";"1";"0";"1";"2";"0"
"19878";"81793407";"19878";"11";"3";"1";"7";"6";"0";"1";"1";"1";"0"
"19882";"81793407";"19882";"11";"1";"1";"7";"6";"1";"2";"0";"2";"0"
"19884";"81793407";"19884";"11";"1";"1";"7";"6";"0";"2";"1";"1";"0"
"19887";"81793407";"19887";"11";"3";"1";"7";"6";"1";"0";"1";"2";"0"
"19888";"81793407";"19888";"11";"3";"3";"1";"6";"0";"2";"1";"1";"0"
"19920";"81795404";"19920";"11";"1";"1";"7";"6";"0";"1";"3";"1";"0"
"19922";"81795404";"19922";"11";"1";"1";"7";"6";"0";"1";"1";"1";"0"
"19923";"81795404";"19923";"11";"3";"1";"7";"6";"0";"1";"2";"1";"0"
"19926";"81796204";"19926";"11";"3";"1";"1";"6";"0";"1";"3";"1";"0"
"19927";"81796204";"19927";"11";"1";"1";"7";"6";"0";"1";"1";"1";"0"
"19928";"81796204";"19928";"11";"1";"1";"7";"6";"1";"0";"1";"2";"0"
"19929";"81796204";"19929";"11";"1";"1";"7";"6";"0";"1";"1";"1";"0"
"19930";"81796204";"19930";"11";"1";"1";"7";"6";"0";"0";"1";"3";"0"
"19931";"81796204";"19931";"11";"1";"1";"1";"6";"1";"0";"2";"2";"0"
"19932";"81796204";"19932";"11";"2";"3";"2";"6";"1";"0";"1";"2";"0"
"19934";"81796210";"19934";"11";"1";"1";"7";"5";"0";"1";"1";"1";"0"
"19935";"81796212";"19935";"11";"3";"1";"7";"6";"0";"1";"1";"1";"0"
"19936";"81796214";"19936";"11";"1";"1";"7";"6";"0";"1";"1";"1";"0"
"19937";"81796214";"19937";"11";"3";"1";"7";"6";"0";"1";"0";"1";"0"
"19938";"81796214";"19938";"11";"1";"6";"1";"6";"1";"0";"1";"2";"0"
"19940";"81797303";"19940";"11";"1";"1";"7";"9";"0";"1";"0";"1";"0"
"19941";"81797303";"19941";"11";"2";"1";"1";"6";"1";"0";"1";"2";"0"
"19942";"81797303";"19942";"11";"1";"1";"7";"6";"0";"1";"1";"1";"0"
"19946";"81797303";"19946";"11";"1";"1";"7";"6";"0";"1";"1";"1";"0"
"19947";"81797303";"19947";"11";"1";"2";"1";"7";"0";"1";"1";"1";"0"
"19949";"81797303";"19949";"11";"1";"3";"2";"6";"1";"0";"1";"2";"0"
"19952";"81797303";"19952";"11";"1";"1";"7";"6";"0";"1";"1";"1";"0"
"19953";"81797303";"19953";"11";"1";"1";"7";"6";"0";"1";"1";"1";"0"
"19955";"81797303";"19955";"11";"3";"1";"7";"6";"0";"4";"4";"1";"0"
"19957";"81797305";"19957";"11";"3";"1";"7";"6";"1";"0";"1";"2";"0"
"19959";"81797309";"19959";"11";"3";"1";"7";"6";"0";"1";"1";"1";"0"
"19998";"81806509";"19998";"11";"1";"1";"7";"6";"1";"0";"1";"2";"0"
"20024";"81815108";"20024";"11";"1";"1";"7";"6";"0";"1";"0";"1";"0"
"20025";"81815108";"20025";"11";"1";"1";"7";"6";"0";"1";"1";"1";"0"
"20026";"81815112";"20026";"11";"4";"1";"2";"6";"1";"0";"1";"2";"0"
"20027";"81815112";"20027";"11";"1";"1";"7";"4";"1";"0";"1";"2";"0"
"20028";"81815112";"20028";"11";"1";"3";"2";"7";"1";"0";"1";"2";"0"
"20030";"81815112";"20030";"11";"1";"1";"7";"6";"0";"1";"1";"1";"0"
"20031";"81815113";"20031";"11";"1";"1";"7";"7";"1";"0";"1";"2";"0"
"20061";"81836405";"20061";"11";"1";"1";"7";"6";"0";"1";"1";"1";"0"
"20079";"81845303";"20079";"11";"1";"3";"2";"6";"0";"2";"0";"1";"0"
"20084";"81845303";"20084";"11";"1";"1";"7";"6";"0";"1";"1";"1";"0"
"20085";"81845303";"20085";"11";"3";"1";"7";"0";"0";"1";"0";"1";"0"
"20086";"81845303";"20086";"11";"1";"1";"7";"6";"0";"3";"0";"1";"0"
"20115";"81882206";"20115";"11";"3";"3";"1";"6";"0";"2";"0";"1";"0"
"20206";"82714101";"20206";"11";"3";"1";"7";"6";"1";"1";"0";"2";"0"
"20207";"82714101";"20207";"11";"1";"1";"7";"6";"0";"7";"0";"1";"0"
"20209";"82714101";"20209";"11";"2";"1";"7";"7";"1";"0";"1";"2";"0"
"20210";"82714101";"20210";"11";"1";"1";"7";"6";"0";"1";"1";"1";"0"
"20214";"82715202";"20214";"11";"1";"1";"7";"6";"0";"1";"2";"1";"0"
"20217";"82716202";"20217";"11";"1";"1";"7";"6";"0";"1";"4";"1";"0"
"20218";"82716202";"20218";"11";"3";"1";"7";"6";"0";"3";"0";"1";"0"
"20219";"82716202";"20219";"11";"1";"1";"7";"6";"1";"0";"1";"2";"0"
"20221";"82717309";"20221";"11";"1";"1";"7";"6";"1";"1";"2";"2";"0"
"20223";"82717309";"20223";"11";"1";"1";"7";"4";"0";"1";"1";"1";"0"
"20231";"82721402";"20231";"11";"1";"1";"7";"8";"1";"0";"1";"2";"0"
"20268";"82747202";"20268";"11";"2";"1";"1";"8";"0";"1";"0";"1";"0"
"20269";"82747202";"20269";"11";"1";"1";"7";"6";"0";"3";"2";"1";"0"
"20270";"82747401";"20270";"11";"1";"1";"7";"6";"0";"1";"1";"1";"0"
"20272";"82747401";"20272";"11";"3";"1";"7";"6";"0";"1";"1";"1";"0"
"20275";"82751203";"20275";"11";"1";"1";"7";"6";"1";"0";"1";"2";"0"
"20279";"82751203";"20279";"11";"1";"1";"7";"6";"0";"1";"1";"1";"0"
"20280";"82751203";"20280";"11";"1";"1";"7";"6";"0";"1";"2";"1";"0"
"20304";"82752502";"20304";"11";"1";"1";"7";"6";"0";"1";"1";"1";"0"
"20315";"82752502";"20315";"11";"1";"1";"2";"6";"0";"1";"1";"1";"0"
"20325";"82754305";"20325";"11";"1";"1";"7";"6";"0";"1";"1";"1";"0"
"20333";"82755312";"20333";"11";"1";"1";"7";"6";"0";"1";"1";"1";"0"
"20334";"82755312";"20334";"11";"1";"1";"7";"6";"0";"1";"1";"1";"0"
"20335";"82755312";"20335";"11";"1";"1";"7";"6";"0";"1";"1";"1";"0"
"20339";"82755402";"20339";"11";"1";"3";"2";"6";"0";"1";"1";"1";"0"
"20341";"82755402";"20341";"11";"1";"1";"7";"2";"0";"1";"1";"1";"0"
"20345";"82755404";"6716";"11";"1";"1";"7";"2";"0";"2";"1";"1";"0"
"20382";"82757302";"20382";"11";"1";"1";"7";"6";"0";"1";"1";"1";"0"
"20405";"82761301";"20405";"11";"1";"3";"2";"6";"1";"0";"1";"2";"0"
"20407";"82761303";"20407";"11";"5";"1";"7";"6";"0";"2";"2";"1";"0"
"20408";"82761303";"20408";"11";"3";"1";"7";"6";"1";"0";"1";"2";"0"
"20410";"82761303";"20410";"11";"3";"1";"7";"6";"0";"2";"1";"1";"0"
"20411";"82761303";"20411";"11";"2";"1";"7";"2";"0";"1";"0";"1";"0"
"20434";"82762405";"20434";"11";"1";"1";"7";"6";"0";"3";"1";"1";"0"
"20450";"82764201";"20450";"11";"1";"1";"2";"6";"0";"1";"1";"1";"0"
"20464";"82764405";"20464";"11";"3";"1";"7";"6";"1";"1";"0";"2";"0"
"20490";"82767202";"20490";"11";"1";"2";"2";"6";"0";"1";"1";"1";"0"
"20492";"82767303";"20492";"11";"1";"1";"7";"6";"0";"1";"1";"1";"0"
"20498";"82771204";"20498";"11";"1";"1";"7";"6";"0";"1";"2";"1";"0"
"20503";"82771204";"20503";"11";"1";"1";"7";"6";"0";"1";"1";"1";"0"
"20504";"82771204";"20504";"11";"1";"3";"2";"6";"0";"2";"0";"1";"0"
"20512";"82772204";"20512";"11";"1";"1";"7";"6";"0";"1";"1";"1";"0"
"20517";"82773206";"12223";"11";"2";"1";"7";"6";"1";"1";"1";"2";"0"
"20518";"82773206";"20518";"11";"3";"1";"7";"6";"1";"2";"4";"2";"0"
"20520";"82773206";"20520";"11";"1";"1";"7";"3";"0";"1";"1";"1";"0"
"20521";"82773206";"20521";"11";"3";"1";"7";"6";"0";"0";"1";"3";"0"
"20525";"82773206";"20525";"11";"1";"3";"2";"6";"1";"0";"1";"2";"0"
"20536";"82775505";"20536";"11";"5";"3";"2";"6";"0";"1";"1";"1";"0"
"20541";"82776202";"20541";"11";"1";"1";"7";"2";"0";"1";"0";"1";"0"
"20542";"82776211";"20542";"11";"1";"1";"7";"2";"1";"0";"1";"2";"0"
"20544";"82776211";"20544";"11";"1";"1";"7";"6";"0";"1";"3";"1";"0"
"20546";"82776211";"20546";"11";"1";"1";"7";"6";"0";"1";"1";"1";"0"
"20552";"82776401";"20552";"11";"2";"1";"7";"6";"0";"2";"1";"1";"0"
"20553";"82776401";"20553";"11";"1";"1";"7";"5";"0";"1";"1";"1";"0"
"20554";"82776401";"20554";"11";"1";"1";"7";"6";"0";"1";"1";"1";"0"
"20572";"82784410";"20572";"11";"1";"3";"2";"6";"0";"1";"1";"1";"0"
"20583";"82787302";"20583";"11";"1";"2";"1";"7";"0";"1";"1";"1";"0"
"20596";"82792504";"20596";"11";"3";"1";"7";"6";"0";"1";"2";"1";"0"
"20597";"82792504";"20597";"11";"1";"1";"7";"6";"1";"0";"1";"2";"0"
"20598";"82792504";"20598";"11";"1";"1";"7";"6";"0";"1";"1";"1";"0"
"20599";"82792504";"20599";"11";"1";"1";"7";"6";"0";"1";"1";"1";"0"
"20603";"82792504";"20603";"11";"1";"1";"7";"6";"0";"1";"1";"1";"0"
"20604";"82792504";"20604";"11";"3";"1";"1";"6";"0";"1";"1";"1";"0"
"20607";"82792504";"20607";"11";"1";"3";"2";"6";"0";"1";"1";"1";"0"
"20610";"82792504";"20610";"11";"1";"3";"1";"6";"0";"1";"0";"1";"0"
"20614";"82792510";"20614";"11";"3";"1";"7";"6";"1";"3";"0";"2";"0"
"20615";"82792510";"20615";"11";"1";"1";"7";"6";"0";"1";"1";"1";"0"
"20634";"82795503";"20634";"11";"1";"1";"7";"6";"0";"1";"1";"1";"0"
"20636";"82795503";"20636";"11";"1";"1";"7";"6";"0";"1";"1";"1";"0"
"20643";"82795503";"20643";"11";"3";"1";"7";"6";"1";"0";"1";"2";"0"
"20646";"82795503";"20646";"11";"1";"1";"7";"6";"0";"1";"1";"1";"0"
"20647";"82795503";"20647";"11";"1";"3";"2";"6";"0";"1";"1";"1";"0"
"20648";"82795503";"20648";"11";"3";"1";"7";"6";"1";"0";"1";"2";"0"
"20649";"82795503";"20649";"11";"3";"1";"1";"2";"1";"0";"0";"2";"0"
"20650";"82795503";"20650";"11";"1";"1";"7";"6";"0";"1";"2";"1";"0"
"20651";"82795503";"20651";"11";"1";"3";"1";"6";"1";"1";"0";"2";"0"
"20652";"82795503";"20652";"11";"3";"1";"1";"6";"0";"1";"1";"1";"0"
"20654";"82795503";"20654";"11";"1";"3";"1";"6";"0";"2";"0";"1";"0"
"20658";"82797504";"20658";"11";"3";"3";"2";"2";"1";"2";"0";"2";"0"
"20666";"82797504";"20666";"11";"1";"1";"7";"6";"0";"1";"1";"1";"0"
"20667";"82797504";"20667";"11";"1";"1";"7";"6";"1";"0";"1";"2";"0"
"20672";"82797504";"20672";"11";"1";"3";"1";"6";"0";"1";"1";"1";"0"
"20682";"82797504";"20682";"11";"3";"3";"1";"6";"0";"1";"1";"1";"0"
"20718";"82804402";"20718";"11";"3";"1";"7";"6";"1";"0";"1";"2";"0"
"20720";"82804402";"20720";"11";"1";"1";"1";"6";"0";"3";"0";"1";"0"
"20723";"82804402";"20723";"11";"1";"3";"1";"6";"1";"0";"1";"2";"0"
"20727";"82804402";"20727";"11";"1";"1";"7";"6";"0";"2";"0";"1";"0"
"20735";"82804402";"20735";"11";"4";"1";"7";"6";"0";"1";"0";"1";"0"
"20741";"82804402";"20741";"11";"1";"1";"7";"6";"0";"1";"1";"1";"0"
"20742";"82804402";"20742";"11";"3";"1";"7";"6";"0";"2";"0";"1";"0"
"20743";"82804402";"20743";"11";"1";"1";"7";"6";"0";"1";"1";"1";"0"
"20748";"82804402";"20748";"11";"3";"1";"7";"6";"0";"0";"1";"3";"0"
"20750";"82804402";"20750";"11";"1";"1";"7";"6";"0";"1";"1";"1";"0"
"20751";"82804402";"20751";"11";"3";"3";"1";"6";"1";"0";"1";"2";"0"