"accident_id";"lieu_id";"date_id";"cause_id";"lum_id";"intemp_id";"etat_surface_id";"impliq_id";"nb_blesses_graves";"nb_blesses_legers";"nb_indemnes";"gravite";"nb_morts"
"20752";"82804402";"20752";"11";"1";"1";"7";"6";"0";"2";"0";"1";"0"
"20754";"82804402";"20754";"11";"1";"1";"7";"6";"1";"0";"1";"2";"0"
"20756";"82804402";"20756";"11";"1";"1";"2";"6";"0";"1";"1";"1";"0"
"20757";"82804402";"20757";"11";"2";"6";"7";"6";"0";"1";"0";"1";"0"
"20759";"82804410";"20759";"11";"1";"1";"7";"6";"0";"2";"0";"1";"0"
"20773";"82815213";"20773";"11";"3";"1";"7";"6";"0";"1";"1";"1";"0"
"20774";"82815213";"20774";"11";"3";"3";"1";"6";"0";"1";"2";"1";"0"
"20777";"82816303";"20777";"11";"3";"1";"7";"6";"1";"0";"1";"2";"0"
"20778";"82816303";"20778";"11";"1";"1";"7";"6";"0";"1";"1";"1";"0"
"20780";"82816303";"20780";"11";"1";"1";"7";"6";"0";"1";"1";"1";"0"
"20784";"82816303";"20784";"11";"1";"1";"7";"6";"0";"1";"1";"1";"0"
"20791";"82816303";"20791";"11";"4";"1";"7";"6";"0";"2";"3";"1";"0"
"20792";"82816303";"20792";"11";"1";"1";"7";"5";"0";"1";"0";"3";"0"
"20793";"82816303";"20793";"11";"1";"3";"1";"6";"0";"1";"1";"1";"0"
"20795";"82816303";"20795";"11";"1";"1";"7";"5";"0";"2";"0";"1";"0"
"20798";"82816308";"20798";"11";"3";"2";"1";"6";"1";"0";"1";"2";"0"
"20800";"82816308";"20800";"11";"1";"1";"7";"6";"0";"1";"1";"1";"0"
"20801";"82816308";"20801";"11";"1";"1";"7";"6";"0";"1";"1";"1";"0"
"20802";"82816310";"20802";"11";"1";"1";"7";"6";"0";"1";"4";"1";"0"
"20803";"82816310";"20803";"11";"3";"1";"2";"6";"0";"6";"0";"1";"0"
"20822";"82841104";"20822";"11";"1";"1";"7";"6";"0";"1";"1";"1";"0"
"20831";"82844502";"20831";"11";"1";"1";"2";"6";"1";"2";"0";"2";"0"
"20840";"82854512";"20840";"11";"1";"1";"7";"4";"1";"0";"1";"2";"0"
"20845";"82854512";"20845";"11";"1";"1";"7";"6";"2";"1";"0";"2";"0"
"20846";"82854512";"20846";"11";"3";"1";"7";"6";"0";"1";"1";"1";"0"
"20848";"82854512";"20848";"11";"1";"1";"7";"6";"2";"3";"0";"2";"0"
"20865";"82887105";"20865";"11";"3";"1";"7";"6";"0";"1";"2";"1";"0"
"20868";"82887105";"20868";"11";"1";"1";"7";"6";"0";"2";"4";"1";"0"
"20872";"82887105";"20872";"11";"1";"1";"7";"6";"0";"1";"1";"1";"0"
"20873";"82887105";"20873";"11";"3";"1";"7";"6";"0";"1";"1";"1";"0"
"20874";"82887105";"20874";"11";"1";"1";"1";"6";"0";"3";"1";"1";"0"
"20876";"82887105";"20876";"11";"1";"1";"1";"6";"0";"2";"3";"1";"0"
"20877";"82887105";"20877";"11";"2";"1";"7";"6";"0";"2";"0";"1";"0"
"20878";"82887105";"20878";"11";"3";"1";"7";"7";"0";"3";"0";"1";"0"
"20880";"82887105";"20880";"11";"3";"1";"1";"9";"0";"1";"6";"1";"0"
"20896";"82926302";"20896";"11";"1";"1";"7";"6";"0";"1";"2";"1";"0"
"20904";"82926307";"20904";"11";"1";"1";"7";"4";"0";"1";"1";"1";"0"
"20905";"82926307";"20905";"11";"1";"1";"7";"7";"0";"1";"1";"1";"0"
"20906";"82926307";"20906";"11";"3";"1";"1";"6";"0";"8";"0";"1";"0"
"20908";"82927403";"20908";"11";"1";"1";"2";"6";"0";"1";"1";"1";"0"
"20910";"82927403";"20910";"11";"3";"3";"2";"6";"1";"0";"1";"2";"0"
"20912";"82927403";"20912";"11";"1";"1";"7";"6";"0";"3";"0";"1";"0"
"20913";"82927403";"2359";"11";"1";"1";"7";"6";"0";"1";"1";"1";"0"
"20949";"83741304";"20949";"11";"2";"1";"7";"6";"0";"3";"0";"1";"0"
"20952";"83741304";"20952";"11";"1";"1";"7";"6";"0";"1";"1";"1";"0"
"20958";"83741304";"4216";"11";"3";"3";"1";"6";"0";"2";"1";"1";"0"
"20962";"83742202";"20962";"11";"1";"1";"7";"6";"1";"0";"2";"2";"0"
"20989";"83747213";"20989";"11";"3";"3";"2";"6";"0";"1";"1";"1";"0"
"20992";"83747310";"20992";"11";"1";"1";"7";"6";"0";"2";"1";"1";"0"
"20994";"83747311";"20994";"11";"1";"1";"7";"6";"0";"1";"3";"1";"0"
"20995";"83747311";"20995";"11";"1";"1";"7";"6";"0";"1";"2";"1";"0"
"20996";"83747311";"20996";"11";"3";"3";"1";"6";"0";"2";"1";"1";"0"
"20997";"83747311";"20997";"11";"3";"1";"2";"6";"0";"1";"2";"1";"0"
"20998";"83747311";"20998";"11";"3";"1";"7";"6";"0";"2";"1";"1";"0"
"20999";"83747311";"20999";"11";"1";"1";"7";"3";"0";"1";"1";"1";"0"
"21002";"83747312";"21002";"11";"1";"1";"7";"6";"0";"3";"1";"1";"0"
"21003";"83747312";"21003";"11";"1";"1";"1";"6";"1";"1";"0";"2";"0"
"21004";"83747312";"21004";"11";"1";"1";"7";"6";"1";"0";"1";"2";"0"
"21009";"83747312";"21009";"11";"1";"1";"7";"6";"0";"1";"1";"1";"0"
"21010";"83747312";"21010";"11";"3";"1";"7";"6";"0";"1";"2";"1";"0"
"21011";"83747312";"21011";"11";"1";"1";"7";"8";"0";"6";"9";"1";"0"
"21014";"83747312";"21014";"11";"1";"1";"7";"6";"0";"2";"1";"1";"0"
"21016";"83747312";"21016";"11";"1";"3";"2";"6";"0";"1";"1";"1";"0"
"21017";"83747313";"21017";"11";"2";"1";"7";"6";"0";"0";"3";"3";"1"
"21018";"83747313";"21018";"11";"1";"1";"7";"6";"0";"1";"2";"1";"0"
"21019";"83747313";"21019";"11";"1";"1";"7";"6";"0";"1";"1";"1";"0"
"21021";"83747520";"21021";"11";"3";"1";"7";"6";"0";"1";"1";"1";"0"
"21025";"83747520";"21025";"11";"3";"1";"2";"6";"0";"1";"1";"1";"0"
"21028";"83747521";"21028";"11";"1";"1";"1";"6";"0";"5";"3";"1";"0"
"21029";"83747521";"21029";"11";"1";"3";"1";"6";"1";"1";"1";"2";"0"
"21030";"83747521";"2467";"11";"1";"1";"7";"6";"2";"2";"2";"2";"0"
"21077";"83756407";"21077";"11";"1";"1";"7";"6";"1";"1";"1";"2";"0"
"21097";"83762208";"21097";"11";"3";"1";"2";"6";"0";"2";"2";"1";"0"
"21104";"83762208";"21104";"11";"1";"1";"7";"6";"0";"1";"1";"1";"0"
"21106";"83762208";"21106";"11";"3";"1";"7";"6";"0";"2";"0";"1";"0"
"21109";"83762208";"21109";"11";"1";"1";"1";"6";"0";"2";"0";"1";"0"
"21114";"83762208";"21114";"11";"1";"2";"2";"6";"1";"3";"0";"2";"0"
"21117";"83762208";"21117";"11";"1";"3";"2";"6";"0";"1";"0";"1";"0"
"21122";"83762304";"21122";"11";"1";"1";"7";"6";"0";"3";"0";"1";"0"
"21125";"83762411";"21125";"11";"1";"3";"2";"6";"0";"1";"1";"1";"0"
"21130";"83762412";"21130";"11";"1";"1";"7";"5";"1";"0";"1";"2";"0"
"21131";"83762412";"21131";"11";"1";"1";"7";"6";"1";"0";"3";"2";"0"
"21135";"83762412";"21135";"11";"1";"1";"7";"6";"0";"2";"0";"1";"0"
"21138";"83762412";"21138";"11";"1";"1";"7";"6";"0";"4";"0";"1";"0"
"21141";"83762412";"21141";"11";"1";"1";"7";"6";"0";"4";"1";"1";"0"
"21142";"83762412";"21142";"11";"1";"1";"7";"6";"0";"1";"1";"1";"0"
"21145";"83762412";"21145";"11";"1";"1";"7";"6";"0";"3";"0";"1";"0"
"21191";"83773301";"21191";"11";"1";"1";"7";"8";"0";"1";"0";"1";"0"
"21192";"83773301";"21192";"11";"1";"1";"1";"6";"0";"1";"1";"1";"0"
"21193";"83773301";"21193";"11";"1";"1";"7";"6";"0";"2";"0";"1";"0"
"21194";"83773301";"21194";"11";"3";"1";"7";"6";"0";"2";"1";"1";"0"
"21198";"83773504";"21198";"11";"1";"1";"7";"6";"0";"1";"1";"1";"0"
"21199";"83773504";"21199";"11";"1";"1";"7";"6";"0";"1";"1";"1";"0"
"21201";"83773504";"21201";"11";"1";"1";"7";"6";"0";"1";"2";"1";"0"
"21202";"83773504";"21202";"11";"3";"1";"7";"6";"0";"2";"1";"1";"0"
"21232";"83783305";"21232";"11";"1";"1";"7";"6";"0";"1";"1";"1";"0"
"21246";"83786410";"21246";"11";"3";"1";"7";"6";"0";"1";"1";"1";"0"
"21247";"83786410";"21247";"11";"1";"1";"7";"6";"0";"1";"1";"1";"0"
"21249";"83786410";"21249";"11";"1";"1";"7";"6";"0";"1";"1";"1";"0"
"21264";"83791503";"21264";"11";"3";"3";"2";"6";"0";"1";"1";"1";"0"
"21268";"83791505";"21268";"11";"1";"1";"1";"6";"0";"1";"2";"1";"0"
"21269";"83791505";"21269";"11";"3";"1";"7";"4";"0";"1";"1";"1";"0"
"21271";"83791505";"21271";"11";"1";"1";"7";"6";"0";"1";"1";"1";"0"
"21277";"83794402";"21277";"11";"1";"1";"7";"6";"0";"1";"1";"1";"0"
"21278";"83794402";"21278";"11";"1";"3";"1";"2";"0";"2";"1";"1";"0"
"21281";"83794402";"21281";"11";"1";"1";"7";"6";"1";"2";"0";"2";"0"
"21282";"83794402";"21282";"11";"1";"1";"7";"6";"0";"1";"1";"1";"0"
"21283";"83794402";"21283";"11";"1";"1";"1";"6";"0";"1";"1";"1";"0"
"21284";"83794402";"21284";"11";"1";"1";"7";"6";"0";"1";"1";"1";"0"
"21285";"83794402";"21285";"11";"1";"1";"7";"6";"0";"1";"1";"1";"0"
"21286";"83794402";"21286";"11";"1";"1";"7";"6";"1";"0";"1";"2";"0"
"21288";"83794402";"21288";"11";"3";"3";"2";"6";"0";"0";"1";"3";"0"
"21295";"83794402";"21295";"11";"1";"1";"7";"6";"0";"1";"1";"1";"0"
"21309";"83795404";"21309";"11";"1";"1";"7";"6";"1";"1";"1";"2";"0"
"21310";"83795404";"21310";"11";"3";"1";"7";"6";"0";"1";"1";"1";"0"
"21313";"83795404";"21313";"11";"1";"1";"7";"6";"0";"1";"1";"1";"0"
"21314";"83795404";"21314";"11";"1";"3";"2";"6";"1";"1";"1";"2";"0"
"21316";"83795404";"21316";"11";"1";"3";"2";"6";"0";"1";"1";"1";"0"
"21318";"83795404";"21318";"11";"1";"3";"2";"7";"0";"0";"1";"3";"0"
"21323";"83795404";"21323";"11";"1";"1";"7";"6";"0";"1";"1";"1";"0"
"21325";"83795404";"21325";"11";"3";"1";"7";"6";"0";"1";"2";"1";"0"
"21331";"83795404";"21331";"11";"2";"1";"7";"6";"0";"1";"1";"1";"0"
"21333";"83795404";"21333";"11";"1";"2";"1";"6";"0";"2";"1";"1";"0"
"21334";"83795404";"21334";"11";"1";"1";"7";"6";"0";"1";"0";"1";"0"
"21336";"83795404";"21336";"11";"1";"3";"1";"6";"0";"2";"4";"1";"0"
"21339";"83795404";"21339";"11";"3";"1";"7";"6";"0";"2";"1";"1";"0"
"21392";"83811503";"21392";"11";"1";"1";"7";"6";"0";"3";"1";"1";"0"
"21394";"83811503";"21394";"11";"1";"3";"2";"6";"1";"0";"2";"2";"0"
"21396";"83811503";"21396";"11";"1";"1";"7";"6";"0";"1";"4";"1";"0"
"21398";"83811503";"21398";"11";"1";"1";"7";"6";"1";"0";"2";"2";"0"
"21400";"83811503";"21400";"11";"3";"1";"7";"4";"0";"1";"1";"1";"0"
"21405";"83811503";"21405";"11";"1";"1";"7";"6";"0";"3";"1";"1";"0"
"21409";"83811503";"21409";"11";"2";"1";"7";"6";"0";"1";"1";"1";"0"
"21411";"83811503";"21411";"11";"1";"1";"7";"6";"0";"4";"1";"1";"0"
"21412";"83811503";"21412";"11";"1";"1";"7";"6";"0";"2";"2";"1";"0"
"21415";"83811503";"21415";"11";"1";"1";"7";"5";"0";"1";"1";"1";"0"
"21416";"83811503";"21416";"11";"3";"3";"2";"6";"5";"1";"0";"3";"1"
"21420";"83811503";"21420";"11";"1";"1";"7";"6";"0";"1";"2";"1";"0"
"21426";"83811503";"21426";"11";"3";"1";"7";"9";"0";"1";"0";"1";"0"
"21427";"83811503";"21427";"11";"1";"1";"7";"5";"1";"1";"0";"2";"0"
"21428";"83811503";"21428";"11";"1";"1";"7";"6";"0";"2";"1";"1";"0"
"21429";"83811503";"21429";"11";"1";"1";"7";"5";"0";"1";"1";"1";"0"
"21432";"83811503";"21432";"11";"1";"3";"1";"2";"0";"1";"1";"1";"0"
"21433";"83811503";"21433";"11";"1";"1";"7";"6";"0";"3";"3";"1";"0"
"21434";"83811503";"21434";"11";"3";"3";"1";"6";"0";"2";"0";"1";"0"
"21440";"83811503";"21440";"11";"3";"1";"1";"6";"0";"1";"2";"1";"0"
"21443";"83811509";"21443";"11";"1";"1";"7";"6";"0";"2";"1";"1";"0"
"21444";"83811509";"21444";"11";"1";"1";"7";"6";"0";"2";"0";"1";"0"
"21449";"83811509";"21449";"11";"3";"1";"1";"5";"0";"2";"2";"1";"0"
"21453";"83811510";"21453";"11";"1";"1";"7";"6";"0";"1";"1";"1";"0"
"21455";"83811510";"21455";"11";"3";"3";"1";"6";"0";"1";"2";"1";"0"
"21471";"83815403";"21471";"11";"1";"1";"7";"6";"0";"2";"0";"1";"0"
"21476";"83815403";"21476";"11";"3";"1";"7";"6";"0";"1";"2";"1";"0"
"21505";"83822105";"21505";"11";"3";"1";"1";"6";"0";"2";"1";"1";"0"
"21506";"83823202";"21506";"11";"3";"1";"7";"6";"0";"1";"2";"1";"0"
"21510";"83825502";"21510";"11";"1";"1";"7";"6";"0";"1";"1";"1";"0"
"21511";"83825502";"21511";"11";"1";"1";"7";"6";"2";"0";"1";"2";"0"
"21512";"83825502";"21512";"11";"1";"1";"7";"6";"0";"2";"0";"1";"0"
"21513";"83825502";"21513";"11";"1";"1";"7";"6";"1";"0";"1";"2";"0"
"21515";"83825502";"21515";"11";"1";"1";"7";"6";"0";"1";"1";"1";"0"
"21517";"83825502";"21517";"11";"2";"3";"2";"6";"0";"1";"1";"1";"0"
"21518";"83825502";"21518";"11";"1";"1";"7";"6";"1";"0";"1";"2";"0"
"21519";"83825502";"21519";"11";"1";"1";"7";"6";"1";"0";"1";"2";"0"
"21520";"83825502";"21520";"11";"3";"3";"2";"6";"1";"0";"1";"2";"0"
"21521";"83825502";"21521";"11";"1";"1";"7";"6";"0";"1";"0";"1";"0"
"21522";"83825502";"21522";"11";"1";"1";"7";"6";"4";"0";"1";"2";"0"
"21524";"83825503";"21524";"11";"1";"1";"7";"6";"0";"1";"1";"1";"0"
"21526";"83825503";"21526";"11";"1";"1";"7";"6";"0";"1";"1";"1";"0"
"21545";"83836103";"21545";"11";"1";"1";"7";"6";"0";"2";"0";"1";"0"
"21546";"83836103";"21546";"11";"3";"1";"7";"6";"0";"2";"0";"1";"0"
"21549";"83836103";"21549";"11";"1";"1";"7";"6";"0";"1";"1";"1";"0"
"21554";"83836103";"21554";"11";"1";"1";"7";"6";"0";"2";"1";"1";"0"
"21555";"83836103";"21555";"11";"1";"3";"2";"6";"0";"1";"1";"1";"0"
"21556";"83836103";"21556";"11";"1";"1";"7";"6";"0";"2";"0";"1";"0"
"21557";"83836103";"21557";"11";"1";"1";"7";"6";"1";"1";"0";"2";"0"
"21558";"83836103";"21558";"11";"1";"1";"7";"6";"2";"1";"0";"2";"0"
"21559";"83836103";"21559";"11";"3";"1";"7";"6";"0";"1";"1";"1";"0"
"21561";"83836103";"21561";"11";"1";"1";"7";"6";"1";"1";"0";"2";"0"
"21562";"83836103";"21562";"11";"3";"1";"7";"6";"0";"1";"1";"1";"0"
"21563";"83836103";"21563";"11";"1";"1";"1";"6";"2";"3";"0";"3";"1"
"21564";"83836105";"21564";"11";"3";"1";"7";"6";"0";"2";"1";"1";"0"
"21568";"83836105";"21568";"11";"1";"1";"1";"6";"0";"2";"0";"1";"0"
"21569";"83836105";"21569";"11";"1";"1";"7";"6";"1";"0";"1";"2";"0"
"21670";"83866402";"21670";"11";"1";"1";"7";"7";"1";"0";"1";"2";"0"
"21672";"83866402";"21672";"11";"1";"1";"7";"2";"0";"1";"1";"1";"0"
"21676";"83866402";"21676";"11";"3";"1";"7";"4";"0";"0";"1";"3";"0"
"21680";"83866402";"21680";"11";"1";"1";"7";"5";"0";"1";"1";"1";"0"
"21715";"83867504";"21715";"11";"1";"3";"1";"6";"1";"0";"1";"2";"0"
"21716";"83867504";"21716";"11";"1";"1";"7";"6";"1";"0";"1";"2";"0"
"21717";"83867504";"21717";"11";"3";"1";"7";"7";"0";"1";"1";"1";"0"
"21719";"83867504";"21719";"11";"1";"1";"1";"2";"0";"1";"1";"1";"0"
"21722";"83867504";"21722";"11";"1";"1";"7";"6";"1";"0";"1";"2";"0"
"21730";"83867504";"21730";"11";"3";"3";"1";"6";"0";"3";"0";"1";"0"
"21733";"83867504";"21733";"11";"3";"1";"1";"6";"0";"1";"1";"1";"0"
"21735";"83867504";"21735";"11";"1";"1";"7";"6";"1";"0";"3";"2";"0"
"21738";"83867509";"21738";"11";"1";"1";"7";"2";"0";"1";"1";"1";"0"
"21742";"83867509";"21742";"11";"2";"3";"2";"6";"0";"1";"1";"1";"0"
"21744";"83867509";"21744";"11";"3";"3";"2";"4";"0";"1";"1";"1";"0"
"21747";"83867509";"21747";"11";"1";"3";"2";"6";"1";"0";"1";"2";"0"
"21751";"83867509";"21751";"11";"1";"1";"7";"6";"1";"0";"1";"2";"0"
"21752";"83867509";"21752";"11";"3";"1";"1";"6";"0";"2";"0";"1";"0"
"21753";"83867509";"21753";"11";"3";"1";"1";"6";"0";"1";"1";"1";"0"
"21756";"83867509";"21756";"11";"3";"1";"7";"6";"0";"1";"1";"1";"0"
"21769";"83874503";"21769";"11";"1";"1";"7";"6";"0";"1";"1";"1";"0"
"21770";"83874503";"21770";"11";"3";"2";"1";"6";"0";"1";"1";"1";"0"
"21772";"83874503";"21772";"11";"1";"1";"7";"6";"0";"1";"2";"1";"0"
"21776";"83874503";"21776";"11";"3";"1";"7";"6";"0";"1";"1";"1";"0"
"21780";"83874503";"21780";"11";"1";"1";"7";"6";"0";"1";"1";"1";"0"
"21781";"83874503";"21781";"11";"3";"1";"7";"5";"0";"2";"0";"1";"0"
"21782";"83874503";"21782";"11";"3";"3";"1";"8";"0";"1";"1";"1";"0"
"21783";"83874503";"21783";"11";"3";"1";"7";"6";"2";"1";"0";"3";"1"
"21799";"83876101";"780";"11";"1";"3";"2";"6";"1";"0";"2";"2";"0"
"21805";"83876108";"21805";"11";"1";"1";"7";"6";"0";"1";"1";"1";"0"
"21808";"83876311";"21808";"11";"1";"1";"7";"6";"1";"0";"1";"2";"0"
"21810";"83876311";"21810";"11";"3";"1";"2";"6";"0";"0";"3";"0";"0"
"21812";"83876311";"21812";"11";"1";"1";"7";"6";"0";"1";"1";"1";"0"
"21813";"83876311";"21813";"11";"3";"1";"7";"6";"1";"0";"1";"2";"0"
"21814";"83876311";"21814";"11";"3";"1";"1";"6";"0";"2";"0";"1";"0"
"21815";"83876311";"21815";"11";"3";"1";"7";"6";"0";"2";"1";"1";"0"
"21817";"83876311";"21817";"11";"1";"1";"1";"6";"0";"2";"0";"1";"0"
"21819";"83876311";"21819";"11";"3";"1";"7";"6";"0";"1";"1";"1";"0"
"21823";"83876311";"21823";"11";"1";"1";"7";"6";"0";"4";"0";"1";"0"
"21824";"83876311";"21824";"11";"1";"1";"7";"6";"0";"1";"1";"1";"0"
"21825";"83876311";"21825";"11";"1";"1";"7";"4";"0";"1";"1";"1";"0"
"21826";"83876311";"21826";"11";"1";"1";"7";"6";"0";"3";"0";"1";"0"
"21848";"83877204";"21848";"11";"1";"1";"1";"6";"1";"0";"1";"2";"0"
"21850";"83877205";"21850";"11";"1";"1";"1";"6";"0";"2";"1";"1";"0"
"21881";"83885206";"21881";"11";"1";"1";"7";"6";"0";"1";"1";"1";"0"
"21882";"83885206";"21882";"11";"1";"1";"7";"5";"0";"2";"0";"1";"0"
"21884";"83885206";"21884";"11";"1";"1";"7";"5";"0";"1";"1";"1";"0"
"21889";"83885315";"21889";"11";"1";"1";"1";"6";"0";"1";"1";"1";"0"
"21891";"83886202";"21891";"11";"1";"1";"7";"5";"0";"1";"2";"1";"0"
"21931";"83893501";"21931";"11";"1";"1";"7";"2";"0";"0";"1";"3";"0"
"21938";"83893501";"21938";"11";"1";"1";"7";"6";"0";"3";"1";"1";"0"
"21939";"83893501";"21939";"11";"1";"1";"1";"6";"0";"1";"1";"1";"0"
"21940";"83893501";"21940";"11";"1";"1";"7";"6";"0";"1";"1";"1";"0"
"21941";"83893501";"21941";"11";"1";"1";"7";"6";"1";"1";"0";"2";"0"
"21956";"83901202";"21956";"11";"1";"1";"7";"6";"0";"2";"0";"1";"0"
"21958";"83901202";"21958";"11";"1";"1";"7";"7";"0";"1";"1";"1";"0"
"21959";"83901202";"21959";"11";"1";"1";"7";"1";"0";"2";"0";"1";"0"
"21970";"83906301";"21970";"11";"1";"1";"7";"6";"0";"1";"2";"1";"0"
"21973";"83906301";"21973";"11";"1";"1";"7";"6";"0";"0";"1";"3";"0"
"21988";"83922105";"21988";"11";"3";"3";"1";"2";"1";"0";"1";"2";"0"
"21990";"83922105";"21990";"11";"3";"1";"7";"6";"1";"0";"1";"2";"0"
"22016";"83923506";"22016";"11";"1";"1";"7";"1";"0";"1";"1";"1";"0"
"22020";"83923506";"22020";"11";"2";"1";"7";"6";"1";"0";"1";"2";"0"
"22030";"83925212";"22030";"11";"1";"1";"7";"6";"0";"1";"1";"1";"0"
"22071";"84701303";"22071";"11";"1";"1";"7";"6";"0";"1";"1";"1";"0"
"22075";"84721505";"22075";"11";"1";"1";"7";"3";"0";"1";"2";"1";"0"
"22079";"84721505";"22079";"11";"3";"1";"7";"6";"0";"2";"2";"1";"0"
"22081";"84721505";"22081";"11";"3";"1";"7";"6";"0";"2";"1";"1";"0"
"22082";"84721505";"22082";"11";"5";"1";"7";"6";"0";"2";"0";"1";"0"
"22095";"84741507";"22095";"11";"1";"1";"1";"6";"0";"1";"1";"1";"0"
"22107";"84743201";"22107";"11";"2";"1";"7";"2";"2";"0";"1";"2";"0"
"22108";"84743201";"22108";"11";"1";"1";"7";"6";"0";"2";"1";"1";"0"
"22111";"84743201";"22111";"11";"1";"1";"7";"6";"0";"1";"1";"1";"0"
"22112";"84743201";"22112";"11";"3";"1";"7";"6";"0";"1";"0";"1";"0"
"22114";"84743201";"22114";"11";"1";"1";"7";"6";"0";"1";"1";"1";"0"
"22116";"84743201";"22116";"11";"1";"1";"7";"6";"0";"1";"1";"1";"0"
"22128";"84743401";"22128";"11";"1";"1";"7";"6";"2";"3";"1";"2";"0"
"22129";"84743401";"22129";"11";"4";"1";"1";"6";"0";"1";"1";"1";"0"
"22136";"84743503";"22136";"11";"1";"1";"7";"6";"1";"0";"1";"2";"0"
"22137";"84743503";"22137";"11";"1";"1";"7";"6";"1";"0";"1";"2";"0"
"22142";"84743503";"22142";"11";"1";"1";"7";"3";"0";"1";"0";"1";"0"
"22145";"84744315";"22145";"11";"3";"1";"7";"6";"0";"1";"1";"1";"0"
"22146";"84744315";"22146";"11";"3";"1";"7";"6";"0";"1";"2";"1";"0"
"22147";"84744315";"22147";"11";"3";"3";"2";"6";"1";"0";"1";"2";"0"
"22150";"84744315";"22150";"11";"1";"1";"7";"6";"1";"0";"1";"2";"0"
"22154";"84744315";"8071";"11";"3";"1";"7";"6";"0";"2";"0";"1";"0"
"22156";"84744315";"22156";"11";"1";"1";"7";"6";"0";"1";"1";"1";"0"
"22160";"84745410";"22160";"11";"1";"1";"7";"6";"0";"2";"1";"1";"0"
"22163";"84747204";"22163";"11";"1";"1";"7";"6";"1";"0";"1";"2";"0"
"22165";"84747204";"22165";"11";"3";"1";"7";"3";"0";"1";"1";"1";"0"
"22167";"84747204";"22167";"11";"1";"1";"7";"6";"0";"1";"1";"1";"0"
"22175";"84751320";"22175";"11";"1";"1";"7";"6";"0";"2";"0";"1";"0"
"22176";"84751320";"22176";"11";"1";"1";"7";"6";"0";"2";"2";"1";"0"
"22177";"84751320";"22177";"11";"1";"1";"7";"6";"1";"1";"1";"2";"0"
"22178";"84751320";"22178";"11";"1";"1";"7";"6";"0";"1";"2";"1";"0"
"22179";"84751320";"22179";"11";"1";"1";"7";"6";"0";"1";"2";"1";"0"
"22180";"84751320";"22180";"11";"3";"1";"1";"6";"0";"1";"1";"1";"0"
"22181";"84751320";"22181";"11";"1";"1";"7";"6";"0";"3";"2";"1";"0"
"22182";"84751320";"22182";"11";"2";"1";"7";"6";"0";"2";"3";"1";"0"
"22183";"84751320";"22183";"11";"1";"1";"7";"6";"0";"2";"0";"1";"0"
"22184";"84751421";"22184";"11";"1";"1";"7";"6";"0";"3";"1";"1";"0"
"22186";"84751421";"22186";"11";"1";"1";"7";"4";"1";"0";"1";"2";"0"
"22188";"84751421";"22188";"11";"1";"1";"7";"6";"0";"2";"1";"1";"0"
"22189";"84751421";"22189";"11";"1";"1";"7";"6";"1";"0";"2";"3";"1"
"22190";"84751421";"22190";"11";"1";"1";"7";"6";"1";"2";"1";"2";"0"
"22206";"84755307";"22206";"11";"1";"1";"7";"6";"0";"2";"1";"1";"0"
"22208";"84755307";"22208";"11";"1";"1";"7";"6";"0";"1";"1";"1";"0"
"22221";"84762108";"22221";"11";"1";"1";"7";"6";"0";"1";"1";"1";"0"
"22222";"84762108";"18998";"11";"1";"1";"7";"6";"0";"1";"2";"1";"0"
"22223";"84762108";"22223";"11";"3";"1";"7";"4";"1";"0";"1";"2";"0"
"22224";"84762210";"22224";"11";"1";"1";"7";"3";"0";"1";"1";"1";"0"
"22227";"84763420";"22227";"11";"1";"1";"1";"6";"2";"0";"5";"2";"0"
"22228";"84763420";"22228";"11";"1";"1";"7";"6";"0";"1";"1";"1";"0"
"22229";"84763420";"22229";"11";"1";"3";"2";"6";"0";"2";"0";"1";"0"
"22230";"84763420";"22230";"11";"1";"1";"7";"6";"1";"0";"1";"2";"0"
"22231";"84763420";"22231";"11";"3";"1";"7";"6";"0";"3";"0";"1";"0"
"22232";"84763420";"22232";"11";"1";"1";"4";"6";"1";"0";"1";"2";"0"
"22233";"84763420";"22233";"11";"1";"1";"7";"6";"0";"3";"0";"1";"0"
"22234";"84763420";"22234";"11";"1";"1";"7";"6";"0";"5";"0";"1";"0"
"22235";"84763420";"169";"11";"3";"1";"7";"6";"0";"1";"1";"1";"0"
"22237";"84763420";"22237";"11";"1";"1";"7";"6";"0";"1";"1";"1";"0"
"22238";"84763420";"22238";"11";"1";"1";"7";"6";"0";"3";"0";"1";"0"
"22239";"84763420";"22239";"11";"1";"1";"7";"6";"0";"1";"0";"1";"0"
"22240";"84763420";"22240";"11";"1";"1";"2";"6";"0";"1";"1";"1";"0"
"22241";"84763420";"14499";"11";"1";"1";"7";"6";"0";"1";"1";"1";"0"
"22242";"84763420";"22242";"11";"1";"1";"7";"7";"0";"2";"1";"1";"0"
"22243";"84763420";"22243";"11";"1";"1";"7";"6";"0";"1";"1";"1";"0"