"accident_id";"lieu_id";"date_id";"cause_id";"lum_id";"intemp_id";"etat_surface_id";"impliq_id";"nb_blesses_graves";"nb_blesses_legers";"nb_indemnes";"gravite";"nb_morts"
"22244";"84763510";"22244";"11";"3";"1";"7";"6";"0";"1";"2";"1";"0"
"22248";"84763511";"22248";"11";"1";"1";"7";"6";"0";"1";"0";"1";"0"
"22249";"84763511";"22249";"11";"1";"1";"7";"8";"0";"2";"0";"1";"0"
"22251";"84763511";"22251";"11";"1";"1";"7";"6";"0";"1";"1";"1";"0"
"22268";"84773307";"22268";"11";"1";"1";"7";"6";"0";"3";"2";"1";"0"
"22269";"84773307";"22269";"11";"1";"1";"7";"6";"1";"2";"0";"2";"0"
"22270";"84773307";"22270";"11";"1";"1";"7";"6";"1";"4";"0";"2";"0"
"22271";"84773307";"22271";"11";"1";"1";"7";"4";"0";"1";"1";"1";"0"
"22272";"84773307";"22272";"11";"1";"1";"7";"6";"0";"1";"2";"1";"0"
"22273";"84773307";"22273";"11";"3";"1";"7";"6";"0";"2";"0";"1";"0"
"22274";"84773307";"22274";"11";"1";"1";"7";"6";"0";"3";"1";"1";"0"
"22275";"84773307";"22275";"11";"3";"1";"7";"6";"1";"0";"1";"3";"0"
"22278";"84773307";"22278";"11";"1";"1";"7";"7";"0";"1";"2";"1";"0"
"22279";"84773307";"22279";"11";"1";"3";"1";"6";"0";"1";"1";"1";"0"
"22280";"84773307";"22280";"11";"1";"1";"7";"6";"0";"0";"1";"3";"0"
"22281";"84773307";"4151";"11";"1";"1";"7";"6";"0";"1";"1";"1";"0"
"22282";"84773307";"22282";"11";"1";"1";"7";"6";"0";"1";"1";"1";"0"
"22285";"84773320";"22285";"11";"3";"1";"7";"6";"0";"1";"1";"1";"0"
"22286";"84773320";"22286";"11";"1";"1";"7";"6";"0";"2";"0";"1";"0"
"22287";"84774201";"22287";"11";"1";"1";"7";"6";"0";"4";"1";"1";"0"
"22314";"84777104";"22314";"11";"1";"1";"7";"6";"1";"0";"1";"2";"0"
"22315";"84777104";"22315";"11";"1";"1";"7";"6";"0";"1";"1";"1";"0"
"22318";"84777212";"22318";"11";"1";"1";"7";"6";"0";"1";"1";"1";"0"
"22331";"84791403";"22331";"11";"1";"1";"7";"6";"1";"0";"1";"2";"0"
"22335";"84791403";"22335";"11";"1";"1";"7";"6";"0";"3";"1";"1";"0"
"22336";"84791404";"22336";"11";"1";"1";"2";"6";"1";"0";"1";"2";"0"
"22337";"84791404";"22337";"11";"1";"3";"1";"6";"0";"1";"2";"1";"0"
"22341";"84791404";"22341";"11";"1";"1";"1";"6";"0";"1";"2";"1";"0"
"22342";"84791404";"22342";"11";"3";"1";"1";"6";"0";"3";"1";"1";"0"
"22343";"84791404";"22343";"11";"1";"1";"7";"6";"0";"1";"1";"1";"0"
"22344";"84791404";"22344";"11";"3";"1";"1";"6";"1";"0";"0";"2";"0"
"22345";"84791404";"22345";"11";"3";"1";"1";"3";"0";"1";"0";"1";"0"
"22347";"84791405";"22347";"11";"1";"1";"7";"6";"1";"0";"1";"2";"0"
"22370";"84792504";"22370";"11";"1";"1";"7";"2";"1";"0";"1";"2";"0"
"22372";"84792504";"22372";"11";"1";"1";"7";"6";"0";"2";"0";"1";"0"
"22373";"84792504";"22373";"11";"1";"1";"7";"6";"0";"1";"1";"1";"0"
"22384";"84794503";"22384";"11";"1";"1";"7";"6";"1";"0";"2";"2";"0"
"22390";"84794503";"22390";"11";"3";"1";"7";"4";"0";"1";"1";"1";"0"
"22391";"84794503";"21110";"11";"1";"1";"7";"6";"0";"1";"1";"1";"0"
"22392";"84794503";"22392";"11";"1";"1";"1";"6";"0";"2";"2";"1";"0"
"22395";"84794503";"22395";"11";"5";"1";"7";"6";"0";"1";"2";"1";"0"
"22399";"84794517";"22399";"11";"3";"1";"2";"6";"0";"1";"3";"1";"0"
"22417";"84804504";"22417";"11";"1";"1";"7";"6";"0";"1";"1";"1";"0"
"22419";"84804504";"22419";"11";"1";"1";"7";"6";"0";"1";"1";"1";"0"
"22420";"84804504";"22420";"11";"1";"1";"7";"6";"0";"1";"1";"1";"0"
"22431";"84804507";"22431";"11";"2";"2";"1";"4";"0";"1";"0";"1";"0"
"22436";"84804507";"22436";"11";"2";"4";"3";"6";"0";"1";"1";"1";"0"
"22437";"84804507";"22437";"11";"1";"1";"7";"6";"0";"1";"1";"1";"0"
"22450";"84805102";"22450";"11";"1";"1";"1";"6";"0";"2";"1";"1";"0"
"22451";"84805102";"22451";"11";"3";"1";"7";"6";"0";"2";"1";"1";"0"
"22452";"84805102";"22452";"11";"1";"1";"7";"6";"0";"2";"0";"1";"0"
"22455";"84805104";"20711";"11";"1";"1";"7";"6";"0";"1";"1";"1";"0"
"22462";"84805104";"22462";"11";"1";"1";"7";"6";"0";"1";"1";"1";"0"
"22466";"84805310";"22466";"11";"1";"1";"7";"6";"0";"1";"1";"1";"0"
"22471";"84806207";"22471";"11";"1";"1";"7";"6";"0";"2";"4";"1";"0"
"22473";"84806207";"22473";"11";"1";"1";"7";"6";"0";"1";"1";"1";"0"
"22475";"84806207";"22475";"11";"3";"1";"7";"6";"0";"1";"2";"1";"0"
"22480";"84806207";"22480";"11";"1";"1";"7";"6";"0";"2";"0";"1";"0"
"22481";"84806207";"22481";"11";"1";"1";"7";"6";"1";"0";"1";"2";"0"
"22485";"84806207";"22485";"11";"3";"1";"7";"6";"0";"2";"1";"1";"0"
"22489";"84806207";"22489";"11";"3";"1";"7";"6";"0";"1";"1";"1";"0"
"22490";"84806207";"22490";"11";"1";"1";"7";"6";"0";"5";"0";"1";"0"
"22493";"84806207";"22493";"11";"1";"1";"7";"6";"0";"2";"2";"1";"0"
"22494";"84806207";"22494";"11";"1";"3";"1";"6";"0";"1";"1";"1";"0"
"22495";"84806207";"22495";"11";"1";"3";"1";"6";"0";"2";"1";"1";"0"
"22500";"84807309";"22500";"11";"1";"1";"7";"9";"0";"1";"0";"1";"0"
"22506";"84807309";"22506";"11";"1";"1";"7";"6";"0";"1";"1";"1";"0"
"22510";"84807309";"22510";"11";"1";"1";"7";"6";"1";"0";"1";"2";"0"
"22512";"84807309";"22512";"11";"1";"1";"1";"6";"0";"1";"1";"1";"0"
"22514";"84807309";"22514";"11";"1";"1";"7";"6";"0";"1";"2";"1";"0"
"22523";"84807408";"22523";"11";"1";"1";"7";"6";"0";"1";"1";"1";"0"
"22524";"84807408";"22524";"11";"1";"3";"2";"6";"0";"1";"1";"1";"0"
"22525";"84807408";"22525";"11";"1";"1";"7";"5";"0";"1";"1";"1";"0"
"22526";"84807408";"22526";"11";"3";"3";"1";"6";"0";"1";"1";"1";"0"
"22537";"84811104";"22537";"11";"1";"1";"7";"6";"0";"1";"1";"1";"0"
"22538";"84811104";"22538";"11";"1";"1";"7";"6";"0";"1";"1";"1";"0"
"22658";"84823203";"22658";"11";"1";"2";"2";"6";"0";"1";"1";"1";"0"
"22661";"84823207";"22661";"11";"3";"1";"7";"6";"0";"1";"1";"1";"0"
"22683";"84824112";"242";"11";"1";"1";"7";"6";"0";"1";"2";"1";"0"
"22753";"84831405";"22753";"11";"1";"1";"7";"6";"0";"1";"1";"1";"0"
"22763";"84831405";"22763";"11";"3";"1";"7";"6";"0";"3";"0";"1";"0"
"22764";"84831405";"22764";"11";"1";"1";"2";"6";"0";"1";"1";"1";"0"
"22765";"84831405";"22765";"11";"2";"1";"7";"6";"0";"1";"1";"1";"0"
"22766";"84831405";"22766";"11";"1";"1";"7";"6";"0";"1";"1";"1";"0"
"22768";"84831405";"22768";"11";"3";"1";"7";"2";"1";"0";"1";"2";"0"
"22769";"84831405";"22769";"11";"1";"2";"2";"6";"0";"0";"1";"3";"0"
"22770";"84831405";"22770";"11";"3";"1";"7";"6";"0";"1";"2";"1";"0"
"22771";"84831405";"22771";"11";"1";"1";"7";"6";"1";"0";"1";"2";"0"
"22854";"84836301";"22854";"11";"3";"1";"1";"6";"1";"0";"2";"2";"0"
"22862";"84836301";"22862";"11";"3";"1";"7";"6";"0";"2";"0";"1";"0"
"22880";"84837104";"22880";"11";"1";"1";"7";"6";"0";"1";"1";"1";"0"
"22881";"84837104";"22881";"11";"1";"1";"7";"5";"0";"1";"1";"1";"0"
"22883";"84837104";"22883";"11";"1";"1";"7";"4";"0";"1";"1";"1";"0"
"22896";"84837413";"22896";"11";"1";"1";"7";"6";"0";"3";"1";"1";"0"
"22899";"84837413";"22899";"11";"3";"1";"7";"6";"0";"1";"1";"1";"0"
"22903";"84837413";"22903";"11";"1";"1";"7";"6";"0";"2";"0";"1";"0"
"22909";"84842105";"22909";"11";"1";"1";"7";"6";"1";"0";"1";"2";"0"
"22915";"84842105";"22915";"11";"1";"1";"7";"6";"0";"1";"1";"1";"0"
"22916";"84842105";"22916";"11";"3";"1";"7";"6";"0";"3";"0";"1";"0"
"22938";"84846501";"22938";"11";"1";"1";"7";"6";"0";"1";"1";"1";"0"
"22941";"84846501";"22941";"11";"1";"1";"7";"6";"0";"3";"0";"1";"0"
"22942";"84846501";"22942";"11";"3";"1";"7";"6";"0";"2";"1";"1";"0"
"22947";"84846501";"22947";"11";"1";"1";"7";"6";"0";"2";"0";"1";"0"
"22948";"84846501";"22948";"11";"1";"1";"7";"6";"0";"3";"2";"1";"0"
"22949";"84846501";"22949";"11";"3";"6";"7";"6";"0";"1";"1";"1";"0"
"22950";"84846501";"22950";"11";"3";"1";"7";"6";"1";"0";"1";"2";"0"
"22951";"84846501";"22951";"11";"1";"3";"1";"6";"1";"0";"1";"2";"0"
"22952";"84846501";"22952";"11";"3";"3";"1";"6";"0";"2";"0";"1";"0"
"22953";"84846501";"22953";"11";"1";"2";"1";"6";"0";"1";"1";"1";"0"
"23008";"84852409";"23008";"11";"3";"1";"7";"6";"0";"1";"1";"1";"0"
"23011";"84852409";"23011";"11";"1";"1";"7";"6";"0";"1";"1";"1";"0"
"23030";"84853502";"23030";"11";"3";"2";"1";"6";"0";"1";"1";"1";"0"
"23091";"84857205";"23091";"11";"1";"1";"7";"6";"0";"1";"1";"1";"0"
"23093";"84857209";"23093";"11";"3";"2";"2";"6";"0";"1";"1";"1";"0"
"23095";"84857209";"23095";"11";"1";"1";"7";"6";"0";"1";"1";"1";"0"
"23096";"84857209";"23096";"11";"1";"1";"7";"6";"0";"1";"1";"1";"0"
"23097";"84857209";"23097";"11";"2";"1";"7";"6";"0";"3";"0";"1";"0"
"23101";"84857209";"23101";"11";"1";"1";"7";"6";"0";"1";"1";"1";"0"
"23102";"84857209";"23102";"11";"3";"7";"6";"6";"0";"1";"3";"1";"0"
"23110";"84857404";"23110";"11";"4";"1";"7";"6";"0";"2";"0";"1";"0"
"23114";"84857404";"23114";"11";"3";"1";"7";"6";"0";"1";"1";"1";"0"
"23115";"84857404";"23115";"11";"1";"1";"7";"6";"0";"1";"1";"1";"0"
"23116";"84857404";"23116";"11";"3";"1";"7";"6";"0";"3";"0";"1";"0"
"23118";"84857404";"23118";"11";"1";"3";"2";"6";"0";"1";"1";"1";"0"
"23120";"84857404";"23120";"11";"1";"1";"7";"6";"0";"1";"0";"1";"0"
"23121";"84857404";"23121";"11";"1";"1";"7";"6";"0";"1";"1";"1";"0"
"23122";"84857501";"2080";"11";"3";"1";"7";"6";"0";"1";"1";"1";"0"
"23123";"84857501";"23123";"11";"3";"1";"7";"4";"0";"2";"0";"1";"0"
"23124";"84857501";"23124";"11";"1";"1";"7";"6";"0";"1";"0";"3";"0"
"23127";"84857501";"23127";"11";"1";"1";"7";"6";"0";"3";"0";"1";"0"
"23129";"84857501";"23129";"11";"1";"3";"1";"6";"0";"1";"1";"1";"0"
"23132";"84857505";"23132";"11";"1";"1";"7";"6";"0";"1";"1";"1";"0"
"23222";"84863303";"23222";"11";"3";"3";"1";"4";"0";"1";"1";"1";"0"
"23223";"84863303";"23223";"11";"1";"1";"7";"6";"0";"1";"1";"1";"0"
"23224";"84863303";"23224";"11";"1";"1";"7";"6";"0";"1";"1";"1";"0"
"23288";"84865102";"23288";"11";"1";"1";"7";"6";"0";"1";"1";"1";"0"
"23293";"84865206";"23293";"11";"1";"1";"7";"2";"0";"2";"0";"1";"0"
"23295";"84865210";"23295";"11";"1";"1";"7";"6";"1";"0";"1";"2";"0"
"23297";"84865302";"23297";"11";"1";"1";"7";"3";"0";"1";"1";"1";"0"
"23299";"84865302";"2674";"11";"1";"1";"7";"3";"1";"0";"1";"2";"0"
"23302";"84865302";"23302";"11";"3";"1";"1";"6";"0";"1";"2";"1";"0"
"23304";"84865302";"23304";"11";"1";"1";"7";"6";"0";"2";"3";"1";"0"
"23307";"84865304";"23307";"11";"1";"3";"1";"6";"0";"1";"1";"1";"0"
"23316";"84866301";"23316";"11";"1";"1";"7";"4";"0";"1";"1";"1";"0"
"23319";"84866402";"23319";"11";"3";"1";"1";"4";"1";"0";"1";"2";"0"
"23324";"84866402";"23324";"11";"3";"1";"7";"6";"0";"1";"1";"1";"0"
"23325";"84866402";"23325";"11";"1";"1";"7";"6";"0";"1";"0";"1";"0"
"23326";"84866402";"23326";"11";"1";"1";"7";"6";"0";"1";"1";"1";"0"
"23327";"84866501";"23327";"11";"1";"1";"7";"6";"0";"1";"1";"1";"0"
"23353";"84867308";"23353";"11";"2";"1";"7";"6";"0";"1";"1";"1";"0"
"23361";"84867403";"23361";"11";"3";"1";"1";"6";"1";"0";"1";"2";"0"
"23362";"84867403";"23362";"11";"1";"1";"1";"6";"0";"1";"0";"1";"0"
"23365";"84871108";"23365";"11";"3";"1";"7";"6";"0";"1";"1";"1";"0"
"23366";"84871108";"7805";"11";"1";"1";"7";"6";"0";"1";"1";"1";"0"
"23372";"84871108";"23372";"11";"1";"1";"7";"6";"0";"2";"1";"1";"0"
"23378";"84871108";"21125";"11";"1";"3";"2";"6";"0";"2";"0";"1";"0"
"23379";"84871108";"23379";"11";"1";"1";"2";"6";"0";"3";"0";"1";"0"
"23385";"84871108";"23385";"11";"1";"1";"7";"6";"0";"4";"0";"1";"0"
"23388";"84871108";"23388";"11";"5";"1";"7";"6";"0";"3";"0";"1";"0"
"23389";"84871108";"23389";"11";"1";"1";"7";"6";"0";"2";"1";"1";"0"
"23390";"84871108";"23390";"11";"3";"1";"7";"6";"0";"1";"1";"1";"0"
"23391";"84871108";"23391";"11";"3";"1";"7";"6";"1";"0";"1";"2";"0"
"23392";"84871108";"23392";"11";"1";"1";"7";"6";"0";"1";"1";"1";"0"
"23394";"84871108";"23394";"11";"1";"3";"1";"6";"0";"1";"1";"1";"0"
"23432";"84873303";"23432";"11";"3";"1";"1";"6";"0";"3";"1";"1";"0"
"23440";"84873303";"3198";"11";"3";"1";"7";"2";"0";"1";"1";"1";"0"
"23443";"84873303";"23443";"11";"3";"1";"7";"6";"0";"0";"1";"3";"0"
"23447";"84873303";"23447";"11";"1";"1";"7";"6";"0";"1";"1";"1";"0"
"23450";"84873303";"23450";"11";"3";"1";"7";"6";"0";"1";"1";"1";"0"
"23452";"84873303";"23452";"11";"3";"3";"1";"6";"0";"3";"0";"1";"0"
"23453";"84873303";"23453";"11";"1";"1";"7";"6";"0";"2";"1";"1";"0"
"23467";"84874402";"13671";"11";"1";"1";"7";"6";"2";"3";"0";"2";"0"
"23471";"84874402";"23471";"11";"3";"3";"2";"6";"1";"6";"0";"2";"0"
"23474";"84874402";"23474";"11";"1";"1";"1";"2";"0";"1";"1";"1";"0"
"23476";"84874402";"23476";"11";"3";"1";"1";"6";"0";"2";"0";"1";"0"
"23498";"84875501";"23498";"11";"3";"2";"2";"6";"1";"0";"1";"2";"0"
"23502";"84875501";"23502";"11";"3";"1";"1";"6";"0";"2";"0";"1";"0"
"23529";"84876506";"23529";"11";"2";"1";"1";"5";"0";"1";"1";"1";"0"
"23638";"84885402";"23638";"11";"1";"1";"7";"6";"1";"0";"1";"2";"0"
"23640";"84885402";"23640";"11";"1";"2";"2";"6";"1";"0";"1";"2";"0"
"23642";"84885402";"23642";"11";"1";"1";"7";"3";"0";"1";"1";"1";"0"
"23643";"84885402";"23643";"11";"1";"1";"7";"6";"0";"1";"1";"1";"0"
"23649";"84885402";"23649";"11";"3";"1";"7";"6";"0";"2";"1";"1";"0"
"23652";"84885402";"23652";"11";"3";"3";"1";"6";"0";"1";"1";"1";"0"
"23704";"85732506";"23704";"11";"3";"1";"7";"6";"1";"0";"1";"2";"0"
"23705";"85732506";"23705";"11";"3";"1";"7";"6";"1";"1";"2";"2";"0"
"23711";"85732506";"23711";"11";"1";"1";"7";"7";"0";"3";"1";"1";"0"
"23714";"85732506";"23714";"11";"1";"1";"7";"6";"0";"3";"1";"1";"0"
"23716";"85732506";"23716";"11";"1";"1";"7";"6";"0";"1";"2";"1";"0"
"23717";"85732506";"23717";"11";"3";"1";"7";"6";"0";"3";"1";"1";"0"
"23759";"85771508";"23759";"11";"1";"1";"7";"6";"0";"2";"0";"1";"0"
"23764";"85772501";"23764";"11";"3";"3";"2";"6";"0";"4";"0";"1";"0"
"23765";"85772501";"23765";"11";"1";"1";"1";"6";"0";"2";"0";"3";"0"
"23766";"85772501";"23766";"11";"1";"1";"7";"8";"1";"1";"0";"2";"0"
"23768";"85772501";"23768";"11";"1";"1";"7";"6";"1";"0";"1";"2";"0"
"23769";"85772501";"23769";"11";"1";"1";"7";"6";"0";"1";"1";"1";"0"
"23770";"85772501";"23770";"11";"1";"1";"7";"6";"0";"2";"0";"1";"0"
"23771";"85772501";"23771";"11";"3";"1";"7";"6";"0";"3";"2";"1";"0"
"23772";"85772501";"23772";"11";"3";"1";"7";"6";"0";"1";"2";"1";"0"
"23773";"85772501";"23773";"11";"1";"1";"7";"6";"1";"0";"1";"2";"0"
"23775";"85772501";"23775";"11";"2";"1";"7";"6";"0";"5";"1";"1";"0"
"23776";"85772501";"23776";"11";"1";"1";"7";"6";"0";"2";"0";"1";"0"
"23777";"85772501";"23777";"11";"1";"1";"7";"6";"1";"0";"1";"2";"0"
"23778";"85772501";"23778";"11";"3";"1";"7";"6";"0";"2";"0";"1";"0"
"23780";"85772501";"23780";"11";"1";"1";"7";"4";"0";"1";"1";"1";"0"
"23782";"85772501";"22461";"11";"1";"1";"2";"6";"0";"1";"1";"1";"0"
"23784";"85772501";"23784";"11";"3";"1";"7";"6";"0";"1";"1";"1";"0"
"23785";"85772501";"23785";"11";"1";"1";"7";"6";"0";"2";"1";"1";"0"
"23789";"85772501";"23789";"11";"1";"1";"7";"6";"0";"2";"1";"1";"0"
"23791";"85772501";"23791";"11";"1";"1";"7";"6";"1";"0";"1";"2";"0"
"23792";"85772501";"23792";"11";"1";"1";"7";"6";"1";"0";"0";"2";"0"
"23793";"85772501";"23793";"11";"1";"1";"7";"6";"0";"2";"1";"1";"0"
"23795";"85772501";"23795";"11";"3";"1";"7";"6";"0";"1";"1";"1";"0"
"23797";"85772501";"23797";"11";"1";"1";"7";"6";"0";"1";"1";"1";"0"
"23798";"85772501";"23798";"11";"3";"1";"7";"6";"1";"0";"1";"2";"0"
"23800";"85772501";"23800";"11";"1";"1";"7";"6";"1";"0";"1";"2";"0"
"23801";"85772501";"23801";"11";"3";"1";"7";"6";"0";"3";"1";"1";"0"
"23802";"85772501";"23802";"11";"1";"1";"7";"6";"0";"2";"0";"1";"0"
"23808";"85784225";"23808";"11";"3";"1";"7";"6";"1";"0";"1";"2";"0"
"23810";"85785203";"23810";"11";"3";"1";"7";"6";"0";"1";"1";"1";"0"
"23811";"85785203";"23811";"11";"1";"1";"7";"6";"0";"1";"1";"1";"0"
"23813";"85785203";"23813";"11";"3";"1";"7";"6";"0";"1";"1";"1";"0"
"23815";"85785203";"23815";"11";"1";"1";"7";"4";"0";"1";"1";"1";"0"
"23816";"85785203";"23816";"11";"1";"1";"7";"5";"1";"0";"1";"2";"0"
"23817";"85785203";"23817";"11";"3";"1";"7";"4";"1";"0";"1";"2";"0"
"23820";"85785203";"23820";"11";"1";"1";"7";"6";"1";"0";"1";"2";"0"
"23824";"85785203";"23824";"11";"2";"1";"7";"6";"0";"1";"1";"1";"0"
"23827";"85785203";"23827";"11";"1";"1";"7";"6";"0";"1";"1";"1";"0"
"23830";"85786503";"23830";"11";"1";"3";"1";"4";"1";"0";"1";"2";"0"
"23833";"85786503";"23833";"11";"3";"1";"2";"6";"0";"2";"0";"1";"0"
"23834";"85786503";"23834";"11";"3";"1";"2";"6";"0";"2";"0";"1";"0"
"23849";"85786503";"5501";"11";"1";"1";"7";"6";"0";"1";"1";"1";"0"
"23878";"85807501";"23878";"11";"1";"1";"7";"6";"1";"0";"4";"2";"0"
"23880";"85807501";"23880";"11";"2";"1";"7";"6";"0";"1";"1";"1";"0"
"23883";"85807501";"23883";"11";"1";"1";"7";"6";"1";"0";"1";"2";"0"
"23885";"85807501";"23885";"11";"1";"1";"7";"4";"0";"1";"1";"1";"0"
"23887";"85807501";"23887";"11";"1";"1";"7";"6";"0";"1";"1";"1";"0"
"23890";"85807501";"23890";"11";"3";"1";"7";"6";"0";"2";"1";"3";"2"
"23892";"85807501";"23892";"11";"3";"1";"7";"6";"0";"3";"1";"1";"0"
"23893";"85807501";"23893";"11";"1";"2";"1";"6";"0";"3";"0";"1";"0"
"23927";"85812203";"23927";"11";"3";"1";"7";"6";"0";"1";"1";"1";"0"
"19227";"81714205";"19227";"12";"3";"3";"1";"6";"0";"3";"3";"1";"0"
"19514";"81763307";"19514";"12";"1";"2";"2";"6";"0";"2";"1";"1";"0"
"19764";"81781105";"19764";"12";"3";"1";"1";"7";"0";"1";"8";"1";"0"
"19945";"81797303";"19945";"12";"1";"1";"7";"6";"1";"0";"1";"2";"0"
"19948";"81797303";"19948";"12";"3";"1";"7";"6";"0";"4";"0";"1";"0"
"20232";"82722501";"9584";"12";"1";"1";"7";"6";"0";"1";"2";"1";"0"
"20524";"82773206";"20524";"12";"1";"1";"2";"6";"0";"1";"2";"1";"0"
"20543";"82776211";"20543";"12";"1";"1";"7";"6";"0";"2";"0";"1";"0"
"20595";"82792504";"20595";"12";"1";"1";"2";"9";"0";"1";"0";"1";"0"
"20611";"82792504";"20611";"12";"3";"1";"7";"4";"0";"2";"0";"1";"0"
"20728";"82804402";"20728";"12";"1";"1";"7";"9";"1";"0";"0";"2";"0"
"20746";"82804402";"20746";"12";"3";"1";"7";"9";"1";"0";"0";"2";"0"
"20954";"83741304";"20954";"12";"1";"1";"7";"6";"1";"2";"0";"2";"0"
"20955";"83741304";"20955";"12";"1";"1";"7";"6";"0";"4";"4";"1";"0"
"21033";"83747521";"21033";"12";"1";"1";"7";"6";"0";"2";"3";"1";"0"
"21087";"83757407";"21087";"12";"3";"7";"1";"6";"0";"2";"1";"1";"0"
"21276";"83794402";"21276";"12";"1";"1";"7";"6";"0";"1";"1";"1";"0"
"21319";"83795404";"21319";"12";"1";"1";"7";"7";"0";"1";"1";"1";"0"
"21404";"83811503";"21404";"12";"1";"1";"7";"6";"0";"1";"1";"1";"0"
"21430";"83811503";"21430";"12";"1";"2";"1";"7";"0";"1";"1";"1";"0"
"21507";"83823203";"21507";"12";"1";"1";"7";"6";"0";"1";"1";"1";"0"
"21523";"83825502";"21523";"12";"1";"1";"7";"9";"0";"2";"0";"1";"0"
"22166";"84747204";"22166";"12";"1";"2";"1";"2";"0";"1";"1";"1";"0"
"22185";"84751421";"22185";"12";"1";"1";"7";"6";"0";"2";"0";"1";"0"
"22397";"84794503";"22397";"12";"3";"3";"2";"6";"1";"0";"1";"2";"0"
"22508";"84807309";"22508";"12";"1";"1";"7";"9";"0";"1";"1";"1";"0"
"22511";"84807309";"22511";"12";"3";"3";"1";"6";"0";"1";"3";"1";"0"
"22522";"84807408";"22522";"12";"3";"3";"2";"6";"0";"1";"2";"1";"0"
"22956";"84846502";"22956";"12";"1";"3";"2";"5";"1";"0";"1";"2";"0"
"22979";"84847508";"22979";"12";"1";"1";"7";"6";"0";"1";"1";"1";"0"
"23117";"84857404";"23117";"12";"1";"1";"7";"6";"0";"1";"3";"1";"0"
"23364";"84871108";"23364";"12";"1";"1";"7";"6";"0";"2";"0";"1";"0"
"23456";"84873303";"23456";"12";"1";"1";"7";"6";"0";"6";"0";"1";"0"
"23706";"85732506";"23706";"12";"1";"1";"7";"6";"0";"1";"1";"1";"0"
"23718";"85732506";"23718";"12";"1";"1";"7";"6";"0";"1";"2";"1";"0"
"23730";"85741301";"23730";"12";"1";"1";"7";"3";"0";"2";"0";"1";"0"
"156";"792";"156";"12";"1";"1";"7";"6";"0";"1";"1";"1";"0"
"420";"1999";"420";"12";"1";"1";"7";"6";"0";"2";"0";"1";"0"
"464";"3460";"464";"12";"1";"1";"7";"6";"1";"3";"0";"2";"0"
"535";"3623";"535";"12";"3";"1";"7";"9";"0";"0";"1";"3";"0"
"627";"4851";"627";"12";"1";"1";"7";"9";"0";"0";"1";"3";"0"
"1031";"12303";"1031";"12";"1";"1";"7";"9";"0";"1";"1";"1";"0"
"1770";"26896";"1770";"12";"3";"1";"7";"9";"1";"0";"0";"2";"0"
"4209";"40756";"4209";"12";"5";"1";"7";"2";"0";"1";"1";"1";"0"
"28752";"87803502";"28752";"12";"3";"1";"7";"7";"0";"2";"2";"1";"0"
"29028";"87813401";"29028";"12";"1";"1";"7";"7";"0";"1";"3";"1";"0"
"29108";"87821303";"29108";"12";"1";"1";"7";"6";"0";"3";"1";"1";"0"
"29194";"87822501";"29194";"12";"3";"2";"1";"7";"0";"2";"4";"1";"0"
"29321";"87834305";"29321";"12";"1";"1";"7";"2";"0";"1";"1";"1";"0"
"14473";"78674104";"14473";"12";"1";"1";"7";"6";"1";"2";"1";"2";"0"
"15034";"78771108";"15034";"12";"1";"1";"7";"6";"0";"2";"1";"1";"0"
"15157";"78774306";"15157";"12";"3";"1";"7";"6";"0";"1";"1";"1";"0"
"15527";"79721407";"15527";"12";"1";"1";"7";"6";"0";"1";"5";"1";"0"
"15955";"79751206";"15955";"12";"1";"1";"7";"6";"1";"0";"1";"2";"0"
"15974";"79751303";"15974";"12";"1";"1";"7";"6";"0";"1";"3";"1";"0"
"16538";"79764101";"16538";"12";"1";"1";"7";"6";"0";"3";"2";"1";"0"
"16780";"79767301";"16780";"12";"1";"1";"1";"6";"0";"1";"2";"1";"0"
"16786";"79767301";"16786";"12";"1";"3";"1";"6";"0";"3";"0";"1";"0"
"16902";"79774523";"16902";"12";"1";"1";"7";"4";"0";"1";"1";"1";"0"
"16909";"79775303";"16909";"12";"1";"1";"7";"6";"0";"1";"2";"1";"0"
"17138";"79807401";"17138";"12";"1";"1";"7";"6";"1";"0";"1";"2";"0"
"17478";"80742112";"17478";"12";"1";"3";"2";"6";"0";"1";"1";"1";"0"
"17595";"80744302";"17595";"12";"1";"1";"7";"6";"0";"1";"1";"1";"0"
"17596";"80744302";"17596";"12";"1";"3";"1";"6";"0";"1";"1";"1";"0"
"17884";"80752417";"17884";"12";"1";"1";"7";"6";"0";"1";"1";"1";"0"
"17948";"80753505";"17948";"12";"1";"1";"7";"6";"0";"1";"1";"1";"0"
"18016";"80754307";"18016";"12";"1";"1";"7";"5";"0";"1";"1";"1";"0"
"18157";"80761201";"18157";"12";"1";"1";"7";"6";"0";"2";"1";"1";"0"
"18376";"80764106";"18376";"12";"1";"1";"7";"5";"0";"1";"1";"1";"0"
"18872";"80785405";"18872";"12";"1";"1";"7";"6";"0";"3";"1";"1";"0"