"accident_id";"lieu_id";"date_id";"cause_id";"lum_id";"intemp_id";"etat_surface_id";"impliq_id";"nb_blesses_graves";"nb_blesses_legers";"nb_indemnes";"gravite";"nb_morts"
"19100";"80807304";"19100";"12";"3";"1";"7";"7";"0";"1";"1";"1";"0"
"6713";"58660";"6713";"12";"1";"2";"1";"9";"1";"0";"0";"2";"0"
"6714";"58660";"6714";"12";"3";"3";"2";"9";"1";"0";"1";"2";"0"
"7904";"61764";"7904";"12";"1";"1";"7";"9";"0";"1";"0";"1";"0"
"7905";"61764";"7905";"12";"3";"1";"1";"9";"0";"1";"0";"1";"0"
"7914";"61764";"7914";"12";"3";"1";"7";"9";"0";"1";"0";"1";"0"
"9553";"69510";"9553";"12";"1";"1";"7";"9";"1";"0";"1";"2";"0"
"10231";"72687";"10231";"12";"1";"1";"7";"2";"0";"1";"1";"1";"0"
"10897";"74567";"10897";"12";"5";"3";"2";"9";"1";"1";"0";"3";"0"
"10898";"74567";"10898";"12";"5";"3";"2";"9";"0";"1";"2";"1";"0"
"10919";"75911";"10919";"12";"5";"1";"7";"0";"2";"1";"0";"2";"0"
"10975";"76743";"10975";"12";"3";"1";"7";"9";"0";"0";"1";"3";"0"
"11609";"81135";"11609";"12";"1";"1";"7";"9";"0";"1";"0";"3";"0"
"12576";"70706103";"12576";"12";"1";"1";"7";"6";"0";"3";"6";"1";"0"
"12685";"70825203";"12685";"12";"1";"1";"7";"2";"0";"1";"1";"1";"0"
"12888";"71821106";"12888";"12";"1";"1";"7";"6";"0";"1";"2";"1";"0"
"13767";"77723107";"13767";"12";"3";"1";"7";"6";"0";"1";"1";"1";"0"
"13879";"77737308";"4216";"12";"3";"3";"1";"6";"0";"2";"2";"1";"0"
"13911";"77744404";"13911";"12";"1";"1";"7";"2";"0";"1";"1";"1";"0"
"13926";"77745106";"13926";"12";"3";"1";"7";"9";"0";"1";"0";"1";"0"
"13941";"77745204";"13941";"12";"1";"1";"7";"6";"0";"1";"3";"1";"0"
"14199";"77776305";"14199";"12";"1";"1";"7";"6";"0";"3";"0";"1";"0"
"23973";"85814103";"23973";"12";"1";"1";"7";"2";"0";"1";"1";"1";"0"
"24073";"85815502";"24073";"12";"1";"1";"7";"9";"0";"1";"1";"1";"0"
"24392";"85826102";"24392";"12";"1";"1";"7";"6";"0";"4";"0";"1";"0"
"24569";"85833211";"24569";"12";"1";"1";"7";"4";"0";"1";"1";"1";"0"
"24672";"85834308";"24672";"12";"2";"3";"1";"7";"0";"4";"0";"1";"0"
"25203";"85851403";"25203";"12";"1";"1";"7";"6";"0";"2";"0";"1";"0"
"25477";"85861205";"25477";"12";"1";"1";"7";"5";"0";"1";"1";"1";"0"
"25989";"85876501";"25989";"12";"3";"1";"1";"7";"0";"24";"0";"1";"0"
"26236";"86793209";"26236";"12";"1";"1";"7";"6";"0";"2";"3";"1";"0"
"26616";"86813101";"26616";"12";"1";"1";"7";"6";"1";"0";"4";"2";"0"
"26772";"86815404";"26772";"12";"1";"1";"7";"6";"3";"1";"0";"3";"0"
"26776";"86815404";"26776";"12";"1";"2";"1";"6";"0";"2";"3";"1";"0"
"27168";"86823503";"27168";"12";"3";"1";"7";"6";"0";"2";"2";"1";"0"
"27169";"86823503";"27169";"12";"3";"1";"7";"6";"0";"3";"0";"1";"0"
"27353";"86825304";"27353";"12";"1";"1";"7";"6";"0";"4";"0";"1";"0"
"27409";"86826103";"27409";"12";"3";"1";"7";"6";"0";"2";"1";"1";"0"
"27771";"86834105";"27771";"12";"3";"3";"1";"6";"0";"1";"2";"1";"0"
"28244";"86852301";"28244";"12";"3";"3";"1";"6";"0";"2";"5";"1";"0"
"28366";"86862501";"28366";"12";"1";"1";"7";"6";"0";"1";"1";"1";"0"
"24069";"85815502";"24069";"13";"1";"1";"7";"6";"0";"1";"1";"1";"0"
"24071";"85815502";"24071";"13";"3";"1";"7";"6";"0";"1";"1";"1";"0"
"24072";"85815502";"24072";"13";"3";"3";"1";"6";"0";"1";"1";"1";"0"
"24077";"85816101";"24077";"13";"1";"1";"7";"6";"0";"2";"2";"1";"0"
"24079";"85816101";"24079";"13";"3";"1";"7";"6";"0";"3";"1";"1";"0"
"24080";"85816101";"24080";"13";"3";"1";"7";"4";"0";"1";"1";"1";"0"
"24081";"85816101";"24081";"13";"1";"1";"7";"6";"0";"1";"1";"1";"0"
"24102";"85817402";"24102";"13";"1";"3";"2";"6";"0";"1";"2";"1";"0"
"24103";"85817402";"24103";"13";"1";"2";"2";"6";"0";"1";"2";"1";"0"
"24105";"85817402";"24105";"13";"1";"1";"7";"6";"0";"3";"1";"1";"0"
"24106";"85817402";"24106";"13";"1";"1";"7";"6";"0";"4";"2";"1";"0"
"24107";"85817402";"24107";"13";"3";"1";"4";"6";"0";"5";"1";"1";"0"
"24216";"85823109";"24216";"13";"3";"3";"2";"6";"0";"2";"1";"1";"0"
"24217";"85823109";"24217";"13";"3";"1";"7";"6";"0";"1";"1";"1";"0"
"24218";"85823109";"24218";"13";"1";"1";"7";"6";"0";"2";"2";"1";"0"
"24219";"85823109";"24219";"13";"3";"1";"7";"6";"0";"1";"1";"1";"0"
"24220";"85823109";"24220";"13";"1";"1";"7";"5";"0";"1";"2";"1";"0"
"24221";"85823109";"24221";"13";"2";"1";"7";"3";"0";"1";"1";"1";"0"
"24270";"85824201";"24270";"13";"1";"1";"7";"6";"0";"1";"1";"1";"0"
"24271";"85824201";"24271";"13";"1";"1";"7";"3";"0";"1";"2";"1";"0"
"24272";"85824201";"24272";"13";"2";"1";"7";"5";"1";"0";"1";"3";"0"
"24273";"85824201";"24273";"13";"3";"1";"7";"6";"0";"1";"1";"1";"0"
"24274";"85824201";"24274";"13";"1";"3";"2";"3";"0";"1";"0";"1";"0"
"24275";"85824201";"24275";"13";"1";"1";"7";"4";"0";"1";"1";"1";"0"
"24276";"85824201";"24276";"13";"1";"3";"2";"4";"0";"1";"1";"1";"0"
"24277";"85824201";"24277";"13";"1";"1";"7";"6";"0";"1";"1";"1";"0"
"24416";"85826205";"24416";"13";"3";"1";"7";"6";"0";"1";"1";"1";"0"
"24419";"85826301";"24419";"13";"3";"1";"7";"6";"0";"1";"1";"1";"0"
"24875";"85841406";"24875";"13";"1";"1";"7";"4";"1";"0";"1";"2";"0"
"24876";"85841406";"24876";"13";"3";"1";"7";"6";"0";"1";"1";"1";"0"
"24891";"85841501";"24891";"13";"1";"1";"7";"5";"1";"0";"1";"2";"0"
"24892";"85841501";"24892";"13";"3";"1";"1";"6";"0";"2";"1";"1";"0"
"24894";"85841501";"24894";"13";"1";"1";"7";"6";"0";"1";"1";"1";"0"
"24895";"85841501";"24895";"13";"3";"3";"1";"6";"0";"1";"1";"1";"0"
"25017";"85845102";"25017";"13";"1";"1";"7";"6";"0";"1";"2";"1";"0"
"25018";"85845102";"25018";"13";"1";"1";"7";"6";"0";"1";"1";"1";"0"
"25019";"85845102";"25019";"13";"3";"1";"7";"6";"0";"1";"1";"1";"0"
"25037";"85845302";"25037";"13";"3";"2";"1";"6";"0";"1";"1";"1";"0"
"25076";"85845403";"25076";"13";"3";"1";"7";"6";"0";"2";"2";"1";"0"
"25132";"85847511";"25132";"13";"2";"1";"7";"4";"2";"0";"0";"2";"0"
"25151";"85851303";"16220";"13";"3";"3";"2";"4";"0";"1";"3";"1";"0"
"25153";"85851303";"25153";"13";"2";"1";"7";"4";"0";"1";"1";"1";"0"
"25154";"85851303";"25154";"13";"1";"1";"1";"6";"0";"1";"1";"1";"0"
"25156";"85851303";"25156";"13";"1";"2";"2";"6";"0";"1";"1";"1";"0"
"25159";"85851303";"25159";"13";"1";"1";"7";"6";"0";"2";"0";"1";"0"
"25160";"85851303";"25160";"13";"1";"3";"2";"6";"1";"0";"1";"2";"0"
"25162";"85851303";"25162";"13";"3";"1";"1";"5";"0";"2";"1";"1";"0"
"25176";"85851308";"25176";"13";"1";"1";"1";"6";"0";"1";"1";"1";"0"
"25177";"85851308";"25177";"13";"1";"3";"1";"6";"0";"4";"0";"1";"0"
"25178";"85851308";"25178";"13";"1";"1";"7";"4";"1";"1";"1";"2";"0"
"25179";"85851308";"25179";"13";"1";"1";"7";"6";"0";"1";"1";"1";"0"
"25181";"85851308";"25181";"13";"1";"1";"7";"4";"0";"1";"1";"1";"0"
"25260";"85852106";"25260";"13";"1";"3";"2";"4";"0";"1";"1";"1";"0"
"25261";"85852106";"25261";"13";"1";"1";"7";"3";"0";"1";"1";"1";"0"
"25262";"85852106";"25262";"13";"2";"1";"7";"6";"1";"0";"1";"2";"0"
"25263";"85852106";"25263";"13";"1";"1";"7";"3";"0";"1";"1";"1";"0"
"25308";"85853202";"25308";"13";"1";"1";"7";"5";"0";"1";"1";"1";"0"
"25313";"85853303";"25313";"13";"1";"1";"7";"4";"0";"1";"1";"1";"0"
"25391";"85855503";"25391";"13";"1";"3";"2";"3";"0";"1";"1";"1";"0"
"25394";"85855503";"25394";"13";"3";"1";"7";"4";"0";"1";"1";"1";"0"
"25397";"85855503";"25397";"13";"1";"1";"7";"6";"0";"1";"1";"1";"0"
"25406";"85856303";"25406";"13";"1";"1";"7";"4";"0";"1";"1";"1";"0"
"25407";"85856303";"25407";"13";"1";"1";"7";"6";"0";"2";"0";"1";"0"
"25409";"85856303";"25409";"13";"1";"1";"7";"3";"0";"1";"1";"1";"0"
"25424";"85857103";"25424";"13";"1";"1";"7";"4";"0";"1";"1";"1";"0"
"25495";"85861302";"25495";"13";"1";"1";"7";"4";"0";"1";"1";"1";"0"
"25503";"85861304";"25503";"13";"1";"1";"7";"6";"0";"1";"1";"1";"0"
"25557";"85862306";"25557";"13";"1";"1";"7";"6";"0";"1";"1";"1";"0"
"25558";"85862306";"25558";"13";"1";"1";"7";"6";"0";"1";"0";"1";"0"
"25559";"85862306";"25559";"13";"1";"1";"7";"6";"0";"1";"1";"1";"0"
"25561";"85862306";"25561";"13";"1";"1";"7";"5";"0";"1";"1";"1";"0"
"25597";"85863402";"25597";"13";"3";"1";"1";"5";"1";"0";"1";"2";"0"
"25602";"85863402";"25602";"13";"1";"1";"2";"4";"0";"1";"1";"1";"0"
"25608";"85863402";"25608";"13";"1";"3";"1";"6";"0";"1";"1";"1";"0"
"25650";"85864401";"25650";"13";"1";"1";"7";"6";"1";"0";"1";"2";"0"
"25660";"85864503";"25660";"13";"2";"3";"2";"4";"0";"1";"1";"1";"0"
"25662";"85864503";"25662";"13";"1";"1";"7";"4";"0";"2";"1";"1";"0"
"25666";"85864504";"25666";"13";"3";"3";"1";"6";"0";"2";"0";"1";"0"
"25668";"85864504";"25668";"13";"1";"1";"7";"4";"1";"0";"2";"2";"0"
"25670";"85864504";"25670";"13";"1";"1";"7";"4";"0";"1";"1";"1";"0"
"25671";"85864504";"25671";"13";"2";"1";"1";"6";"0";"1";"3";"1";"0"
"25691";"85865306";"25691";"13";"3";"1";"7";"6";"0";"2";"0";"1";"0"
"25692";"85865306";"25692";"13";"1";"1";"7";"6";"0";"1";"1";"1";"0"
"25694";"85865306";"25694";"13";"2";"3";"1";"4";"0";"1";"1";"1";"0"
"25695";"85865306";"25695";"13";"1";"1";"2";"6";"0";"2";"1";"1";"0"
"25697";"85865306";"25697";"13";"1";"1";"7";"6";"0";"1";"1";"1";"0"
"25699";"85865306";"25699";"13";"1";"1";"7";"4";"0";"1";"1";"1";"0"
"25702";"85865306";"25702";"13";"1";"1";"7";"6";"0";"1";"1";"1";"0"
"25703";"85865306";"25703";"13";"1";"1";"7";"6";"0";"3";"0";"1";"0"
"25704";"85865306";"25704";"13";"1";"1";"7";"4";"0";"1";"1";"1";"0"
"25705";"85865306";"25705";"13";"1";"1";"7";"6";"0";"2";"0";"1";"0"
"25706";"85865306";"25706";"13";"1";"1";"7";"4";"0";"1";"1";"1";"0"
"25707";"85865306";"25707";"13";"1";"1";"7";"6";"0";"1";"1";"1";"0"
"25708";"85865306";"25708";"13";"2";"1";"7";"6";"0";"2";"0";"1";"0"
"25709";"85865306";"25709";"13";"3";"1";"1";"3";"0";"1";"1";"1";"0"
"25710";"85865306";"25710";"13";"3";"3";"1";"3";"0";"1";"1";"1";"0"
"25711";"85865306";"25711";"13";"1";"1";"7";"6";"1";"0";"1";"2";"0"
"25712";"85865306";"25712";"13";"1";"1";"7";"6";"0";"1";"1";"1";"0"
"25713";"85865306";"25713";"13";"3";"1";"7";"6";"1";"0";"1";"2";"0"
"25714";"85865306";"25714";"13";"1";"3";"1";"6";"0";"1";"1";"1";"0"
"25732";"85866102";"25732";"13";"3";"1";"1";"6";"0";"1";"1";"1";"0"
"25738";"85866304";"25738";"13";"3";"3";"2";"4";"0";"1";"1";"1";"0"
"25778";"85871111";"25778";"13";"1";"3";"1";"6";"0";"1";"1";"1";"0"
"25779";"85871111";"25779";"13";"1";"2";"1";"6";"0";"1";"1";"1";"0"
"25784";"85871202";"25784";"13";"1";"1";"7";"3";"0";"1";"2";"1";"0"
"25788";"85871202";"25788";"13";"1";"1";"7";"4";"0";"1";"1";"1";"0"
"25790";"85871206";"14347";"13";"1";"1";"7";"5";"0";"1";"1";"1";"0"
"25791";"85871206";"25791";"13";"2";"3";"2";"4";"0";"1";"1";"1";"0"
"25792";"85871206";"25792";"13";"1";"1";"7";"4";"0";"2";"0";"1";"0"
"25795";"85871206";"25795";"13";"1";"1";"7";"4";"0";"1";"1";"1";"0"
"25800";"85871207";"25800";"13";"3";"3";"2";"4";"0";"2";"1";"1";"0"
"25804";"85871208";"25804";"13";"1";"1";"7";"4";"0";"1";"1";"1";"0"
"25805";"85871208";"25805";"13";"3";"1";"1";"6";"0";"1";"1";"1";"0"
"25817";"85872302";"25817";"13";"2";"3";"2";"6";"0";"2";"0";"1";"0"
"25818";"85872302";"25818";"13";"1";"1";"7";"4";"0";"1";"1";"1";"0"
"25819";"85872302";"25819";"13";"2";"3";"1";"4";"0";"1";"1";"1";"0"
"25820";"85872302";"25820";"13";"1";"1";"7";"5";"1";"0";"1";"2";"0"
"25822";"85872302";"25822";"13";"1";"3";"1";"6";"0";"2";"0";"1";"0"
"25823";"85872302";"25823";"13";"3";"1";"7";"6";"0";"1";"1";"1";"0"
"25824";"85872302";"25824";"13";"3";"3";"1";"6";"0";"1";"1";"1";"0"
"25827";"85872304";"25827";"13";"1";"1";"7";"6";"0";"1";"2";"1";"0"
"25829";"85872304";"25829";"13";"3";"1";"1";"4";"0";"1";"1";"1";"0"
"25834";"85872306";"25834";"13";"2";"3";"1";"6";"0";"1";"1";"1";"0"
"25836";"85872401";"25836";"13";"1";"1";"7";"5";"1";"2";"0";"2";"0"
"25842";"85872404";"25842";"13";"1";"3";"1";"6";"0";"3";"0";"1";"0"
"25878";"85874104";"25878";"13";"1";"1";"7";"5";"1";"0";"1";"2";"0"
"25879";"85874104";"25879";"13";"1";"3";"2";"6";"0";"2";"1";"1";"0"
"25882";"85874104";"7570";"13";"1";"1";"7";"4";"0";"1";"1";"1";"0"
"25884";"85874104";"25884";"13";"1";"1";"7";"6";"0";"2";"0";"1";"0"
"25885";"85874104";"25885";"13";"1";"1";"7";"6";"1";"1";"0";"2";"0"
"25897";"85874210";"25897";"13";"1";"1";"7";"6";"0";"2";"2";"1";"0"
"25899";"85874210";"25899";"13";"1";"1";"7";"6";"0";"3";"0";"1";"0"
"25911";"85874507";"16216";"13";"1";"1";"7";"6";"1";"0";"2";"2";"0"
"25979";"85876301";"25979";"13";"3";"1";"7";"6";"0";"5";"0";"1";"0"
"26009";"85877205";"26009";"13";"1";"1";"7";"4";"0";"1";"1";"1";"0"
"26010";"85877205";"26010";"13";"1";"3";"2";"6";"2";"1";"0";"2";"0"
"26012";"85877205";"2110";"13";"1";"1";"1";"6";"0";"1";"1";"1";"0"
"26013";"85877205";"26013";"13";"1";"1";"7";"6";"0";"1";"1";"1";"0"
"26014";"85877205";"26014";"13";"1";"1";"7";"4";"0";"1";"1";"1";"0"
"26015";"85877205";"21124";"13";"1";"1";"7";"6";"0";"1";"1";"1";"0"
"26056";"85882104";"26056";"13";"1";"1";"7";"4";"0";"1";"1";"1";"0"
"26057";"85882104";"26057";"13";"1";"1";"7";"5";"0";"1";"1";"1";"0"
"26058";"85882104";"26058";"13";"2";"1";"7";"4";"0";"1";"1";"1";"0"
"26083";"85884110";"26083";"13";"1";"1";"7";"6";"0";"1";"2";"1";"0"
"26087";"85884201";"26087";"13";"1";"3";"1";"4";"0";"1";"1";"1";"0"
"26128";"85887506";"26128";"13";"1";"1";"7";"4";"0";"1";"1";"1";"0"
"26130";"85887506";"26130";"13";"3";"1";"7";"6";"0";"1";"1";"1";"0"
"26131";"85887506";"26131";"13";"1";"1";"7";"5";"0";"1";"1";"1";"0"
"26135";"85887506";"26135";"13";"1";"1";"7";"4";"0";"1";"1";"1";"0"
"26143";"85894206";"26143";"13";"3";"1";"7";"5";"0";"2";"1";"1";"0"
"26177";"86734303";"26177";"13";"1";"1";"7";"6";"0";"1";"1";"1";"0"
"26178";"86734303";"26178";"13";"1";"1";"7";"4";"0";"1";"1";"1";"0"
"26179";"86734303";"26179";"13";"3";"3";"1";"4";"1";"0";"1";"2";"0"
"26180";"86734303";"19456";"13";"1";"3";"1";"6";"1";"0";"2";"2";"0"
"26181";"86734303";"2947";"13";"1";"1";"7";"6";"1";"1";"0";"2";"0"
"26184";"86736530";"26184";"13";"3";"1";"7";"5";"0";"1";"1";"1";"0"
"26185";"86737509";"26185";"13";"2";"1";"7";"6";"2";"0";"5";"2";"0"
"26214";"86786103";"26214";"13";"3";"1";"7";"5";"0";"1";"1";"1";"0"
"26241";"86793501";"26241";"13";"1";"1";"7";"4";"0";"1";"1";"1";"0"
"26244";"86794409";"26244";"13";"1";"1";"7";"4";"1";"0";"1";"2";"0"
"26319";"86803103";"26319";"13";"3";"1";"7";"6";"0";"1";"1";"1";"0"
"26329";"86803403";"26329";"13";"1";"1";"7";"4";"1";"0";"1";"2";"0"
"26336";"86803403";"26336";"13";"1";"1";"7";"6";"0";"1";"1";"1";"0"
"26421";"86805102";"26421";"13";"1";"1";"7";"6";"0";"2";"1";"1";"0"
"26422";"86805102";"26422";"13";"3";"3";"1";"6";"0";"2";"1";"1";"0"
"26423";"86805102";"26423";"13";"1";"3";"1";"6";"0";"1";"1";"1";"0"
"26679";"86813512";"26679";"13";"1";"1";"7";"6";"0";"1";"1";"1";"0"
"26683";"86814101";"26683";"13";"3";"1";"7";"6";"0";"1";"3";"1";"0"
"26684";"86814101";"26684";"13";"1";"1";"7";"6";"0";"2";"4";"1";"0"
"26685";"86814101";"26685";"13";"2";"1";"7";"6";"0";"2";"2";"1";"0"
"26687";"86814101";"26687";"13";"2";"3";"1";"4";"0";"1";"1";"1";"0"
"26689";"86814101";"26689";"13";"1";"1";"7";"6";"0";"2";"1";"1";"0"
"26690";"86814101";"26690";"13";"1";"1";"7";"6";"0";"1";"1";"1";"0"
"26723";"86814504";"26723";"13";"1";"1";"7";"4";"0";"1";"1";"1";"0"
"26726";"86814505";"26726";"13";"1";"1";"7";"6";"0";"2";"1";"1";"0"
"26727";"86814505";"26727";"13";"1";"1";"1";"6";"0";"2";"1";"1";"0"
"26728";"86814505";"26728";"13";"1";"1";"7";"6";"0";"3";"4";"1";"0"
"26729";"86814505";"26729";"13";"1";"1";"7";"6";"0";"3";"0";"1";"0"
"26730";"86814505";"26730";"13";"1";"1";"7";"6";"0";"2";"1";"1";"0"
"26731";"86814505";"26731";"13";"1";"1";"7";"6";"0";"3";"1";"1";"0"
"26733";"86814505";"26733";"13";"1";"1";"7";"6";"0";"1";"2";"1";"0"
"26734";"86814505";"26734";"13";"1";"1";"7";"6";"0";"4";"0";"1";"0"
"26735";"86814505";"26735";"13";"3";"1";"7";"6";"0";"1";"2";"1";"0"
"26736";"86814505";"26736";"13";"1";"1";"7";"6";"0";"1";"1";"1";"0"
"26737";"86814505";"26737";"13";"1";"1";"1";"6";"0";"1";"1";"1";"0"
"26738";"86814505";"26738";"13";"1";"1";"1";"6";"0";"1";"1";"1";"0"
"26739";"86814505";"26739";"13";"1";"1";"7";"6";"0";"1";"1";"1";"0"
"26740";"86814505";"26740";"13";"1";"1";"7";"6";"2";"0";"0";"2";"0"
"26741";"86814505";"26741";"13";"3";"2";"1";"6";"0";"3";"0";"1";"0"
"26742";"86814505";"26742";"13";"3";"1";"7";"6";"0";"1";"1";"1";"0"
"26743";"86814505";"26743";"13";"3";"1";"7";"6";"0";"2";"1";"1";"0"
"26745";"86814505";"26745";"13";"3";"1";"7";"6";"0";"1";"1";"1";"0"
"26791";"86816303";"26791";"13";"1";"1";"7";"4";"0";"1";"1";"1";"0"
"26855";"86817302";"26855";"13";"1";"1";"7";"6";"0";"1";"1";"1";"0"
"26856";"86817302";"26856";"13";"1";"1";"4";"6";"0";"1";"0";"1";"0"
"26858";"86817302";"26858";"13";"1";"1";"7";"6";"0";"2";"1";"1";"0"
"26899";"86817502";"26899";"13";"1";"1";"7";"6";"0";"2";"1";"1";"0"
"26900";"86817502";"26900";"13";"1";"1";"7";"6";"0";"2";"1";"1";"0"
"26901";"86817502";"26901";"13";"3";"1";"7";"6";"0";"1";"1";"1";"0"
"26902";"86817502";"26902";"13";"2";"3";"1";"4";"0";"1";"1";"1";"0"
"26903";"86817502";"26903";"13";"1";"1";"7";"6";"0";"2";"1";"1";"0"
"26905";"86817502";"26905";"13";"1";"1";"7";"3";"0";"1";"1";"1";"0"
"26923";"86821105";"26923";"13";"1";"1";"7";"5";"0";"1";"1";"1";"0"
"26925";"86821303";"26925";"13";"1";"1";"7";"6";"0";"1";"1";"1";"0"
"26926";"86821303";"26926";"13";"1";"1";"7";"4";"0";"1";"1";"1";"0"
"26928";"86821303";"26928";"13";"1";"1";"7";"3";"0";"1";"1";"1";"0"
"26931";"86821304";"26931";"13";"1";"1";"7";"8";"0";"2";"2";"1";"0"
"26990";"86822201";"26990";"13";"1";"1";"7";"6";"0";"1";"2";"1";"0"
"26993";"86822203";"26993";"13";"1";"3";"2";"6";"0";"1";"4";"1";"0"
"26994";"86822203";"26994";"13";"2";"1";"7";"6";"0";"1";"2";"1";"0"
"26995";"86822203";"26995";"13";"1";"1";"7";"4";"0";"1";"1";"1";"0"
"26996";"86822203";"26996";"13";"1";"1";"1";"4";"0";"1";"1";"1";"0"
"26997";"86822203";"26997";"13";"1";"1";"7";"6";"0";"1";"1";"1";"0"
"26999";"86822203";"26999";"13";"1";"1";"7";"6";"0";"1";"0";"1";"0"
"27000";"86822203";"27000";"13";"1";"1";"7";"8";"0";"1";"1";"1";"0"
"27001";"86822203";"27001";"13";"1";"1";"7";"6";"0";"2";"1";"1";"0"
"27002";"86822203";"27002";"13";"1";"3";"1";"4";"0";"1";"1";"1";"0"
"27003";"86822203";"27003";"13";"1";"3";"1";"9";"0";"1";"2";"1";"0"
"27004";"86822203";"27004";"13";"1";"1";"7";"6";"0";"1";"1";"1";"0"
"27005";"86822203";"27005";"13";"1";"1";"7";"4";"0";"1";"1";"1";"0"
"27006";"86822203";"27006";"13";"1";"1";"7";"6";"0";"1";"0";"1";"0"
"27007";"86822203";"27007";"13";"1";"1";"7";"6";"0";"1";"3";"1";"0"
"27008";"86822203";"27008";"13";"3";"1";"7";"3";"0";"1";"1";"1";"0"
"27104";"86823304";"27104";"13";"1";"1";"7";"6";"0";"1";"1";"1";"0"
"27272";"86824407";"27272";"13";"1";"1";"7";"6";"0";"1";"1";"1";"0"
"27276";"86824407";"27276";"13";"1";"1";"7";"4";"1";"0";"1";"2";"0"
"27279";"86824407";"27279";"13";"3";"1";"7";"4";"0";"1";"1";"1";"0"
"27283";"86824407";"27283";"13";"3";"1";"7";"6";"0";"2";"0";"1";"0"
"27325";"86825203";"27325";"13";"1";"1";"7";"4";"0";"1";"1";"1";"0"
"27327";"86825203";"27327";"13";"1";"1";"7";"6";"0";"1";"1";"1";"0"
"27393";"86826102";"27393";"13";"1";"1";"7";"5";"0";"1";"1";"1";"0"
"27413";"86826201";"27413";"13";"1";"1";"7";"6";"0";"1";"1";"1";"0"
"27414";"86826201";"27414";"13";"1";"1";"7";"6";"0";"1";"1";"1";"0"
"27416";"86826201";"27416";"13";"3";"1";"7";"6";"0";"1";"5";"1";"0"
"27418";"86826201";"27418";"13";"3";"1";"7";"6";"0";"1";"3";"1";"0"
"27421";"86826201";"27421";"13";"1";"1";"7";"6";"0";"2";"3";"1";"0"
"27425";"86826201";"27425";"13";"3";"1";"7";"4";"0";"1";"1";"1";"0"
"27427";"86826201";"27427";"13";"3";"2";"1";"6";"0";"1";"1";"1";"0"
"27429";"86826201";"27429";"13";"3";"1";"7";"6";"0";"1";"2";"1";"0"
"27431";"86826201";"27431";"13";"1";"1";"7";"3";"0";"1";"1";"1";"0"
"27433";"86826201";"27433";"13";"3";"1";"7";"6";"0";"1";"0";"1";"0"
"27434";"86826201";"27434";"13";"1";"1";"7";"3";"0";"1";"0";"1";"0"
"27437";"86826201";"27437";"13";"2";"1";"7";"5";"2";"0";"1";"2";"0"
"27439";"86826201";"27439";"13";"3";"1";"7";"6";"1";"0";"2";"2";"0"
"27474";"86827306";"27474";"13";"1";"1";"7";"4";"0";"1";"1";"1";"0"
"27711";"86833408";"27711";"13";"3";"3";"1";"6";"0";"1";"1";"1";"0"
"27741";"86833505";"27741";"13";"1";"1";"7";"4";"0";"1";"1";"1";"0"
"27800";"86834202";"27800";"13";"3";"1";"7";"6";"0";"2";"1";"1";"0"
"27801";"86834202";"27801";"13";"1";"1";"7";"4";"0";"1";"1";"1";"0"
"27809";"86834301";"27809";"13";"1";"1";"7";"6";"0";"1";"2";"1";"0"
"27811";"86834301";"27811";"13";"3";"3";"2";"6";"0";"1";"2";"1";"0"
"27822";"86834303";"27822";"13";"3";"1";"7";"4";"0";"1";"1";"1";"0"
"27823";"86834303";"27823";"13";"1";"3";"2";"6";"0";"2";"2";"1";"0"
"27824";"86834303";"27824";"13";"3";"3";"2";"6";"0";"2";"0";"1";"0"
"27827";"86834304";"27827";"13";"3";"1";"7";"6";"0";"1";"3";"1";"0"
"27864";"86835103";"27864";"13";"3";"1";"1";"5";"0";"1";"1";"1";"0"
"27865";"86835103";"27865";"13";"3";"1";"7";"6";"0";"3";"0";"1";"0"
"27866";"86835103";"27866";"13";"1";"3";"1";"4";"0";"1";"1";"1";"0"
"27867";"86835103";"27867";"13";"3";"1";"1";"6";"0";"1";"0";"1";"0"
"27870";"86835103";"27870";"13";"1";"1";"7";"6";"0";"1";"1";"1";"0"
"27872";"86835103";"27872";"13";"1";"1";"7";"4";"0";"1";"1";"1";"0"
"27875";"86835105";"27875";"13";"1";"1";"7";"6";"1";"0";"1";"2";"0"
"27885";"86835501";"27885";"13";"1";"1";"7";"4";"1";"0";"1";"2";"0"
"27886";"86835501";"27886";"13";"1";"1";"7";"6";"0";"1";"1";"1";"0"
"27887";"86835501";"27887";"13";"1";"1";"7";"6";"0";"1";"1";"1";"0"
"27888";"86835501";"27888";"13";"1";"1";"7";"6";"0";"1";"0";"1";"0"
"27922";"86836502";"27922";"13";"1";"1";"1";"4";"0";"1";"1";"1";"0"
"27924";"86836502";"27924";"13";"3";"3";"1";"8";"0";"1";"1";"1";"0"
"27925";"86836502";"27925";"13";"1";"1";"7";"4";"0";"1";"1";"1";"0"
"27927";"86836502";"27927";"13";"1";"1";"7";"6";"0";"1";"2";"1";"0"