"accident_id";"lieu_id";"date_id";"cause_id";"lum_id";"intemp_id";"etat_surface_id";"impliq_id";"nb_blesses_graves";"nb_blesses_legers";"nb_indemnes";"gravite";"nb_morts"
"27928";"86836502";"27928";"13";"1";"3";"1";"6";"0";"1";"1";"1";"0"
"27950";"86841308";"27950";"13";"3";"1";"7";"6";"0";"1";"0";"1";"0"
"27951";"86841308";"27951";"13";"1";"1";"7";"4";"0";"1";"1";"1";"0"
"27952";"86841308";"27952";"13";"3";"1";"7";"4";"0";"1";"1";"1";"0"
"27954";"86841308";"27954";"13";"1";"1";"7";"6";"0";"1";"1";"1";"0"
"27957";"86841308";"27957";"13";"1";"1";"7";"6";"0";"1";"1";"1";"0"
"27958";"86841308";"27958";"13";"1";"1";"7";"5";"0";"1";"0";"1";"0"
"27960";"86841310";"27960";"13";"1";"1";"7";"4";"0";"1";"1";"1";"0"
"27962";"86841311";"27962";"13";"3";"1";"7";"3";"0";"1";"1";"1";"0"
"27963";"86841311";"27963";"13";"1";"3";"2";"4";"0";"1";"1";"1";"0"
"27964";"86841311";"27964";"13";"3";"3";"2";"4";"0";"1";"1";"1";"0"
"27965";"86841311";"27965";"13";"1";"1";"7";"3";"0";"1";"1";"1";"0"
"27968";"86841312";"27968";"13";"1";"1";"7";"4";"0";"1";"1";"1";"0"
"27991";"86842103";"27991";"13";"3";"1";"7";"6";"0";"1";"1";"1";"0"
"27993";"86842201";"27993";"13";"1";"1";"7";"4";"0";"1";"1";"1";"0"
"27994";"86842201";"27994";"13";"1";"1";"7";"3";"0";"1";"1";"1";"0"
"27996";"86842201";"27996";"13";"1";"1";"7";"6";"0";"1";"1";"1";"0"
"27999";"86842302";"26343";"13";"1";"1";"7";"6";"0";"2";"0";"1";"0"
"28010";"86842311";"28010";"13";"2";"1";"7";"4";"0";"1";"1";"1";"0"
"28011";"86842311";"28011";"13";"3";"1";"7";"6";"0";"1";"2";"1";"0"
"28017";"86843209";"28017";"13";"1";"1";"7";"6";"0";"1";"2";"1";"0"
"28019";"86843209";"28019";"13";"1";"1";"7";"6";"0";"2";"1";"1";"0"
"28020";"86843209";"28020";"13";"1";"1";"7";"6";"0";"3";"1";"1";"0"
"28021";"86843209";"28021";"13";"1";"1";"7";"6";"0";"1";"1";"1";"0"
"28023";"86843209";"28023";"13";"1";"1";"7";"6";"0";"2";"2";"1";"0"
"28024";"86843209";"28024";"13";"2";"1";"7";"4";"0";"1";"1";"1";"0"
"28025";"86843209";"28025";"13";"1";"1";"7";"7";"0";"1";"1";"1";"0"
"28027";"86843209";"28027";"13";"1";"1";"7";"7";"1";"0";"1";"2";"0"
"28028";"86843209";"28028";"13";"3";"2";"1";"6";"0";"2";"1";"1";"0"
"28029";"86843209";"28029";"13";"3";"1";"7";"6";"1";"0";"0";"3";"0"
"28030";"86843209";"28030";"13";"3";"1";"7";"6";"0";"1";"1";"1";"0"
"28032";"86843209";"28032";"13";"1";"1";"7";"6";"0";"1";"1";"3";"0"
"28034";"86843209";"28034";"13";"1";"1";"7";"6";"0";"1";"1";"1";"0"
"28035";"86843209";"28035";"13";"1";"1";"7";"6";"0";"2";"1";"1";"0"
"28049";"86844102";"27632";"13";"1";"1";"1";"4";"0";"1";"1";"1";"0"
"28050";"86844102";"28050";"13";"1";"1";"7";"6";"1";"0";"1";"2";"0"
"28053";"86844102";"28053";"13";"1";"1";"7";"3";"0";"1";"1";"1";"0"
"28054";"86844102";"28054";"13";"1";"1";"7";"6";"0";"2";"2";"1";"0"
"28055";"86844102";"28055";"13";"1";"1";"7";"6";"0";"2";"2";"1";"0"
"28056";"86844102";"28056";"13";"1";"3";"2";"4";"1";"0";"1";"2";"0"
"28057";"86844102";"28057";"13";"1";"6";"1";"4";"0";"1";"1";"1";"0"
"28058";"86844102";"28058";"13";"1";"1";"7";"6";"0";"2";"1";"1";"0"
"28059";"86844102";"28059";"13";"1";"2";"1";"6";"1";"0";"1";"2";"0"
"28060";"86844102";"28060";"13";"1";"3";"1";"4";"0";"1";"1";"1";"0"
"28062";"86844102";"28062";"13";"1";"1";"7";"6";"0";"1";"1";"1";"0"
"28063";"86844102";"28063";"13";"1";"1";"7";"5";"0";"1";"2";"1";"0"
"28064";"86844102";"28064";"13";"1";"1";"7";"6";"0";"3";"2";"1";"0"
"28065";"86844102";"28065";"13";"1";"3";"1";"6";"1";"0";"3";"2";"0"
"28066";"86844102";"28066";"13";"1";"1";"7";"6";"0";"1";"2";"1";"0"
"28067";"86844102";"28067";"13";"3";"1";"7";"6";"0";"1";"1";"1";"0"
"28068";"86844102";"28068";"13";"1";"1";"7";"6";"0";"2";"1";"1";"0"
"28087";"86844406";"28087";"13";"1";"3";"1";"6";"0";"3";"2";"1";"0"
"28089";"86844406";"28089";"13";"1";"3";"2";"6";"0";"3";"0";"1";"0"
"28090";"86844406";"28090";"13";"1";"2";"2";"6";"0";"1";"0";"1";"0"
"28091";"86844406";"28091";"13";"1";"1";"7";"6";"0";"2";"0";"1";"0"
"28093";"86844406";"28093";"13";"1";"1";"7";"6";"0";"2";"0";"1";"0"
"28094";"86844406";"28094";"13";"1";"1";"7";"6";"0";"2";"0";"1";"0"
"28095";"86844406";"28095";"13";"1";"1";"7";"3";"0";"1";"1";"1";"0"
"28096";"86844406";"28096";"13";"1";"3";"2";"6";"1";"1";"2";"2";"0"
"28097";"86844406";"28097";"13";"1";"3";"2";"6";"0";"2";"1";"1";"0"
"28098";"86844406";"28098";"13";"1";"1";"7";"6";"1";"0";"2";"2";"0"
"28099";"86844406";"28099";"13";"1";"1";"7";"6";"0";"1";"1";"1";"0"
"28102";"86844406";"28102";"13";"1";"1";"7";"6";"0";"1";"1";"1";"0"
"28103";"86844406";"28103";"13";"3";"1";"7";"6";"0";"2";"2";"1";"0"
"28104";"86844406";"28104";"13";"2";"3";"1";"6";"0";"1";"2";"1";"0"
"28105";"86844406";"28105";"13";"1";"1";"7";"4";"0";"1";"1";"1";"0"
"28106";"86844406";"28106";"13";"3";"1";"7";"6";"0";"4";"0";"1";"0"
"28107";"86844406";"20094";"13";"3";"3";"1";"6";"0";"2";"2";"1";"0"
"28110";"86844406";"28110";"13";"2";"3";"1";"6";"0";"1";"2";"1";"0"
"28111";"86844406";"28111";"13";"3";"1";"1";"6";"0";"3";"0";"1";"0"
"28112";"86844406";"28112";"13";"1";"3";"1";"6";"0";"5";"0";"1";"0"
"28113";"86844406";"28113";"13";"1";"3";"1";"6";"0";"5";"0";"1";"0"
"28114";"86844406";"28114";"13";"1";"1";"7";"6";"0";"2";"2";"1";"0"
"28115";"86844406";"28115";"13";"1";"6";"1";"6";"0";"2";"1";"1";"0"
"28116";"86844406";"17570";"13";"3";"1";"7";"6";"0";"2";"1";"1";"0"
"28117";"86844406";"28117";"13";"1";"1";"7";"3";"0";"1";"1";"1";"0"
"28118";"86844406";"28118";"13";"1";"1";"7";"6";"0";"1";"1";"1";"0"
"28119";"86844406";"28119";"13";"1";"1";"7";"6";"0";"2";"1";"1";"0"
"28120";"86844406";"28120";"13";"1";"1";"7";"6";"0";"3";"1";"1";"0"
"28121";"86844406";"28121";"13";"1";"1";"7";"7";"0";"3";"1";"1";"0"
"28122";"86844406";"28122";"13";"1";"2";"1";"6";"0";"1";"1";"1";"0"
"28123";"86844406";"28123";"13";"1";"1";"7";"6";"0";"1";"1";"1";"0"
"28132";"86845103";"28132";"13";"3";"1";"7";"4";"0";"1";"1";"1";"0"
"28137";"86845105";"28137";"13";"1";"1";"7";"4";"0";"1";"1";"1";"0"
"28139";"86845105";"28139";"13";"1";"1";"7";"6";"0";"1";"1";"1";"0"
"28140";"86845105";"28140";"13";"3";"3";"2";"4";"0";"1";"1";"1";"0"
"28141";"86845105";"28141";"13";"1";"1";"7";"6";"0";"2";"1";"1";"0"
"28142";"86845105";"28142";"13";"1";"1";"7";"6";"0";"2";"1";"1";"0"
"28147";"86845105";"28147";"13";"1";"1";"7";"6";"0";"1";"1";"1";"0"
"28148";"86845105";"28148";"13";"1";"1";"7";"4";"0";"1";"1";"1";"0"
"28149";"86845105";"28149";"13";"1";"1";"7";"6";"0";"1";"1";"1";"0"
"28150";"86845105";"28150";"13";"1";"1";"7";"3";"0";"1";"1";"1";"0"
"28151";"86845105";"28151";"13";"3";"4";"4";"6";"0";"1";"1";"1";"0"
"28152";"86845105";"28152";"13";"1";"1";"7";"4";"0";"1";"1";"1";"0"
"28212";"86851202";"28212";"13";"3";"1";"7";"3";"0";"1";"1";"1";"0"
"28215";"86851203";"28215";"13";"3";"1";"7";"5";"0";"1";"1";"1";"0"
"28240";"86852301";"28240";"13";"1";"1";"7";"6";"0";"4";"0";"1";"0"
"28241";"86852301";"28241";"13";"1";"1";"1";"6";"0";"1";"1";"1";"0"
"28242";"86852301";"28242";"13";"3";"1";"7";"6";"0";"1";"1";"1";"0"
"28246";"86852402";"28246";"13";"3";"1";"7";"6";"0";"1";"1";"1";"0"
"28268";"86855201";"28268";"13";"1";"1";"7";"4";"0";"1";"1";"1";"0"
"28368";"86862504";"28368";"13";"1";"1";"2";"6";"0";"1";"0";"1";"0"
"28370";"86862504";"28370";"13";"1";"1";"1";"6";"1";"0";"1";"2";"0"
"28374";"86863303";"28374";"13";"1";"3";"2";"6";"0";"1";"1";"1";"0"
"28377";"86863303";"28377";"13";"3";"1";"7";"6";"0";"2";"0";"1";"0"
"28379";"86863303";"28379";"13";"3";"1";"1";"6";"0";"1";"2";"1";"0"
"28380";"86863303";"28380";"13";"3";"1";"7";"6";"0";"4";"0";"1";"0"
"28381";"86863303";"28381";"13";"1";"1";"7";"6";"0";"1";"2";"1";"0"
"28382";"86863303";"28382";"13";"3";"3";"1";"6";"0";"4";"0";"1";"0"
"28383";"86863303";"28383";"13";"1";"1";"7";"6";"0";"1";"2";"1";"0"
"28384";"86863303";"28384";"13";"1";"1";"7";"6";"0";"1";"1";"1";"0"
"28385";"86863303";"28385";"13";"3";"1";"1";"6";"0";"2";"2";"1";"0"
"28404";"86863401";"28404";"13";"1";"1";"7";"4";"0";"1";"1";"1";"0"
"28428";"86871205";"28428";"13";"2";"6";"2";"4";"0";"1";"0";"1";"0"
"28430";"86871205";"28430";"13";"1";"1";"7";"6";"0";"1";"1";"1";"0"
"28437";"86871207";"28437";"13";"1";"1";"7";"4";"0";"1";"1";"1";"0"
"28451";"86871303";"28451";"13";"1";"1";"7";"4";"0";"1";"1";"1";"0"
"28460";"86872210";"28460";"13";"1";"1";"7";"6";"0";"1";"1";"1";"0"
"28492";"86873203";"28492";"13";"1";"1";"7";"6";"1";"0";"1";"2";"0"
"28493";"86873203";"28493";"13";"3";"2";"2";"6";"0";"1";"1";"1";"0"
"28494";"86873203";"28494";"13";"3";"4";"3";"6";"1";"1";"0";"2";"0"
"28498";"86873203";"28498";"13";"1";"1";"7";"6";"0";"1";"1";"1";"0"
"28500";"86873203";"28500";"13";"3";"1";"7";"6";"0";"1";"1";"1";"0"
"28506";"86873404";"28506";"13";"3";"3";"1";"6";"0";"1";"2";"1";"0"
"28507";"86873404";"21484";"13";"1";"2";"2";"6";"0";"1";"2";"1";"0"
"28508";"86873404";"28508";"13";"3";"1";"1";"4";"0";"1";"1";"1";"0"
"28509";"86873404";"28509";"13";"1";"1";"1";"6";"0";"1";"1";"1";"0"
"28513";"86873404";"28513";"13";"1";"2";"1";"6";"0";"2";"0";"1";"0"
"28524";"86874406";"28524";"13";"1";"1";"1";"4";"0";"1";"1";"1";"0"
"28530";"86875505";"28530";"13";"1";"2";"1";"5";"0";"1";"1";"1";"0"
"28548";"86876501";"28548";"13";"3";"3";"1";"4";"0";"1";"1";"1";"0"
"28595";"87732501";"28595";"13";"1";"3";"2";"4";"1";"0";"1";"2";"0"
"28596";"87732501";"28596";"13";"3";"1";"7";"6";"0";"2";"1";"1";"0"
"28615";"87792404";"28615";"13";"1";"1";"7";"6";"0";"2";"0";"1";"0"
"28616";"87792404";"28616";"13";"3";"1";"7";"6";"1";"1";"0";"2";"0"
"28618";"87792404";"28618";"13";"1";"1";"7";"6";"0";"1";"1";"1";"0"
"28619";"87792404";"28619";"13";"1";"1";"7";"6";"0";"1";"1";"1";"0"
"28654";"87797504";"28654";"13";"1";"3";"1";"3";"0";"2";"0";"1";"0"
"28655";"87797504";"28655";"13";"3";"1";"7";"6";"0";"2";"1";"1";"0"
"28673";"87801504";"28673";"13";"3";"1";"7";"6";"0";"1";"1";"1";"0"
"28713";"87802501";"28713";"13";"1";"3";"1";"6";"0";"1";"1";"1";"0"
"28715";"87802507";"28715";"13";"3";"1";"1";"4";"0";"1";"1";"1";"0"
"28716";"87802507";"28716";"13";"1";"1";"7";"6";"1";"2";"0";"2";"0"
"28717";"87802507";"28717";"13";"1";"1";"7";"4";"0";"1";"1";"1";"0"
"28718";"87802507";"28718";"13";"3";"1";"7";"6";"1";"3";"0";"3";"0"
"28833";"87811101";"28833";"13";"1";"3";"1";"4";"0";"1";"1";"1";"0"
"28907";"87811404";"28907";"13";"1";"1";"7";"6";"0";"2";"1";"1";"0"
"28908";"87811405";"28908";"13";"1";"3";"2";"6";"0";"1";"2";"1";"0"
"28909";"87811405";"28909";"13";"3";"1";"7";"8";"0";"1";"1";"1";"0"
"28911";"87811405";"28911";"13";"1";"1";"7";"4";"0";"1";"1";"1";"0"
"28912";"87811405";"28912";"13";"1";"1";"7";"6";"0";"1";"1";"1";"0"
"28913";"87811405";"28913";"13";"1";"1";"7";"4";"0";"1";"1";"1";"0"
"28915";"87811406";"28915";"13";"1";"1";"7";"6";"0";"2";"0";"1";"0"
"28916";"87811406";"28916";"13";"1";"1";"7";"6";"0";"1";"1";"1";"0"
"28917";"87811406";"28917";"13";"1";"3";"2";"6";"0";"1";"1";"1";"0"
"28918";"87811406";"28918";"13";"3";"1";"7";"6";"0";"1";"1";"1";"0"
"28920";"87811406";"28920";"13";"1";"1";"7";"6";"0";"1";"1";"1";"0"
"28921";"87811406";"28921";"13";"1";"3";"2";"6";"1";"0";"1";"2";"0"
"28922";"87811406";"28922";"13";"3";"1";"7";"6";"0";"3";"1";"1";"0"
"28924";"87811406";"2515";"13";"2";"3";"1";"6";"1";"0";"1";"2";"0"
"28925";"87811406";"28925";"13";"1";"1";"7";"4";"0";"1";"1";"1";"0"
"28926";"87811406";"28926";"13";"3";"1";"7";"6";"0";"2";"1";"1";"0"
"28927";"87811406";"28927";"13";"3";"3";"1";"6";"0";"4";"3";"1";"0"
"28929";"87811406";"28929";"13";"3";"1";"1";"6";"0";"1";"1";"1";"0"
"29072";"87814305";"29072";"13";"1";"1";"7";"6";"0";"1";"1";"1";"0"
"29081";"87817207";"29081";"13";"1";"3";"1";"4";"0";"1";"1";"1";"0"
"29104";"87821302";"29104";"13";"1";"1";"7";"6";"0";"1";"1";"1";"0"
"29239";"87826101";"29239";"13";"1";"1";"7";"3";"0";"1";"1";"1";"0"
"29240";"87826101";"29240";"13";"1";"1";"7";"6";"0";"2";"2";"1";"0"
"29241";"87826101";"29241";"13";"1";"3";"1";"6";"0";"4";"0";"1";"0"
"29242";"87826101";"29242";"13";"1";"1";"7";"4";"0";"1";"1";"1";"0"
"29243";"87826101";"29243";"13";"1";"3";"1";"4";"0";"1";"2";"1";"0"
"29244";"87826101";"29244";"13";"3";"1";"7";"4";"0";"1";"1";"1";"0"
"29245";"87826101";"29245";"13";"3";"1";"7";"4";"0";"1";"1";"1";"0"
"29247";"87826101";"29247";"13";"1";"1";"7";"6";"0";"2";"1";"1";"0"
"29398";"87841106";"29398";"13";"1";"1";"7";"6";"0";"1";"2";"1";"0"
"29416";"87842103";"29416";"13";"1";"1";"7";"4";"0";"1";"1";"1";"0"
"29418";"87842212";"29418";"13";"1";"1";"7";"5";"0";"1";"1";"3";"0"
"29452";"87845206";"29452";"13";"1";"1";"7";"4";"0";"1";"3";"1";"0"
"29456";"87845405";"29456";"13";"1";"1";"7";"6";"0";"1";"2";"1";"0"
"29462";"87846206";"29462";"13";"1";"1";"7";"6";"0";"1";"1";"1";"0"
"29463";"87846206";"29463";"13";"2";"1";"7";"6";"0";"2";"0";"1";"0"
"29464";"87846206";"29464";"13";"3";"1";"7";"6";"0";"2";"0";"1";"0"
"29465";"87846206";"29465";"13";"1";"1";"7";"3";"0";"2";"0";"1";"0"
"29466";"87846206";"29466";"13";"2";"1";"7";"6";"0";"2";"0";"1";"0"
"29467";"87846206";"29467";"13";"1";"1";"7";"6";"0";"1";"1";"1";"0"
"29469";"87846206";"29469";"13";"1";"1";"7";"3";"0";"1";"1";"1";"0"
"29513";"88784201";"29513";"13";"3";"1";"7";"5";"1";"1";"1";"2";"0"
"29522";"88791404";"29522";"13";"3";"1";"7";"6";"1";"0";"2";"2";"0"
"29523";"88791404";"29523";"13";"1";"1";"7";"6";"0";"1";"1";"1";"0"
"29562";"88802207";"29562";"13";"1";"3";"1";"6";"0";"1";"1";"1";"0"
"29571";"88804501";"29571";"13";"1";"1";"7";"4";"1";"0";"1";"2";"0"
"29573";"88804504";"29573";"13";"1";"7";"7";"3";"1";"0";"1";"2";"0"
"29579";"88805402";"29579";"13";"1";"1";"7";"6";"0";"1";"1";"1";"0"
"29592";"88817302";"29592";"13";"1";"1";"7";"6";"0";"1";"1";"1";"0"
"29594";"88817302";"8432";"13";"1";"3";"2";"4";"0";"1";"1";"1";"0"
"29617";"88831509";"29617";"13";"1";"1";"7";"4";"0";"1";"1";"1";"0"
"29621";"88832405";"29621";"13";"1";"1";"7";"4";"0";"1";"2";"1";"0"
"29658";"88841107";"29658";"13";"3";"1";"7";"6";"0";"2";"1";"1";"0"
"29696";"88844202";"29696";"13";"1";"1";"1";"4";"0";"1";"1";"1";"0"
"29699";"88844202";"29699";"13";"3";"1";"7";"6";"0";"1";"1";"1";"0"
"29701";"88844202";"29701";"13";"4";"1";"7";"6";"0";"3";"0";"1";"0"
"29702";"88844202";"29702";"13";"1";"1";"7";"4";"0";"2";"1";"1";"0"
"29704";"88844202";"29704";"13";"1";"3";"2";"3";"0";"1";"1";"1";"0"
"29706";"88844202";"29706";"13";"3";"1";"7";"4";"0";"1";"1";"1";"0"
"29708";"88844202";"29708";"13";"1";"3";"1";"4";"0";"1";"1";"1";"0"
"29709";"88844202";"29709";"13";"2";"1";"7";"4";"0";"1";"1";"1";"0"
"29710";"88844202";"29710";"13";"1";"1";"7";"4";"0";"1";"1";"1";"0"
"29712";"88844210";"29712";"13";"1";"1";"7";"6";"0";"1";"1";"1";"0"
"29713";"88844210";"29713";"13";"1";"3";"1";"4";"0";"1";"0";"1";"0"
"29714";"88844210";"29714";"13";"1";"1";"7";"6";"0";"2";"2";"1";"0"
"29723";"88845302";"18907";"13";"1";"1";"7";"5";"0";"1";"1";"1";"0"
"29724";"88845302";"29724";"13";"1";"3";"1";"8";"0";"1";"2";"1";"0"
"29730";"88846503";"29730";"13";"1";"3";"2";"6";"1";"0";"1";"2";"0"
"29742";"89761206";"29742";"13";"3";"1";"7";"4";"1";"0";"1";"2";"0"
"29748";"89811103";"29748";"13";"3";"1";"7";"6";"0";"1";"1";"1";"0"
"19168";"80911503";"19168";"13";"2";"1";"7";"5";"1";"0";"1";"2";"0"
"19172";"80914303";"19172";"13";"1";"1";"7";"6";"0";"1";"1";"1";"0"
"19174";"80915306";"19174";"13";"1";"1";"7";"3";"0";"1";"1";"1";"0"
"19175";"80915404";"19175";"13";"3";"3";"2";"6";"0";"2";"0";"1";"0"
"19177";"80915404";"19177";"13";"1";"1";"7";"6";"0";"2";"0";"1";"0"
"19179";"80915504";"19179";"13";"1";"1";"7";"5";"0";"1";"1";"1";"0"
"19185";"80917405";"19185";"13";"1";"1";"7";"3";"0";"1";"1";"1";"0"
"19248";"81722310";"19248";"13";"2";"1";"7";"6";"0";"1";"1";"1";"0"
"19249";"81722310";"19249";"13";"1";"3";"1";"6";"0";"2";"2";"1";"0"
"19268";"81724406";"19268";"13";"1";"1";"7";"6";"0";"2";"2";"1";"0"
"19279";"81727209";"19279";"13";"5";"1";"7";"4";"0";"1";"1";"1";"0"
"19284";"81731206";"19284";"13";"1";"1";"7";"5";"0";"1";"1";"1";"0"
"19290";"81735101";"19290";"13";"3";"3";"1";"4";"1";"0";"1";"2";"0"
"19291";"81735202";"19291";"13";"1";"1";"7";"6";"1";"1";"0";"2";"0"
"19292";"81735202";"19292";"13";"1";"1";"7";"4";"0";"1";"1";"1";"0"
"19293";"81735202";"19293";"13";"3";"1";"7";"8";"0";"1";"1";"1";"0"
"19294";"81735301";"19294";"13";"1";"1";"7";"6";"0";"1";"1";"1";"0"
"19295";"81735301";"19295";"13";"1";"1";"7";"6";"0";"3";"0";"1";"0"
"19296";"81735305";"19296";"13";"2";"1";"7";"6";"0";"1";"2";"1";"0"
"19298";"81735305";"19298";"13";"1";"1";"7";"6";"0";"1";"2";"1";"0"
"19299";"81736105";"19299";"13";"1";"1";"7";"6";"0";"1";"1";"1";"0"
"19301";"81736105";"19301";"13";"2";"3";"1";"5";"1";"2";"1";"2";"0"
"19337";"81751101";"19337";"13";"1";"3";"1";"4";"0";"1";"1";"1";"0"
"19373";"81754401";"19373";"13";"1";"1";"2";"6";"0";"1";"1";"1";"0"
"19383";"81755204";"19383";"13";"1";"3";"2";"5";"0";"1";"1";"1";"0"
"19385";"81755204";"19385";"13";"5";"1";"7";"6";"0";"1";"1";"1";"0"
"19386";"81755204";"19386";"13";"3";"1";"7";"6";"0";"1";"2";"1";"0"
"19387";"81755301";"19387";"13";"3";"2";"1";"6";"0";"1";"1";"1";"0"
"19394";"81755304";"19394";"13";"1";"3";"2";"6";"0";"1";"1";"1";"0"
"19398";"81755308";"19398";"13";"1";"1";"7";"4";"0";"2";"1";"1";"0"
"19411";"81756204";"19411";"13";"1";"1";"7";"6";"0";"1";"1";"1";"0"
"19416";"81757111";"19416";"13";"1";"2";"1";"6";"0";"4";"0";"1";"0"
"19417";"81757111";"19417";"13";"1";"1";"7";"4";"0";"1";"1";"1";"0"
"19467";"81762502";"19467";"13";"1";"1";"7";"4";"0";"2";"1";"1";"0"
"19468";"81762502";"19468";"13";"1";"1";"7";"6";"0";"2";"1";"1";"0"
"19496";"81763213";"19496";"13";"1";"1";"7";"6";"0";"2";"0";"1";"0"
"19497";"81763213";"19497";"13";"1";"1";"7";"6";"0";"1";"1";"1";"0"
"19498";"81763213";"19498";"13";"4";"3";"1";"6";"0";"1";"1";"1";"0"
"19499";"81763213";"19499";"13";"1";"2";"1";"6";"0";"1";"1";"1";"0"
"19500";"81763213";"19500";"13";"1";"1";"7";"6";"0";"1";"1";"1";"0"
"19501";"81763213";"19501";"13";"3";"3";"1";"6";"0";"2";"0";"3";"0"
"19502";"81763213";"19502";"13";"1";"3";"2";"6";"0";"1";"1";"1";"0"
"19503";"81763213";"19503";"13";"1";"1";"7";"6";"0";"1";"1";"1";"0"
"19504";"81763213";"19504";"13";"1";"1";"7";"6";"0";"2";"2";"1";"0"
"19505";"81763213";"19505";"13";"1";"3";"2";"6";"0";"2";"2";"1";"0"
"19512";"81763307";"19512";"13";"2";"1";"7";"5";"1";"0";"1";"2";"0"
"19513";"81763307";"19513";"13";"1";"1";"7";"5";"0";"1";"1";"1";"0"
"19516";"81763308";"19516";"13";"1";"1";"7";"4";"0";"1";"1";"1";"0"
"19521";"81763311";"19521";"13";"1";"1";"7";"6";"0";"1";"1";"1";"0"
"19522";"81763311";"19522";"13";"3";"1";"7";"6";"0";"4";"2";"1";"0"
"19523";"81763311";"19523";"13";"3";"1";"7";"6";"0";"3";"0";"1";"0"
"19528";"81763405";"19528";"13";"1";"1";"7";"6";"0";"1";"1";"1";"0"
"19552";"81764204";"19552";"13";"1";"1";"7";"6";"0";"2";"3";"1";"0"
"19556";"81764309";"19556";"13";"1";"1";"7";"4";"0";"1";"1";"1";"0"
"19576";"81765111";"6362";"13";"1";"1";"7";"6";"0";"4";"0";"1";"0"
"19592";"81765407";"19592";"13";"3";"3";"1";"6";"0";"1";"1";"1";"0"
"19598";"81766201";"19598";"13";"1";"3";"2";"4";"0";"1";"1";"1";"0"
"19601";"81766201";"19601";"13";"2";"1";"7";"4";"0";"1";"1";"1";"0"
"19623";"81766302";"19623";"13";"3";"1";"7";"6";"0";"1";"1";"1";"0"
"19641";"81766406";"19641";"13";"1";"1";"7";"4";"0";"2";"0";"1";"0"
"19703";"81773103";"19703";"13";"1";"1";"7";"6";"0";"1";"1";"1";"0"
"19704";"81773103";"19704";"13";"1";"1";"1";"6";"0";"2";"1";"1";"0"
"19705";"81773103";"19705";"13";"3";"1";"2";"4";"1";"1";"0";"2";"0"
"19706";"81773103";"19706";"13";"3";"1";"7";"6";"0";"4";"0";"1";"0"
"19707";"81773103";"19707";"13";"1";"1";"7";"8";"1";"1";"1";"2";"0"
"19708";"81773103";"19708";"13";"1";"1";"7";"3";"0";"2";"0";"1";"0"
"19709";"81773103";"19709";"13";"1";"1";"7";"6";"0";"2";"1";"1";"0"
"19753";"81776501";"19753";"13";"1";"7";"2";"4";"0";"1";"1";"1";"0"
"19754";"81776502";"19754";"13";"1";"1";"7";"6";"0";"1";"1";"1";"0"
"19796";"81783101";"19796";"13";"1";"1";"7";"6";"0";"1";"1";"1";"0"
"19840";"81787203";"19840";"13";"1";"1";"7";"6";"0";"1";"2";"1";"0"
"19841";"81787203";"19841";"13";"3";"1";"7";"4";"0";"1";"1";"1";"0"
"19842";"81787203";"19842";"13";"1";"1";"7";"6";"0";"1";"1";"1";"0"
"19843";"81787203";"19843";"13";"1";"1";"7";"6";"0";"1";"1";"1";"0"
"19844";"81787203";"19844";"13";"1";"1";"7";"4";"0";"1";"1";"1";"0"
"19845";"81787203";"19845";"13";"3";"1";"1";"7";"0";"1";"1";"1";"0"
"19846";"81787203";"19846";"13";"1";"1";"1";"6";"0";"3";"0";"1";"0"
"19849";"81787203";"19849";"13";"3";"3";"1";"6";"0";"2";"1";"1";"0"
"19850";"81787203";"19850";"13";"1";"1";"2";"6";"0";"1";"1";"1";"0"
"19851";"81787203";"19851";"13";"1";"3";"2";"6";"0";"1";"1";"1";"0"
"19865";"81791503";"19865";"13";"1";"1";"7";"6";"0";"1";"1";"1";"0"
"19869";"81791503";"19869";"13";"1";"1";"7";"4";"0";"1";"1";"1";"0"
"19870";"81791503";"19870";"13";"3";"3";"1";"6";"0";"1";"0";"1";"0"
"19871";"81791503";"19871";"13";"1";"3";"1";"5";"0";"1";"1";"1";"0"
"19892";"81794305";"19892";"13";"1";"1";"7";"4";"0";"1";"1";"1";"0"
"19894";"81794504";"19894";"13";"1";"1";"7";"4";"1";"0";"1";"2";"0"
"19895";"81794504";"19895";"13";"1";"1";"7";"4";"1";"0";"1";"2";"0"
"19896";"81794504";"19896";"13";"1";"1";"7";"6";"0";"1";"1";"1";"0"
"19897";"81794504";"19897";"13";"3";"3";"1";"6";"0";"2";"1";"1";"0"
"19898";"81794504";"19898";"13";"1";"1";"1";"4";"0";"1";"1";"1";"0"
"19903";"81794504";"19903";"13";"1";"1";"7";"4";"0";"1";"1";"1";"0"
"19904";"81794504";"19904";"13";"1";"1";"7";"4";"0";"1";"1";"1";"0"
"19906";"81794504";"19906";"13";"1";"1";"7";"4";"0";"1";"1";"1";"0"
"19908";"81794504";"19908";"13";"1";"1";"7";"6";"0";"2";"0";"1";"0"