"accident_id";"lieu_id";"date_id";"cause_id";"lum_id";"intemp_id";"etat_surface_id";"impliq_id";"nb_blesses_graves";"nb_blesses_legers";"nb_indemnes";"gravite";"nb_morts"
"19910";"81794504";"19910";"13";"3";"1";"2";"4";"0";"1";"1";"1";"0"
"19982";"81806405";"19982";"13";"1";"1";"7";"6";"0";"1";"2";"1";"0"
"19987";"81806405";"19987";"13";"1";"1";"7";"4";"1";"0";"1";"2";"0"
"19988";"81806405";"19988";"13";"1";"1";"7";"4";"0";"1";"1";"1";"0"
"19999";"81807405";"19999";"13";"3";"1";"7";"4";"1";"0";"2";"2";"0"
"20000";"81807405";"20000";"13";"1";"1";"7";"4";"0";"1";"2";"1";"0"
"20001";"81807405";"20001";"13";"2";"1";"7";"4";"1";"0";"1";"2";"0"
"20034";"81816301";"20034";"13";"1";"1";"7";"6";"0";"1";"0";"1";"0"
"20042";"81826203";"20042";"13";"3";"3";"2";"6";"1";"0";"1";"2";"0"
"20043";"81826203";"20043";"13";"1";"1";"7";"6";"0";"4";"0";"1";"0"
"20048";"81833505";"20048";"13";"1";"1";"7";"6";"0";"3";"1";"1";"0"
"20049";"81833505";"20049";"13";"2";"1";"7";"4";"0";"1";"1";"1";"0"
"20050";"81833505";"20050";"13";"1";"3";"1";"3";"1";"0";"1";"2";"0"
"20051";"81834113";"20051";"13";"1";"1";"7";"6";"0";"1";"2";"1";"0"
"20052";"81834113";"20052";"13";"1";"2";"2";"6";"0";"1";"1";"1";"0"
"20069";"81842105";"20069";"13";"1";"3";"2";"6";"0";"1";"1";"1";"0"
"20070";"81842105";"20070";"13";"3";"1";"7";"3";"0";"1";"1";"1";"0"
"20071";"81842105";"20071";"13";"3";"1";"7";"6";"0";"1";"1";"1";"0"
"20072";"81842105";"20072";"13";"1";"1";"7";"5";"1";"0";"1";"2";"0"
"20073";"81842105";"20073";"13";"3";"1";"7";"6";"0";"1";"1";"1";"0"
"20074";"81842105";"20074";"13";"1";"1";"7";"4";"1";"0";"1";"2";"0"
"20075";"81842105";"20075";"13";"1";"1";"7";"3";"1";"0";"1";"2";"0"
"20093";"81872413";"20093";"13";"1";"1";"7";"5";"1";"0";"1";"2";"0"
"20101";"81874306";"20101";"13";"1";"1";"7";"3";"0";"1";"1";"1";"0"
"20107";"81881205";"20107";"13";"1";"1";"7";"6";"0";"2";"2";"1";"0"
"20108";"81881205";"20108";"13";"3";"1";"7";"6";"0";"1";"1";"1";"0"
"20111";"81881502";"20111";"13";"1";"1";"7";"6";"0";"3";"1";"1";"0"
"20112";"81882206";"20112";"13";"1";"1";"7";"4";"0";"1";"1";"1";"0"
"20114";"81882206";"20114";"13";"1";"2";"2";"6";"0";"1";"1";"1";"0"
"20117";"81882316";"20117";"13";"3";"1";"7";"6";"0";"1";"0";"1";"0"
"20118";"81882316";"20118";"13";"3";"3";"2";"6";"0";"1";"1";"1";"0"
"20119";"81882316";"20119";"13";"1";"1";"7";"3";"0";"1";"1";"1";"0"
"20121";"81883104";"9579";"13";"1";"1";"7";"5";"0";"1";"1";"1";"0"
"20122";"81883305";"20122";"13";"1";"1";"7";"6";"0";"1";"1";"1";"0"
"20125";"81893501";"20125";"13";"1";"1";"7";"6";"1";"0";"1";"2";"0"
"20128";"81893501";"20128";"13";"1";"1";"7";"6";"0";"4";"0";"1";"0"
"20129";"81893501";"20129";"13";"1";"2";"2";"6";"2";"1";"0";"2";"0"
"20130";"81893501";"20130";"13";"1";"2";"1";"6";"0";"8";"1";"1";"0"
"20132";"81893501";"20132";"13";"1";"1";"7";"6";"1";"0";"1";"2";"0"
"20133";"81893501";"20133";"13";"1";"1";"7";"6";"2";"0";"1";"2";"0"
"20134";"81893501";"20134";"13";"1";"1";"7";"5";"3";"0";"0";"2";"0"
"20135";"81893501";"20135";"13";"1";"1";"7";"6";"0";"1";"1";"1";"0"
"20136";"81893501";"20136";"13";"1";"1";"7";"6";"0";"2";"0";"1";"0"
"20137";"81893501";"20137";"13";"1";"1";"7";"6";"1";"2";"0";"2";"0"
"20138";"81893501";"20138";"13";"3";"3";"1";"6";"0";"5";"0";"1";"0"
"20140";"81893501";"20140";"13";"1";"3";"1";"6";"0";"2";"0";"1";"0"
"20141";"81893501";"20141";"13";"3";"1";"1";"5";"0";"2";"0";"1";"0"
"20143";"81893501";"20143";"13";"3";"1";"1";"6";"0";"3";"1";"1";"0"
"20146";"81907301";"5705";"13";"1";"3";"2";"6";"1";"1";"0";"2";"0"
"20148";"81907301";"20148";"13";"1";"3";"1";"6";"0";"1";"1";"1";"0"
"20149";"81907301";"20149";"13";"1";"1";"7";"6";"0";"2";"0";"1";"0"
"20150";"81907301";"20150";"13";"1";"1";"7";"6";"1";"0";"4";"2";"0"
"20151";"81907301";"20151";"13";"2";"1";"7";"6";"0";"1";"1";"1";"0"
"20152";"81907301";"20152";"13";"3";"1";"7";"6";"0";"3";"0";"1";"0"
"20153";"81907301";"20153";"13";"1";"1";"7";"6";"1";"1";"0";"2";"0"
"20154";"81907301";"20154";"13";"1";"1";"7";"3";"0";"1";"1";"1";"0"
"20155";"81907301";"20155";"13";"1";"7";"7";"3";"0";"1";"1";"1";"0"
"20156";"81907301";"20156";"13";"1";"1";"7";"3";"0";"1";"1";"1";"0"
"20158";"81907301";"20158";"13";"1";"1";"7";"6";"0";"1";"1";"1";"0"
"20159";"81907301";"20159";"13";"1";"3";"1";"7";"0";"3";"1";"1";"0"
"20160";"81907301";"20160";"13";"1";"1";"7";"6";"1";"0";"2";"2";"0"
"20162";"81907301";"20162";"13";"1";"3";"1";"6";"0";"1";"0";"1";"0"
"20163";"81907301";"20163";"13";"1";"1";"7";"6";"0";"3";"0";"1";"0"
"20164";"81907301";"20164";"13";"1";"1";"7";"6";"0";"4";"0";"1";"0"
"20165";"81907301";"20165";"13";"1";"1";"7";"6";"0";"1";"0";"1";"0"
"20168";"81911403";"20168";"13";"1";"1";"7";"5";"0";"1";"1";"1";"0"
"20170";"81912308";"20170";"13";"1";"1";"7";"5";"1";"0";"1";"2";"0"
"20173";"82697503";"20173";"13";"1";"2";"2";"3";"0";"1";"1";"1";"0"
"20176";"82705304";"20176";"13";"1";"1";"7";"6";"0";"1";"1";"1";"0"
"20178";"82706101";"20178";"13";"1";"1";"7";"6";"0";"1";"1";"1";"0"
"20187";"82707102";"20187";"13";"1";"1";"7";"7";"0";"1";"1";"1";"0"
"20188";"82707301";"20188";"13";"1";"1";"7";"7";"0";"3";"0";"1";"0"
"20189";"82707301";"20189";"13";"2";"4";"4";"7";"1";"0";"1";"2";"0"
"20193";"82712201";"20193";"13";"3";"1";"1";"6";"0";"1";"3";"1";"0"
"20194";"82712203";"20194";"13";"1";"1";"7";"6";"0";"1";"0";"1";"0"
"20200";"82713207";"20200";"13";"1";"3";"1";"3";"1";"1";"0";"2";"0"
"20202";"82713301";"20202";"13";"3";"1";"7";"6";"0";"3";"0";"1";"0"
"20203";"82713301";"20203";"13";"3";"3";"1";"6";"1";"1";"1";"2";"0"
"20230";"82721206";"20230";"13";"1";"1";"7";"6";"0";"2";"1";"1";"0"
"20236";"82733201";"20236";"13";"1";"1";"7";"3";"0";"1";"1";"1";"0"
"20252";"82743423";"20252";"13";"3";"1";"2";"6";"0";"1";"1";"1";"0"
"20253";"82743423";"20253";"13";"1";"1";"1";"4";"0";"1";"1";"1";"0"
"20254";"82743423";"20254";"13";"1";"1";"7";"4";"0";"1";"1";"1";"0"
"20255";"82743423";"18158";"13";"1";"1";"7";"6";"0";"1";"1";"1";"0"
"20257";"82743423";"20257";"13";"2";"1";"7";"6";"0";"1";"1";"1";"0"
"20258";"82743423";"20258";"13";"1";"1";"7";"6";"0";"1";"1";"1";"0"
"20300";"82752301";"876";"13";"3";"1";"7";"3";"0";"1";"1";"1";"0"
"20320";"82753411";"20320";"13";"1";"1";"7";"6";"0";"1";"1";"1";"0"
"20356";"82755504";"20356";"13";"1";"2";"2";"6";"0";"1";"2";"1";"0"
"20371";"82756412";"20371";"13";"1";"1";"7";"6";"0";"4";"0";"1";"0"
"20372";"82756412";"20372";"13";"2";"2";"2";"6";"0";"1";"1";"1";"0"
"20373";"82756412";"20373";"13";"2";"1";"7";"6";"0";"1";"1";"1";"0"
"20374";"82756412";"20374";"13";"1";"3";"1";"6";"0";"1";"1";"1";"0"
"20375";"82756412";"20375";"13";"1";"1";"7";"6";"0";"2";"0";"1";"0"
"20376";"82756412";"20376";"13";"1";"3";"2";"6";"0";"2";"1";"1";"0"
"20397";"82761201";"20397";"13";"1";"1";"7";"4";"0";"1";"1";"1";"0"
"20430";"82762322";"20430";"13";"1";"1";"7";"4";"0";"1";"1";"1";"0"
"20513";"82772302";"20513";"13";"1";"1";"7";"6";"0";"1";"1";"1";"0"
"20574";"82785309";"20574";"13";"1";"1";"7";"6";"0";"1";"1";"1";"0"
"20582";"82787302";"20582";"13";"1";"1";"7";"6";"0";"1";"1";"1";"0"
"20688";"82801207";"20688";"13";"1";"1";"2";"4";"1";"0";"1";"2";"0"
"20689";"82801207";"20689";"13";"1";"1";"7";"4";"0";"1";"1";"1";"0"
"20694";"82802201";"20694";"13";"3";"1";"7";"6";"0";"1";"1";"1";"0"
"20695";"82802201";"20695";"13";"1";"3";"2";"6";"0";"1";"1";"1";"0"
"20696";"82802201";"20696";"13";"1";"1";"7";"4";"0";"1";"1";"1";"0"
"20697";"82802201";"20697";"13";"1";"1";"7";"6";"0";"1";"3";"1";"0"
"20698";"82802201";"20698";"13";"1";"1";"7";"6";"0";"5";"0";"1";"0"
"20699";"82802201";"20699";"13";"1";"1";"7";"6";"0";"1";"0";"1";"0"
"20700";"82802201";"20700";"13";"1";"1";"7";"6";"1";"0";"2";"2";"0"
"20702";"82802201";"20702";"13";"1";"3";"1";"6";"0";"4";"0";"1";"0"
"20703";"82802201";"20703";"13";"5";"3";"1";"6";"0";"2";"1";"1";"0"
"20704";"82802201";"20704";"13";"1";"1";"7";"6";"0";"2";"0";"1";"0"
"20705";"82802201";"20705";"13";"1";"1";"7";"6";"0";"2";"0";"1";"0"
"20706";"82802201";"20706";"13";"1";"1";"7";"8";"0";"1";"2";"1";"0"
"20708";"82802201";"20708";"13";"3";"1";"2";"3";"0";"1";"1";"1";"0"
"20711";"82804104";"20711";"13";"1";"1";"1";"6";"0";"2";"0";"1";"0"
"20712";"82804104";"20712";"13";"1";"3";"2";"6";"0";"2";"1";"1";"0"
"20765";"82807503";"20765";"13";"1";"2";"1";"6";"0";"2";"1";"1";"0"
"20770";"82813501";"20770";"13";"3";"1";"7";"3";"0";"1";"1";"1";"0"
"20804";"82822207";"20804";"13";"4";"1";"2";"6";"0";"2";"4";"1";"0"
"20807";"82822207";"20807";"13";"1";"1";"7";"6";"0";"1";"1";"1";"0"
"20809";"82822207";"20809";"13";"1";"1";"7";"4";"0";"1";"1";"1";"0"
"20810";"82822207";"20810";"13";"1";"1";"7";"6";"0";"3";"0";"1";"0"
"20811";"82822207";"20811";"13";"1";"1";"7";"5";"0";"1";"1";"1";"0"
"20813";"82826307";"20813";"13";"3";"1";"1";"6";"0";"1";"1";"1";"0"
"20815";"82827205";"20815";"13";"3";"2";"2";"6";"0";"1";"0";"1";"0"
"20817";"82827304";"20817";"13";"1";"1";"7";"6";"0";"1";"1";"1";"0"
"20823";"82841104";"20823";"13";"1";"1";"7";"4";"0";"1";"1";"1";"0"
"20824";"82841212";"20824";"13";"1";"3";"1";"4";"0";"1";"1";"1";"0"
"20838";"82854508";"20838";"13";"3";"1";"7";"4";"0";"1";"1";"1";"0"
"20850";"82862203";"20850";"13";"3";"2";"2";"6";"0";"2";"0";"1";"0"
"20852";"82865202";"20852";"13";"3";"1";"1";"3";"0";"1";"1";"1";"0"
"20853";"82865202";"20853";"13";"1";"3";"2";"6";"0";"3";"1";"1";"0"
"20883";"82903302";"20883";"13";"1";"1";"1";"3";"0";"2";"2";"1";"0"
"20893";"82925401";"13763";"13";"1";"1";"1";"6";"0";"1";"1";"1";"0"
"20898";"82926307";"20898";"13";"3";"7";"2";"3";"0";"1";"1";"1";"0"
"20922";"83687205";"20922";"13";"1";"1";"7";"5";"1";"0";"1";"2";"0"
"20926";"83711302";"20926";"13";"3";"1";"7";"5";"0";"1";"1";"1";"0"
"20927";"83711406";"20927";"13";"1";"1";"7";"4";"0";"1";"1";"1";"0"
"20934";"83736107";"20934";"13";"3";"1";"7";"5";"1";"0";"1";"2";"0"
"20937";"83736107";"20937";"13";"3";"1";"7";"6";"0";"1";"2";"1";"0"
"20938";"83736107";"20938";"13";"1";"1";"7";"3";"0";"1";"1";"1";"0"
"20939";"83736107";"20939";"13";"1";"1";"7";"4";"0";"1";"2";"1";"0"
"20965";"83743109";"20965";"13";"2";"1";"7";"6";"0";"1";"2";"1";"0"
"20966";"83743109";"20966";"13";"1";"6";"2";"6";"0";"1";"1";"1";"0"
"20973";"83745102";"20973";"13";"2";"1";"7";"6";"2";"0";"0";"2";"0"
"20977";"83745408";"20977";"13";"1";"1";"7";"6";"0";"2";"0";"1";"0"
"21061";"83754309";"21061";"13";"1";"1";"7";"5";"0";"1";"1";"1";"0"
"21062";"83754309";"21062";"13";"1";"1";"7";"4";"0";"1";"1";"1";"0"
"21063";"83754309";"21063";"13";"3";"2";"1";"6";"0";"1";"3";"1";"0"
"21066";"83754309";"21066";"13";"1";"1";"7";"4";"0";"1";"1";"3";"0"
"21073";"83756101";"21073";"13";"3";"1";"7";"6";"0";"4";"1";"1";"0"
"21152";"83764406";"21152";"13";"1";"1";"7";"6";"0";"1";"1";"1";"0"
"21156";"83765207";"21156";"13";"1";"1";"7";"6";"0";"1";"2";"1";"0"
"21165";"83767402";"21165";"13";"1";"3";"2";"4";"1";"0";"1";"2";"0"
"21228";"83782405";"21228";"13";"3";"1";"7";"6";"0";"1";"1";"1";"0"
"21230";"83783305";"21230";"13";"3";"1";"7";"3";"0";"1";"1";"1";"0"
"21245";"83786410";"21245";"13";"1";"1";"7";"6";"1";"1";"2";"2";"0"
"21251";"83786504";"21251";"13";"3";"3";"2";"6";"0";"1";"1";"1";"0"
"21252";"83786504";"21252";"13";"3";"3";"2";"6";"1";"0";"1";"2";"0"
"21253";"83786504";"21253";"13";"1";"1";"7";"6";"0";"1";"1";"1";"0"
"21254";"83786504";"21254";"13";"1";"1";"7";"6";"0";"1";"1";"1";"0"
"21256";"83786504";"21256";"13";"4";"1";"7";"5";"0";"1";"1";"1";"0"
"21257";"83786504";"21257";"13";"1";"1";"1";"6";"0";"2";"0";"1";"0"
"21259";"83786504";"21259";"13";"1";"1";"7";"3";"0";"1";"1";"1";"0"
"21273";"83792505";"21273";"13";"1";"1";"7";"6";"0";"2";"2";"1";"0"
"21350";"83803208";"21350";"13";"1";"1";"7";"6";"0";"4";"2";"1";"0"
"21385";"83807202";"21385";"13";"1";"1";"7";"6";"0";"1";"1";"1";"0"
"21386";"83807202";"21386";"13";"1";"1";"7";"6";"0";"1";"1";"1";"0"
"21387";"83807202";"21387";"13";"1";"1";"7";"4";"0";"1";"1";"1";"0"
"21463";"83814509";"21463";"13";"2";"1";"7";"4";"0";"1";"1";"1";"0"
"21466";"83814509";"21466";"13";"1";"2";"1";"4";"0";"1";"1";"1";"0"
"21494";"83817307";"21494";"13";"1";"1";"7";"4";"0";"1";"1";"1";"0"
"21503";"83821403";"21503";"13";"3";"1";"7";"6";"0";"2";"0";"1";"0"
"21504";"83821403";"21504";"13";"1";"3";"2";"5";"0";"1";"1";"1";"0"
"21527";"83826303";"21527";"13";"2";"3";"2";"6";"1";"0";"1";"2";"0"
"21528";"83826303";"21528";"13";"1";"1";"7";"6";"0";"1";"1";"1";"0"
"21529";"83826303";"21529";"13";"3";"2";"2";"6";"0";"2";"0";"1";"0"
"21530";"83826303";"21530";"13";"1";"1";"7";"5";"1";"0";"1";"2";"0"
"21531";"83826303";"21531";"13";"1";"1";"7";"6";"0";"1";"1";"1";"0"
"21532";"83826303";"21532";"13";"3";"1";"7";"6";"0";"3";"0";"1";"0"
"21534";"83826303";"21534";"13";"3";"1";"7";"6";"0";"1";"1";"1";"0"
"21601";"83847104";"21601";"13";"1";"2";"2";"6";"0";"2";"0";"1";"0"
"21603";"83847104";"21603";"13";"1";"1";"7";"6";"1";"2";"0";"2";"0"
"21604";"83847104";"21604";"13";"3";"6";"1";"6";"0";"1";"1";"1";"0"
"21605";"83847104";"21605";"13";"1";"2";"1";"3";"0";"1";"1";"1";"0"
"21624";"83851301";"21624";"13";"1";"1";"7";"4";"0";"1";"1";"1";"0"
"21625";"83851301";"21625";"13";"1";"1";"7";"4";"0";"1";"1";"1";"0"
"21629";"83851301";"21629";"13";"1";"1";"7";"6";"0";"1";"4";"1";"0"
"21635";"83851301";"21635";"13";"1";"1";"7";"4";"0";"1";"1";"1";"0"
"21647";"83857304";"21647";"13";"1";"6";"1";"4";"0";"1";"1";"1";"0"
"21657";"83864404";"21657";"13";"1";"1";"7";"6";"0";"1";"1";"1";"0"
"21658";"83864404";"21658";"13";"1";"1";"7";"4";"0";"2";"1";"1";"0"
"21659";"83864404";"21659";"13";"1";"1";"7";"6";"0";"1";"1";"1";"0"
"21660";"83865106";"21660";"13";"1";"1";"7";"5";"0";"1";"1";"1";"0"
"21663";"83866307";"21663";"13";"3";"1";"7";"4";"0";"1";"1";"1";"0"
"21682";"83866405";"21682";"13";"3";"1";"7";"3";"0";"1";"1";"1";"0"
"21711";"83867503";"21711";"13";"1";"1";"7";"6";"0";"1";"2";"1";"0"
"21713";"83867503";"21713";"13";"2";"3";"1";"5";"1";"0";"1";"2";"0"
"21789";"83875205";"21789";"13";"1";"1";"2";"6";"0";"1";"1";"1";"0"
"21795";"83875303";"21795";"13";"1";"1";"7";"6";"0";"1";"1";"1";"0"
"21796";"83875504";"21796";"13";"3";"3";"2";"3";"1";"0";"1";"2";"0"
"21798";"83875504";"21798";"13";"1";"1";"7";"4";"0";"1";"1";"1";"0"
"21830";"83876401";"21830";"13";"3";"3";"2";"6";"0";"1";"1";"1";"0"
"21834";"83876401";"21834";"13";"1";"1";"7";"3";"0";"1";"1";"1";"0"
"21835";"83876401";"21835";"13";"1";"1";"7";"6";"0";"3";"1";"1";"0"
"21837";"83876401";"21837";"13";"1";"3";"1";"6";"0";"1";"1";"1";"0"
"21838";"83876401";"21838";"13";"1";"3";"1";"5";"0";"1";"1";"1";"0"
"21872";"83885103";"21872";"13";"2";"1";"7";"6";"0";"1";"0";"1";"0"
"21893";"83886207";"21893";"13";"1";"1";"7";"6";"0";"1";"1";"1";"0"
"21894";"83886207";"21894";"13";"1";"1";"7";"4";"0";"1";"1";"1";"0"
"21907";"83891101";"21907";"13";"3";"1";"1";"6";"0";"1";"1";"1";"0"
"21921";"83891406";"21921";"13";"1";"1";"7";"4";"0";"1";"1";"1";"0"
"21944";"83895203";"21944";"13";"3";"3";"2";"6";"0";"3";"0";"1";"0"
"21961";"83901203";"21961";"13";"3";"1";"1";"6";"0";"2";"0";"1";"0"
"21963";"83901402";"21963";"13";"1";"3";"1";"6";"0";"2";"1";"1";"0"
"21981";"83913403";"21981";"13";"1";"1";"7";"6";"0";"2";"0";"1";"0"
"21982";"83913403";"21982";"13";"1";"1";"7";"6";"1";"1";"0";"2";"0"
"21993";"83922206";"2467";"13";"1";"1";"7";"6";"1";"0";"1";"2";"0"
"22024";"83924110";"22024";"13";"3";"1";"7";"6";"0";"1";"1";"1";"0"
"22025";"83924110";"22025";"13";"1";"1";"7";"6";"0";"1";"1";"1";"0"
"22026";"83924110";"22026";"13";"1";"1";"7";"6";"0";"1";"0";"1";"0"
"22028";"83925205";"22028";"13";"1";"1";"7";"6";"0";"2";"2";"1";"0"
"22033";"83926503";"22033";"13";"1";"1";"7";"6";"0";"2";"3";"1";"0"
"22034";"83926503";"22034";"13";"3";"1";"7";"6";"0";"2";"0";"1";"0"
"22035";"83926503";"22035";"13";"1";"2";"1";"6";"0";"5";"0";"1";"0"
"22036";"83926503";"22036";"13";"3";"3";"1";"6";"1";"0";"1";"2";"0"
"22037";"83926503";"22037";"13";"1";"1";"7";"4";"0";"1";"1";"1";"0"
"22038";"83926503";"22038";"13";"1";"1";"7";"6";"0";"1";"2";"1";"0"
"22039";"83927304";"22039";"13";"1";"1";"7";"7";"0";"1";"1";"1";"0"
"22041";"83931105";"22041";"13";"1";"1";"7";"4";"0";"1";"1";"1";"0"
"22043";"83931203";"22043";"13";"3";"7";"7";"6";"0";"1";"1";"1";"0"
"22044";"83931203";"22044";"13";"1";"1";"7";"6";"0";"2";"0";"1";"0"
"22045";"83931203";"22045";"13";"3";"1";"7";"6";"0";"2";"0";"1";"0"
"22048";"83931203";"22048";"13";"1";"4";"1";"8";"0";"2";"0";"1";"0"
"22061";"83934217";"22061";"13";"1";"1";"7";"6";"0";"1";"1";"1";"0"
"22063";"83936107";"22063";"13";"1";"2";"1";"6";"0";"6";"0";"1";"0"
"22070";"84701303";"22070";"13";"1";"3";"2";"6";"0";"2";"1";"1";"0"
"22088";"84731401";"22088";"13";"1";"1";"7";"6";"0";"1";"1";"1";"0"
"22157";"84744503";"22157";"13";"1";"1";"7";"4";"0";"1";"1";"1";"0"
"22197";"84753301";"22197";"13";"1";"1";"7";"5";"0";"1";"1";"1";"0"
"22209";"84755404";"22209";"13";"2";"3";"1";"6";"1";"0";"1";"2";"0"
"22210";"84755413";"22210";"13";"1";"1";"2";"6";"0";"1";"1";"1";"0"
"22212";"84757404";"22212";"13";"1";"1";"7";"4";"1";"0";"1";"2";"0"
"22215";"84757502";"22215";"13";"1";"1";"7";"3";"0";"1";"1";"1";"0"
"22217";"84761513";"22217";"13";"1";"1";"7";"4";"0";"2";"1";"1";"0"
"22219";"84761513";"22219";"13";"3";"1";"7";"6";"0";"1";"2";"1";"0"
"22220";"84761513";"22220";"13";"3";"1";"7";"6";"0";"1";"2";"1";"0"
"22259";"84767111";"22259";"13";"1";"1";"7";"6";"1";"0";"1";"2";"0"
"22261";"84767111";"22261";"13";"1";"1";"7";"6";"0";"1";"1";"1";"0"
"22288";"84774201";"22288";"13";"3";"1";"7";"6";"1";"0";"1";"2";"0"
"22289";"84774204";"22289";"13";"3";"1";"1";"5";"0";"1";"1";"1";"0"
"22290";"84774204";"22290";"13";"3";"1";"7";"4";"0";"1";"2";"1";"0"
"22292";"84775104";"22292";"13";"1";"1";"7";"4";"0";"1";"1";"1";"0"
"22293";"84775104";"22293";"13";"3";"2";"2";"8";"1";"2";"2";"2";"0"
"22294";"84775104";"22294";"13";"1";"1";"7";"6";"0";"3";"1";"1";"0"
"22295";"84775104";"22295";"13";"1";"1";"7";"6";"0";"1";"1";"1";"0"
"22296";"84775104";"22296";"13";"1";"1";"7";"6";"0";"3";"1";"1";"0"
"22297";"84775104";"22297";"13";"3";"1";"7";"4";"0";"1";"1";"1";"0"
"22299";"84775104";"22299";"13";"1";"1";"7";"6";"0";"1";"1";"1";"0"
"22308";"84776512";"22308";"13";"3";"3";"1";"6";"0";"1";"1";"1";"0"
"22323";"84777419";"22323";"13";"1";"1";"7";"6";"0";"3";"1";"1";"0"
"22325";"84777419";"22325";"13";"1";"3";"2";"6";"0";"4";"0";"1";"0"
"22340";"84791404";"22340";"13";"1";"1";"7";"7";"0";"1";"2";"1";"0"
"22349";"84792105";"22349";"13";"2";"1";"7";"4";"1";"0";"1";"2";"0"
"22351";"84792105";"22351";"13";"1";"1";"7";"6";"0";"1";"1";"1";"0"
"22352";"84792105";"22352";"13";"3";"1";"7";"6";"0";"1";"2";"1";"0"
"22355";"84792106";"22355";"13";"1";"1";"7";"6";"0";"1";"1";"1";"0"
"22356";"84792106";"22356";"13";"1";"1";"7";"5";"0";"1";"1";"1";"0"
"22357";"84792106";"11746";"13";"2";"3";"1";"6";"0";"3";"0";"1";"0"
"22358";"84792106";"22358";"13";"1";"1";"7";"6";"0";"4";"0";"1";"0"
"22359";"84792106";"22359";"13";"3";"1";"7";"5";"2";"0";"1";"2";"0"
"22360";"84792108";"22360";"13";"3";"1";"1";"5";"0";"1";"1";"1";"0"
"22362";"84792205";"22362";"13";"1";"1";"7";"6";"1";"0";"1";"2";"0"
"22363";"84792205";"22363";"13";"1";"1";"7";"6";"0";"3";"0";"1";"0"
"22375";"84793312";"22375";"13";"1";"3";"2";"6";"0";"1";"1";"1";"0"
"22401";"84803202";"22401";"13";"1";"1";"7";"5";"0";"2";"1";"1";"0"
"22518";"84807405";"22518";"13";"1";"3";"1";"6";"0";"1";"1";"1";"0"
"22568";"84813309";"22568";"13";"1";"1";"7";"6";"0";"1";"1";"1";"0"
"22615";"84816403";"22615";"13";"3";"1";"7";"4";"0";"1";"1";"1";"0"
"22626";"84817204";"22626";"13";"1";"1";"7";"3";"0";"1";"1";"1";"0"
"22643";"84822101";"22643";"13";"1";"1";"7";"6";"0";"1";"0";"1";"0"
"22646";"84822101";"22646";"13";"1";"1";"7";"3";"0";"1";"1";"1";"0"
"22647";"84822101";"22647";"13";"3";"1";"7";"6";"0";"2";"1";"1";"0"
"22650";"84822203";"22650";"13";"1";"1";"7";"6";"0";"1";"1";"1";"0"
"22672";"84823308";"22672";"13";"1";"3";"1";"4";"0";"1";"1";"1";"0"
"22673";"84823308";"22673";"13";"1";"1";"7";"6";"0";"1";"1";"1";"0"
"22674";"84823308";"22674";"13";"3";"3";"1";"6";"0";"3";"1";"1";"0"
"22675";"84823308";"22675";"13";"3";"1";"7";"6";"0";"1";"2";"1";"0"
"22676";"84823308";"22676";"13";"1";"1";"7";"6";"0";"1";"1";"1";"0"
"22677";"84823308";"22677";"13";"1";"1";"7";"8";"0";"2";"1";"1";"0"
"22678";"84823308";"22678";"13";"1";"3";"1";"6";"0";"1";"1";"1";"0"
"22679";"84823308";"22679";"13";"2";"3";"1";"6";"0";"1";"1";"1";"0"
"22680";"84823308";"14754";"13";"1";"1";"7";"6";"0";"2";"1";"1";"0"
"22686";"84824203";"22686";"13";"3";"1";"7";"6";"0";"1";"1";"1";"0"
"22687";"84824203";"22687";"13";"3";"2";"1";"6";"0";"1";"1";"1";"0"
"22713";"84825504";"22713";"13";"1";"3";"2";"6";"0";"1";"2";"1";"0"
"22714";"84825504";"22714";"13";"1";"1";"7";"6";"0";"1";"1";"1";"0"
"22715";"84825504";"22715";"13";"1";"1";"7";"6";"0";"1";"2";"1";"0"
"22716";"84825504";"22716";"13";"1";"1";"7";"3";"0";"1";"1";"1";"0"
"22717";"84825504";"22717";"13";"3";"1";"7";"6";"0";"1";"1";"1";"0"
"22718";"84825504";"22718";"13";"1";"3";"1";"6";"0";"1";"1";"1";"0"
"22719";"84825504";"22719";"13";"1";"3";"1";"6";"0";"2";"0";"1";"0"
"22720";"84825504";"22720";"13";"1";"1";"7";"6";"0";"1";"1";"1";"0"
"22721";"84825507";"22721";"13";"3";"1";"7";"5";"0";"2";"1";"1";"0"
"22722";"84825507";"22722";"13";"1";"1";"7";"6";"0";"1";"1";"1";"0"
"22723";"84825507";"22723";"13";"1";"1";"7";"6";"0";"2";"1";"1";"0"
"22749";"84831203";"22749";"13";"1";"1";"7";"6";"0";"1";"1";"1";"0"
"22786";"84833203";"22786";"13";"3";"1";"7";"6";"0";"1";"1";"1";"0"
"22788";"84833203";"22788";"13";"1";"1";"7";"4";"1";"0";"1";"2";"0"