"accident_id";"lieu_id";"date_id";"cause_id";"lum_id";"intemp_id";"etat_surface_id";"impliq_id";"nb_blesses_graves";"nb_blesses_legers";"nb_indemnes";"gravite";"nb_morts"
"22789";"84833203";"22789";"13";"1";"1";"7";"4";"0";"1";"1";"1";"0"
"22791";"84833405";"22791";"13";"3";"2";"1";"6";"1";"0";"1";"2";"0"
"22808";"84834302";"22808";"13";"1";"1";"7";"5";"1";"0";"1";"2";"0"
"22832";"84836112";"22832";"13";"1";"1";"7";"6";"0";"1";"1";"1";"0"
"22833";"84836112";"22833";"13";"1";"1";"7";"8";"0";"1";"1";"1";"0"
"22834";"84836112";"22834";"13";"1";"1";"7";"6";"0";"1";"1";"1";"0"
"22850";"84836202";"22850";"13";"3";"1";"1";"6";"0";"3";"0";"1";"0"
"22866";"84836303";"22866";"13";"1";"1";"7";"6";"0";"2";"0";"1";"0"
"22868";"84836501";"22868";"13";"2";"1";"7";"6";"0";"3";"0";"1";"0"
"22919";"84842110";"22919";"13";"1";"1";"1";"4";"0";"1";"1";"1";"0"
"22931";"84846101";"22931";"13";"1";"1";"7";"6";"0";"3";"0";"1";"0"
"22933";"84846101";"22933";"13";"1";"1";"7";"6";"0";"3";"0";"1";"0"
"22937";"84846405";"22937";"13";"1";"1";"7";"5";"0";"1";"1";"1";"0"
"22965";"84847123";"22965";"13";"2";"1";"7";"6";"1";"0";"1";"2";"0"
"22968";"84847205";"22968";"13";"1";"1";"7";"5";"0";"1";"1";"1";"0"
"23032";"84854106";"23032";"13";"1";"1";"7";"4";"0";"1";"1";"1";"0"
"23049";"84854405";"23049";"13";"1";"1";"2";"4";"0";"1";"1";"1";"0"
"23108";"84857303";"23108";"13";"1";"1";"7";"6";"0";"1";"1";"1";"0"
"23150";"84861501";"23150";"13";"1";"3";"1";"6";"0";"1";"1";"1";"0"
"23154";"84861501";"23154";"13";"3";"1";"1";"6";"0";"3";"0";"1";"0"
"23161";"84861501";"23161";"13";"3";"1";"7";"4";"0";"1";"1";"1";"0"
"23162";"84861501";"23162";"13";"1";"1";"7";"4";"0";"1";"1";"1";"0"
"23163";"84861501";"23163";"13";"3";"1";"1";"4";"0";"1";"1";"1";"0"
"23202";"84862403";"23202";"13";"2";"1";"7";"5";"0";"1";"1";"1";"0"
"23204";"84862403";"23204";"13";"3";"1";"7";"6";"0";"1";"1";"1";"0"
"23211";"84862405";"23211";"13";"3";"1";"7";"6";"0";"5";"0";"1";"0"
"23242";"84863402";"23242";"13";"2";"1";"2";"6";"0";"1";"1";"1";"0"
"23243";"84863402";"23243";"13";"1";"1";"7";"6";"0";"2";"0";"1";"0"
"23246";"84863402";"23246";"13";"1";"1";"7";"5";"0";"1";"1";"1";"0"
"23247";"84863402";"23247";"13";"1";"1";"7";"4";"1";"1";"1";"2";"0"
"23269";"84864502";"23269";"13";"1";"1";"2";"4";"0";"1";"1";"1";"0"
"23272";"84864510";"12960";"13";"1";"1";"7";"4";"0";"1";"1";"1";"0"
"23277";"84864512";"23277";"13";"1";"3";"2";"6";"0";"1";"1";"1";"0"
"23278";"84864512";"23278";"13";"1";"1";"7";"4";"0";"1";"1";"1";"0"
"23282";"84864512";"23282";"13";"1";"1";"1";"6";"0";"1";"1";"1";"0"
"23284";"84864512";"23284";"13";"3";"3";"1";"4";"0";"1";"0";"1";"0"
"23344";"84867305";"23344";"13";"1";"1";"1";"2";"0";"1";"1";"1";"0"
"23395";"84871306";"23395";"13";"1";"1";"7";"6";"0";"1";"1";"1";"0"
"23396";"84871306";"23396";"13";"1";"1";"7";"6";"0";"2";"0";"1";"0"
"23400";"84871503";"23400";"13";"1";"1";"7";"6";"0";"3";"0";"1";"0"
"23403";"84872104";"23403";"13";"1";"1";"7";"4";"0";"1";"1";"1";"0"
"23404";"84872104";"23404";"13";"2";"6";"7";"4";"1";"0";"1";"2";"0"
"23406";"84872205";"23406";"13";"1";"1";"7";"6";"1";"2";"0";"2";"0"
"23409";"84872205";"23409";"13";"1";"1";"7";"6";"0";"1";"1";"1";"0"
"23411";"84872301";"23411";"13";"1";"1";"7";"6";"0";"2";"1";"1";"0"
"23419";"84873102";"23419";"13";"1";"3";"1";"6";"0";"1";"1";"1";"0"
"23484";"84875204";"23484";"13";"3";"1";"7";"6";"0";"2";"0";"1";"0"
"23485";"84875204";"23485";"13";"1";"1";"7";"5";"0";"2";"1";"1";"0"
"23511";"84875502";"23511";"13";"1";"1";"1";"5";"1";"1";"1";"2";"0"
"23521";"84876506";"23521";"13";"1";"3";"2";"6";"0";"1";"1";"1";"0"
"23522";"84876506";"23522";"13";"1";"1";"1";"5";"1";"0";"1";"2";"0"
"23530";"84876506";"23530";"13";"2";"3";"1";"6";"0";"2";"2";"1";"0"
"23539";"84876507";"23539";"13";"1";"1";"7";"4";"0";"1";"1";"1";"0"
"23540";"84876507";"23540";"13";"1";"1";"7";"6";"0";"1";"2";"1";"0"
"23542";"84876507";"23542";"13";"1";"1";"7";"6";"0";"3";"1";"1";"0"
"23543";"84876507";"23543";"13";"1";"1";"7";"4";"0";"1";"1";"1";"0"
"23586";"84877506";"23586";"13";"3";"1";"4";"5";"0";"1";"1";"1";"0"
"23588";"84877506";"1931";"13";"1";"1";"7";"4";"0";"1";"1";"1";"0"
"23592";"84877507";"23592";"13";"3";"1";"7";"6";"0";"1";"1";"1";"0"
"23595";"84877513";"23595";"13";"3";"3";"1";"3";"0";"1";"1";"1";"0"
"23596";"84877513";"23596";"13";"1";"1";"7";"3";"0";"1";"1";"1";"0"
"23597";"84877513";"23597";"13";"1";"1";"7";"4";"1";"0";"1";"2";"0"
"23598";"84877513";"23598";"13";"1";"4";"1";"4";"0";"1";"1";"1";"0"
"23599";"84877513";"23599";"13";"3";"1";"7";"6";"0";"1";"1";"1";"0"
"23600";"84877513";"23600";"13";"2";"1";"1";"3";"0";"1";"1";"1";"0"
"23602";"84877513";"23602";"13";"3";"3";"2";"6";"0";"1";"1";"1";"0"
"23618";"84882104";"4798";"13";"3";"3";"1";"6";"1";"0";"0";"3";"0"
"23619";"84882104";"23619";"13";"1";"1";"1";"6";"0";"2";"1";"1";"0"
"23620";"84882104";"23620";"13";"1";"1";"7";"6";"1";"1";"0";"3";"0"
"23621";"84882104";"23621";"13";"1";"1";"7";"6";"0";"1";"0";"1";"0"
"23622";"84882304";"23622";"13";"1";"1";"7";"4";"0";"1";"1";"1";"0"
"23624";"84882304";"23624";"13";"1";"6";"7";"6";"0";"1";"0";"1";"0"
"23627";"84883204";"23627";"13";"1";"1";"7";"6";"1";"1";"0";"2";"0"
"23628";"84883204";"23628";"13";"1";"1";"2";"6";"0";"1";"1";"1";"0"
"23630";"84883204";"23630";"13";"1";"1";"7";"5";"0";"1";"2";"1";"0"
"23631";"84883204";"23631";"13";"1";"1";"1";"6";"0";"1";"1";"1";"0"
"23662";"84893103";"23662";"13";"1";"1";"7";"6";"0";"1";"1";"1";"0"
"23663";"84893103";"23663";"13";"1";"3";"1";"6";"0";"4";"1";"1";"0"
"23664";"84893103";"23664";"13";"1";"1";"7";"6";"0";"1";"1";"1";"0"
"23665";"84893103";"23665";"13";"1";"3";"1";"6";"0";"1";"2";"1";"0"
"23666";"84893103";"23666";"13";"1";"1";"7";"6";"0";"1";"1";"1";"0"
"23691";"84907503";"23691";"13";"3";"1";"7";"6";"0";"1";"0";"1";"0"
"23692";"84907503";"23692";"13";"1";"1";"7";"4";"0";"1";"1";"1";"0"
"23697";"84913505";"23697";"13";"1";"1";"7";"6";"0";"1";"1";"1";"0"
"23720";"85733502";"23720";"13";"1";"1";"7";"3";"0";"1";"1";"1";"0"
"23722";"85734405";"23722";"13";"3";"6";"2";"6";"0";"2";"0";"1";"0"
"23729";"85741301";"17038";"13";"1";"1";"7";"6";"0";"1";"1";"1";"0"
"23731";"85741301";"23731";"13";"2";"1";"7";"3";"0";"1";"1";"1";"0"
"23732";"85742402";"23732";"13";"1";"1";"7";"4";"0";"1";"1";"1";"0"
"23852";"85792501";"23852";"13";"1";"1";"7";"6";"1";"0";"1";"2";"0"
"23859";"85801502";"23859";"13";"1";"1";"1";"6";"0";"3";"2";"1";"0"
"23895";"85807502";"23895";"13";"1";"1";"7";"6";"0";"1";"6";"1";"0"
"23899";"85807502";"23899";"13";"1";"1";"7";"6";"0";"3";"0";"1";"0"
"23903";"85811105";"23903";"13";"1";"1";"2";"6";"0";"2";"1";"1";"0"
"23904";"85811105";"23904";"13";"1";"1";"7";"6";"0";"1";"0";"1";"0"
"23905";"85811105";"23905";"13";"1";"1";"7";"6";"0";"3";"2";"1";"0"
"23910";"85811403";"23910";"13";"1";"1";"7";"6";"0";"1";"1";"1";"0"
"23912";"85811405";"23912";"13";"1";"1";"7";"6";"1";"0";"1";"2";"0"
"172";"798";"172";"13";"1";"1";"2";"6";"0";"2";"1";"1";"0"
"326";"1320";"326";"13";"1";"1";"7";"3";"1";"0";"1";"3";"0"
"328";"1320";"328";"13";"1";"1";"7";"4";"0";"1";"1";"1";"0"
"394";"1606";"394";"13";"1";"1";"7";"7";"0";"1";"1";"1";"0"
"404";"1629";"404";"13";"1";"3";"2";"6";"0";"2";"1";"1";"0"
"434";"2174";"434";"13";"1";"1";"7";"5";"0";"1";"1";"1";"0"
"677";"5532";"677";"13";"1";"1";"7";"6";"2";"1";"1";"2";"0"
"775";"7191";"775";"13";"1";"3";"2";"6";"0";"1";"1";"1";"0"
"2371";"31979";"2371";"13";"3";"2";"2";"6";"0";"1";"1";"1";"0"
"2617";"34715";"2617";"13";"1";"1";"7";"4";"0";"1";"1";"1";"0"
"2721";"36375";"2721";"13";"1";"1";"7";"7";"1";"0";"1";"2";"0"
"2742";"36508";"2742";"13";"1";"1";"2";"6";"0";"1";"1";"1";"0"
"4457";"41256";"4457";"13";"1";"1";"7";"5";"0";"2";"1";"1";"0"
"9710";"71884";"9710";"13";"1";"3";"1";"5";"0";"1";"0";"1";"0"
"10621";"73390";"10621";"13";"1";"1";"7";"4";"1";"0";"1";"2";"0"
"11895";"83394";"11895";"13";"1";"1";"7";"5";"0";"1";"1";"1";"0"
"12458";"67643311";"12458";"13";"3";"1";"7";"3";"1";"0";"1";"2";"0"
"12459";"67643402";"12459";"13";"3";"3";"2";"4";"0";"1";"1";"1";"0"
"12461";"67643405";"12461";"13";"1";"1";"1";"3";"0";"1";"1";"1";"0"
"12482";"67653107";"12482";"13";"1";"1";"7";"6";"0";"1";"1";"1";"0"
"12483";"67653107";"12483";"13";"1";"1";"7";"6";"1";"1";"0";"2";"0"
"12484";"67653107";"12484";"13";"1";"3";"1";"6";"1";"0";"1";"2";"0"
"12486";"67653107";"12486";"13";"3";"1";"7";"4";"0";"1";"1";"1";"0"
"12488";"67653304";"12488";"13";"1";"3";"2";"4";"1";"0";"2";"2";"0"
"12490";"67654401";"10558";"13";"1";"1";"7";"6";"1";"0";"4";"2";"0"
"12491";"67654401";"12491";"13";"1";"1";"7";"6";"1";"1";"0";"2";"0"
"12492";"67654401";"12492";"13";"1";"3";"2";"6";"0";"1";"4";"1";"0"
"12493";"67654401";"12493";"13";"2";"1";"7";"6";"1";"0";"4";"2";"0"
"12501";"67657403";"12501";"13";"1";"1";"7";"7";"1";"0";"1";"2";"0"
"12506";"68656102";"12506";"13";"1";"1";"7";"6";"1";"4";"2";"2";"0"
"12507";"68656102";"12507";"13";"1";"1";"7";"6";"0";"2";"1";"1";"0"
"12508";"68656102";"12508";"13";"5";"1";"7";"6";"1";"0";"1";"2";"0"
"12509";"68656102";"12509";"13";"1";"1";"7";"6";"3";"0";"0";"2";"0"
"12510";"68656102";"12510";"13";"1";"1";"7";"7";"0";"0";"1";"3";"0"
"12511";"68656102";"12511";"13";"5";"1";"7";"6";"1";"4";"0";"2";"0"
"12512";"68656102";"12512";"13";"5";"1";"7";"6";"0";"1";"1";"1";"0"
"12513";"68656102";"12513";"13";"5";"6";"7";"6";"0";"3";"0";"1";"0"
"12514";"68656102";"12514";"13";"1";"6";"7";"6";"2";"0";"0";"2";"0"
"12515";"68656102";"12515";"13";"1";"1";"7";"6";"2";"0";"0";"2";"0"
"12516";"68656102";"12516";"13";"1";"1";"7";"6";"1";"1";"1";"2";"0"
"12519";"68656102";"12519";"13";"5";"1";"7";"6";"0";"3";"0";"1";"0"
"12532";"68676505";"12532";"13";"3";"1";"7";"6";"0";"2";"2";"1";"0"
"12533";"68692404";"12533";"13";"1";"1";"7";"6";"0";"1";"4";"1";"0"
"12537";"68807503";"12537";"13";"1";"1";"7";"5";"2";"0";"0";"2";"0"
"12542";"69696111";"12542";"13";"3";"1";"7";"6";"0";"2";"3";"1";"0"
"12543";"69696111";"12543";"13";"1";"1";"7";"6";"0";"2";"6";"1";"0"
"12544";"69696111";"12544";"13";"1";"1";"7";"6";"0";"1";"2";"1";"0"
"12545";"69696111";"12545";"13";"1";"1";"2";"6";"0";"1";"1";"1";"0"
"12547";"69696111";"12547";"13";"1";"2";"1";"6";"0";"2";"2";"1";"0"
"12548";"69696111";"12548";"13";"1";"1";"7";"6";"1";"1";"0";"2";"0"
"12553";"69812106";"12553";"13";"1";"1";"7";"6";"1";"1";"1";"2";"0"
"12558";"69812106";"12558";"13";"1";"1";"7";"4";"0";"1";"1";"1";"0"
"12566";"70657301";"12566";"13";"1";"1";"2";"6";"0";"1";"1";"1";"0"
"12593";"70812510";"12593";"13";"3";"3";"2";"6";"1";"0";"1";"2";"0"
"12594";"70812510";"12594";"13";"1";"1";"7";"3";"0";"1";"1";"1";"0"
"12596";"70812510";"12596";"13";"1";"1";"7";"3";"0";"2";"1";"1";"0"
"12597";"70812510";"12597";"13";"1";"1";"7";"3";"0";"2";"1";"1";"0"
"12598";"70812510";"12598";"13";"2";"1";"7";"4";"0";"1";"1";"1";"0"
"12601";"70813505";"12601";"13";"1";"1";"7";"5";"1";"0";"1";"2";"0"
"12609";"70814505";"12609";"13";"1";"1";"7";"3";"0";"1";"1";"1";"0"
"12610";"70814505";"12610";"13";"1";"2";"2";"4";"1";"0";"1";"2";"0"
"12611";"70814505";"12611";"13";"1";"1";"7";"4";"0";"1";"1";"1";"0"
"12612";"70814505";"12612";"13";"1";"1";"7";"6";"0";"1";"1";"1";"0"
"12613";"70814505";"12613";"13";"1";"1";"7";"6";"1";"0";"1";"2";"0"
"12614";"70814505";"12614";"13";"1";"1";"7";"7";"0";"3";"0";"1";"0"
"12615";"70814505";"12615";"13";"1";"1";"7";"6";"0";"2";"1";"1";"0"
"12616";"70814505";"12616";"13";"1";"3";"1";"6";"0";"2";"0";"1";"0"
"12617";"70814505";"12617";"13";"1";"3";"1";"6";"0";"1";"1";"1";"0"
"12618";"70814505";"12618";"13";"1";"1";"1";"6";"1";"0";"1";"2";"0"
"12620";"70814505";"12620";"13";"1";"1";"7";"3";"0";"1";"1";"1";"0"
"12631";"70816303";"12631";"13";"1";"3";"2";"6";"0";"3";"1";"1";"0"
"12634";"70816303";"12634";"13";"1";"1";"7";"5";"0";"1";"1";"1";"0"
"12635";"70816303";"12635";"13";"1";"1";"7";"8";"1";"0";"1";"2";"0"
"12644";"70816503";"12644";"13";"1";"1";"7";"5";"1";"0";"1";"2";"0"
"12670";"70823102";"12670";"13";"3";"1";"1";"6";"1";"3";"0";"2";"0"
"12677";"70824501";"12677";"13";"3";"1";"7";"4";"0";"1";"1";"1";"0"
"12712";"70826303";"12712";"13";"3";"1";"7";"3";"0";"1";"1";"1";"0"
"12718";"70826402";"12718";"13";"3";"1";"7";"6";"0";"1";"1";"1";"0"
"12734";"70827107";"12734";"13";"2";"6";"7";"5";"0";"1";"1";"1";"0"
"12758";"70827401";"12758";"13";"4";"1";"7";"6";"1";"0";"1";"2";"0"
"12760";"70827401";"12760";"13";"1";"3";"1";"6";"0";"2";"1";"1";"0"
"12764";"70827401";"12764";"13";"1";"1";"7";"4";"0";"1";"1";"1";"0"
"12768";"70827405";"12768";"13";"3";"1";"7";"6";"0";"1";"1";"1";"0"
"12770";"71686404";"12770";"13";"1";"1";"7";"6";"1";"0";"1";"2";"0"
"12775";"71695105";"12775";"13";"1";"1";"7";"8";"1";"0";"1";"2";"0"
"12776";"71695105";"12776";"13";"1";"1";"7";"4";"0";"1";"1";"1";"0"
"12788";"71797403";"12788";"13";"1";"1";"1";"6";"0";"2";"0";"1";"0"
"12789";"71797403";"12789";"13";"3";"1";"7";"6";"0";"3";"0";"1";"0"
"12796";"71806404";"12796";"13";"1";"3";"2";"6";"1";"0";"2";"2";"0"
"12797";"71806404";"10475";"13";"1";"1";"7";"6";"0";"1";"1";"1";"0"
"12811";"71811410";"12811";"13";"1";"1";"7";"4";"0";"1";"1";"1";"0"
"12939";"71823402";"12939";"13";"1";"1";"7";"3";"0";"1";"1";"1";"0"
"12940";"71823402";"12940";"13";"1";"1";"7";"4";"0";"1";"1";"1";"0"
"12941";"71823402";"12941";"13";"1";"1";"7";"6";"0";"3";"3";"1";"0"
"12945";"71823418";"12945";"13";"1";"1";"7";"4";"1";"0";"1";"2";"0"
"12950";"71823420";"12950";"13";"1";"1";"7";"5";"2";"1";"2";"2";"0"
"12951";"71823420";"12951";"13";"1";"1";"7";"4";"0";"1";"2";"1";"0"
"12953";"71823420";"12953";"13";"1";"1";"7";"4";"1";"0";"1";"2";"0"
"12954";"71823503";"12954";"13";"1";"1";"7";"4";"1";"1";"1";"2";"0"
"12962";"71824303";"12962";"13";"1";"1";"7";"4";"1";"0";"1";"2";"0"
"12966";"71824303";"12966";"13";"1";"1";"7";"4";"0";"1";"1";"1";"0"
"12973";"71825101";"12973";"13";"1";"1";"7";"4";"0";"1";"1";"1";"0"
"12975";"71825104";"12975";"13";"1";"1";"7";"5";"0";"1";"1";"1";"0"
"12980";"71825108";"12980";"13";"1";"1";"7";"4";"0";"1";"1";"1";"0"
"12987";"71825111";"12987";"13";"1";"1";"2";"6";"0";"2";"0";"1";"0"
"12988";"71825111";"12988";"13";"1";"1";"7";"6";"0";"1";"0";"1";"0"
"12997";"71826107";"12997";"13";"1";"3";"1";"6";"2";"0";"0";"2";"0"
"13008";"71831105";"13008";"13";"3";"1";"7";"3";"0";"1";"1";"1";"0"
"13009";"71831105";"13009";"13";"1";"1";"7";"6";"1";"0";"0";"2";"0"
"13029";"71833212";"13029";"13";"1";"1";"7";"6";"1";"0";"1";"2";"0"
"13032";"71833212";"13032";"13";"1";"1";"7";"6";"1";"2";"0";"2";"0"
"13033";"71833212";"13033";"13";"2";"1";"7";"6";"0";"1";"1";"1";"0"
"13048";"72674404";"13048";"13";"1";"1";"7";"6";"0";"1";"1";"1";"0"
"13052";"72682104";"13052";"13";"1";"3";"2";"6";"0";"0";"1";"3";"0"
"13059";"72705402";"13059";"13";"5";"3";"1";"6";"0";"3";"0";"1";"0"
"13061";"72744305";"13061";"13";"1";"1";"7";"4";"0";"1";"1";"1";"0"
"13062";"72744305";"13062";"13";"3";"1";"7";"6";"0";"2";"2";"1";"0"
"13065";"72791405";"13065";"13";"1";"3";"1";"6";"1";"0";"1";"2";"0"
"13083";"72821307";"13083";"13";"3";"1";"7";"4";"1";"0";"1";"2";"0"
"13094";"72822320";"13094";"13";"1";"1";"7";"3";"0";"1";"1";"1";"0"
"13098";"72823309";"13098";"13";"1";"1";"7";"3";"1";"0";"1";"2";"0"
"13100";"72823312";"13100";"13";"1";"1";"7";"4";"0";"1";"1";"1";"0"
"13122";"72836203";"13122";"13";"1";"1";"7";"6";"1";"3";"1";"2";"0"
"13129";"73696209";"13129";"13";"2";"1";"7";"4";"0";"1";"1";"1";"0"
"13134";"73697409";"13134";"13";"3";"1";"1";"4";"1";"0";"1";"2";"0"
"13152";"73794104";"13152";"13";"3";"1";"7";"6";"2";"2";"1";"2";"0"
"13153";"73794104";"13153";"13";"1";"1";"7";"4";"0";"1";"1";"1";"0"
"13154";"73794104";"13154";"13";"3";"3";"2";"6";"1";"0";"1";"2";"0"
"13157";"73794104";"13157";"13";"3";"3";"2";"6";"2";"2";"0";"3";"1"
"13158";"73794104";"13158";"13";"3";"1";"7";"6";"0";"3";"0";"1";"0"
"13160";"73794104";"13160";"13";"1";"1";"7";"6";"0";"2";"1";"1";"0"
"13168";"73821403";"8735";"13";"3";"1";"2";"6";"0";"3";"1";"1";"0"
"13172";"73843203";"13172";"13";"2";"1";"7";"6";"1";"2";"0";"2";"0"
"13180";"74694106";"13180";"13";"3";"1";"1";"5";"0";"1";"1";"1";"0"
"13183";"74697201";"13183";"13";"2";"1";"7";"6";"1";"0";"1";"2";"0"
"13184";"74721203";"13184";"13";"5";"1";"7";"5";"1";"0";"1";"2";"0"
"13185";"74721203";"13185";"13";"1";"7";"7";"6";"0";"1";"1";"1";"0"
"13186";"74721203";"13186";"13";"3";"3";"1";"6";"0";"1";"1";"1";"0"
"13187";"74721203";"13187";"13";"1";"1";"7";"7";"1";"0";"1";"2";"0"
"13188";"74721203";"13188";"13";"3";"1";"7";"6";"0";"3";"2";"1";"0"
"13189";"74721203";"13189";"13";"1";"3";"1";"6";"0";"1";"0";"3";"0"
"13190";"74721203";"13190";"13";"3";"1";"1";"6";"0";"1";"9";"1";"0"
"13203";"74735203";"13203";"13";"1";"1";"7";"4";"0";"1";"1";"1";"0"
"13205";"74735203";"13205";"13";"5";"3";"2";"7";"0";"0";"1";"3";"0"
"13207";"74735203";"13207";"13";"1";"1";"7";"7";"0";"2";"1";"1";"0"
"13208";"74735203";"13208";"13";"1";"1";"7";"4";"0";"1";"1";"1";"0"
"13209";"74735203";"13209";"13";"1";"1";"7";"6";"1";"0";"1";"2";"0"
"13217";"74746102";"13217";"13";"1";"1";"7";"7";"1";"0";"4";"2";"0"
"13218";"74746102";"13218";"13";"1";"1";"7";"7";"0";"1";"1";"1";"0"
"13222";"74757213";"13222";"13";"1";"1";"7";"5";"0";"2";"1";"1";"0"
"13225";"74783104";"13225";"13";"1";"1";"7";"6";"0";"2";"4";"1";"0"
"13226";"74783104";"13226";"13";"1";"3";"1";"8";"1";"1";"1";"2";"0"
"13228";"74873208";"13228";"13";"1";"2";"1";"6";"0";"2";"2";"1";"0"
"13229";"74874302";"13229";"13";"1";"1";"7";"6";"1";"0";"1";"2";"0"
"13230";"74877503";"13230";"13";"1";"1";"7";"3";"0";"3";"2";"1";"0"
"13231";"74877503";"13231";"13";"1";"1";"7";"6";"1";"0";"1";"2";"0"
"13232";"74877503";"13232";"13";"1";"1";"7";"6";"1";"4";"1";"2";"0"
"13233";"74877503";"13233";"13";"1";"1";"7";"6";"2";"1";"2";"2";"0"
"13235";"74877503";"13235";"13";"1";"3";"1";"6";"1";"0";"1";"2";"0"
"13236";"74877503";"13236";"13";"1";"3";"1";"7";"0";"0";"1";"3";"0"
"13238";"74877503";"13238";"13";"1";"1";"7";"6";"1";"1";"2";"2";"0"
"13239";"74885503";"13239";"13";"2";"1";"7";"5";"0";"2";"3";"1";"0"
"13245";"75722505";"13245";"13";"1";"1";"7";"7";"1";"0";"1";"2";"0"
"13246";"75722505";"13246";"13";"1";"1";"7";"6";"2";"1";"0";"2";"0"
"13247";"75722505";"13247";"13";"1";"1";"7";"7";"1";"0";"1";"2";"0"
"13248";"75722505";"13248";"13";"1";"1";"7";"4";"0";"1";"1";"1";"0"
"13249";"75722505";"13249";"13";"1";"1";"7";"6";"0";"2";"2";"1";"0"
"13250";"75722505";"13250";"13";"1";"1";"7";"6";"0";"2";"1";"1";"0"
"13251";"75722505";"13251";"13";"1";"1";"1";"6";"1";"1";"0";"2";"0"
"13255";"75734404";"13255";"13";"1";"1";"7";"6";"0";"1";"1";"1";"0"
"13262";"75735501";"13262";"13";"1";"1";"7";"8";"0";"1";"1";"1";"0"
"13271";"75736505";"13271";"13";"1";"1";"7";"6";"0";"2";"2";"1";"0"
"13272";"75736505";"13272";"13";"3";"3";"1";"6";"0";"1";"2";"1";"0"
"13282";"75743303";"13282";"13";"2";"1";"7";"6";"1";"1";"2";"2";"0"
"13283";"75743303";"13283";"13";"1";"1";"7";"6";"0";"1";"1";"1";"0"
"13287";"75744104";"13287";"13";"1";"1";"7";"4";"1";"0";"2";"2";"0"
"13291";"75747107";"13291";"13";"1";"1";"7";"3";"0";"1";"1";"1";"0"
"13301";"75764405";"13301";"13";"1";"1";"7";"6";"0";"1";"1";"1";"0"
"13302";"75764405";"13302";"13";"5";"1";"7";"6";"1";"1";"0";"2";"0"
"13303";"75764405";"13303";"13";"5";"1";"7";"4";"0";"1";"1";"1";"0"
"13304";"75764405";"13304";"13";"5";"1";"7";"7";"0";"2";"0";"3";"0"
"13305";"75764405";"13305";"13";"5";"1";"7";"7";"0";"1";"1";"1";"0"
"13306";"75764405";"13306";"13";"1";"1";"7";"6";"0";"2";"0";"1";"0"
"13307";"75764405";"13307";"13";"1";"1";"7";"6";"0";"1";"1";"1";"0"
"13308";"75764405";"13308";"13";"5";"3";"2";"6";"0";"1";"1";"1";"0"
"13309";"75764414";"13309";"13";"1";"1";"7";"6";"0";"1";"1";"1";"0"
"13310";"75764414";"13310";"13";"1";"1";"7";"6";"0";"2";"0";"1";"0"
"13313";"75765302";"13313";"13";"1";"1";"7";"4";"0";"1";"1";"1";"0"
"13319";"75775103";"13319";"13";"1";"3";"1";"4";"1";"0";"1";"2";"0"
"13320";"75775103";"13320";"13";"3";"1";"7";"6";"0";"1";"0";"1";"0"
"13336";"75776404";"13336";"13";"1";"1";"7";"6";"0";"1";"1";"1";"0"
"13337";"75776404";"10486";"13";"1";"1";"7";"6";"0";"3";"0";"1";"0"
"13339";"75776404";"13339";"13";"3";"3";"1";"6";"0";"1";"0";"1";"0"
"13340";"75776404";"13340";"13";"1";"1";"7";"6";"0";"1";"1";"1";"0"
"13341";"75776404";"10253";"13";"1";"1";"7";"6";"0";"2";"1";"1";"0"
"13344";"75776404";"13344";"13";"1";"2";"1";"6";"0";"2";"0";"1";"0"
"13345";"75776404";"13345";"13";"1";"1";"7";"6";"0";"1";"1";"1";"0"
"13346";"75776404";"13346";"13";"1";"2";"1";"6";"0";"1";"1";"1";"0"
"13347";"75776502";"13347";"13";"1";"1";"7";"7";"0";"1";"1";"1";"0"
"13348";"75776508";"13348";"13";"1";"1";"7";"5";"1";"0";"1";"2";"0"
"13349";"75776508";"13349";"13";"1";"1";"7";"6";"0";"1";"1";"1";"0"
"13357";"75786203";"13357";"13";"1";"1";"7";"6";"0";"2";"1";"1";"0"
"13358";"75786203";"13358";"13";"3";"1";"7";"6";"0";"1";"0";"1";"0"
"13359";"75786203";"13359";"13";"1";"1";"7";"6";"0";"1";"4";"1";"0"
"13360";"75786203";"13360";"13";"3";"3";"1";"6";"0";"2";"0";"1";"0"
"13361";"75786203";"13361";"13";"2";"3";"2";"6";"0";"2";"1";"1";"0"
"13363";"75792302";"13363";"13";"3";"1";"7";"6";"1";"0";"2";"2";"0"
"13387";"75797410";"13387";"13";"1";"1";"7";"6";"0";"1";"2";"1";"0"
"13388";"75797410";"13388";"13";"1";"3";"1";"6";"0";"1";"0";"1";"0"
"13390";"75797410";"13390";"13";"3";"3";"2";"6";"0";"1";"1";"1";"0"
"13408";"75805301";"13408";"13";"1";"1";"7";"4";"0";"1";"1";"1";"0"
"13426";"75812203";"13426";"13";"1";"1";"7";"6";"0";"1";"1";"1";"0"
"13427";"75812203";"13427";"13";"1";"1";"7";"6";"0";"3";"0";"1";"0"