"accident_id";"lieu_id";"date_id";"cause_id";"lum_id";"intemp_id";"etat_surface_id";"impliq_id";"nb_blesses_graves";"nb_blesses_legers";"nb_indemnes";"gravite";"nb_morts"
"13435";"75856303";"13435";"13";"1";"1";"7";"6";"0";"0";"1";"3";"0"
"13474";"76732209";"13474";"13";"1";"3";"1";"6";"0";"1";"1";"1";"0"
"13475";"76732209";"13475";"13";"3";"3";"1";"6";"0";"1";"1";"1";"0"
"13476";"76732209";"13476";"13";"2";"1";"7";"6";"0";"1";"1";"1";"0"
"13486";"76733303";"13486";"13";"1";"1";"7";"3";"0";"1";"1";"1";"0"
"13487";"76733303";"13487";"13";"1";"1";"7";"6";"0";"1";"1";"1";"0"
"13489";"76733303";"13489";"13";"1";"1";"7";"6";"0";"2";"1";"1";"0"
"13495";"76734212";"13495";"13";"1";"1";"7";"4";"0";"1";"1";"1";"0"
"13499";"76734309";"13499";"13";"1";"1";"7";"7";"0";"1";"1";"1";"0"
"13500";"76734309";"13500";"13";"1";"1";"7";"6";"1";"0";"0";"2";"0"
"13501";"76734309";"13501";"13";"1";"1";"7";"5";"1";"1";"0";"2";"0"
"13528";"76737515";"13528";"13";"1";"1";"7";"6";"0";"2";"0";"1";"0"
"13535";"76746404";"13535";"13";"1";"1";"7";"6";"0";"2";"1";"1";"0"
"13536";"76746404";"13536";"13";"1";"1";"7";"5";"0";"1";"1";"1";"0"
"13538";"76747303";"13538";"13";"1";"2";"2";"6";"0";"1";"1";"1";"0"
"13539";"76747401";"13539";"13";"3";"1";"7";"6";"0";"1";"1";"1";"0"
"13540";"76747401";"1422";"13";"1";"1";"7";"6";"0";"1";"1";"1";"0"
"13547";"76753202";"13547";"13";"1";"1";"7";"6";"0";"4";"0";"1";"0"
"13552";"76753301";"13552";"13";"1";"2";"1";"6";"0";"1";"1";"1";"0"
"13555";"76754111";"13555";"13";"1";"1";"7";"6";"1";"1";"0";"2";"0"
"13564";"76761501";"13564";"13";"1";"1";"7";"6";"0";"1";"1";"1";"0"
"13565";"76762102";"13565";"13";"1";"1";"7";"6";"0";"1";"1";"1";"0"
"13566";"76762102";"13566";"13";"1";"1";"7";"6";"1";"2";"0";"2";"0"
"13570";"76765202";"13570";"13";"1";"1";"7";"4";"0";"2";"0";"1";"0"
"13571";"76765202";"13571";"13";"1";"1";"7";"6";"0";"2";"0";"1";"0"
"13576";"76765311";"13576";"13";"1";"4";"1";"6";"1";"0";"1";"2";"0"
"13577";"76765312";"13577";"13";"3";"1";"4";"6";"0";"1";"1";"1";"0"
"13589";"76771107";"13589";"13";"1";"1";"7";"6";"0";"3";"1";"1";"0"
"13600";"76772205";"13600";"13";"3";"1";"7";"6";"0";"5";"0";"1";"0"
"13601";"76772205";"13601";"13";"1";"1";"7";"6";"0";"2";"0";"1";"0"
"13612";"76772205";"13612";"13";"1";"1";"7";"6";"0";"1";"1";"1";"0"
"13614";"76773404";"13614";"13";"3";"1";"7";"6";"0";"1";"1";"1";"0"
"13622";"76774304";"13622";"13";"1";"1";"7";"4";"0";"1";"2";"1";"0"
"13627";"76774401";"13627";"13";"3";"3";"2";"6";"0";"1";"1";"1";"0"
"13649";"76774511";"13649";"13";"1";"1";"7";"6";"0";"2";"0";"1";"0"
"13651";"76774511";"13651";"13";"1";"1";"7";"4";"0";"1";"1";"1";"0"
"13652";"76774511";"13652";"13";"1";"1";"7";"4";"0";"1";"1";"1";"0"
"13653";"76774511";"13653";"13";"1";"1";"7";"4";"0";"1";"1";"1";"0"
"13654";"76774511";"13654";"13";"1";"1";"7";"3";"0";"1";"1";"1";"0"
"13655";"76775102";"13655";"13";"1";"1";"7";"5";"0";"2";"1";"1";"0"
"13664";"76776303";"13664";"13";"1";"1";"7";"6";"0";"1";"1";"1";"0"
"13670";"76777104";"13670";"13";"1";"1";"7";"5";"0";"1";"1";"1";"0"
"13671";"76777104";"13671";"13";"1";"1";"7";"4";"0";"1";"1";"1";"0"
"13672";"76777104";"13672";"13";"1";"1";"7";"6";"0";"1";"1";"1";"0"
"13673";"76777104";"13673";"13";"1";"1";"7";"5";"0";"1";"1";"1";"0"
"13674";"76777104";"13674";"13";"3";"3";"2";"6";"1";"1";"0";"2";"0"
"13677";"76777407";"13677";"13";"3";"1";"7";"6";"0";"2";"0";"1";"0"
"13685";"76791406";"13685";"13";"1";"1";"7";"6";"0";"1";"1";"1";"0"
"13690";"76822502";"5218";"13";"1";"1";"7";"5";"1";"1";"1";"2";"0"
"13695";"76857107";"13695";"13";"1";"1";"7";"5";"1";"0";"4";"2";"0"
"13698";"76862103";"13698";"13";"1";"1";"7";"6";"1";"0";"0";"3";"0"
"13700";"76894504";"13700";"13";"3";"1";"7";"6";"0";"3";"0";"1";"0"
"13724";"77706405";"13724";"13";"1";"2";"2";"6";"0";"4";"1";"1";"0"
"13729";"77715402";"13729";"13";"1";"1";"7";"6";"0";"1";"1";"1";"0"
"13730";"77715402";"13730";"13";"1";"1";"7";"6";"0";"1";"1";"1";"0"
"13732";"77715402";"13732";"13";"1";"1";"7";"4";"0";"1";"4";"1";"0"
"13790";"77731503";"13790";"13";"2";"4";"4";"3";"0";"1";"1";"1";"0"
"13819";"77735411";"13819";"13";"3";"3";"2";"4";"0";"1";"1";"1";"0"
"13820";"77735411";"13820";"13";"1";"1";"7";"6";"0";"1";"1";"1";"0"
"13822";"77735411";"13822";"13";"1";"1";"7";"6";"0";"2";"0";"1";"0"
"13823";"77735411";"13823";"13";"1";"1";"7";"4";"0";"1";"1";"1";"0"
"13825";"77735411";"13825";"13";"3";"1";"7";"6";"1";"0";"1";"2";"0"
"13826";"77735411";"13826";"13";"1";"4";"3";"6";"0";"1";"1";"1";"0"
"13827";"77735513";"13827";"13";"1";"1";"7";"6";"0";"1";"1";"1";"0"
"13906";"77744106";"13906";"13";"1";"1";"7";"4";"0";"1";"1";"1";"0"
"13925";"77745106";"13925";"13";"1";"1";"7";"6";"0";"2";"1";"1";"0"
"13927";"77745106";"13927";"13";"1";"1";"7";"6";"0";"2";"0";"1";"0"
"13928";"77745106";"13928";"13";"1";"1";"7";"4";"0";"1";"1";"1";"0"
"13936";"77745204";"13936";"13";"3";"1";"7";"6";"0";"4";"0";"1";"0"
"13937";"77745204";"13937";"13";"1";"1";"7";"6";"0";"1";"1";"1";"0"
"13938";"77745204";"13938";"13";"1";"1";"7";"4";"0";"1";"2";"1";"0"
"13940";"77745204";"13940";"13";"1";"1";"7";"6";"0";"2";"1";"1";"0"
"13942";"77745206";"13942";"13";"1";"1";"7";"4";"0";"1";"1";"1";"0"
"13950";"77746306";"13950";"13";"1";"1";"7";"6";"0";"1";"1";"1";"0"
"13957";"77747114";"13957";"13";"3";"1";"7";"6";"0";"1";"2";"1";"0"
"13958";"77747114";"13958";"13";"2";"1";"7";"4";"0";"1";"1";"1";"0"
"13976";"77752502";"13976";"13";"1";"1";"7";"6";"0";"1";"2";"1";"0"
"13979";"77752507";"13979";"13";"1";"1";"7";"6";"0";"1";"0";"1";"0"
"13980";"77752507";"13980";"13";"1";"1";"7";"6";"2";"0";"1";"2";"0"
"13981";"77752507";"13308";"13";"3";"3";"2";"6";"0";"2";"1";"1";"0"
"13983";"77752507";"13983";"13";"5";"1";"7";"6";"1";"1";"1";"2";"0"
"13985";"77753501";"13985";"13";"1";"1";"6";"4";"0";"1";"1";"1";"0"
"13997";"77755505";"13997";"13";"1";"1";"7";"6";"0";"1";"1";"1";"0"
"14000";"77756403";"14000";"13";"1";"1";"7";"6";"0";"1";"1";"1";"0"
"14002";"77757102";"14002";"13";"1";"1";"7";"6";"0";"1";"1";"1";"0"
"14003";"77757102";"14003";"13";"1";"1";"7";"5";"0";"1";"1";"1";"0"
"14005";"77757102";"14005";"13";"1";"1";"7";"7";"1";"1";"0";"2";"0"
"14007";"77757102";"14007";"13";"1";"1";"7";"3";"0";"1";"1";"1";"0"
"14020";"77763102";"14020";"13";"1";"1";"7";"6";"0";"3";"0";"1";"0"
"14021";"77763102";"14021";"13";"1";"1";"7";"6";"0";"1";"0";"1";"0"
"14023";"77763102";"14023";"13";"1";"1";"7";"6";"0";"1";"1";"1";"0"
"14024";"77763102";"14024";"13";"3";"1";"7";"4";"0";"1";"1";"1";"0"
"14025";"77763102";"14025";"13";"1";"1";"7";"6";"1";"0";"1";"2";"0"
"14026";"77763102";"14026";"13";"1";"2";"2";"6";"0";"4";"0";"1";"0"
"14027";"77763102";"14027";"13";"1";"1";"7";"6";"0";"1";"1";"1";"0"
"14028";"77763102";"14028";"13";"3";"3";"2";"6";"1";"0";"1";"2";"0"
"14029";"77763102";"14029";"13";"1";"1";"7";"4";"1";"0";"1";"2";"0"
"14030";"77763102";"1307";"13";"1";"1";"7";"6";"0";"1";"2";"1";"0"
"14031";"77763102";"14031";"13";"1";"1";"7";"7";"1";"0";"2";"2";"0"
"14032";"77763102";"14032";"13";"3";"1";"7";"6";"0";"1";"1";"1";"0"
"14033";"77763102";"14033";"13";"1";"1";"7";"6";"0";"1";"1";"1";"0"
"14034";"77763102";"14034";"13";"2";"1";"7";"7";"1";"1";"1";"2";"0"
"14035";"77763102";"14035";"13";"1";"1";"7";"6";"0";"1";"1";"1";"0"
"14036";"77763108";"14036";"13";"1";"3";"2";"6";"0";"1";"1";"1";"0"
"14037";"77763108";"14037";"13";"1";"1";"7";"6";"0";"1";"1";"1";"0"
"14060";"77764301";"14060";"13";"1";"1";"7";"6";"0";"3";"1";"1";"0"
"14068";"77764517";"14068";"13";"1";"1";"7";"6";"0";"1";"1";"1";"0"
"14069";"77764517";"14069";"13";"1";"1";"2";"6";"0";"3";"1";"1";"0"
"14079";"77766105";"14079";"13";"1";"1";"7";"6";"1";"0";"1";"2";"0"
"14085";"77766404";"14085";"13";"1";"1";"7";"4";"0";"1";"1";"1";"0"
"14086";"77766404";"4873";"13";"1";"3";"1";"4";"0";"1";"1";"1";"0"
"14087";"77766404";"14087";"13";"1";"1";"7";"6";"0";"1";"1";"1";"0"
"14088";"77766406";"14088";"13";"1";"1";"7";"3";"0";"1";"1";"1";"0"
"14089";"77766406";"14089";"13";"3";"1";"7";"4";"0";"1";"1";"1";"0"
"14091";"77766504";"14091";"13";"1";"1";"7";"6";"0";"1";"2";"1";"0"
"14097";"77767203";"14097";"13";"1";"1";"7";"6";"0";"1";"2";"1";"0"
"14098";"77767205";"14098";"13";"1";"3";"2";"6";"0";"1";"0";"1";"0"
"14099";"77767205";"14099";"13";"1";"1";"1";"8";"0";"1";"2";"1";"0"
"14101";"77767205";"14101";"13";"1";"1";"7";"4";"0";"2";"1";"1";"0"
"14103";"77767405";"14103";"13";"3";"1";"7";"6";"0";"2";"0";"1";"0"
"14104";"77767405";"14104";"13";"1";"1";"7";"6";"0";"1";"1";"1";"0"
"14105";"77767409";"14105";"13";"1";"3";"1";"6";"0";"1";"1";"1";"0"
"14106";"77767502";"14106";"13";"1";"1";"7";"6";"0";"2";"0";"1";"0"
"14107";"77767502";"14107";"13";"1";"1";"7";"4";"0";"1";"1";"1";"0"
"14108";"77767502";"14108";"13";"1";"1";"7";"6";"0";"2";"0";"1";"0"
"14109";"77767502";"14109";"13";"1";"1";"7";"6";"0";"1";"1";"1";"0"
"14110";"77767502";"14110";"13";"2";"1";"7";"5";"0";"1";"1";"1";"0"
"14111";"77767502";"14111";"13";"2";"1";"7";"6";"1";"2";"2";"2";"0"
"14112";"77767505";"14112";"13";"3";"1";"7";"6";"0";"1";"1";"1";"0"
"14113";"77767505";"14113";"13";"1";"3";"2";"4";"0";"1";"1";"1";"0"
"14114";"77767505";"14114";"13";"1";"1";"7";"4";"0";"1";"1";"1";"0"
"14115";"77767505";"2797";"13";"1";"1";"7";"6";"0";"2";"1";"1";"0"
"14116";"77767505";"14116";"13";"1";"1";"7";"6";"0";"1";"2";"1";"0"
"14117";"77767505";"14117";"13";"1";"1";"7";"6";"0";"1";"2";"1";"0"
"14118";"77767505";"14118";"13";"1";"1";"7";"6";"0";"1";"1";"1";"0"
"14119";"77767505";"14119";"13";"1";"3";"2";"6";"0";"1";"1";"1";"0"
"14120";"77767505";"14120";"13";"1";"1";"7";"6";"0";"1";"2";"1";"0"
"14121";"77767505";"14121";"13";"1";"1";"7";"6";"0";"1";"0";"1";"0"
"14123";"77767505";"14123";"13";"2";"1";"7";"6";"0";"2";"1";"1";"0"
"14124";"77767505";"9742";"13";"3";"1";"7";"6";"0";"1";"2";"1";"0"
"14125";"77767505";"14125";"13";"2";"3";"1";"6";"0";"1";"1";"1";"0"
"14126";"77767505";"14126";"13";"1";"1";"7";"4";"1";"0";"2";"2";"0"
"14128";"77767507";"14128";"13";"1";"1";"7";"4";"0";"2";"1";"1";"0"
"14129";"77767507";"14129";"13";"3";"2";"2";"6";"0";"2";"0";"1";"0"
"14130";"77767507";"14130";"13";"1";"3";"1";"6";"0";"1";"2";"1";"0"
"14138";"77771404";"14138";"13";"3";"1";"7";"6";"1";"0";"1";"2";"0"
"14155";"77772502";"14155";"13";"1";"1";"7";"6";"0";"1";"2";"1";"0"
"14156";"77772502";"14156";"13";"1";"1";"7";"6";"0";"1";"1";"1";"0"
"14168";"77773404";"14168";"13";"2";"1";"7";"4";"0";"1";"1";"1";"0"
"14173";"77774405";"14173";"13";"1";"1";"7";"5";"0";"1";"1";"1";"0"
"14256";"77777206";"14256";"13";"2";"1";"1";"3";"0";"1";"1";"1";"0"
"14261";"77777206";"14261";"13";"3";"1";"7";"6";"0";"2";"0";"1";"0"
"14264";"77777406";"14264";"13";"1";"1";"7";"5";"0";"1";"1";"1";"0"
"14268";"77777406";"14268";"13";"3";"1";"7";"6";"0";"2";"0";"1";"0"
"14273";"77782209";"14273";"13";"3";"1";"7";"6";"0";"1";"1";"1";"0"
"14290";"77787305";"14290";"13";"2";"1";"7";"6";"0";"1";"1";"1";"0"
"14291";"77787305";"14291";"13";"1";"1";"7";"6";"0";"1";"2";"1";"0"
"14301";"77797203";"14301";"13";"1";"1";"7";"5";"1";"0";"1";"2";"0"
"14302";"77802304";"14302";"13";"1";"1";"2";"6";"1";"0";"2";"2";"0"
"14303";"77811508";"14303";"13";"3";"3";"2";"5";"0";"4";"0";"1";"0"
"14304";"77811508";"14304";"13";"1";"1";"7";"6";"1";"3";"2";"2";"0"
"14305";"77811508";"14305";"13";"1";"1";"7";"3";"0";"2";"1";"1";"0"
"14306";"77811508";"14306";"13";"1";"1";"7";"6";"1";"1";"0";"2";"0"
"14307";"77811508";"14307";"13";"1";"3";"1";"4";"1";"0";"1";"2";"0"
"14308";"77815202";"14308";"13";"1";"1";"7";"6";"0";"1";"1";"1";"0"
"14311";"77815204";"14311";"13";"2";"1";"7";"6";"2";"0";"0";"2";"0"
"14329";"77893502";"14329";"13";"1";"1";"7";"6";"0";"1";"1";"1";"0"
"14341";"77902107";"14341";"13";"1";"6";"7";"3";"0";"1";"1";"1";"0"
"14353";"77902509";"14353";"13";"1";"1";"7";"5";"0";"1";"1";"1";"0"
"14357";"77902509";"14357";"13";"1";"1";"7";"4";"1";"0";"1";"2";"0"
"14358";"77902509";"14358";"13";"1";"1";"7";"6";"0";"1";"1";"1";"0"
"14360";"77903203";"14360";"13";"3";"3";"1";"6";"0";"1";"0";"1";"0"
"14362";"77903209";"14362";"13";"1";"1";"7";"6";"0";"1";"1";"1";"0"
"14373";"77903306";"14373";"13";"1";"1";"7";"7";"0";"1";"0";"1";"0"
"14374";"77903504";"14374";"13";"1";"1";"7";"4";"0";"1";"1";"1";"0"
"14375";"77903504";"14375";"13";"1";"1";"7";"7";"0";"1";"1";"1";"0"
"14379";"77903506";"14379";"13";"1";"1";"7";"4";"0";"1";"1";"1";"0"
"14381";"77903506";"14381";"13";"1";"1";"7";"4";"0";"1";"1";"1";"0"
"14400";"77904501";"14400";"13";"1";"1";"7";"7";"1";"0";"1";"2";"0"
"14417";"77907506";"14417";"13";"1";"3";"2";"6";"0";"1";"1";"1";"0"
"14421";"78655301";"9526";"13";"1";"1";"7";"6";"1";"0";"1";"2";"0"
"14422";"78655301";"14422";"13";"3";"1";"7";"6";"1";"0";"1";"2";"0"
"14423";"78655301";"14423";"13";"3";"1";"7";"6";"2";"0";"1";"2";"0"
"14424";"78655301";"14424";"13";"1";"1";"2";"6";"0";"3";"0";"1";"0"
"14425";"78655301";"14425";"13";"1";"1";"7";"6";"0";"4";"1";"1";"0"
"14426";"78655301";"14426";"13";"1";"1";"7";"5";"0";"0";"1";"3";"0"
"14507";"78685203";"14507";"13";"1";"2";"2";"6";"2";"0";"3";"2";"0"
"14508";"78685203";"14508";"13";"2";"1";"7";"4";"1";"0";"1";"2";"0"
"14510";"78687502";"14510";"13";"1";"1";"7";"6";"0";"1";"1";"1";"0"
"14511";"78687502";"14511";"13";"1";"1";"7";"6";"0";"1";"1";"1";"0"
"14512";"78687502";"14512";"13";"1";"1";"7";"6";"1";"1";"0";"2";"0"
"14513";"78687502";"14513";"13";"1";"1";"7";"6";"0";"1";"1";"1";"0"
"14515";"78687502";"2849";"13";"1";"1";"7";"6";"1";"1";"0";"2";"0"
"14520";"78692103";"14520";"13";"5";"1";"7";"3";"1";"0";"1";"2";"0"
"14521";"78692103";"14521";"13";"1";"1";"1";"5";"1";"0";"1";"2";"0"
"14522";"78692105";"14522";"13";"1";"1";"7";"6";"1";"1";"0";"2";"0"
"14523";"78694405";"14523";"13";"1";"1";"2";"6";"1";"0";"1";"2";"0"
"14524";"78694405";"14524";"13";"1";"1";"7";"6";"1";"0";"1";"2";"0"
"14525";"78694405";"14525";"13";"1";"1";"2";"6";"1";"1";"0";"2";"0"
"14526";"78694405";"14526";"13";"3";"3";"1";"6";"0";"3";"0";"1";"0"
"14528";"78694405";"14528";"13";"3";"1";"7";"5";"0";"1";"1";"1";"0"
"14529";"78694405";"14529";"13";"5";"1";"7";"6";"1";"0";"1";"2";"0"
"14564";"78717302";"14564";"13";"1";"1";"7";"6";"0";"1";"1";"1";"0"
"14580";"78731504";"14580";"13";"3";"2";"1";"3";"0";"1";"1";"1";"0"
"14582";"78731504";"14582";"13";"3";"1";"7";"6";"1";"0";"1";"2";"0"
"14599";"78733405";"14599";"13";"2";"1";"7";"6";"0";"1";"1";"1";"0"
"14611";"78734104";"14611";"13";"3";"1";"7";"6";"0";"2";"1";"1";"0"
"14635";"78741214";"14635";"13";"3";"3";"1";"6";"0";"1";"1";"1";"0"
"14639";"78741215";"14639";"13";"1";"3";"1";"5";"0";"1";"1";"1";"0"
"14641";"78741215";"14641";"13";"1";"3";"1";"6";"0";"1";"1";"1";"0"
"14646";"78741404";"14646";"13";"1";"1";"7";"6";"0";"1";"2";"1";"0"
"14649";"78743101";"12422";"13";"3";"1";"7";"5";"0";"1";"1";"1";"0"
"14651";"78743101";"14651";"13";"3";"1";"7";"4";"0";"1";"1";"1";"0"
"14653";"78743113";"14653";"13";"3";"3";"1";"6";"0";"1";"1";"1";"0"
"14655";"78743204";"14655";"13";"3";"1";"7";"6";"0";"1";"1";"1";"0"
"14656";"78743204";"14656";"13";"2";"1";"7";"5";"0";"1";"1";"1";"0"
"14673";"78744201";"14673";"13";"3";"1";"7";"6";"0";"1";"1";"1";"0"
"14676";"78744201";"14676";"13";"4";"1";"7";"6";"0";"4";"0";"1";"0"
"14677";"78744201";"14677";"13";"3";"1";"7";"6";"0";"2";"0";"1";"0"
"14681";"78744302";"14681";"13";"1";"3";"2";"5";"0";"1";"1";"1";"0"
"14693";"78744302";"14693";"13";"2";"1";"7";"6";"0";"2";"1";"1";"0"
"14697";"78744302";"14697";"13";"2";"1";"7";"6";"0";"2";"1";"1";"0"
"14707";"78745301";"14707";"13";"1";"1";"7";"4";"0";"1";"1";"1";"0"
"14762";"78747508";"14762";"13";"1";"1";"7";"2";"0";"1";"1";"1";"0"
"14776";"78751504";"14776";"13";"3";"1";"7";"4";"0";"1";"1";"1";"0"
"14777";"78751504";"14777";"13";"3";"3";"2";"4";"0";"1";"1";"1";"0"
"14781";"78751504";"14781";"13";"1";"1";"7";"6";"0";"1";"1";"1";"0"
"14783";"78751504";"14783";"13";"1";"1";"7";"6";"0";"1";"2";"1";"0"
"14784";"78751504";"14784";"13";"1";"1";"7";"6";"0";"1";"1";"1";"0"
"14786";"78751504";"14786";"13";"3";"1";"2";"6";"0";"1";"1";"1";"0"
"14787";"78751504";"14787";"13";"3";"1";"7";"5";"0";"1";"1";"1";"0"
"14825";"78757302";"14825";"13";"1";"1";"7";"4";"0";"1";"1";"1";"0"
"14826";"78757302";"14826";"13";"1";"1";"7";"6";"0";"2";"1";"1";"0"
"14827";"78757302";"14827";"13";"1";"1";"7";"6";"0";"4";"1";"1";"0"
"14828";"78757302";"14828";"13";"1";"1";"7";"5";"0";"1";"1";"1";"0"
"14829";"78757302";"14829";"13";"1";"1";"7";"6";"0";"2";"1";"1";"0"
"14865";"78761304";"14865";"13";"1";"1";"7";"4";"0";"1";"1";"1";"0"
"14898";"78762510";"14898";"13";"1";"1";"7";"6";"1";"3";"0";"2";"0"
"14903";"78763203";"14903";"13";"1";"1";"2";"4";"0";"1";"1";"1";"0"
"14905";"78763403";"14905";"13";"1";"3";"1";"5";"1";"0";"1";"2";"0"
"14906";"78763403";"14906";"13";"1";"1";"7";"5";"0";"1";"2";"1";"0"
"14912";"78763403";"14912";"13";"1";"1";"7";"4";"0";"1";"1";"1";"0"
"14922";"78763510";"14922";"13";"3";"1";"7";"4";"0";"1";"1";"1";"0"
"14925";"78763515";"14925";"13";"1";"1";"7";"6";"0";"1";"1";"1";"0"
"14935";"78764107";"14935";"13";"1";"1";"7";"4";"0";"1";"1";"1";"0"
"14986";"78765312";"14986";"13";"1";"1";"7";"5";"0";"1";"1";"1";"0"
"14987";"78765312";"14987";"13";"2";"3";"1";"5";"0";"2";"1";"1";"0"
"15014";"78767101";"15014";"13";"3";"1";"7";"6";"0";"1";"1";"1";"0"
"15018";"78767302";"15018";"13";"1";"1";"7";"5";"0";"1";"1";"1";"0"
"15061";"78771206";"15061";"13";"1";"1";"7";"4";"0";"1";"1";"1";"0"
"15062";"78771206";"15062";"13";"3";"3";"2";"6";"0";"2";"0";"1";"0"
"15063";"78771206";"15063";"13";"1";"1";"7";"6";"0";"2";"0";"1";"0"
"15064";"78771206";"15064";"13";"1";"1";"7";"6";"0";"4";"2";"1";"0"
"15065";"78771206";"15065";"13";"4";"1";"7";"7";"0";"1";"1";"1";"0"
"15066";"78771206";"15066";"13";"1";"1";"7";"6";"0";"3";"0";"1";"0"
"15067";"78771206";"15067";"13";"1";"1";"7";"6";"0";"2";"1";"1";"0"
"15068";"78771206";"15068";"13";"1";"1";"7";"6";"0";"2";"0";"1";"0"
"15073";"78771406";"15073";"13";"1";"1";"7";"5";"0";"1";"1";"1";"0"
"15076";"78771406";"15076";"13";"1";"1";"7";"3";"0";"1";"1";"1";"0"
"15078";"78771406";"15078";"13";"1";"3";"1";"4";"1";"0";"1";"2";"0"
"15079";"78771406";"15079";"13";"1";"1";"7";"6";"0";"1";"1";"1";"0"
"15082";"78772102";"15082";"13";"3";"3";"1";"6";"0";"4";"0";"1";"0"
"15083";"78772102";"15083";"13";"3";"1";"7";"4";"0";"1";"1";"1";"0"
"15084";"78772102";"15084";"13";"1";"1";"7";"6";"1";"0";"1";"2";"0"
"15085";"78772102";"15085";"13";"1";"1";"7";"6";"0";"2";"0";"1";"0"
"15086";"78772102";"15086";"13";"1";"1";"7";"6";"0";"3";"0";"1";"0"
"15087";"78772102";"15087";"13";"3";"1";"1";"6";"0";"2";"1";"1";"0"
"15088";"78772102";"15088";"13";"1";"1";"7";"6";"0";"1";"1";"1";"0"
"15089";"78772102";"15089";"13";"3";"1";"7";"6";"1";"3";"1";"2";"0"
"15091";"78772102";"15091";"13";"1";"1";"7";"6";"0";"1";"2";"1";"0"
"15092";"78772102";"15092";"13";"1";"3";"1";"6";"0";"2";"0";"1";"0"
"15093";"78772102";"15093";"13";"3";"1";"7";"6";"0";"1";"1";"1";"0"
"15094";"78772104";"15094";"13";"1";"1";"7";"6";"0";"1";"1";"1";"0"
"15095";"78772106";"15095";"13";"1";"1";"7";"6";"0";"1";"1";"1";"0"
"15096";"78772106";"15096";"13";"3";"1";"7";"4";"0";"1";"1";"1";"0"
"15099";"78772304";"15099";"13";"2";"1";"7";"6";"0";"3";"0";"1";"0"
"15102";"78772304";"15102";"13";"1";"1";"7";"6";"0";"2";"2";"1";"0"
"15143";"78774105";"15143";"13";"3";"3";"1";"6";"1";"0";"1";"2";"0"
"15183";"78775203";"15183";"13";"1";"1";"7";"4";"0";"1";"1";"1";"0"
"15185";"78775203";"15185";"13";"1";"2";"1";"6";"0";"1";"2";"1";"0"
"15196";"78776103";"15196";"13";"1";"1";"1";"3";"0";"1";"1";"1";"0"
"15211";"78776408";"15211";"13";"1";"3";"1";"6";"0";"1";"1";"1";"0"
"15212";"78776408";"15212";"13";"1";"3";"2";"6";"0";"1";"1";"1";"0"
"15213";"78777301";"15213";"13";"1";"2";"2";"6";"1";"0";"1";"2";"0"
"15246";"78782101";"15246";"13";"2";"1";"7";"4";"0";"1";"1";"1";"0"
"15247";"78782203";"15247";"13";"1";"1";"7";"6";"0";"1";"2";"1";"0"
"15299";"78785104";"15299";"13";"1";"1";"7";"6";"0";"3";"0";"1";"0"
"15301";"78785203";"15301";"13";"1";"1";"7";"4";"1";"0";"1";"2";"0"
"15306";"78785204";"15306";"13";"1";"1";"1";"6";"0";"1";"1";"1";"0"
"15332";"78787503";"15332";"13";"1";"1";"5";"4";"0";"1";"1";"1";"0"
"15338";"78795403";"15338";"13";"4";"1";"1";"6";"3";"0";"1";"2";"0"
"15339";"78795403";"15339";"13";"1";"1";"7";"8";"4";"0";"1";"2";"0"
"15340";"78795403";"15340";"13";"1";"1";"7";"6";"0";"1";"1";"1";"0"
"15341";"78795403";"15341";"13";"3";"1";"1";"6";"0";"1";"1";"1";"0"
"15342";"78795403";"15342";"13";"3";"7";"1";"6";"0";"1";"1";"1";"0"
"15343";"78795403";"15343";"13";"3";"1";"7";"6";"1";"0";"1";"2";"0"
"15344";"78795403";"15344";"13";"1";"1";"7";"3";"1";"0";"1";"2";"0"
"15345";"78795403";"15345";"13";"1";"1";"7";"6";"0";"1";"2";"1";"0"
"15346";"78795403";"15346";"13";"3";"3";"1";"6";"1";"1";"1";"2";"0"
"15353";"78797210";"15353";"13";"1";"3";"2";"6";"0";"1";"1";"1";"0"
"15362";"78801402";"15362";"13";"1";"3";"1";"6";"1";"0";"1";"2";"0"
"15363";"78802201";"15363";"13";"3";"3";"1";"4";"0";"1";"1";"1";"0"
"15369";"78827218";"15369";"13";"1";"1";"7";"3";"0";"2";"1";"1";"0"
"15378";"78851503";"15378";"13";"1";"1";"7";"6";"1";"0";"1";"2";"0"
"15379";"78851503";"15379";"13";"1";"1";"7";"6";"0";"2";"1";"1";"0"
"15380";"78851503";"15380";"13";"1";"1";"7";"6";"1";"1";"2";"2";"0"
"15381";"78851503";"15381";"13";"1";"1";"7";"4";"1";"0";"2";"2";"0"
"15382";"78851503";"15382";"13";"1";"1";"7";"5";"1";"0";"1";"2";"0"
"15383";"78851503";"15383";"13";"2";"1";"7";"6";"0";"2";"0";"1";"0"
"15384";"78851503";"15384";"13";"1";"1";"7";"4";"1";"0";"1";"2";"0"