"accident_id";"lieu_id";"date_id";"cause_id";"lum_id";"intemp_id";"etat_surface_id";"impliq_id";"nb_blesses_graves";"nb_blesses_legers";"nb_indemnes";"gravite";"nb_morts"
"15389";"78871109";"6257";"13";"1";"1";"7";"6";"0";"0";"1";"3";"0"
"15390";"78871109";"15390";"13";"1";"1";"7";"5";"0";"1";"1";"1";"0"
"15395";"78901503";"15395";"13";"1";"1";"7";"6";"0";"1";"1";"1";"0"
"15396";"78901503";"15396";"13";"3";"1";"7";"3";"0";"1";"1";"1";"0"
"15397";"78901503";"15397";"13";"3";"3";"2";"4";"0";"1";"1";"1";"0"
"15400";"78912102";"15400";"13";"1";"3";"1";"6";"0";"1";"1";"1";"0"
"15407";"79664404";"15407";"13";"5";"1";"7";"6";"0";"1";"2";"1";"0"
"15408";"79664404";"15408";"13";"4";"2";"1";"5";"0";"1";"1";"1";"0"
"15409";"79664404";"15409";"13";"1";"1";"1";"7";"0";"2";"1";"1";"0"
"15410";"79664404";"15410";"13";"1";"1";"7";"6";"0";"4";"1";"1";"0"
"15411";"79664404";"15411";"13";"3";"3";"1";"6";"0";"4";"1";"1";"0"
"15412";"79664404";"15412";"13";"1";"1";"7";"6";"1";"3";"0";"2";"0"
"15414";"79664404";"15414";"13";"1";"1";"7";"6";"0";"1";"1";"1";"0"
"15458";"79703511";"15458";"13";"1";"1";"7";"6";"1";"0";"1";"2";"0"
"15474";"79712304";"15474";"13";"1";"1";"7";"5";"0";"1";"1";"1";"0"
"15483";"79715201";"15483";"13";"3";"1";"7";"6";"1";"1";"0";"2";"0"
"15546";"79725113";"15546";"13";"3";"1";"7";"5";"0";"1";"1";"1";"0"
"15664";"79733203";"15664";"13";"5";"1";"7";"6";"0";"3";"1";"1";"0"
"15665";"79733203";"15665";"13";"1";"3";"2";"6";"0";"1";"2";"1";"0"
"15666";"79733302";"15666";"13";"3";"1";"7";"4";"0";"1";"1";"1";"0"
"15669";"79733303";"15669";"13";"1";"1";"7";"5";"0";"1";"1";"1";"0"
"15678";"79733404";"15678";"13";"3";"1";"7";"6";"0";"1";"0";"1";"0"
"15688";"79734202";"15688";"13";"3";"1";"7";"5";"0";"1";"1";"1";"0"
"15689";"79734202";"15689";"13";"1";"1";"2";"5";"1";"0";"1";"2";"0"
"15748";"79737104";"15748";"13";"1";"1";"7";"3";"0";"1";"1";"1";"0"
"15755";"79737208";"15755";"13";"1";"1";"7";"4";"0";"1";"1";"1";"0"
"15828";"79745106";"15828";"13";"1";"1";"7";"4";"0";"1";"1";"1";"0"
"15882";"79746101";"4807";"13";"1";"1";"7";"4";"0";"1";"1";"1";"0"
"15884";"79746102";"15884";"13";"3";"1";"7";"6";"0";"1";"1";"1";"0"
"15885";"79746102";"15885";"13";"1";"1";"7";"6";"0";"1";"1";"1";"0"
"15890";"79746401";"15890";"13";"1";"1";"7";"6";"0";"1";"1";"1";"0"
"15891";"79746401";"15891";"13";"1";"1";"7";"6";"0";"1";"1";"1";"0"
"15900";"79746403";"15900";"13";"1";"1";"7";"6";"0";"2";"1";"1";"0"
"15917";"79747104";"15917";"13";"1";"1";"7";"6";"0";"1";"1";"1";"0"
"15923";"79747401";"15923";"13";"1";"1";"7";"6";"0";"1";"1";"1";"0"
"15925";"79747403";"15925";"13";"1";"1";"7";"6";"1";"0";"1";"2";"0"
"16006";"79751304";"16006";"13";"1";"1";"7";"4";"0";"1";"1";"1";"0"
"16007";"79751402";"16007";"13";"3";"1";"7";"3";"0";"1";"1";"1";"0"
"16008";"79751402";"16008";"13";"1";"1";"7";"4";"0";"1";"1";"1";"0"
"16009";"79751402";"16009";"13";"1";"1";"7";"6";"0";"1";"1";"1";"0"
"16019";"79752108";"16019";"13";"3";"3";"2";"3";"0";"1";"1";"1";"0"
"16048";"79752306";"16048";"13";"3";"1";"7";"4";"0";"1";"1";"1";"0"
"16094";"79752404";"16094";"13";"1";"1";"7";"5";"0";"1";"1";"1";"0"
"16095";"79752502";"16095";"13";"1";"1";"7";"6";"0";"2";"1";"1";"0"
"16096";"79752502";"16096";"13";"5";"1";"7";"6";"0";"2";"0";"1";"0"
"16128";"79753105";"16128";"13";"1";"1";"7";"4";"0";"1";"1";"1";"0"
"16131";"79753105";"16131";"13";"1";"1";"7";"6";"0";"1";"1";"1";"0"
"16133";"79753105";"16133";"13";"1";"3";"1";"4";"0";"1";"1";"1";"0"
"16137";"79753105";"16137";"13";"3";"1";"7";"4";"1";"0";"1";"2";"0"
"16190";"79753303";"16190";"13";"2";"1";"7";"3";"0";"1";"1";"1";"0"
"16191";"79753304";"16191";"13";"1";"1";"7";"4";"0";"1";"1";"1";"0"
"16197";"79753307";"16197";"13";"3";"4";"3";"6";"1";"0";"1";"2";"0"
"16198";"79753307";"16198";"13";"1";"1";"7";"6";"0";"1";"1";"1";"0"
"16199";"79753307";"16199";"13";"1";"1";"7";"6";"0";"3";"0";"1";"0"
"16201";"79753404";"16201";"13";"1";"3";"2";"6";"0";"1";"1";"1";"0"
"16261";"79754101";"16261";"13";"1";"1";"1";"6";"0";"1";"1";"1";"0"
"16263";"79754103";"16263";"13";"1";"1";"7";"6";"0";"2";"1";"1";"0"
"16270";"79754103";"16270";"13";"3";"3";"2";"6";"0";"2";"1";"1";"0"
"16271";"79754103";"16271";"13";"1";"1";"7";"6";"2";"0";"2";"2";"0"
"16272";"79754103";"16272";"13";"1";"3";"1";"6";"0";"4";"0";"1";"0"
"16273";"79754103";"16273";"13";"4";"1";"7";"6";"0";"1";"2";"1";"0"
"16275";"79754105";"16275";"13";"2";"1";"7";"6";"0";"5";"0";"1";"0"
"16276";"79754105";"16276";"13";"3";"1";"7";"6";"0";"1";"2";"1";"0"
"16277";"79754105";"16277";"13";"1";"1";"7";"6";"2";"0";"1";"2";"0"
"16278";"79754105";"16278";"13";"1";"1";"7";"6";"0";"1";"1";"1";"0"
"16279";"79754105";"16279";"13";"1";"1";"7";"6";"0";"2";"2";"1";"0"
"16280";"79754105";"16280";"13";"5";"1";"7";"6";"0";"1";"2";"1";"0"
"16281";"79754105";"16281";"13";"3";"1";"7";"6";"0";"1";"2";"1";"0"
"16282";"79754105";"16282";"13";"3";"3";"1";"6";"0";"1";"2";"1";"0"
"16283";"79754105";"16283";"13";"1";"1";"7";"6";"0";"2";"1";"1";"0"
"16284";"79754105";"16284";"13";"1";"2";"2";"6";"0";"1";"1";"1";"0"
"16291";"79754302";"16291";"13";"1";"1";"7";"5";"0";"1";"2";"1";"0"
"16312";"79755105";"16312";"13";"1";"1";"7";"6";"0";"1";"1";"1";"0"
"16316";"79755108";"16316";"13";"3";"1";"7";"6";"0";"1";"1";"1";"0"
"16342";"79755501";"16342";"13";"1";"1";"7";"3";"0";"1";"1";"1";"0"
"16343";"79755505";"16343";"13";"1";"1";"7";"6";"0";"1";"0";"1";"0"
"16361";"79756306";"16361";"13";"1";"1";"7";"6";"0";"1";"2";"1";"0"
"16368";"79756403";"16368";"13";"1";"1";"7";"4";"0";"1";"1";"1";"0"
"16373";"79756505";"16373";"13";"1";"1";"7";"3";"0";"1";"1";"1";"0"
"16374";"79756505";"16374";"13";"3";"3";"2";"5";"1";"0";"1";"2";"0"
"16375";"79756505";"16375";"13";"1";"1";"7";"6";"0";"1";"1";"1";"0"
"16376";"79756505";"16376";"13";"3";"1";"7";"6";"0";"3";"0";"1";"0"
"16377";"79756505";"16377";"13";"3";"1";"7";"6";"0";"1";"1";"1";"0"
"16378";"79756505";"16378";"13";"1";"1";"7";"6";"0";"2";"1";"1";"0"
"16379";"79756505";"16379";"13";"1";"1";"7";"6";"0";"1";"1";"1";"0"
"16380";"79756505";"16380";"13";"3";"1";"7";"3";"0";"1";"1";"1";"0"
"16384";"79757201";"16384";"13";"1";"1";"7";"5";"1";"0";"1";"2";"0"
"16385";"79757201";"16385";"13";"1";"1";"7";"4";"0";"1";"1";"1";"0"
"16387";"79757201";"16387";"13";"1";"1";"7";"6";"2";"1";"0";"2";"0"
"16392";"79757201";"16392";"13";"1";"1";"7";"5";"0";"1";"1";"1";"0"
"16395";"79757203";"16395";"13";"1";"3";"2";"7";"0";"1";"1";"1";"0"
"16398";"79757204";"16398";"13";"1";"2";"7";"6";"0";"1";"2";"1";"0"
"16415";"79757302";"16415";"13";"1";"3";"2";"6";"0";"1";"1";"1";"0"
"16416";"79757302";"16416";"13";"1";"1";"7";"6";"0";"1";"1";"1";"0"
"16417";"79757303";"16417";"13";"1";"1";"7";"5";"0";"1";"1";"1";"0"
"16418";"79757303";"16418";"13";"1";"3";"2";"6";"0";"1";"1";"1";"0"
"16420";"79757307";"16420";"13";"1";"1";"7";"4";"0";"1";"1";"1";"0"
"16426";"79757307";"16426";"13";"1";"1";"7";"5";"0";"1";"1";"1";"0"
"16429";"79757403";"16429";"13";"1";"1";"7";"6";"0";"1";"1";"1";"0"
"16608";"79765201";"16608";"13";"1";"1";"1";"5";"0";"1";"1";"1";"0"
"16635";"79766101";"16635";"13";"5";"3";"1";"6";"0";"3";"1";"1";"0"
"16636";"79766101";"16636";"13";"5";"3";"1";"6";"0";"2";"2";"1";"0"
"16637";"79766101";"16637";"13";"1";"3";"1";"6";"0";"1";"2";"1";"0"
"16638";"79766101";"16638";"13";"1";"1";"7";"6";"0";"1";"1";"1";"0"
"16851";"79767305";"16851";"13";"3";"1";"7";"6";"0";"1";"1";"1";"0"
"16853";"79767305";"16853";"13";"3";"1";"7";"6";"0";"1";"2";"1";"0"
"16854";"79767305";"16854";"13";"1";"1";"7";"6";"0";"1";"1";"1";"0"
"16855";"79767305";"16855";"13";"1";"1";"7";"3";"0";"1";"1";"1";"0"
"16857";"79767305";"16857";"13";"3";"1";"7";"6";"1";"0";"2";"2";"0"
"16859";"79767401";"16859";"13";"3";"1";"7";"6";"0";"1";"1";"1";"0"
"16860";"79767401";"16860";"13";"1";"3";"2";"4";"0";"1";"1";"1";"0"
"16864";"79767401";"16864";"13";"4";"1";"1";"3";"0";"1";"1";"1";"0"
"16952";"79776303";"16952";"13";"3";"1";"1";"6";"0";"1";"1";"1";"0"
"16968";"79777301";"16968";"13";"1";"1";"7";"4";"0";"1";"1";"1";"0"
"16970";"79777301";"16970";"13";"1";"1";"7";"8";"0";"1";"2";"1";"0"
"16973";"79777301";"16973";"13";"1";"1";"7";"5";"0";"1";"0";"1";"0"
"16976";"79777402";"16976";"13";"1";"1";"7";"5";"0";"1";"1";"1";"0"
"16980";"79781306";"16980";"13";"1";"3";"1";"5";"0";"1";"1";"1";"0"
"16997";"79783401";"16997";"13";"1";"3";"1";"6";"0";"1";"2";"1";"0"
"17005";"79785404";"17005";"13";"1";"1";"7";"6";"0";"1";"1";"1";"0"
"17006";"79785404";"17006";"13";"1";"1";"7";"6";"0";"1";"1";"1";"0"
"17010";"79786305";"17010";"13";"1";"1";"7";"4";"0";"1";"1";"1";"0"
"17014";"79786305";"10026";"13";"1";"1";"7";"4";"0";"1";"1";"1";"0"
"17024";"79786416";"17024";"13";"1";"1";"7";"3";"0";"1";"1";"1";"0"
"17026";"79786507";"17026";"13";"1";"1";"7";"6";"1";"1";"1";"2";"0"
"17027";"79786507";"17027";"13";"1";"3";"2";"6";"1";"0";"2";"2";"0"
"17028";"79786507";"17028";"13";"1";"1";"7";"6";"0";"2";"0";"1";"0"
"17052";"79793102";"17052";"13";"1";"1";"7";"3";"0";"1";"1";"1";"0"
"17055";"79793202";"17055";"13";"1";"1";"7";"4";"0";"1";"1";"1";"0"
"17058";"79793301";"17058";"13";"1";"1";"7";"6";"0";"1";"1";"1";"0"
"17059";"79793302";"17059";"13";"1";"1";"7";"6";"0";"1";"1";"1";"0"
"17062";"79793401";"17062";"13";"1";"1";"7";"6";"1";"0";"1";"2";"0"
"17063";"79793413";"17063";"13";"1";"1";"1";"6";"0";"1";"2";"1";"0"
"17064";"79793413";"17064";"13";"1";"1";"7";"6";"0";"2";"1";"1";"0"
"17066";"79793413";"17066";"13";"1";"1";"7";"6";"0";"1";"1";"1";"0"
"17067";"79793413";"17067";"13";"3";"1";"7";"4";"1";"0";"1";"2";"0"
"17068";"79793413";"17068";"13";"1";"1";"7";"6";"0";"2";"0";"1";"0"
"17072";"79793510";"17072";"13";"1";"3";"1";"3";"0";"1";"1";"1";"0"
"17074";"79793510";"17074";"13";"1";"1";"7";"6";"0";"1";"1";"1";"0"
"17075";"79793510";"17075";"13";"1";"1";"7";"6";"0";"1";"1";"1";"0"
"17076";"79793510";"17076";"13";"1";"1";"7";"6";"0";"1";"2";"1";"0"
"17087";"79795106";"17087";"13";"3";"2";"2";"4";"1";"0";"1";"2";"0"
"17103";"79795502";"17103";"13";"1";"1";"7";"6";"0";"1";"1";"1";"0"
"17121";"79805110";"17121";"13";"1";"1";"7";"4";"0";"1";"1";"1";"0"
"17131";"79806201";"17131";"13";"3";"1";"7";"4";"0";"1";"1";"1";"0"
"17144";"79814403";"17144";"13";"1";"1";"7";"6";"0";"1";"1";"1";"0"
"17148";"79814403";"17148";"13";"1";"1";"7";"4";"0";"1";"1";"1";"0"
"17154";"79822307";"17154";"13";"1";"3";"2";"7";"0";"1";"1";"1";"0"
"17166";"79826308";"17166";"13";"1";"1";"7";"4";"0";"1";"1";"1";"0"
"17175";"79832103";"17175";"13";"1";"1";"7";"6";"0";"2";"0";"1";"0"
"17176";"79832103";"17176";"13";"1";"1";"7";"4";"0";"1";"0";"1";"0"
"17177";"79832103";"17177";"13";"1";"1";"7";"6";"4";"0";"0";"2";"0"
"17178";"79832103";"17178";"13";"3";"3";"2";"4";"0";"1";"1";"1";"0"
"17179";"79832103";"17179";"13";"1";"2";"1";"6";"0";"1";"1";"1";"0"
"17180";"79832103";"17180";"13";"3";"1";"7";"6";"0";"3";"1";"1";"0"
"17182";"79832103";"17182";"13";"3";"3";"2";"6";"0";"1";"1";"1";"0"
"17185";"79865503";"17185";"13";"1";"1";"7";"6";"0";"2";"0";"1";"0"
"17186";"79865503";"17186";"13";"2";"1";"7";"6";"0";"1";"2";"1";"0"
"17187";"79865503";"17187";"13";"1";"1";"7";"6";"2";"2";"0";"2";"0"
"17188";"79865503";"17188";"13";"1";"1";"7";"6";"0";"2";"1";"1";"0"
"17189";"79865503";"17189";"13";"1";"1";"1";"6";"0";"4";"1";"1";"0"
"17190";"79865503";"17190";"13";"1";"1";"7";"4";"0";"1";"1";"1";"0"
"17192";"79877405";"17192";"13";"4";"1";"7";"6";"0";"1";"1";"1";"0"
"17198";"79913206";"17198";"13";"3";"3";"2";"6";"0";"1";"1";"1";"0"
"17211";"79913504";"17211";"13";"1";"1";"7";"6";"0";"2";"3";"1";"0"
"17212";"79914401";"17212";"13";"1";"1";"1";"5";"0";"1";"1";"1";"0"
"17216";"79915207";"17216";"13";"1";"1";"7";"6";"0";"1";"1";"1";"0"
"17217";"79915501";"17217";"13";"1";"1";"7";"7";"0";"1";"1";"1";"0"
"17218";"79915501";"17218";"13";"3";"1";"7";"6";"0";"2";"1";"1";"0"
"17222";"79916504";"17222";"13";"1";"1";"7";"6";"0";"3";"1";"1";"0"
"17225";"79916504";"17225";"13";"3";"3";"1";"6";"0";"1";"0";"1";"0"
"17231";"80662205";"17231";"13";"3";"3";"2";"6";"1";"0";"2";"2";"0"
"17236";"80682502";"17236";"13";"1";"1";"7";"6";"1";"0";"1";"2";"0"
"17237";"80682502";"17237";"13";"1";"3";"2";"6";"2";"1";"0";"2";"0"
"17238";"80682502";"17238";"13";"2";"6";"2";"6";"1";"2";"0";"2";"0"
"17239";"80682502";"17239";"13";"2";"1";"1";"6";"1";"2";"3";"2";"0"
"17240";"80682502";"17240";"13";"1";"1";"7";"6";"2";"0";"0";"2";"0"
"17241";"80682502";"17241";"13";"1";"1";"7";"4";"1";"0";"1";"2";"0"
"17243";"80682502";"17243";"13";"1";"1";"7";"6";"1";"1";"1";"2";"0"
"17244";"80682502";"17244";"13";"5";"1";"7";"6";"0";"1";"1";"1";"0"
"17245";"80682502";"17245";"13";"1";"3";"1";"6";"0";"2";"1";"1";"0"
"17248";"80683501";"17248";"13";"1";"1";"7";"6";"0";"1";"1";"1";"0"
"17259";"80723506";"17259";"13";"3";"1";"7";"4";"0";"1";"1";"1";"0"
"17273";"80725501";"17273";"13";"2";"6";"7";"6";"0";"3";"0";"1";"0"
"17280";"80727405";"17280";"13";"1";"1";"7";"6";"0";"1";"1";"1";"0"
"17281";"80727405";"17281";"13";"1";"1";"7";"6";"0";"2";"1";"1";"0"
"17292";"80731202";"17292";"13";"1";"1";"7";"6";"0";"2";"1";"1";"0"
"17296";"80731210";"17296";"13";"3";"1";"7";"6";"0";"1";"1";"1";"0"
"17329";"80733105";"17329";"13";"1";"1";"7";"6";"0";"2";"0";"1";"0"
"17332";"80733405";"17332";"13";"1";"1";"7";"6";"0";"1";"1";"1";"0"
"17334";"80733406";"17334";"13";"2";"3";"2";"4";"1";"0";"1";"2";"0"
"17335";"80733406";"17335";"13";"1";"3";"1";"6";"0";"1";"1";"1";"0"
"17347";"80735302";"17347";"13";"1";"1";"7";"5";"0";"1";"1";"1";"0"
"17403";"80741105";"17403";"13";"5";"3";"1";"4";"0";"1";"1";"1";"0"
"17424";"80741403";"17424";"13";"1";"1";"7";"6";"1";"1";"1";"2";"0"
"17425";"80741403";"17425";"13";"2";"3";"2";"6";"0";"1";"1";"1";"0"
"17427";"80741407";"17427";"13";"1";"2";"2";"6";"0";"1";"1";"1";"0"
"17428";"80741407";"17428";"13";"1";"1";"7";"6";"0";"2";"1";"1";"0"
"17429";"80741407";"17429";"13";"1";"3";"2";"6";"0";"2";"1";"1";"0"
"17430";"80741407";"17430";"13";"1";"3";"2";"6";"0";"3";"0";"1";"0"
"17431";"80741407";"17431";"13";"3";"7";"7";"6";"0";"7";"0";"1";"0"
"17432";"80741407";"17432";"13";"5";"1";"7";"6";"0";"1";"1";"1";"0"
"17433";"80741407";"17433";"13";"2";"1";"7";"6";"0";"1";"1";"1";"0"
"17436";"80741502";"17436";"13";"1";"3";"2";"6";"0";"1";"3";"1";"0"
"17442";"80741502";"17442";"13";"1";"1";"7";"5";"0";"1";"1";"1";"0"
"17443";"80741502";"17443";"13";"1";"2";"1";"6";"0";"4";"1";"1";"0"
"17444";"80741502";"17444";"13";"3";"1";"7";"6";"0";"6";"0";"1";"0"
"17446";"80741502";"17446";"13";"1";"1";"7";"6";"0";"0";"2";"3";"0"
"17448";"80741502";"17448";"13";"1";"1";"7";"6";"0";"1";"1";"1";"0"
"17450";"80741502";"17450";"13";"1";"1";"7";"5";"0";"1";"1";"1";"0"
"17528";"80742501";"17528";"13";"1";"1";"7";"6";"0";"2";"0";"1";"0"
"17529";"80742501";"17529";"13";"3";"1";"7";"4";"0";"1";"1";"1";"0"
"17530";"80742501";"17530";"13";"1";"1";"7";"5";"0";"1";"1";"1";"0"
"17588";"80743503";"17588";"13";"1";"1";"7";"4";"0";"1";"1";"1";"0"
"17590";"80743505";"17590";"13";"5";"1";"7";"6";"0";"1";"2";"1";"0"
"17591";"80743505";"17591";"13";"3";"2";"2";"4";"0";"1";"1";"1";"0"
"17592";"80743505";"17592";"13";"1";"1";"7";"6";"0";"1";"1";"1";"0"
"17593";"80743505";"17593";"13";"1";"1";"7";"6";"0";"1";"1";"1";"0"
"17594";"80743505";"17594";"13";"1";"1";"7";"6";"0";"1";"1";"1";"0"
"17613";"80744507";"17613";"13";"1";"1";"7";"6";"0";"2";"1";"1";"0"
"17615";"80745503";"17615";"13";"3";"3";"2";"6";"0";"2";"1";"1";"0"
"17616";"80745503";"17616";"13";"1";"1";"7";"4";"0";"1";"1";"1";"0"
"17617";"80745503";"17617";"13";"3";"3";"1";"6";"0";"5";"0";"1";"0"
"17619";"80745503";"17619";"13";"2";"3";"2";"4";"0";"1";"1";"1";"0"
"17631";"80746401";"17631";"13";"4";"1";"7";"5";"0";"1";"1";"1";"0"
"17692";"80746408";"17692";"13";"3";"1";"7";"6";"1";"2";"2";"2";"0"
"17698";"80746410";"17698";"13";"1";"1";"7";"6";"0";"1";"2";"1";"0"
"17753";"80751104";"17753";"13";"2";"1";"7";"4";"0";"1";"1";"1";"0"
"17755";"80751106";"17755";"13";"3";"1";"7";"6";"0";"5";"0";"1";"0"
"17756";"80751106";"17756";"13";"1";"1";"7";"6";"0";"1";"1";"1";"0"
"17757";"80751106";"17757";"13";"1";"1";"2";"6";"0";"5";"0";"1";"0"
"17758";"80751106";"17758";"13";"1";"1";"7";"6";"0";"1";"2";"1";"0"
"17759";"80751106";"17759";"13";"1";"1";"7";"6";"0";"3";"0";"1";"0"
"17760";"80751106";"17760";"13";"1";"1";"7";"3";"0";"1";"1";"1";"0"
"17761";"80751106";"17761";"13";"1";"1";"7";"8";"0";"2";"1";"1";"0"
"17763";"80751106";"17763";"13";"1";"1";"7";"8";"0";"1";"1";"1";"0"
"17764";"80751106";"17764";"13";"1";"1";"7";"6";"1";"1";"1";"2";"0"
"17765";"80751106";"17765";"13";"1";"1";"7";"6";"1";"0";"2";"2";"0"
"17766";"80751106";"17766";"13";"2";"1";"7";"8";"0";"1";"1";"1";"0"
"17768";"80751106";"17768";"13";"1";"1";"7";"6";"0";"1";"1";"1";"0"
"17769";"80751106";"17769";"13";"1";"1";"7";"4";"0";"1";"1";"1";"0"
"17776";"80751201";"14998";"13";"1";"1";"7";"6";"0";"1";"1";"1";"0"
"17778";"80751202";"17778";"13";"1";"1";"7";"6";"0";"2";"1";"1";"0"
"17779";"80751202";"17779";"13";"1";"1";"7";"6";"0";"1";"1";"1";"0"
"17780";"80751202";"17780";"13";"3";"1";"7";"6";"0";"5";"0";"1";"0"
"17781";"80751202";"17781";"13";"3";"1";"2";"6";"0";"3";"1";"1";"0"
"17782";"80751202";"17782";"13";"3";"1";"7";"6";"0";"3";"2";"1";"0"
"17783";"80751202";"17783";"13";"3";"1";"7";"6";"0";"1";"1";"1";"0"
"17790";"80751301";"17790";"13";"1";"1";"7";"3";"0";"1";"1";"1";"0"
"17792";"80751301";"17792";"13";"1";"1";"7";"6";"0";"1";"1";"1";"0"
"17887";"80753101";"866";"13";"3";"3";"2";"6";"0";"1";"3";"1";"0"
"17888";"80753101";"17888";"13";"1";"3";"2";"6";"0";"1";"1";"1";"0"
"17891";"80753101";"17891";"13";"3";"1";"7";"8";"0";"1";"1";"1";"0"
"17892";"80753101";"17892";"13";"1";"1";"7";"6";"0";"1";"1";"1";"0"
"17893";"80753101";"17893";"13";"1";"1";"7";"6";"0";"1";"1";"1";"0"
"17894";"80753101";"17894";"13";"1";"1";"7";"6";"0";"1";"1";"1";"0"
"17895";"80753101";"17895";"13";"1";"3";"2";"6";"0";"1";"1";"1";"0"
"17897";"80753101";"17897";"13";"3";"1";"7";"6";"0";"2";"1";"1";"0"
"17898";"80753102";"17898";"13";"1";"1";"7";"6";"0";"1";"1";"1";"0"
"17909";"80753201";"17909";"13";"1";"3";"1";"6";"1";"0";"1";"2";"0"
"17910";"80753201";"17910";"13";"1";"1";"7";"6";"0";"1";"1";"1";"0"
"17911";"80753201";"17911";"13";"1";"1";"7";"6";"0";"1";"1";"1";"0"
"17913";"80753201";"17913";"13";"1";"1";"7";"6";"0";"1";"1";"1";"0"
"17914";"80753201";"17914";"13";"1";"1";"7";"6";"0";"1";"2";"1";"0"
"17916";"80753201";"17916";"13";"1";"1";"7";"6";"0";"1";"1";"1";"0"
"17918";"80753201";"17918";"13";"3";"1";"2";"6";"0";"3";"2";"1";"0"
"17930";"80753402";"17930";"13";"1";"1";"7";"6";"0";"1";"1";"1";"0"
"17961";"80754105";"17961";"13";"1";"1";"7";"4";"0";"1";"2";"1";"0"
"17962";"80754105";"17962";"13";"1";"1";"7";"6";"0";"1";"1";"1";"0"
"17963";"80754105";"17963";"13";"1";"1";"7";"6";"1";"1";"1";"2";"0"
"17964";"80754105";"17964";"13";"3";"1";"7";"6";"1";"0";"1";"2";"0"
"17969";"80754106";"17969";"13";"3";"1";"7";"5";"1";"1";"1";"2";"0"
"18019";"80754401";"18019";"13";"1";"3";"2";"6";"0";"1";"1";"1";"0"
"18034";"80754504";"18034";"13";"3";"1";"2";"6";"0";"1";"1";"1";"0"
"18084";"80756101";"18084";"13";"1";"1";"7";"5";"0";"1";"1";"1";"0"
"18085";"80756101";"18085";"13";"1";"1";"7";"4";"0";"1";"1";"1";"0"
"18086";"80756101";"18086";"13";"1";"1";"7";"6";"0";"3";"0";"1";"0"
"18089";"80756101";"18089";"13";"3";"1";"7";"6";"0";"2";"1";"1";"0"
"18342";"80763207";"18342";"13";"3";"1";"7";"6";"0";"1";"1";"1";"0"
"18512";"80765406";"18512";"13";"3";"1";"7";"6";"0";"1";"2";"1";"0"
"18560";"80771301";"18560";"13";"3";"1";"7";"6";"1";"1";"0";"2";"0"
"18561";"80771301";"18561";"13";"1";"1";"2";"6";"0";"1";"1";"1";"0"
"18577";"80772207";"18577";"13";"1";"3";"2";"6";"1";"1";"2";"2";"0"
"18578";"80772301";"18578";"13";"1";"1";"7";"6";"0";"1";"1";"1";"0"
"18581";"80772308";"18581";"13";"1";"1";"7";"6";"0";"1";"1";"1";"0"
"18614";"80773305";"18614";"13";"1";"1";"7";"6";"0";"1";"2";"1";"0"
"18615";"80773305";"18615";"13";"1";"1";"7";"6";"0";"1";"2";"1";"0"
"18721";"80775522";"18721";"13";"1";"1";"7";"6";"0";"1";"1";"1";"0"
"18730";"80776303";"18730";"13";"1";"1";"7";"6";"0";"1";"1";"1";"0"
"18731";"80776303";"18731";"13";"1";"1";"1";"6";"0";"1";"1";"1";"0"
"18732";"80776303";"18732";"13";"1";"1";"7";"6";"0";"1";"2";"1";"0"
"18754";"80781405";"18754";"13";"1";"1";"7";"4";"0";"1";"1";"1";"0"
"18765";"80782109";"18765";"13";"1";"1";"1";"6";"0";"1";"1";"1";"0"
"18766";"80782109";"18766";"13";"3";"2";"2";"6";"0";"1";"1";"1";"0"
"18770";"80782208";"18770";"13";"3";"3";"2";"4";"0";"1";"1";"1";"0"
"18773";"80782208";"18773";"13";"3";"1";"1";"4";"1";"0";"1";"2";"0"
"18782";"80782404";"18782";"13";"1";"3";"2";"5";"0";"1";"1";"1";"0"
"18803";"80783508";"18803";"13";"1";"1";"7";"4";"0";"1";"1";"1";"0"
"18806";"80783508";"18806";"13";"3";"1";"7";"5";"0";"1";"1";"1";"0"
"18810";"80783510";"18810";"13";"1";"1";"7";"4";"0";"1";"1";"1";"0"
"18811";"80783512";"18811";"13";"1";"1";"7";"6";"1";"1";"0";"2";"0"
"18825";"80784407";"18825";"13";"3";"1";"7";"6";"0";"1";"1";"1";"0"
"18854";"80785302";"18854";"13";"3";"1";"1";"6";"2";"0";"0";"2";"0"
"18855";"80785302";"18855";"13";"1";"1";"7";"6";"0";"1";"1";"1";"0"
"18856";"80785302";"18856";"13";"3";"3";"1";"6";"0";"1";"1";"1";"0"
"18857";"80785302";"18857";"13";"1";"1";"7";"6";"0";"2";"1";"1";"0"
"18858";"80785305";"18858";"13";"3";"1";"7";"6";"0";"1";"2";"1";"0"
"18869";"80785405";"18869";"13";"1";"3";"2";"6";"0";"2";"1";"1";"0"
"18876";"80786102";"18876";"13";"1";"1";"7";"6";"0";"1";"1";"1";"0"
"18922";"80787202";"18922";"13";"1";"1";"7";"6";"0";"1";"1";"1";"0"