"accident_id";"lieu_id";"date_id";"cause_id";"lum_id";"intemp_id";"etat_surface_id";"impliq_id";"nb_blesses_graves";"nb_blesses_legers";"nb_indemnes";"gravite";"nb_morts"
"18923";"80787202";"18923";"13";"1";"1";"1";"6";"0";"1";"1";"1";"0"
"18954";"80795302";"18954";"13";"3";"1";"1";"6";"0";"1";"1";"1";"0"
"18957";"80796106";"18957";"13";"2";"1";"1";"5";"0";"2";"1";"1";"0"
"18970";"80796108";"18970";"13";"1";"1";"7";"4";"0";"1";"1";"1";"0"
"18973";"80796212";"18973";"13";"3";"1";"7";"4";"0";"2";"1";"1";"0"
"19130";"80837506";"17580";"13";"1";"1";"1";"6";"0";"1";"2";"1";"0"
"19131";"80837506";"19131";"13";"1";"1";"7";"6";"0";"5";"2";"1";"0"
"19132";"80837506";"19132";"13";"1";"1";"7";"6";"0";"1";"3";"1";"0"
"19133";"80837506";"19133";"13";"5";"1";"7";"6";"1";"0";"1";"2";"0"
"19136";"80875503";"19136";"13";"3";"1";"7";"4";"0";"1";"1";"1";"0"
"19139";"80875503";"19139";"13";"1";"1";"2";"4";"1";"0";"1";"2";"0"
"19140";"80876304";"19140";"13";"1";"1";"7";"6";"2";"1";"0";"2";"0"
"19141";"80876304";"19141";"13";"3";"1";"7";"6";"0";"3";"1";"1";"0"
"19142";"80876304";"19142";"13";"1";"1";"7";"6";"1";"0";"1";"2";"0"
"19143";"80876304";"5033";"13";"1";"1";"7";"5";"0";"1";"1";"1";"0"
"19153";"80885105";"19153";"13";"1";"3";"2";"6";"0";"1";"1";"1";"0"
"19154";"80885105";"19154";"13";"2";"3";"2";"6";"0";"2";"1";"1";"0"
"19157";"80886107";"19157";"13";"1";"3";"1";"6";"0";"1";"1";"1";"0"
"19159";"80887208";"19159";"13";"1";"1";"7";"6";"0";"2";"2";"1";"0"
"19160";"80887208";"19160";"13";"1";"1";"7";"6";"0";"1";"2";"1";"0"
"19161";"80897103";"19161";"13";"1";"1";"7";"6";"1";"0";"1";"2";"0"
"5051";"43714";"5051";"13";"3";"1";"7";"6";"0";"1";"2";"1";"0"
"5070";"43855";"5070";"13";"1";"1";"7";"6";"0";"1";"1";"1";"0"
"5078";"45115";"5078";"13";"1";"1";"7";"3";"0";"1";"0";"1";"0"
"5318";"45650";"5318";"13";"1";"1";"7";"6";"0";"1";"2";"1";"0"
"5320";"45650";"5320";"13";"1";"1";"7";"6";"0";"1";"1";"1";"0"
"5321";"45650";"5321";"13";"2";"1";"2";"6";"0";"2";"2";"1";"0"
"5928";"48851";"5928";"13";"1";"1";"7";"3";"1";"0";"1";"2";"0"
"6156";"49697";"6156";"13";"1";"1";"7";"6";"0";"2";"2";"1";"0"
"6266";"51090";"6266";"13";"5";"1";"7";"9";"1";"2";"0";"3";"1"
"6975";"60177";"6975";"13";"1";"1";"7";"6";"0";"1";"2";"1";"0"
"8069";"61858";"8069";"13";"1";"1";"7";"6";"0";"1";"1";"1";"0"
"8600";"62357";"8600";"13";"1";"1";"7";"3";"0";"1";"1";"1";"0"
"8604";"62357";"8604";"13";"3";"1";"7";"4";"0";"1";"1";"1";"0"
"9526";"68990";"9526";"13";"1";"1";"7";"6";"1";"0";"1";"2";"0"
"4977";"43414";"4977";"14";"1";"1";"7";"3";"0";"1";"1";"1";"0"
"5301";"45535";"5301";"14";"1";"1";"7";"7";"0";"1";"1";"1";"0"
"5789";"48435";"5789";"14";"1";"1";"7";"3";"0";"2";"1";"1";"0"
"5855";"48628";"5855";"14";"3";"1";"7";"6";"0";"1";"1";"1";"0"
"6225";"50277";"6225";"14";"1";"1";"7";"6";"0";"1";"1";"1";"0"
"6470";"53088";"6470";"14";"2";"1";"7";"6";"0";"1";"1";"1";"0"
"6915";"59979";"6915";"14";"3";"3";"1";"6";"0";"1";"1";"1";"0"
"6972";"60177";"6972";"14";"1";"1";"7";"4";"1";"0";"1";"2";"0"
"9597";"69731";"9597";"14";"3";"1";"7";"6";"0";"1";"1";"1";"0"
"19213";"81711107";"19213";"14";"3";"3";"1";"6";"0";"1";"0";"1";"0"
"19243";"81721504";"19243";"14";"1";"1";"7";"6";"1";"0";"1";"2";"0"
"19252";"81722504";"19252";"14";"1";"1";"7";"4";"0";"1";"1";"1";"0"
"19253";"81722504";"19253";"14";"1";"1";"7";"4";"0";"2";"0";"1";"0"
"19273";"81726302";"19273";"14";"1";"1";"7";"3";"0";"1";"1";"1";"0"
"19275";"81726402";"19275";"14";"2";"1";"7";"4";"0";"1";"1";"1";"0"
"19390";"81755304";"19390";"14";"1";"1";"7";"6";"0";"1";"1";"1";"0"
"19391";"81755304";"19391";"14";"3";"4";"3";"6";"0";"1";"1";"1";"0"
"19399";"81755401";"19399";"14";"1";"1";"7";"6";"0";"1";"1";"1";"0"
"19404";"81755502";"19404";"14";"1";"1";"7";"6";"0";"2";"1";"1";"0"
"19426";"81757401";"19426";"14";"1";"1";"7";"6";"0";"4";"2";"1";"0"
"19430";"81761307";"19430";"14";"1";"3";"2";"6";"0";"2";"0";"1";"0"
"19431";"81761307";"19431";"14";"1";"1";"7";"6";"0";"1";"2";"1";"0"
"19432";"81761307";"19432";"14";"1";"1";"7";"6";"0";"1";"1";"1";"0"
"19469";"81762502";"19469";"14";"1";"1";"7";"6";"0";"1";"2";"1";"0"
"19470";"81762502";"19470";"14";"1";"1";"7";"6";"0";"1";"1";"1";"0"
"19472";"81763102";"19472";"14";"1";"1";"7";"6";"0";"1";"1";"1";"0"
"19473";"81763205";"19473";"14";"3";"2";"2";"6";"0";"1";"3";"1";"0"
"19474";"81763205";"19474";"14";"1";"1";"7";"4";"0";"1";"1";"1";"0"
"19475";"81763205";"19475";"14";"5";"1";"7";"6";"0";"2";"1";"1";"0"
"19476";"81763205";"19476";"14";"5";"1";"7";"6";"0";"1";"2";"1";"0"
"19477";"81763205";"19477";"14";"5";"1";"7";"6";"0";"2";"1";"1";"0"
"19478";"81763205";"19478";"14";"1";"1";"7";"6";"0";"3";"1";"1";"0"
"19479";"81763205";"19479";"14";"1";"1";"7";"6";"0";"1";"2";"1";"0"
"19480";"81763205";"19480";"14";"1";"1";"7";"6";"0";"3";"2";"1";"0"
"19481";"81763205";"19481";"14";"1";"1";"7";"6";"0";"4";"1";"1";"0"
"19482";"81763205";"19482";"14";"3";"3";"2";"6";"0";"2";"2";"1";"0"
"19525";"81763403";"19525";"14";"1";"1";"7";"6";"0";"2";"1";"1";"0"
"19563";"81764411";"19563";"14";"1";"1";"7";"3";"0";"1";"1";"1";"0"
"19564";"81764411";"19564";"14";"1";"1";"7";"6";"0";"1";"1";"1";"0"
"19575";"81765107";"19575";"14";"1";"3";"2";"6";"0";"1";"2";"1";"0"
"19593";"81765407";"19593";"14";"3";"3";"2";"3";"0";"1";"1";"1";"0"
"19599";"81766201";"19599";"14";"1";"1";"7";"4";"0";"1";"1";"1";"0"
"19680";"81767402";"19680";"14";"1";"1";"7";"6";"0";"1";"1";"1";"0"
"19681";"81767402";"19681";"14";"1";"1";"7";"6";"0";"2";"0";"1";"0"
"19740";"81774505";"19740";"14";"3";"1";"7";"6";"0";"1";"1";"1";"0"
"19752";"81776402";"19752";"14";"1";"6";"7";"6";"0";"1";"2";"1";"0"
"19772";"81781113";"19772";"14";"1";"7";"7";"6";"0";"2";"4";"1";"0"
"19773";"81781207";"19773";"14";"3";"1";"7";"6";"0";"4";"0";"1";"0"
"19774";"81781207";"19774";"14";"1";"1";"7";"6";"0";"1";"3";"1";"0"
"19778";"81781303";"19778";"14";"1";"3";"1";"6";"0";"2";"1";"1";"0"
"19795";"81782302";"19795";"14";"3";"1";"7";"6";"0";"1";"1";"1";"0"
"19798";"81783201";"19798";"14";"1";"1";"2";"6";"1";"0";"1";"2";"0"
"19819";"81785307";"19819";"14";"1";"1";"7";"6";"0";"1";"0";"1";"0"
"19820";"81785502";"19820";"14";"5";"1";"7";"6";"0";"2";"2";"1";"0"
"19821";"81785502";"19821";"14";"1";"1";"7";"6";"0";"1";"1";"1";"0"
"19822";"81785502";"19822";"14";"3";"1";"7";"6";"0";"2";"1";"1";"0"
"19823";"81785502";"19823";"14";"1";"1";"7";"6";"0";"1";"2";"1";"0"
"19824";"81785502";"19824";"14";"1";"1";"7";"6";"0";"1";"1";"1";"0"
"19833";"81786202";"19833";"14";"1";"1";"7";"6";"1";"0";"1";"2";"0"
"19834";"81786202";"19834";"14";"1";"1";"7";"6";"0";"2";"2";"1";"0"
"19835";"81786202";"19835";"14";"1";"1";"7";"6";"0";"1";"2";"1";"0"
"19836";"81786202";"19836";"14";"1";"1";"7";"6";"0";"1";"1";"1";"0"
"19838";"81786305";"19838";"14";"1";"1";"7";"5";"0";"3";"1";"1";"0"
"19839";"81786401";"19839";"14";"1";"1";"7";"3";"0";"1";"1";"1";"0"
"19853";"81787307";"19853";"14";"1";"1";"7";"4";"0";"1";"1";"1";"0"
"19854";"81787415";"19854";"14";"1";"1";"7";"6";"0";"1";"3";"1";"0"
"19856";"81787415";"19856";"14";"1";"1";"7";"6";"0";"1";"0";"1";"0"
"19857";"81787415";"19857";"14";"1";"1";"7";"6";"0";"1";"1";"1";"0"
"19859";"81787415";"19859";"14";"3";"1";"7";"6";"0";"1";"0";"1";"0"
"19891";"81793504";"19891";"14";"1";"1";"7";"6";"0";"1";"1";"1";"0"
"19899";"81794504";"19899";"14";"1";"1";"7";"3";"0";"1";"1";"1";"0"
"19901";"81794504";"19901";"14";"2";"3";"2";"6";"0";"1";"0";"1";"0"
"19913";"81795305";"19913";"14";"1";"1";"7";"3";"0";"1";"1";"1";"0"
"19914";"81795402";"19914";"14";"1";"1";"7";"6";"0";"1";"1";"1";"0"
"19915";"81795404";"19915";"14";"1";"1";"7";"5";"0";"1";"1";"1";"0"
"19917";"81795404";"19917";"14";"1";"1";"7";"6";"0";"1";"1";"1";"0"
"19924";"81796103";"19924";"14";"1";"1";"7";"6";"0";"1";"0";"1";"0"
"19962";"81802101";"19962";"14";"1";"1";"7";"6";"0";"2";"0";"1";"0"
"19963";"81802101";"19963";"14";"1";"2";"2";"6";"0";"2";"1";"1";"0"
"19967";"81802108";"19967";"14";"1";"1";"7";"6";"0";"1";"1";"1";"0"
"19968";"81802108";"19968";"14";"4";"1";"7";"6";"1";"0";"1";"2";"0"
"19969";"81802108";"19969";"14";"1";"1";"7";"6";"0";"1";"1";"1";"0"
"19972";"81803305";"19972";"14";"1";"1";"7";"3";"0";"1";"1";"1";"0"
"19973";"81803504";"19973";"14";"3";"1";"7";"4";"0";"1";"1";"1";"0"
"19974";"81803504";"19974";"14";"1";"1";"7";"6";"0";"1";"0";"1";"0"
"20005";"81807507";"20005";"14";"1";"3";"2";"6";"1";"0";"1";"2";"0"
"20014";"81813205";"20014";"14";"1";"1";"7";"6";"1";"0";"1";"2";"0"
"20015";"81813301";"20015";"14";"1";"1";"7";"7";"1";"0";"1";"2";"0"
"20023";"81815108";"20023";"14";"1";"1";"7";"2";"0";"0";"3";"0";"0"
"20033";"81815201";"20033";"14";"1";"1";"7";"3";"0";"1";"1";"1";"0"
"20076";"81843207";"20076";"14";"1";"1";"7";"6";"1";"0";"1";"2";"0"
"20095";"81872414";"20095";"14";"1";"1";"7";"3";"1";"0";"1";"2";"0"
"20104";"81881110";"20104";"14";"1";"1";"7";"3";"0";"1";"1";"1";"0"
"20175";"82705303";"20175";"14";"1";"1";"7";"6";"1";"1";"1";"2";"0"
"20182";"82706304";"20182";"14";"1";"1";"7";"6";"0";"1";"1";"1";"0"
"20191";"82707401";"20191";"14";"1";"1";"7";"7";"0";"1";"1";"1";"0"
"20204";"82713404";"20204";"14";"1";"1";"7";"6";"0";"1";"1";"1";"0"
"20205";"82713502";"20205";"14";"1";"1";"7";"5";"0";"1";"0";"1";"0"
"20212";"82714301";"7872";"14";"1";"1";"7";"3";"0";"1";"1";"1";"0"
"20213";"82714508";"20213";"14";"2";"1";"7";"6";"0";"1";"1";"1";"0"
"20238";"82741401";"20238";"14";"1";"1";"7";"6";"0";"1";"1";"1";"0"
"20261";"82743505";"20261";"14";"1";"1";"7";"6";"0";"1";"1";"1";"0"
"20266";"82746102";"20266";"14";"2";"1";"7";"6";"0";"1";"0";"1";"0"
"20283";"82751209";"20283";"14";"1";"1";"7";"6";"0";"1";"1";"1";"0"
"20284";"82751209";"20284";"14";"1";"1";"2";"8";"0";"1";"1";"1";"0"
"20285";"82751209";"20285";"14";"1";"1";"7";"6";"0";"2";"1";"1";"0"
"20286";"82751209";"20286";"14";"1";"1";"7";"6";"0";"3";"1";"1";"0"
"20287";"82751209";"20287";"14";"1";"1";"7";"6";"0";"3";"0";"1";"0"
"20416";"82762102";"20416";"14";"1";"1";"7";"6";"0";"2";"0";"1";"0"
"20417";"82762102";"20417";"14";"1";"1";"7";"5";"0";"2";"1";"1";"0"
"20419";"82762210";"20419";"14";"1";"1";"2";"6";"0";"1";"2";"1";"0"
"20493";"82767402";"20493";"14";"1";"1";"7";"6";"0";"1";"1";"1";"0"
"20494";"82767402";"20494";"14";"1";"3";"1";"6";"1";"0";"1";"2";"0"
"20511";"82772204";"20511";"14";"1";"1";"7";"4";"1";"0";"0";"2";"0"
"20527";"82773404";"20527";"14";"3";"3";"2";"6";"0";"1";"1";"1";"0"
"20528";"82773404";"20528";"14";"1";"1";"7";"6";"0";"1";"1";"1";"0"
"20530";"82774103";"20530";"14";"1";"1";"7";"3";"0";"1";"1";"1";"0"
"20538";"82776202";"20538";"14";"1";"1";"7";"6";"0";"1";"1";"1";"0"
"20556";"82776402";"20556";"14";"1";"1";"7";"5";"0";"1";"0";"1";"0"
"20558";"82776407";"20558";"14";"1";"3";"2";"6";"0";"2";"1";"1";"0"
"20565";"82777202";"20565";"14";"1";"1";"7";"4";"1";"0";"1";"2";"0"
"20567";"82777202";"20567";"14";"1";"1";"7";"6";"2";"0";"1";"2";"0"
"20569";"82781503";"20569";"14";"1";"1";"7";"6";"0";"1";"1";"1";"0"
"20570";"82784104";"20570";"14";"1";"1";"7";"6";"0";"2";"0";"1";"0"
"20584";"82791104";"20584";"14";"1";"1";"1";"6";"0";"1";"1";"1";"0"
"20586";"82791304";"20586";"14";"1";"1";"7";"6";"0";"1";"1";"1";"0"
"20590";"82792107";"20590";"14";"3";"3";"2";"6";"0";"1";"1";"1";"0"
"20621";"82793203";"20621";"14";"1";"1";"7";"6";"0";"2";"0";"1";"0"
"20622";"82793203";"20622";"14";"1";"3";"2";"6";"0";"1";"1";"1";"0"
"20623";"82793203";"20623";"14";"1";"1";"7";"6";"0";"1";"3";"1";"0"
"20624";"82793203";"20624";"14";"2";"3";"2";"4";"0";"1";"1";"1";"0"
"20625";"82793203";"20625";"14";"1";"1";"1";"7";"0";"1";"2";"1";"0"
"20626";"82793203";"20626";"14";"3";"1";"7";"6";"0";"1";"2";"1";"0"
"20627";"82793203";"20627";"14";"1";"1";"7";"6";"0";"1";"1";"1";"0"
"20685";"82797507";"20685";"14";"1";"1";"7";"6";"0";"2";"0";"1";"0"
"20687";"82801207";"20687";"14";"1";"1";"7";"6";"0";"1";"1";"1";"0"
"20693";"82801502";"20693";"14";"1";"1";"7";"6";"0";"1";"0";"1";"0"
"20716";"82804402";"20716";"14";"3";"1";"7";"9";"2";"0";"0";"2";"0"
"20760";"82805402";"20760";"14";"1";"3";"2";"6";"0";"2";"0";"1";"0"
"20761";"82805402";"20761";"14";"1";"3";"1";"6";"0";"1";"1";"1";"0"
"20762";"82805402";"20762";"14";"1";"2";"2";"4";"0";"1";"1";"1";"0"
"20763";"82805402";"20763";"14";"1";"1";"7";"4";"0";"1";"1";"1";"0"
"20764";"82805413";"20764";"14";"1";"1";"7";"6";"0";"1";"1";"1";"0"
"20769";"82812506";"20769";"14";"1";"3";"2";"6";"0";"1";"1";"1";"0"
"20881";"82896405";"20881";"14";"1";"3";"7";"4";"0";"1";"1";"1";"0"
"20885";"82907110";"20885";"14";"1";"1";"6";"6";"0";"1";"1";"1";"0"
"20894";"82925411";"20894";"14";"1";"1";"7";"4";"1";"0";"1";"2";"0"
"20895";"82925411";"20895";"14";"1";"1";"7";"3";"0";"1";"1";"1";"0"
"20924";"83706403";"20924";"14";"1";"1";"7";"6";"0";"1";"1";"1";"0"
"20925";"83706403";"20925";"14";"1";"1";"7";"6";"0";"2";"0";"1";"0"
"20961";"83742101";"20961";"14";"1";"3";"2";"3";"0";"1";"1";"1";"0"
"21005";"83747312";"21005";"14";"1";"1";"2";"6";"0";"1";"1";"1";"0"
"21051";"83753324";"21051";"14";"1";"1";"7";"6";"0";"1";"1";"1";"0"
"21057";"83754202";"21057";"14";"1";"1";"7";"4";"0";"1";"1";"1";"0"
"21064";"83754309";"21064";"14";"1";"1";"7";"5";"0";"1";"1";"1";"0"
"21065";"83754309";"21065";"14";"1";"1";"1";"4";"1";"0";"1";"2";"0"
"21075";"83756203";"21075";"14";"4";"1";"1";"6";"1";"0";"1";"2";"0"
"21157";"83766111";"21157";"14";"1";"1";"7";"6";"2";"2";"2";"3";"1"
"21158";"83766111";"21158";"14";"1";"3";"1";"4";"1";"0";"1";"2";"0"
"21176";"83772201";"21176";"14";"1";"1";"7";"4";"0";"1";"0";"1";"0"
"21182";"83773101";"21182";"14";"1";"1";"7";"6";"0";"2";"1";"1";"0"
"21225";"83782303";"21225";"14";"1";"1";"7";"7";"0";"2";"0";"1";"0"
"21226";"83782303";"18272";"14";"1";"1";"7";"6";"0";"1";"1";"1";"0"
"21241";"83784402";"21241";"14";"2";"3";"2";"6";"0";"2";"0";"1";"0"
"21262";"83791309";"21262";"14";"1";"1";"7";"6";"0";"1";"1";"1";"0"
"21274";"83793402";"21274";"14";"3";"1";"7";"6";"0";"1";"1";"1";"0"
"21304";"83794505";"21304";"14";"1";"3";"1";"6";"0";"1";"1";"1";"0"
"21308";"83795404";"21308";"14";"1";"1";"7";"6";"1";"0";"1";"2";"0"
"21343";"83795504";"21343";"14";"3";"1";"7";"6";"0";"1";"1";"1";"0"
"21346";"83797510";"21346";"14";"1";"1";"7";"6";"0";"2";"1";"1";"0"
"21347";"83797510";"21347";"14";"1";"1";"7";"6";"0";"1";"2";"1";"0"
"21352";"83804104";"21352";"14";"1";"1";"7";"6";"0";"1";"1";"1";"0"
"21356";"83804212";"21356";"14";"1";"1";"7";"3";"0";"1";"1";"1";"0"
"21370";"83806211";"21370";"14";"1";"1";"7";"6";"0";"2";"2";"1";"0"
"21373";"83806211";"21373";"14";"1";"1";"7";"6";"0";"1";"1";"1";"0"
"21380";"83806211";"21380";"14";"1";"1";"7";"5";"0";"2";"2";"1";"0"
"21382";"83806211";"21382";"14";"3";"1";"7";"6";"0";"1";"2";"1";"0"
"21408";"83811503";"21408";"14";"1";"1";"7";"6";"0";"2";"1";"1";"0"
"21447";"83811509";"21447";"14";"1";"3";"1";"6";"0";"1";"1";"1";"0"
"21477";"83816101";"21477";"14";"1";"1";"7";"3";"0";"1";"1";"1";"0"
"21478";"83816403";"21478";"14";"1";"1";"7";"6";"0";"1";"1";"1";"0"
"21484";"83817302";"21484";"14";"1";"2";"2";"6";"0";"1";"1";"1";"0"
"21537";"83826501";"21537";"14";"1";"1";"7";"6";"0";"1";"1";"1";"0"
"21538";"83826501";"21538";"14";"5";"1";"7";"6";"0";"1";"2";"1";"0"
"21539";"83827302";"21539";"14";"1";"1";"7";"3";"0";"1";"0";"1";"0"
"21542";"83834103";"21542";"14";"1";"1";"7";"6";"0";"1";"1";"1";"0"
"21543";"83834103";"21543";"14";"1";"1";"7";"6";"0";"1";"1";"1";"0"
"21578";"83836408";"21578";"14";"1";"1";"7";"4";"0";"1";"1";"1";"0"
"21579";"83836413";"21579";"14";"1";"1";"7";"4";"0";"1";"1";"1";"0"
"21587";"83837405";"21587";"14";"1";"1";"7";"6";"2";"0";"1";"2";"0"
"21621";"83851301";"21621";"14";"1";"1";"7";"6";"0";"1";"1";"1";"0"
"21622";"83851301";"21622";"14";"1";"1";"7";"6";"0";"1";"2";"1";"0"
"21626";"83851301";"21626";"14";"1";"1";"7";"6";"0";"2";"0";"1";"0"
"21628";"83851301";"21628";"14";"3";"1";"7";"6";"0";"3";"0";"1";"0"
"21630";"83851301";"21630";"14";"1";"1";"7";"6";"0";"1";"2";"1";"0"
"21631";"83851301";"21631";"14";"1";"1";"7";"3";"0";"0";"1";"3";"0"
"21632";"83851301";"21632";"14";"1";"1";"1";"6";"0";"1";"1";"1";"0"
"21636";"83856206";"16011";"14";"1";"1";"7";"4";"0";"1";"1";"1";"0"
"21637";"83856206";"21637";"14";"1";"1";"7";"6";"0";"1";"1";"1";"0"
"21638";"83856206";"21638";"14";"1";"1";"7";"4";"0";"1";"1";"1";"0"
"21639";"83856206";"19348";"14";"1";"2";"1";"6";"0";"1";"1";"1";"0"
"21640";"83856206";"21640";"14";"1";"1";"1";"6";"0";"1";"1";"1";"0"
"21641";"83856206";"21641";"14";"1";"1";"7";"8";"0";"3";"0";"1";"0"
"21642";"83856206";"21642";"14";"1";"1";"7";"4";"0";"1";"1";"1";"0"
"21689";"83867308";"21689";"14";"1";"1";"7";"6";"1";"0";"1";"2";"0"
"21690";"83867308";"21690";"14";"1";"1";"7";"6";"0";"1";"1";"1";"0"
"21691";"83867308";"21691";"14";"3";"1";"7";"6";"0";"2";"0";"1";"0"
"21692";"83867308";"21692";"14";"1";"1";"7";"4";"1";"0";"1";"2";"0"
"21693";"83867401";"21693";"14";"3";"1";"7";"6";"0";"1";"1";"1";"0"
"21694";"83867401";"21694";"14";"1";"1";"7";"6";"0";"1";"1";"1";"0"
"21695";"83867401";"21695";"14";"1";"1";"7";"6";"0";"1";"1";"1";"0"
"21696";"83867401";"21696";"14";"3";"1";"7";"4";"1";"0";"1";"2";"0"
"21697";"83867401";"21697";"14";"1";"1";"7";"6";"0";"3";"0";"1";"0"
"21699";"83867401";"21699";"14";"1";"1";"7";"3";"1";"0";"1";"2";"0"
"21701";"83867408";"21701";"14";"1";"1";"7";"6";"0";"1";"1";"1";"0"
"21761";"83867512";"21761";"14";"1";"3";"1";"6";"0";"1";"1";"1";"0"
"21763";"83871406";"21763";"14";"1";"1";"1";"6";"0";"1";"1";"1";"0"
"21784";"83875102";"21784";"14";"3";"1";"7";"6";"1";"0";"1";"2";"0"
"21802";"83876107";"21802";"14";"1";"1";"7";"6";"0";"1";"1";"1";"0"
"21842";"83877202";"21842";"14";"1";"3";"1";"6";"0";"1";"1";"1";"0"
"21855";"83877304";"21855";"14";"1";"3";"2";"6";"0";"1";"1";"1";"0"
"21865";"83883205";"21865";"14";"1";"1";"7";"3";"0";"1";"1";"1";"0"
"21866";"83884214";"21866";"14";"1";"1";"7";"6";"0";"1";"1";"1";"0"
"21867";"83884214";"21867";"14";"1";"1";"6";"6";"0";"1";"1";"1";"0"
"21868";"83884214";"21868";"14";"1";"1";"1";"6";"0";"3";"3";"1";"0"
"21897";"83887402";"21897";"14";"1";"1";"7";"6";"0";"1";"1";"1";"0"
"21898";"83887402";"21898";"14";"1";"1";"2";"6";"0";"1";"6";"1";"0"
"21904";"83887504";"21904";"14";"1";"1";"7";"6";"0";"2";"0";"1";"0"
"21954";"83897301";"15158";"14";"2";"1";"7";"6";"1";"2";"3";"2";"0"
"21977";"83911406";"21977";"14";"1";"1";"7";"6";"0";"1";"1";"1";"0"
"21984";"83921303";"21984";"14";"3";"1";"7";"6";"0";"2";"1";"1";"0"
"21997";"83922503";"21997";"14";"1";"3";"1";"6";"0";"1";"1";"1";"0"
"21998";"83922505";"21998";"14";"1";"1";"1";"6";"0";"1";"1";"1";"0"
"21999";"83922505";"21999";"14";"1";"1";"7";"6";"0";"1";"1";"1";"0"
"22007";"83923403";"22007";"14";"3";"1";"7";"6";"0";"4";"0";"1";"0"
"22058";"83934122";"22058";"14";"1";"1";"7";"6";"0";"1";"1";"1";"0"
"22060";"83934217";"22060";"14";"1";"1";"7";"6";"0";"1";"1";"1";"0"
"22062";"83935203";"22062";"14";"1";"1";"7";"4";"0";"1";"1";"1";"0"
"22069";"84701206";"22069";"14";"1";"1";"7";"6";"0";"2";"0";"1";"0"
"22126";"84743301";"22126";"14";"3";"1";"1";"3";"0";"1";"1";"1";"0"
"22173";"84751301";"22173";"14";"1";"1";"7";"6";"0";"1";"1";"1";"0"
"22187";"84751421";"22187";"14";"3";"1";"7";"6";"0";"1";"1";"1";"0"
"22200";"84754105";"20441";"14";"3";"1";"7";"4";"0";"1";"1";"1";"0"
"22236";"84763420";"22236";"14";"2";"1";"7";"6";"1";"1";"1";"2";"0"
"22245";"84763510";"22245";"14";"1";"1";"1";"6";"0";"1";"0";"1";"0"
"22266";"84771106";"22266";"14";"1";"3";"2";"6";"0";"2";"0";"1";"0"
"22267";"84771106";"22267";"14";"1";"1";"7";"6";"0";"1";"1";"1";"0"
"22302";"84775313";"22302";"14";"1";"1";"7";"6";"0";"1";"1";"1";"0"
"22328";"84791103";"22328";"14";"3";"1";"7";"6";"0";"1";"1";"1";"0"
"22329";"84791103";"22329";"14";"2";"1";"7";"6";"0";"1";"1";"1";"0"
"22330";"84791103";"22330";"14";"1";"1";"7";"6";"0";"1";"0";"1";"0"
"22365";"84792501";"22365";"14";"1";"1";"7";"5";"0";"1";"1";"1";"0"
"22400";"84802501";"22400";"14";"1";"3";"1";"6";"0";"1";"1";"1";"0"
"22402";"84803404";"22402";"14";"1";"1";"7";"6";"0";"3";"0";"1";"0"
"22408";"84803505";"22408";"14";"3";"3";"2";"6";"0";"1";"1";"1";"0"
"22409";"84803505";"22409";"14";"1";"1";"7";"6";"0";"1";"1";"1";"0"
"22411";"84803508";"22411";"14";"1";"1";"7";"6";"0";"3";"0";"1";"0"
"22412";"84803508";"22412";"14";"1";"1";"7";"6";"0";"1";"1";"1";"0"
"22413";"84803511";"22413";"14";"1";"1";"7";"6";"0";"1";"2";"1";"0"
"22444";"84804513";"22444";"14";"1";"1";"7";"6";"0";"1";"1";"1";"0"
"22458";"84805104";"22458";"14";"1";"3";"2";"6";"0";"2";"2";"1";"0"
"22460";"84805104";"22460";"14";"1";"1";"7";"6";"0";"1";"1";"1";"0"
"22531";"84811104";"22531";"14";"3";"3";"2";"6";"0";"1";"2";"1";"0"
"22539";"84811408";"22539";"14";"3";"3";"1";"6";"0";"1";"1";"1";"0"
"22540";"84811412";"22540";"14";"1";"1";"7";"6";"0";"2";"0";"1";"0"
"22542";"84812102";"22542";"14";"1";"1";"7";"6";"0";"1";"1";"1";"0"
"22543";"84812102";"22543";"14";"1";"3";"2";"6";"0";"3";"0";"1";"0"
"22555";"84812204";"22555";"14";"3";"3";"2";"6";"0";"1";"1";"1";"0"
"22556";"84812204";"22556";"14";"3";"3";"2";"6";"1";"0";"1";"2";"0"
"22561";"84813104";"22561";"14";"1";"1";"7";"6";"0";"1";"1";"1";"0"
"22562";"84813104";"22562";"14";"3";"1";"7";"6";"0";"2";"1";"1";"0"
"22564";"84813106";"22564";"14";"1";"1";"7";"6";"0";"1";"1";"1";"0"
"22565";"84813107";"22565";"14";"3";"1";"7";"6";"0";"1";"1";"1";"0"
"22566";"84813109";"22566";"14";"1";"1";"7";"6";"0";"1";"1";"1";"0"
"22573";"84814201";"22573";"14";"1";"1";"7";"6";"0";"2";"4";"1";"0"
"22585";"84815115";"22585";"14";"3";"6";"2";"7";"1";"0";"1";"2";"0"
"22592";"84815503";"22592";"14";"1";"1";"1";"6";"0";"1";"1";"1";"0"