"accident_id";"lieu_id";"date_id";"cause_id";"lum_id";"intemp_id";"etat_surface_id";"impliq_id";"nb_blesses_graves";"nb_blesses_legers";"nb_indemnes";"gravite";"nb_morts"
"22594";"84816202";"22594";"14";"1";"2";"2";"6";"0";"3";"0";"1";"0"
"22599";"84816211";"22599";"14";"1";"3";"2";"4";"1";"0";"1";"2";"0"
"22605";"84816309";"22605";"14";"3";"1";"7";"6";"0";"1";"1";"1";"0"
"22607";"84816309";"22607";"14";"1";"1";"1";"6";"0";"1";"0";"1";"0"
"22608";"84816309";"22608";"14";"1";"1";"7";"6";"0";"3";"1";"1";"0"
"22609";"84816309";"22609";"14";"1";"1";"7";"6";"0";"3";"0";"1";"0"
"22610";"84816309";"22610";"14";"1";"1";"7";"6";"0";"1";"1";"1";"0"
"22611";"84816309";"22611";"14";"1";"2";"1";"6";"0";"1";"1";"1";"0"
"22612";"84816403";"22612";"14";"1";"1";"7";"6";"0";"1";"1";"1";"0"
"22613";"84816403";"22613";"14";"1";"1";"7";"6";"0";"2";"2";"1";"0"
"22614";"84816403";"22614";"14";"1";"1";"7";"4";"0";"1";"1";"1";"0"
"22637";"84817507";"22637";"14";"1";"3";"1";"6";"0";"3";"0";"1";"0"
"22651";"84822204";"22651";"14";"1";"1";"7";"6";"0";"1";"1";"1";"0"
"22653";"84822204";"22653";"14";"1";"1";"7";"6";"0";"1";"1";"1";"0"
"22654";"84822204";"22654";"14";"1";"1";"7";"6";"0";"1";"1";"1";"0"
"22655";"84822204";"22655";"14";"1";"1";"7";"6";"0";"1";"1";"1";"0"
"22688";"84824303";"22688";"14";"1";"1";"7";"6";"0";"1";"1";"1";"0"
"22689";"84824303";"22689";"14";"3";"1";"1";"6";"0";"1";"1";"1";"0"
"22690";"84824303";"22690";"14";"1";"1";"7";"7";"0";"1";"1";"1";"0"
"22692";"84824308";"22692";"14";"1";"1";"7";"6";"0";"1";"1";"1";"0"
"22693";"84824308";"22693";"14";"1";"1";"7";"6";"0";"1";"1";"1";"0"
"22703";"84825215";"22703";"14";"3";"1";"7";"6";"1";"0";"1";"2";"0"
"22712";"84825503";"22712";"14";"1";"1";"7";"6";"1";"0";"0";"2";"0"
"22729";"84826205";"22729";"14";"3";"1";"7";"6";"0";"1";"1";"1";"0"
"22730";"84826302";"22730";"14";"1";"1";"7";"3";"0";"1";"1";"1";"0"
"22732";"84826501";"22732";"14";"1";"1";"7";"6";"0";"1";"1";"1";"0"
"22733";"84826504";"22733";"14";"1";"3";"1";"6";"0";"1";"1";"1";"0"
"22742";"84827208";"22742";"14";"2";"1";"7";"6";"0";"1";"1";"1";"0"
"22743";"84827217";"22743";"14";"1";"3";"1";"6";"0";"1";"1";"1";"0"
"22745";"84827301";"22745";"14";"1";"1";"7";"6";"0";"1";"1";"1";"0"
"22748";"84827405";"22748";"14";"1";"1";"7";"3";"0";"1";"1";"1";"0"
"22750";"84831403";"22750";"14";"1";"1";"7";"6";"0";"1";"1";"1";"0"
"22751";"84831403";"22751";"14";"3";"1";"7";"4";"0";"1";"1";"1";"0"
"22784";"84832304";"21602";"14";"1";"1";"7";"6";"0";"1";"1";"1";"0"
"22785";"84832304";"22785";"14";"1";"3";"1";"6";"0";"1";"1";"1";"0"
"22804";"84834204";"22804";"14";"3";"1";"7";"6";"0";"1";"1";"1";"0"
"22805";"84834205";"22805";"14";"1";"1";"7";"6";"1";"0";"1";"2";"0"
"22811";"84835201";"22811";"14";"1";"1";"7";"6";"0";"1";"1";"1";"0"
"22815";"84835203";"22815";"14";"3";"3";"2";"6";"0";"2";"0";"1";"0"
"22820";"84835204";"22820";"14";"1";"1";"7";"6";"0";"1";"1";"1";"0"
"22822";"84835206";"22822";"14";"1";"1";"7";"6";"0";"1";"1";"1";"0"
"22826";"84836103";"22826";"14";"3";"1";"7";"4";"0";"1";"1";"1";"0"
"22827";"84836103";"22827";"14";"2";"1";"7";"6";"0";"1";"1";"1";"0"
"22828";"84836103";"22828";"14";"1";"1";"7";"6";"0";"2";"1";"1";"0"
"22829";"84836103";"22829";"14";"3";"1";"7";"6";"0";"1";"1";"1";"0"
"22836";"84836202";"22836";"14";"1";"1";"7";"3";"0";"1";"2";"1";"0"
"22837";"84836202";"22837";"14";"3";"1";"7";"6";"0";"1";"0";"1";"0"
"22838";"84836202";"22838";"14";"1";"1";"7";"6";"0";"1";"1";"1";"0"
"22839";"84836202";"22839";"14";"1";"1";"7";"6";"0";"2";"0";"1";"0"
"22840";"84836202";"22840";"14";"1";"1";"7";"6";"0";"1";"1";"1";"0"
"22842";"84836202";"22842";"14";"1";"1";"7";"6";"0";"2";"0";"1";"0"
"22843";"84836202";"22843";"14";"1";"1";"7";"6";"0";"1";"1";"1";"0"
"22844";"84836202";"22844";"14";"1";"1";"7";"6";"0";"1";"1";"1";"0"
"22845";"84836202";"22845";"14";"1";"1";"7";"5";"0";"1";"1";"1";"0"
"22848";"84836202";"22848";"14";"1";"1";"7";"3";"0";"1";"1";"1";"0"
"22849";"84836202";"22849";"14";"3";"1";"7";"6";"0";"1";"1";"1";"0"
"22852";"84836207";"22852";"14";"1";"1";"1";"6";"0";"1";"1";"1";"0"
"22889";"84837202";"22889";"14";"3";"1";"7";"6";"0";"1";"1";"1";"0"
"22906";"84837503";"22906";"14";"1";"1";"7";"6";"0";"3";"1";"1";"0"
"22907";"84837503";"22907";"14";"3";"3";"1";"6";"0";"1";"1";"1";"0"
"22924";"84842403";"22924";"14";"1";"1";"7";"6";"0";"2";"0";"1";"0"
"22925";"84842403";"22925";"14";"1";"1";"7";"6";"0";"1";"2";"1";"0"
"22928";"84844203";"22928";"14";"1";"1";"7";"6";"0";"1";"1";"1";"0"
"22930";"84844503";"22930";"14";"1";"1";"7";"6";"0";"1";"1";"1";"0"
"22936";"84846203";"22936";"14";"1";"1";"7";"6";"0";"1";"1";"1";"0"
"22981";"84851311";"22981";"14";"1";"1";"7";"6";"0";"1";"1";"1";"0"
"23037";"84854402";"23037";"14";"1";"1";"1";"6";"0";"1";"1";"1";"0"
"23038";"84854402";"23038";"14";"1";"1";"7";"6";"0";"2";"1";"1";"0"
"23047";"84854405";"23047";"14";"1";"1";"7";"3";"0";"1";"1";"1";"0"
"23056";"84854505";"23056";"14";"1";"3";"1";"4";"0";"1";"1";"1";"0"
"23057";"84854505";"23057";"14";"1";"1";"7";"6";"0";"1";"1";"1";"0"
"23059";"84855107";"23059";"14";"3";"3";"1";"6";"0";"1";"1";"1";"0"
"23060";"84855107";"23060";"14";"3";"3";"2";"6";"0";"2";"0";"1";"0"
"23062";"84855302";"6458";"14";"1";"1";"7";"4";"0";"1";"1";"1";"0"
"23064";"84855401";"23064";"14";"3";"1";"7";"6";"0";"1";"1";"1";"0"
"23067";"84855401";"23067";"14";"1";"1";"7";"6";"0";"1";"3";"1";"0"
"23068";"84855403";"23068";"14";"1";"1";"7";"6";"0";"2";"1";"1";"0"
"23073";"84856205";"23073";"14";"1";"1";"7";"6";"0";"1";"1";"1";"0"
"23075";"84856303";"23075";"14";"3";"1";"7";"6";"0";"1";"1";"1";"0"
"23076";"84856303";"23076";"14";"3";"1";"7";"6";"0";"1";"1";"1";"0"
"23078";"84856303";"23078";"14";"4";"1";"7";"6";"0";"1";"1";"1";"0"
"23112";"84857404";"6726";"14";"3";"1";"7";"8";"1";"0";"1";"2";"0"
"23133";"84857507";"23133";"14";"1";"1";"7";"6";"0";"1";"1";"1";"0"
"23141";"84861104";"23141";"14";"1";"1";"7";"6";"1";"0";"1";"2";"0"
"23142";"84861203";"23142";"14";"1";"1";"1";"6";"0";"1";"1";"1";"0"
"23146";"84861403";"23146";"14";"3";"3";"1";"6";"0";"3";"0";"1";"0"
"23147";"84861403";"23147";"14";"1";"1";"7";"6";"0";"1";"1";"1";"0"
"23170";"84862101";"23170";"14";"1";"1";"7";"4";"0";"1";"1";"1";"0"
"23193";"84862206";"23193";"14";"1";"1";"7";"6";"0";"1";"1";"1";"0"
"23194";"84862206";"23194";"14";"1";"1";"7";"4";"1";"0";"1";"2";"0"
"23195";"84862206";"23195";"14";"1";"1";"7";"6";"0";"2";"0";"1";"0"
"23196";"84862206";"13703";"14";"1";"1";"7";"6";"0";"2";"0";"1";"0"
"23249";"84863404";"23249";"14";"3";"2";"1";"6";"0";"1";"1";"1";"0"
"23252";"84864202";"23252";"14";"1";"1";"7";"4";"0";"1";"1";"1";"0"
"23255";"84864301";"23255";"14";"1";"3";"1";"6";"0";"1";"2";"1";"0"
"23256";"84864301";"23256";"14";"1";"1";"1";"6";"0";"1";"1";"1";"0"
"23259";"84864305";"23259";"14";"1";"3";"1";"6";"0";"1";"1";"1";"0"
"23260";"84864305";"23260";"14";"3";"1";"1";"6";"0";"2";"0";"1";"0"
"23261";"84864305";"23261";"14";"1";"1";"1";"6";"0";"2";"0";"1";"0"
"23262";"84864305";"23262";"14";"1";"3";"1";"6";"0";"1";"1";"1";"0"
"23263";"84864305";"23263";"14";"3";"3";"1";"6";"0";"1";"1";"1";"0"
"23292";"84865103";"23292";"14";"3";"3";"1";"6";"0";"1";"1";"1";"0"
"23312";"84866203";"23312";"14";"1";"1";"7";"6";"0";"1";"1";"1";"0"
"23313";"84866203";"23313";"14";"1";"1";"7";"4";"0";"1";"1";"1";"0"
"23320";"84866402";"23320";"14";"1";"2";"2";"6";"0";"1";"1";"1";"0"
"23323";"84866402";"23323";"14";"1";"3";"1";"3";"0";"1";"1";"1";"0"
"23335";"84867206";"23335";"14";"2";"3";"2";"6";"0";"1";"1";"1";"0"
"23336";"84867206";"13261";"14";"1";"1";"7";"4";"0";"1";"1";"1";"0"
"23377";"84871108";"23377";"14";"1";"1";"7";"5";"0";"1";"1";"1";"0"
"23398";"84871503";"23398";"14";"3";"1";"1";"6";"0";"1";"1";"1";"0"
"23414";"84872402";"23414";"14";"1";"1";"7";"6";"0";"3";"1";"1";"0"
"23418";"84872507";"23418";"14";"1";"3";"2";"6";"0";"2";"0";"1";"0"
"23459";"84873505";"23459";"14";"1";"3";"2";"3";"1";"0";"1";"2";"0"
"23463";"84874201";"23463";"14";"1";"1";"7";"6";"0";"1";"1";"1";"0"
"23489";"84875301";"23489";"14";"1";"1";"7";"6";"0";"1";"1";"1";"0"
"23490";"84875301";"23490";"14";"3";"3";"1";"6";"0";"3";"1";"1";"0"
"23493";"84875301";"23493";"14";"3";"1";"7";"6";"0";"2";"0";"1";"0"
"23496";"84875305";"23496";"14";"1";"1";"2";"6";"0";"1";"1";"1";"0"
"23497";"84875403";"23497";"14";"1";"1";"7";"6";"0";"1";"1";"1";"0"
"23520";"84876212";"23520";"14";"1";"1";"7";"6";"0";"1";"1";"1";"0"
"23546";"84877104";"23546";"14";"1";"3";"1";"6";"0";"1";"1";"1";"0"
"23547";"84877104";"23547";"14";"1";"1";"7";"4";"0";"1";"1";"1";"0"
"23549";"84877104";"23549";"14";"3";"1";"1";"6";"0";"1";"0";"1";"0"
"23551";"84877208";"23551";"14";"1";"3";"2";"6";"0";"1";"1";"1";"0"
"23552";"84877208";"23552";"14";"3";"3";"2";"6";"0";"1";"1";"1";"0"
"23553";"84877208";"23553";"14";"1";"1";"7";"6";"0";"1";"1";"1";"0"
"23554";"84877208";"23554";"14";"1";"3";"1";"6";"0";"1";"1";"1";"0"
"23555";"84877208";"23555";"14";"1";"1";"7";"6";"0";"2";"0";"1";"0"
"23556";"84877208";"23556";"14";"1";"1";"7";"6";"0";"1";"1";"1";"0"
"23557";"84877208";"23557";"14";"3";"3";"1";"6";"0";"1";"1";"1";"0"
"23558";"84877208";"23558";"14";"1";"1";"7";"6";"0";"1";"1";"1";"0"
"23559";"84877208";"23559";"14";"1";"1";"7";"6";"0";"2";"0";"1";"0"
"23563";"84877213";"23563";"14";"1";"1";"7";"6";"0";"1";"1";"1";"0"
"23566";"84877304";"23566";"14";"1";"1";"7";"4";"0";"1";"1";"1";"0"
"23568";"84877304";"23568";"14";"1";"1";"7";"6";"0";"1";"1";"1";"0"
"23569";"84877304";"23569";"14";"1";"1";"7";"4";"0";"1";"1";"1";"0"
"23570";"84877306";"23570";"14";"1";"1";"7";"6";"0";"1";"1";"1";"0"
"23571";"84877306";"23571";"14";"1";"1";"7";"6";"0";"1";"1";"1";"0"
"23572";"84877401";"23572";"14";"1";"1";"1";"6";"0";"1";"1";"1";"0"
"23573";"84877402";"23573";"14";"1";"1";"7";"6";"0";"2";"2";"1";"0"
"23574";"84877402";"23574";"14";"1";"1";"7";"6";"1";"0";"1";"2";"0"
"23576";"84877402";"23576";"14";"1";"1";"7";"6";"1";"4";"0";"2";"0"
"23577";"84877402";"23577";"14";"1";"1";"7";"6";"0";"1";"1";"1";"0"
"23578";"84877402";"23578";"14";"3";"1";"7";"6";"0";"1";"2";"1";"0"
"23583";"84877407";"23583";"14";"1";"2";"2";"3";"0";"1";"1";"1";"0"
"23604";"84882104";"23604";"14";"1";"1";"7";"6";"0";"1";"1";"1";"0"
"23605";"84882104";"23605";"14";"1";"1";"1";"6";"0";"1";"1";"1";"0"
"23658";"84887307";"23658";"14";"1";"1";"7";"3";"0";"1";"1";"1";"0"
"23660";"84887510";"23660";"14";"1";"1";"7";"6";"0";"1";"0";"1";"0"
"23667";"84893103";"23667";"14";"1";"1";"7";"6";"0";"3";"0";"1";"0"
"23671";"84895207";"23671";"14";"1";"1";"7";"7";"0";"1";"1";"1";"0"
"23673";"84896210";"23673";"14";"1";"3";"2";"6";"0";"1";"1";"1";"0"
"23674";"84896210";"23674";"14";"1";"1";"7";"6";"0";"1";"1";"1";"0"
"23675";"84896210";"23675";"14";"1";"1";"7";"5";"0";"1";"1";"1";"0"
"23676";"84896210";"23676";"14";"1";"1";"7";"6";"1";"0";"1";"2";"0"
"23677";"84896210";"23677";"14";"1";"3";"2";"6";"0";"1";"1";"1";"0"
"23679";"84896210";"23679";"14";"1";"1";"7";"6";"0";"2";"0";"1";"0"
"23681";"84896304";"23681";"14";"1";"1";"7";"6";"0";"1";"1";"1";"0"
"23682";"84896304";"23682";"14";"1";"1";"7";"6";"0";"1";"1";"1";"0"
"23702";"85715304";"23702";"14";"1";"1";"7";"6";"1";"0";"1";"2";"0"
"23748";"85753107";"23748";"14";"1";"1";"7";"6";"1";"0";"1";"2";"0"
"23803";"85774401";"23803";"14";"1";"1";"7";"3";"0";"1";"1";"1";"0"
"23829";"85786406";"23829";"14";"1";"3";"1";"6";"0";"1";"1";"1";"0"
"23855";"85794203";"23855";"14";"2";"1";"7";"6";"1";"0";"1";"2";"0"
"23860";"85802404";"23860";"14";"1";"1";"7";"6";"1";"0";"1";"2";"0"
"23863";"85806103";"23863";"14";"1";"3";"2";"6";"0";"1";"1";"1";"0"
"23864";"85806103";"23864";"14";"1";"1";"7";"6";"0";"1";"2";"1";"0"
"23865";"85806103";"23865";"14";"1";"1";"7";"6";"0";"2";"0";"1";"0"
"23871";"85807207";"23871";"14";"1";"1";"7";"6";"0";"1";"1";"1";"0"
"23873";"85807306";"23873";"14";"1";"1";"1";"3";"0";"1";"1";"1";"0"
"23874";"85807306";"23874";"14";"3";"1";"7";"3";"0";"1";"1";"1";"0"
"23909";"85811203";"23909";"14";"1";"1";"7";"6";"0";"3";"0";"1";"0"
"23918";"85811509";"23918";"14";"3";"1";"7";"6";"0";"3";"1";"1";"0"
"23945";"85812401";"23945";"14";"1";"2";"2";"6";"0";"1";"1";"1";"0"
"23946";"85812401";"23946";"14";"1";"1";"7";"6";"0";"1";"1";"1";"0"
"23948";"85813205";"23948";"14";"1";"1";"7";"6";"2";"0";"1";"2";"0"
"23950";"85813205";"23950";"14";"1";"1";"7";"3";"1";"0";"1";"2";"0"
"23952";"85813205";"23952";"14";"1";"2";"1";"6";"0";"1";"2";"1";"0"
"23954";"85813206";"23954";"14";"1";"1";"7";"6";"0";"2";"1";"1";"0"
"24019";"85814503";"24019";"14";"3";"1";"7";"6";"0";"1";"1";"1";"0"
"24020";"85814503";"24020";"14";"1";"1";"1";"6";"0";"1";"1";"1";"0"
"24021";"85814503";"24021";"14";"1";"3";"1";"4";"0";"1";"1";"1";"0"
"24039";"85815303";"24039";"14";"1";"1";"7";"3";"1";"0";"1";"2";"0"
"24065";"85815502";"24065";"14";"1";"1";"7";"6";"0";"1";"1";"1";"0"
"24085";"85816201";"24085";"14";"1";"1";"7";"6";"0";"1";"1";"1";"0"
"24091";"85817103";"24091";"14";"1";"1";"7";"5";"1";"0";"1";"2";"0"
"24129";"85821203";"24129";"14";"1";"2";"2";"6";"0";"1";"3";"1";"0"
"24131";"85821203";"24131";"14";"1";"1";"1";"6";"0";"1";"0";"1";"0"
"24143";"85821307";"24143";"14";"1";"1";"7";"6";"0";"1";"2";"1";"0"
"24151";"85821312";"24151";"14";"1";"1";"7";"4";"0";"1";"2";"1";"0"
"24156";"85821312";"24156";"14";"3";"1";"7";"4";"0";"1";"1";"1";"0"
"24157";"85821408";"24157";"14";"1";"3";"2";"6";"0";"2";"0";"1";"0"
"24173";"85822201";"24173";"14";"1";"3";"2";"6";"0";"1";"1";"1";"0"
"24178";"85822307";"24178";"14";"3";"1";"7";"6";"0";"1";"1";"1";"0"
"24181";"85822402";"24181";"14";"3";"1";"1";"6";"0";"1";"1";"1";"0"
"24189";"85822406";"24189";"14";"3";"1";"7";"6";"0";"1";"1";"1";"0"
"24209";"85822507";"24209";"14";"1";"1";"7";"6";"0";"2";"0";"1";"0"
"24240";"85823304";"24240";"14";"1";"1";"1";"6";"0";"1";"2";"1";"0"
"24241";"85823304";"21241";"14";"1";"3";"2";"6";"0";"1";"2";"1";"0"
"24242";"85823304";"24242";"14";"1";"1";"7";"6";"0";"1";"1";"1";"0"
"24253";"85823504";"24253";"14";"1";"1";"7";"6";"0";"1";"1";"1";"0"
"24300";"85824302";"24300";"14";"1";"1";"7";"6";"1";"0";"1";"2";"0"
"24311";"85824403";"24311";"14";"1";"1";"7";"6";"1";"0";"2";"2";"0"
"24312";"85824501";"24312";"14";"3";"1";"2";"6";"0";"1";"1";"1";"0"
"24313";"85824501";"24313";"14";"1";"1";"7";"4";"0";"1";"1";"1";"0"
"24346";"85825403";"24346";"14";"1";"1";"7";"6";"0";"1";"2";"1";"0"
"24347";"85825403";"24347";"14";"1";"1";"7";"4";"1";"1";"2";"2";"0"
"24348";"85825403";"24348";"14";"1";"1";"7";"3";"0";"1";"1";"1";"0"
"24375";"85825506";"24375";"14";"1";"1";"7";"6";"0";"1";"1";"1";"0"
"24420";"85826302";"24420";"14";"1";"1";"7";"4";"0";"1";"1";"1";"0"
"24421";"85826302";"24421";"14";"1";"1";"7";"6";"0";"2";"1";"1";"0"
"24451";"85827104";"24451";"14";"1";"1";"7";"3";"0";"1";"1";"1";"0"
"24452";"85827105";"24452";"14";"1";"1";"7";"6";"0";"1";"2";"1";"0"
"24479";"85827304";"24479";"14";"3";"3";"2";"6";"0";"1";"0";"1";"0"
"24517";"85831202";"24517";"14";"3";"1";"5";"6";"0";"1";"2";"1";"0"
"24518";"85831202";"24518";"14";"1";"1";"7";"7";"0";"1";"1";"1";"0"
"24519";"85831303";"24519";"14";"3";"1";"1";"6";"0";"1";"1";"1";"0"
"24554";"85833103";"24554";"14";"1";"1";"7";"6";"0";"1";"1";"1";"0"
"24555";"85833103";"24555";"14";"1";"1";"7";"6";"0";"2";"0";"1";"0"
"24602";"85834102";"24602";"14";"1";"1";"7";"5";"0";"1";"1";"1";"0"
"24603";"85834103";"24603";"14";"1";"1";"7";"6";"0";"2";"2";"1";"0"
"24606";"85834103";"24606";"14";"1";"1";"7";"6";"0";"1";"0";"1";"0"
"24607";"85834103";"24607";"14";"1";"1";"7";"6";"0";"1";"0";"1";"0"
"24653";"85834308";"24653";"14";"3";"1";"7";"6";"0";"3";"3";"1";"0"
"24738";"85835303";"24738";"14";"1";"1";"7";"6";"0";"1";"1";"1";"0"
"24739";"85835303";"24739";"14";"1";"1";"7";"6";"0";"1";"2";"1";"0"
"24740";"85835303";"24740";"14";"1";"1";"7";"6";"0";"1";"0";"1";"0"
"24741";"85835303";"24741";"14";"2";"1";"7";"6";"0";"2";"0";"1";"0"
"24742";"85835303";"24742";"14";"1";"1";"7";"4";"1";"0";"1";"2";"0"
"24744";"85835304";"24744";"14";"3";"3";"2";"3";"0";"1";"2";"1";"0"
"24753";"85835405";"24753";"14";"1";"3";"2";"6";"0";"1";"1";"1";"0"
"24759";"85835406";"24759";"14";"1";"3";"2";"6";"0";"1";"4";"1";"0"
"24760";"85835406";"24760";"14";"1";"1";"1";"6";"0";"1";"1";"1";"0"
"24761";"85835406";"24761";"14";"3";"1";"7";"6";"0";"1";"1";"1";"0"
"24762";"85835406";"24762";"14";"1";"1";"7";"6";"0";"1";"1";"1";"0"
"24763";"85835406";"24763";"14";"1";"1";"7";"3";"0";"1";"1";"1";"0"
"24764";"85835406";"24764";"14";"1";"1";"7";"6";"0";"2";"0";"1";"0"
"24766";"85835407";"24766";"14";"1";"1";"7";"6";"0";"1";"1";"1";"0"
"24768";"85835407";"24768";"14";"3";"1";"7";"6";"0";"1";"1";"1";"0"
"24798";"85836303";"24798";"14";"1";"1";"7";"6";"0";"1";"3";"1";"0"
"24799";"85836303";"24799";"14";"1";"1";"1";"6";"0";"2";"1";"1";"0"
"24800";"85836303";"24800";"14";"1";"1";"7";"6";"0";"1";"1";"1";"0"
"24801";"85836303";"24801";"14";"3";"1";"7";"6";"0";"1";"0";"1";"0"
"24802";"85836303";"24802";"14";"1";"1";"7";"6";"0";"1";"1";"1";"0"
"24805";"85836303";"24805";"14";"1";"1";"7";"6";"0";"1";"2";"1";"0"
"24806";"85836303";"24806";"14";"1";"3";"1";"6";"0";"1";"1";"1";"0"
"24811";"85836402";"24811";"14";"1";"1";"7";"6";"0";"2";"1";"1";"0"
"24812";"85836402";"24812";"14";"1";"3";"2";"6";"0";"1";"1";"1";"0"
"24813";"85836404";"24813";"14";"1";"1";"7";"6";"0";"1";"1";"1";"0"
"24818";"85836405";"24818";"14";"1";"1";"7";"4";"0";"1";"1";"1";"0"
"24837";"85837301";"24837";"14";"1";"1";"7";"6";"0";"1";"1";"1";"0"
"24838";"85837302";"24838";"14";"1";"1";"7";"6";"0";"2";"1";"1";"0"
"24852";"85837403";"24852";"14";"1";"1";"7";"6";"0";"1";"1";"1";"0"
"24853";"85837403";"24853";"14";"1";"1";"7";"7";"0";"1";"1";"1";"0"
"24854";"85837403";"24854";"14";"1";"1";"7";"6";"0";"2";"1";"1";"0"
"24857";"85837505";"24857";"14";"1";"1";"7";"6";"0";"1";"1";"1";"0"
"24858";"85837505";"24858";"14";"1";"1";"7";"5";"1";"0";"1";"2";"0"
"24859";"85837505";"24859";"14";"1";"1";"7";"6";"0";"1";"1";"1";"0"
"24860";"85837507";"24860";"14";"1";"1";"2";"4";"1";"0";"1";"2";"0"
"24862";"85837507";"24862";"14";"1";"1";"7";"6";"0";"1";"1";"1";"0"
"24992";"85844302";"24992";"14";"1";"1";"7";"6";"0";"2";"0";"1";"0"
"24993";"85844302";"24993";"14";"1";"1";"7";"6";"0";"3";"1";"1";"0"
"24994";"85844302";"24994";"14";"1";"1";"1";"6";"0";"1";"2";"1";"0"
"24995";"85844302";"9428";"14";"3";"1";"7";"6";"0";"1";"1";"1";"0"
"24996";"85844302";"24996";"14";"3";"1";"7";"6";"0";"1";"1";"1";"0"
"24997";"85844302";"24997";"14";"3";"1";"7";"6";"0";"2";"0";"1";"0"
"24998";"85844414";"24998";"14";"3";"3";"1";"6";"0";"1";"1";"1";"0"
"25001";"85844503";"25001";"14";"1";"1";"7";"4";"0";"1";"1";"1";"0"
"25002";"85844503";"25002";"14";"1";"1";"7";"4";"0";"1";"1";"1";"0"
"25003";"85845102";"25003";"14";"1";"1";"7";"6";"0";"1";"2";"1";"0"
"25004";"85845102";"25004";"14";"1";"1";"7";"6";"0";"2";"0";"1";"0"
"25005";"85845102";"25005";"14";"1";"1";"7";"6";"0";"2";"1";"1";"0"
"25006";"85845102";"25006";"14";"1";"1";"7";"4";"0";"2";"1";"1";"0"
"25007";"85845102";"25007";"14";"1";"1";"7";"6";"0";"1";"1";"1";"0"
"25023";"85845201";"25023";"14";"1";"1";"7";"6";"0";"1";"0";"1";"0"
"25056";"85845307";"25056";"14";"1";"1";"7";"6";"0";"1";"1";"1";"0"
"25078";"85846101";"25078";"14";"1";"1";"7";"6";"0";"3";"5";"1";"0"
"25079";"85846101";"25079";"14";"1";"1";"7";"4";"1";"0";"1";"2";"0"
"25089";"85846101";"25089";"14";"2";"1";"1";"4";"0";"1";"1";"1";"0"
"25098";"85846204";"25098";"14";"1";"1";"7";"3";"0";"1";"1";"1";"0"
"25103";"85847103";"25103";"14";"1";"1";"7";"6";"0";"0";"1";"3";"0"
"25104";"85847103";"25104";"14";"1";"1";"7";"6";"0";"1";"0";"1";"0"
"25105";"85847103";"25105";"14";"3";"1";"7";"6";"0";"1";"1";"1";"0"
"25106";"85847104";"25106";"14";"3";"1";"7";"6";"0";"1";"1";"1";"0"
"25107";"85847104";"25107";"14";"1";"1";"7";"6";"0";"1";"1";"1";"0"
"25108";"85847104";"25108";"14";"1";"1";"7";"6";"0";"2";"1";"1";"0"
"25109";"85847104";"25109";"14";"1";"1";"7";"6";"0";"1";"1";"1";"0"
"25110";"85847104";"25110";"14";"3";"1";"7";"6";"0";"1";"1";"1";"0"
"25111";"85847106";"25111";"14";"1";"1";"7";"6";"0";"1";"1";"1";"0"
"25112";"85847106";"25112";"14";"3";"1";"7";"6";"0";"2";"1";"1";"0"
"25113";"85847106";"25113";"14";"1";"6";"1";"6";"0";"1";"1";"1";"0"
"25114";"85847106";"25114";"14";"1";"1";"7";"6";"0";"1";"2";"1";"0"
"25115";"85847106";"25115";"14";"1";"1";"7";"6";"0";"1";"1";"1";"0"
"25118";"85847106";"25118";"14";"1";"1";"7";"4";"0";"1";"3";"1";"0"
"25119";"85847106";"25119";"14";"1";"1";"7";"6";"0";"2";"2";"1";"0"
"25120";"85847106";"25120";"14";"3";"1";"1";"6";"0";"1";"1";"1";"0"
"25121";"85847106";"25121";"14";"1";"1";"7";"6";"0";"1";"1";"1";"0"
"25122";"85847106";"25122";"14";"3";"2";"1";"6";"0";"2";"1";"1";"0"
"25123";"85847106";"25123";"14";"3";"1";"7";"6";"0";"1";"2";"1";"0"
"25124";"85847106";"25124";"14";"1";"1";"7";"6";"0";"2";"2";"1";"0"
"25126";"85847204";"25126";"14";"1";"1";"7";"6";"0";"1";"1";"1";"0"
"25173";"85851304";"25173";"14";"1";"1";"7";"6";"2";"0";"1";"2";"0"
"25174";"85851304";"25174";"14";"1";"1";"7";"6";"0";"1";"1";"1";"0"
"25182";"85851309";"22031";"14";"1";"1";"7";"4";"1";"0";"1";"2";"0"
"25183";"85851309";"25183";"14";"1";"1";"1";"4";"1";"0";"1";"2";"0"
"25185";"85851309";"25185";"14";"1";"3";"1";"6";"0";"2";"0";"1";"0"
"25187";"85851310";"25187";"14";"1";"1";"7";"6";"0";"1";"1";"1";"0"
"25253";"85852106";"25253";"14";"3";"1";"1";"7";"0";"1";"2";"1";"0"
"25254";"85852106";"25254";"14";"1";"3";"1";"6";"0";"1";"1";"1";"0"
"25255";"85852106";"25255";"14";"1";"1";"7";"3";"0";"1";"1";"1";"0"