"accident_id";"lieu_id";"date_id";"cause_id";"lum_id";"intemp_id";"etat_surface_id";"impliq_id";"nb_blesses_graves";"nb_blesses_legers";"nb_indemnes";"gravite";"nb_morts"
"25256";"85852106";"25256";"14";"1";"1";"7";"7";"0";"1";"1";"1";"0"
"25257";"85852106";"25257";"14";"1";"1";"1";"6";"0";"1";"1";"1";"0"
"25258";"85852106";"25258";"14";"1";"1";"7";"6";"0";"1";"0";"1";"0"
"25259";"85852106";"25259";"14";"1";"1";"7";"6";"0";"2";"1";"1";"0"
"25269";"85852402";"25269";"14";"3";"1";"7";"6";"0";"2";"0";"1";"0"
"25290";"85852407";"25290";"14";"1";"3";"1";"6";"0";"1";"1";"1";"0"
"25291";"85852407";"25291";"14";"1";"3";"2";"4";"0";"1";"1";"1";"0"
"25315";"85853404";"25315";"14";"3";"3";"1";"6";"0";"2";"0";"1";"0"
"25352";"85854201";"25352";"14";"1";"1";"7";"7";"0";"1";"1";"1";"0"
"25353";"85854201";"25353";"14";"1";"1";"7";"4";"0";"2";"0";"1";"0"
"25355";"85854201";"25355";"14";"1";"1";"7";"4";"1";"0";"1";"2";"0"
"25356";"85854302";"25356";"14";"1";"5";"1";"7";"0";"1";"1";"1";"0"
"25376";"85854501";"25376";"14";"1";"3";"1";"6";"0";"1";"1";"1";"0"
"25383";"85855202";"25383";"14";"1";"1";"7";"6";"0";"1";"1";"1";"0"
"25384";"85855302";"25384";"14";"1";"1";"7";"6";"0";"1";"1";"1";"0"
"25385";"85855305";"25385";"14";"1";"3";"1";"6";"0";"1";"1";"1";"0"
"25386";"85855503";"25386";"14";"3";"3";"2";"3";"0";"1";"1";"1";"0"
"25396";"85855503";"25396";"14";"1";"1";"7";"3";"0";"1";"1";"1";"0"
"25399";"85855503";"25399";"14";"1";"2";"1";"6";"0";"1";"1";"1";"0"
"25400";"85855503";"25400";"14";"3";"6";"1";"3";"0";"1";"1";"1";"0"
"25402";"85855503";"25402";"14";"1";"1";"7";"6";"0";"1";"1";"1";"0"
"25421";"85856306";"25421";"14";"1";"3";"1";"6";"1";"0";"0";"2";"0"
"25426";"85857106";"25426";"14";"3";"4";"3";"4";"0";"1";"1";"1";"0"
"25435";"85857202";"25435";"14";"1";"1";"2";"6";"0";"1";"1";"1";"0"
"25436";"85857303";"25436";"14";"1";"1";"1";"5";"0";"1";"1";"1";"0"
"25439";"85857402";"25439";"14";"1";"1";"7";"6";"0";"1";"1";"1";"0"
"25455";"85861104";"25455";"14";"3";"1";"7";"6";"0";"1";"1";"1";"0"
"25484";"85861211";"25484";"14";"3";"3";"1";"6";"0";"1";"0";"1";"0"
"25525";"85862101";"25525";"14";"2";"1";"7";"6";"0";"1";"1";"1";"0"
"25527";"85862101";"25527";"14";"1";"1";"7";"6";"0";"1";"1";"1";"0"
"25564";"85862403";"25564";"14";"1";"3";"1";"6";"0";"1";"1";"1";"0"
"25611";"85863502";"25611";"14";"1";"1";"7";"6";"0";"1";"1";"1";"0"
"25612";"85863502";"25612";"14";"2";"3";"2";"3";"0";"1";"1";"1";"0"
"25613";"85863502";"25613";"14";"1";"1";"7";"6";"0";"3";"1";"1";"0"
"25614";"85863502";"25614";"14";"1";"1";"7";"6";"0";"1";"1";"1";"0"
"25615";"85863502";"25615";"14";"1";"1";"1";"6";"0";"1";"1";"1";"0"
"25643";"85864401";"25643";"14";"1";"1";"7";"6";"0";"2";"1";"1";"0"
"25644";"85864401";"25644";"14";"1";"1";"7";"6";"0";"1";"1";"1";"0"
"25645";"85864401";"25645";"14";"1";"1";"1";"6";"0";"1";"1";"1";"0"
"25646";"85864401";"25646";"14";"3";"1";"7";"6";"0";"3";"0";"1";"0"
"25648";"85864401";"25648";"14";"1";"3";"1";"6";"0";"3";"0";"1";"0"
"25649";"85864401";"25649";"14";"1";"1";"7";"4";"0";"1";"1";"1";"0"
"25652";"85864401";"25652";"14";"1";"1";"7";"4";"0";"1";"1";"1";"0"
"25654";"85864401";"25654";"14";"1";"1";"7";"6";"0";"1";"1";"1";"0"
"25655";"85864401";"25655";"14";"3";"1";"7";"6";"0";"1";"1";"1";"0"
"25656";"85864401";"25656";"14";"1";"1";"7";"6";"0";"1";"0";"1";"0"
"25658";"85864403";"25658";"14";"3";"4";"2";"6";"1";"0";"1";"2";"0"
"25659";"85864403";"25659";"14";"1";"1";"7";"6";"0";"1";"1";"1";"0"
"25718";"85865401";"25718";"14";"1";"1";"7";"5";"0";"1";"1";"1";"0"
"25720";"85865502";"25720";"14";"1";"1";"7";"6";"0";"1";"1";"1";"0"
"25721";"85865503";"25721";"14";"3";"1";"7";"6";"0";"1";"1";"1";"0"
"25724";"85865503";"25724";"14";"1";"1";"1";"6";"0";"1";"1";"1";"0"
"25725";"85865503";"25725";"14";"3";"1";"7";"6";"0";"4";"0";"1";"0"
"25726";"85865503";"25726";"14";"5";"1";"7";"6";"0";"1";"1";"1";"0"
"25727";"85865504";"25727";"14";"3";"1";"7";"6";"0";"1";"1";"1";"0"
"25735";"85866304";"25735";"14";"1";"1";"7";"6";"0";"2";"1";"1";"0"
"25748";"85866402";"25748";"14";"2";"1";"7";"6";"0";"1";"1";"1";"0"
"25750";"85866402";"25750";"14";"1";"6";"7";"6";"0";"1";"2";"1";"0"
"25755";"85867102";"25755";"14";"1";"1";"7";"5";"0";"3";"0";"1";"0"
"25756";"85867201";"23619";"14";"1";"2";"1";"6";"0";"1";"1";"1";"0"
"25759";"85867204";"25759";"14";"2";"1";"7";"6";"0";"1";"1";"1";"0"
"25762";"85867502";"13257";"14";"1";"1";"7";"6";"0";"3";"0";"1";"0"
"25763";"85867502";"25763";"14";"1";"1";"7";"6";"0";"5";"0";"1";"0"
"25775";"85871109";"25775";"14";"1";"1";"7";"3";"0";"1";"1";"1";"0"
"25806";"85871308";"25806";"14";"3";"1";"7";"6";"0";"1";"2";"1";"0"
"25840";"85872402";"25840";"14";"1";"1";"7";"6";"0";"1";"1";"1";"0"
"25841";"85872402";"25841";"14";"1";"1";"7";"4";"1";"0";"1";"2";"0"
"25846";"85873104";"25846";"14";"1";"1";"7";"6";"0";"1";"1";"1";"0"
"25857";"85873106";"25857";"14";"1";"3";"2";"6";"0";"2";"1";"1";"0"
"25869";"85873408";"25869";"14";"1";"1";"7";"6";"0";"1";"1";"1";"0"
"25870";"85873501";"25870";"14";"1";"1";"7";"4";"0";"1";"1";"1";"0"
"25871";"85873501";"25871";"14";"1";"1";"7";"6";"0";"1";"1";"1";"0"
"25872";"85873501";"25872";"14";"1";"1";"7";"6";"1";"1";"0";"2";"0"
"25873";"85873501";"25873";"14";"1";"1";"7";"6";"0";"1";"1";"1";"0"
"25874";"85873501";"25874";"14";"1";"1";"7";"6";"0";"1";"1";"1";"0"
"25875";"85873501";"25875";"14";"1";"1";"7";"6";"0";"1";"1";"1";"0"
"25946";"85875110";"25946";"14";"1";"1";"7";"6";"0";"1";"1";"1";"0"
"25957";"85875502";"25957";"14";"1";"1";"7";"6";"0";"1";"1";"1";"0"
"25959";"85875502";"25959";"14";"1";"1";"7";"6";"0";"1";"1";"1";"0"
"25960";"85875502";"25960";"14";"1";"1";"7";"4";"0";"1";"1";"1";"0"
"25961";"85875502";"25961";"14";"1";"1";"7";"5";"0";"2";"1";"1";"0"
"25962";"85875502";"25962";"14";"1";"7";"7";"6";"0";"1";"1";"1";"0"
"25963";"85875502";"25963";"14";"3";"1";"7";"6";"0";"1";"1";"1";"0"
"25964";"85875502";"25964";"14";"1";"1";"7";"6";"0";"1";"1";"1";"0"
"25970";"85876201";"25970";"14";"1";"1";"1";"3";"0";"1";"1";"1";"0"
"25972";"85876301";"25972";"14";"1";"1";"1";"6";"0";"1";"1";"1";"0"
"25973";"85876301";"25973";"14";"4";"1";"2";"6";"0";"1";"1";"1";"0"
"25974";"85876301";"25974";"14";"1";"1";"7";"6";"0";"2";"1";"1";"0"
"25975";"85876301";"25975";"14";"1";"1";"7";"6";"0";"1";"1";"1";"0"
"25976";"85876301";"25976";"14";"1";"3";"1";"6";"1";"3";"0";"2";"0"
"25977";"85876301";"25977";"14";"1";"2";"1";"6";"1";"0";"1";"2";"0"
"25978";"85876301";"25978";"14";"1";"1";"7";"6";"0";"2";"0";"1";"0"
"25992";"85876502";"25992";"14";"1";"1";"7";"6";"0";"1";"2";"1";"0"
"26007";"85877203";"26007";"14";"1";"1";"7";"6";"0";"1";"1";"1";"0"
"26011";"85877205";"26011";"14";"1";"1";"7";"6";"0";"2";"1";"1";"0"
"26024";"85877514";"26024";"14";"2";"3";"1";"6";"0";"2";"0";"1";"0"
"26025";"85881102";"26025";"14";"1";"1";"1";"6";"0";"2";"0";"1";"0"
"26060";"85882401";"26060";"14";"1";"1";"7";"6";"0";"1";"2";"1";"0"
"26062";"85882504";"26062";"14";"2";"1";"7";"6";"0";"2";"1";"1";"0"
"26102";"85887401";"26102";"14";"1";"1";"7";"6";"0";"3";"1";"1";"0"
"26103";"85887401";"26103";"14";"3";"1";"7";"6";"0";"1";"1";"1";"0"
"26105";"85887401";"26105";"14";"1";"1";"7";"8";"0";"1";"1";"1";"0"
"26106";"85887401";"26106";"14";"3";"1";"1";"6";"0";"3";"0";"1";"0"
"26107";"85887401";"26107";"14";"1";"1";"1";"6";"0";"1";"1";"1";"0"
"26110";"85887504";"26110";"14";"1";"1";"7";"4";"1";"1";"1";"2";"0"
"26188";"86765308";"26188";"14";"1";"1";"7";"4";"0";"1";"1";"1";"0"
"26202";"86784320";"26202";"14";"1";"1";"7";"6";"0";"1";"1";"1";"0"
"26272";"86801305";"26272";"14";"1";"1";"7";"4";"0";"1";"1";"1";"0"
"26273";"86801305";"26273";"14";"1";"1";"7";"6";"0";"2";"0";"1";"0"
"26274";"86801305";"26274";"14";"1";"1";"7";"6";"0";"2";"0";"1";"0"
"26276";"86801317";"26276";"14";"1";"2";"1";"6";"0";"1";"1";"1";"0"
"26321";"86803204";"26321";"14";"1";"4";"3";"6";"0";"1";"0";"1";"0"
"26359";"86803506";"26359";"14";"3";"3";"2";"6";"0";"1";"1";"1";"0"
"26360";"86803506";"26360";"14";"2";"3";"2";"6";"0";"1";"2";"1";"0"
"26363";"86804105";"26363";"14";"1";"1";"7";"6";"0";"1";"1";"1";"0"
"26364";"86804105";"26364";"14";"1";"1";"7";"6";"0";"1";"1";"1";"0"
"26399";"86804504";"26399";"14";"1";"1";"7";"6";"0";"3";"0";"1";"0"
"26400";"86804504";"26400";"14";"1";"3";"2";"6";"0";"1";"2";"1";"0"
"26401";"86804504";"26401";"14";"1";"1";"7";"6";"0";"1";"0";"1";"0"
"26402";"86804504";"26402";"14";"1";"1";"7";"6";"1";"0";"1";"2";"0"
"26403";"86804504";"26403";"14";"1";"1";"7";"6";"0";"1";"2";"1";"0"
"26404";"86804507";"26404";"14";"3";"1";"2";"6";"0";"2";"0";"1";"0"
"26405";"86804507";"26405";"14";"1";"3";"2";"6";"0";"2";"1";"1";"0"
"26406";"86804507";"26406";"14";"1";"1";"7";"6";"0";"1";"1";"1";"0"
"26407";"86804507";"26407";"14";"1";"1";"7";"6";"0";"2";"2";"1";"0"
"26418";"86805102";"26418";"14";"1";"1";"7";"4";"0";"1";"1";"1";"0"
"26419";"86805102";"26419";"14";"1";"1";"7";"6";"0";"1";"0";"1";"0"
"26420";"86805102";"26420";"14";"3";"1";"1";"6";"0";"1";"0";"1";"0"
"26427";"86805111";"26427";"14";"1";"1";"7";"6";"1";"0";"1";"2";"0"
"26434";"86805307";"26434";"14";"1";"1";"7";"3";"1";"0";"1";"2";"0"
"26436";"86805309";"26436";"14";"1";"1";"7";"4";"0";"1";"1";"1";"0"
"26437";"86805309";"26437";"14";"1";"1";"7";"4";"0";"1";"1";"1";"0"
"26441";"86805401";"26441";"14";"1";"1";"7";"6";"0";"2";"0";"1";"0"
"26443";"86805403";"26443";"14";"1";"1";"7";"6";"0";"1";"1";"1";"0"
"26444";"86805403";"26444";"14";"1";"1";"7";"6";"0";"1";"2";"1";"0"
"26445";"86805403";"26445";"14";"1";"1";"7";"6";"0";"2";"1";"1";"0"
"26495";"86807104";"26495";"14";"1";"1";"7";"6";"0";"1";"1";"1";"0"
"26497";"86807104";"26497";"14";"3";"1";"7";"6";"0";"2";"0";"1";"0"
"26499";"86807104";"26499";"14";"1";"1";"7";"6";"0";"2";"1";"1";"0"
"26501";"86807112";"26501";"14";"3";"2";"2";"6";"0";"1";"1";"1";"0"
"26505";"86807113";"26505";"14";"1";"1";"7";"6";"0";"2";"0";"1";"0"
"26507";"86811101";"26507";"14";"1";"1";"7";"5";"0";"1";"1";"1";"0"
"26508";"86811101";"26508";"14";"3";"1";"2";"6";"0";"1";"2";"1";"0"
"26509";"86811101";"26509";"14";"1";"1";"7";"6";"0";"1";"0";"1";"0"
"26510";"86811102";"26510";"14";"1";"1";"7";"6";"0";"2";"2";"1";"0"
"26511";"86811102";"26511";"14";"1";"1";"7";"6";"0";"2";"0";"1";"0"
"26512";"86811102";"26512";"14";"1";"1";"7";"6";"0";"2";"2";"1";"0"
"26513";"86811102";"26513";"14";"1";"1";"7";"6";"0";"1";"1";"1";"0"
"26584";"86812401";"26584";"14";"1";"1";"7";"6";"0";"1";"1";"1";"0"
"26599";"86812501";"26599";"14";"3";"1";"7";"6";"0";"1";"1";"1";"0"
"26614";"86813101";"26614";"14";"1";"1";"7";"6";"0";"1";"1";"1";"0"
"26615";"86813101";"26615";"14";"3";"1";"7";"6";"0";"1";"1";"1";"0"
"26628";"86813103";"26628";"14";"3";"1";"1";"6";"0";"1";"1";"1";"0"
"26638";"86813107";"26638";"14";"3";"2";"2";"6";"0";"1";"2";"1";"0"
"26639";"86813107";"26639";"14";"1";"1";"7";"6";"0";"1";"2";"1";"0"
"26640";"86813107";"26640";"14";"3";"1";"7";"6";"0";"1";"1";"1";"0"
"26649";"86813405";"26649";"14";"1";"1";"7";"7";"0";"1";"1";"1";"0"
"26650";"86813405";"13278";"14";"1";"1";"7";"6";"0";"1";"2";"1";"0"
"26651";"86813405";"26651";"14";"1";"1";"7";"6";"0";"1";"1";"1";"0"
"26652";"86813405";"26652";"14";"1";"1";"7";"6";"0";"2";"0";"1";"0"
"26653";"86813405";"26653";"14";"1";"1";"7";"6";"0";"0";"1";"3";"0"
"26654";"86813405";"26654";"14";"3";"1";"7";"6";"0";"1";"1";"1";"0"
"26656";"86813405";"26656";"14";"1";"1";"7";"4";"0";"1";"1";"1";"0"
"26666";"86813508";"26666";"14";"1";"1";"7";"6";"0";"1";"2";"1";"0"
"26667";"86813508";"26667";"14";"1";"1";"7";"6";"0";"1";"2";"1";"0"
"26668";"86813508";"26668";"14";"1";"1";"7";"8";"0";"1";"1";"1";"0"
"26669";"86813508";"7079";"14";"1";"1";"7";"6";"0";"2";"2";"1";"0"
"26670";"86813508";"26670";"14";"1";"1";"7";"6";"0";"1";"1";"1";"0"
"26671";"86813508";"26671";"14";"1";"1";"7";"6";"0";"1";"2";"1";"0"
"26672";"86813508";"26672";"14";"1";"1";"7";"6";"0";"2";"1";"1";"0"
"26673";"86813511";"10601";"14";"1";"1";"7";"6";"0";"2";"0";"1";"0"
"26674";"86813511";"26674";"14";"1";"1";"7";"6";"0";"1";"0";"1";"0"
"26675";"86813511";"26675";"14";"1";"1";"7";"6";"0";"1";"1";"1";"0"
"26676";"86813511";"26676";"14";"1";"1";"7";"6";"0";"1";"1";"1";"0"
"26677";"86813511";"26677";"14";"1";"1";"1";"6";"0";"2";"1";"1";"0"
"26681";"86814101";"26681";"14";"1";"1";"7";"6";"0";"1";"1";"1";"0"
"26702";"86814205";"26702";"14";"3";"1";"7";"6";"0";"2";"3";"1";"0"
"26713";"86814401";"11542";"14";"1";"1";"7";"6";"0";"1";"1";"1";"0"
"26714";"86814401";"26714";"14";"3";"1";"7";"6";"0";"4";"2";"1";"0"
"26715";"86814401";"26715";"14";"1";"1";"7";"6";"0";"2";"1";"1";"0"
"26716";"86814401";"13030";"14";"1";"1";"7";"6";"0";"1";"1";"1";"0"
"26717";"86814401";"26717";"14";"1";"1";"7";"6";"0";"1";"1";"1";"0"
"26718";"86814401";"26718";"14";"1";"1";"1";"7";"0";"1";"1";"1";"0"
"26719";"86814401";"26719";"14";"1";"1";"1";"6";"1";"0";"1";"2";"0"
"26746";"86814508";"26746";"14";"1";"1";"7";"6";"0";"1";"3";"1";"0"
"26748";"86814508";"26748";"14";"1";"1";"7";"6";"0";"1";"1";"1";"0"
"26749";"86814508";"26749";"14";"1";"1";"1";"6";"0";"1";"1";"1";"0"
"26750";"86814508";"26750";"14";"2";"1";"7";"6";"0";"1";"1";"1";"0"
"26751";"86814508";"26751";"14";"3";"1";"1";"6";"0";"1";"1";"1";"0"
"26752";"86814508";"26752";"14";"1";"1";"7";"4";"1";"0";"1";"2";"0"
"26755";"86815101";"26755";"14";"1";"1";"7";"6";"0";"2";"2";"1";"0"
"26756";"86815101";"26756";"14";"1";"1";"7";"6";"0";"1";"1";"1";"0"
"26759";"86815303";"26759";"14";"1";"1";"7";"4";"0";"1";"1";"1";"0"
"26783";"86816105";"26783";"14";"1";"1";"7";"3";"1";"0";"1";"2";"0"
"26890";"86817501";"26890";"14";"3";"1";"4";"4";"0";"1";"1";"1";"0"
"26955";"86821411";"26955";"14";"1";"1";"7";"4";"0";"1";"1";"1";"0"
"26983";"86822103";"26983";"14";"1";"1";"7";"6";"0";"1";"1";"1";"0"
"26984";"86822103";"26984";"14";"1";"1";"7";"6";"0";"2";"0";"1";"0"
"26985";"86822103";"26985";"14";"1";"1";"7";"5";"0";"1";"2";"1";"0"
"27014";"86822301";"27014";"14";"1";"1";"7";"5";"0";"1";"1";"1";"0"
"27024";"86822303";"27024";"14";"1";"1";"7";"3";"0";"1";"1";"1";"0"
"27025";"86822303";"27025";"14";"1";"1";"7";"6";"0";"1";"1";"1";"0"
"27026";"86822303";"27026";"14";"1";"1";"7";"6";"0";"1";"1";"1";"0"
"27039";"86822502";"27039";"14";"1";"1";"7";"6";"0";"1";"1";"1";"0"
"27049";"86823104";"27049";"14";"3";"1";"7";"6";"0";"2";"1";"1";"0"
"27075";"86823301";"27075";"14";"3";"2";"2";"6";"0";"1";"1";"1";"0"
"27076";"86823301";"27076";"14";"1";"1";"7";"6";"0";"1";"1";"1";"0"
"27078";"86823301";"27078";"14";"1";"3";"1";"6";"0";"1";"1";"1";"0"
"27079";"86823301";"27079";"14";"3";"3";"2";"6";"0";"1";"2";"1";"0"
"27083";"86823301";"27083";"14";"3";"1";"7";"6";"0";"2";"2";"1";"0"
"27084";"86823301";"27084";"14";"1";"1";"7";"6";"0";"1";"1";"1";"0"
"27085";"86823301";"27085";"14";"1";"1";"7";"3";"0";"1";"1";"1";"0"
"27145";"86823406";"27145";"14";"3";"3";"2";"4";"0";"1";"1";"1";"0"
"27148";"86823406";"27148";"14";"1";"1";"7";"6";"0";"1";"1";"1";"0"
"27171";"86823503";"27171";"14";"1";"1";"7";"4";"0";"1";"1";"1";"0"
"27205";"86824102";"27205";"14";"1";"1";"7";"6";"0";"3";"1";"1";"0"
"27206";"86824102";"27206";"14";"1";"1";"7";"6";"0";"1";"1";"1";"0"
"27230";"86824301";"27230";"14";"3";"1";"7";"4";"0";"2";"1";"1";"0"
"27231";"86824301";"27231";"14";"1";"1";"7";"6";"0";"1";"2";"1";"0"
"27232";"86824301";"27232";"14";"1";"1";"7";"6";"0";"2";"3";"1";"0"
"27233";"86824301";"27233";"14";"3";"1";"1";"6";"0";"2";"1";"1";"0"
"27367";"86825404";"27367";"14";"1";"1";"7";"6";"0";"2";"1";"1";"0"
"27396";"86826103";"27396";"14";"3";"3";"5";"6";"0";"1";"2";"1";"0"
"27445";"86826402";"27445";"14";"1";"1";"7";"6";"0";"1";"1";"1";"0"
"27446";"86826402";"27446";"14";"1";"1";"7";"6";"0";"1";"3";"1";"0"
"27447";"86826402";"27447";"14";"1";"1";"7";"6";"0";"1";"0";"1";"0"
"27448";"86826403";"27448";"14";"1";"1";"7";"4";"0";"1";"1";"1";"0"
"27449";"86826403";"27449";"14";"1";"1";"7";"6";"0";"1";"2";"1";"0"
"27461";"86827301";"21027";"14";"1";"1";"7";"6";"0";"1";"1";"1";"0"
"27466";"86827304";"27466";"14";"1";"1";"7";"6";"0";"1";"8";"1";"0"
"27467";"86827304";"27467";"14";"3";"1";"7";"6";"0";"2";"2";"1";"0"
"27468";"86827305";"27468";"14";"1";"1";"7";"6";"0";"1";"1";"1";"0"
"27469";"86827306";"27469";"14";"1";"2";"2";"3";"1";"0";"0";"2";"0"
"27470";"86827306";"27470";"14";"1";"1";"7";"6";"0";"1";"1";"1";"0"
"27471";"86827306";"27471";"14";"3";"1";"7";"6";"1";"1";"0";"2";"0"
"27472";"86827306";"27472";"14";"3";"1";"7";"6";"0";"1";"1";"1";"0"
"27473";"86827306";"27473";"14";"1";"1";"7";"6";"0";"1";"1";"1";"0"
"27542";"86831401";"27542";"14";"3";"1";"7";"6";"1";"0";"2";"2";"0"
"27545";"86831503";"27545";"14";"1";"1";"7";"6";"0";"2";"1";"1";"0"
"27546";"86831503";"87";"14";"2";"1";"7";"6";"0";"1";"1";"1";"0"
"27547";"86831503";"27547";"14";"1";"1";"7";"6";"0";"1";"2";"1";"0"
"27549";"86831503";"27549";"14";"3";"1";"7";"6";"0";"1";"1";"1";"0"
"27550";"86831503";"27550";"14";"1";"1";"7";"6";"0";"2";"1";"1";"0"
"27551";"86831503";"27551";"14";"3";"1";"7";"6";"0";"1";"1";"1";"0"
"27552";"86831503";"27552";"14";"3";"1";"7";"4";"0";"1";"1";"1";"0"
"27553";"86831503";"27553";"14";"1";"1";"7";"4";"0";"1";"1";"1";"0"
"27554";"86831503";"27554";"14";"1";"1";"1";"6";"0";"2";"0";"1";"0"
"27566";"86831504";"27566";"14";"1";"3";"1";"6";"0";"1";"2";"1";"0"
"27567";"86831506";"27567";"14";"1";"3";"1";"6";"0";"2";"2";"1";"0"
"27568";"86831506";"27568";"14";"3";"1";"7";"6";"0";"1";"2";"1";"0"
"27570";"86831506";"27570";"14";"1";"3";"2";"6";"0";"3";"2";"1";"0"
"27575";"86831507";"27575";"14";"1";"1";"7";"6";"0";"1";"1";"1";"0"
"27576";"86831507";"27576";"14";"1";"1";"7";"6";"0";"2";"0";"1";"0"
"27577";"86831507";"27577";"14";"1";"1";"7";"6";"0";"1";"1";"1";"0"
"27578";"86831507";"27578";"14";"1";"1";"7";"6";"0";"1";"1";"1";"0"
"27579";"86831507";"27579";"14";"1";"1";"7";"6";"0";"1";"1";"1";"0"
"27580";"86831507";"27580";"14";"1";"1";"7";"6";"0";"1";"1";"1";"0"
"27581";"86831507";"27581";"14";"1";"1";"7";"4";"0";"1";"1";"1";"0"
"27582";"86831507";"27582";"14";"1";"1";"7";"6";"0";"1";"2";"1";"0"
"27583";"86831507";"27583";"14";"1";"1";"7";"6";"0";"3";"0";"1";"0"
"27584";"86831507";"27584";"14";"1";"1";"7";"6";"0";"4";"0";"1";"0"
"27585";"86831507";"27585";"14";"1";"1";"7";"6";"0";"3";"0";"1";"0"
"27587";"86832101";"27587";"14";"3";"1";"7";"6";"0";"1";"1";"1";"0"
"27588";"86832101";"27588";"14";"3";"1";"7";"6";"0";"1";"1";"1";"0"
"27617";"86832306";"27617";"14";"1";"1";"7";"3";"0";"1";"1";"1";"0"
"27638";"86832503";"27638";"14";"1";"1";"7";"6";"0";"1";"1";"1";"0"
"27639";"86832503";"20717";"14";"1";"1";"7";"6";"0";"1";"1";"1";"0"
"27643";"86833103";"27643";"14";"1";"1";"7";"4";"1";"0";"1";"2";"0"
"27644";"86833103";"27644";"14";"1";"1";"7";"6";"0";"1";"1";"1";"0"
"27645";"86833103";"27645";"14";"1";"1";"7";"6";"0";"1";"2";"1";"0"
"27646";"86833103";"27646";"14";"1";"1";"7";"6";"0";"1";"3";"1";"0"
"27647";"86833103";"27647";"14";"1";"1";"7";"6";"0";"1";"2";"1";"0"
"27648";"86833103";"27648";"14";"1";"1";"7";"6";"0";"1";"1";"1";"0"
"27649";"86833103";"27649";"14";"3";"3";"2";"8";"0";"1";"1";"1";"0"
"27650";"86833103";"27650";"14";"3";"1";"7";"6";"0";"1";"1";"1";"0"
"27680";"86833206";"27680";"14";"1";"2";"2";"6";"0";"1";"1";"1";"0"
"27684";"86833305";"27684";"14";"1";"1";"7";"6";"0";"1";"2";"1";"0"
"27685";"86833305";"27685";"14";"1";"1";"7";"3";"0";"1";"1";"1";"0"
"27686";"86833305";"27686";"14";"3";"1";"7";"6";"0";"2";"2";"1";"0"
"27690";"86833308";"27690";"14";"1";"1";"7";"6";"0";"1";"1";"1";"0"
"27691";"86833401";"27691";"14";"1";"1";"1";"6";"0";"1";"1";"1";"0"
"27692";"86833401";"27692";"14";"3";"1";"7";"6";"0";"1";"1";"1";"0"
"27693";"86833401";"27693";"14";"3";"1";"7";"6";"0";"2";"0";"1";"0"
"27694";"86833401";"27694";"14";"1";"1";"7";"6";"0";"1";"1";"1";"0"
"27695";"86833401";"27695";"14";"1";"1";"7";"6";"0";"2";"2";"1";"0"
"27696";"86833401";"27696";"14";"3";"1";"7";"6";"0";"1";"1";"1";"0"
"27700";"86833402";"27700";"14";"3";"1";"7";"6";"0";"1";"1";"1";"0"
"27738";"86833503";"27738";"14";"1";"1";"7";"4";"0";"1";"1";"1";"0"
"27745";"86834102";"27745";"14";"1";"1";"7";"6";"0";"1";"1";"1";"0"
"27747";"86834102";"27747";"14";"1";"1";"7";"6";"0";"1";"1";"1";"0"
"27849";"86835101";"27849";"14";"1";"1";"7";"6";"0";"4";"0";"1";"0"
"27889";"86835502";"27889";"14";"1";"3";"2";"4";"0";"1";"1";"1";"0"
"27891";"86835502";"27891";"14";"1";"1";"7";"4";"0";"1";"1";"1";"0"
"27973";"86841422";"27973";"14";"1";"3";"1";"3";"0";"1";"1";"1";"0"
"27975";"86841422";"27975";"14";"1";"2";"1";"6";"0";"1";"1";"1";"0"
"27976";"86841422";"27976";"14";"1";"1";"7";"6";"0";"1";"2";"1";"0"
"27977";"86841422";"27977";"14";"3";"1";"7";"6";"0";"2";"2";"1";"0"
"27978";"86841422";"27978";"14";"1";"1";"5";"6";"0";"1";"1";"1";"0"
"27979";"86841422";"27979";"14";"1";"1";"7";"6";"0";"3";"1";"1";"0"
"28000";"86842310";"28000";"14";"1";"1";"7";"6";"0";"1";"3";"1";"0"
"28001";"86842310";"28001";"14";"1";"1";"7";"6";"0";"1";"1";"1";"0"
"28002";"86842310";"28002";"14";"1";"1";"7";"6";"0";"1";"1";"1";"0"
"28003";"86842310";"28003";"14";"1";"1";"7";"6";"0";"2";"3";"1";"0"
"28004";"86842310";"28004";"14";"1";"1";"7";"6";"0";"1";"2";"1";"0"
"28012";"86842508";"28012";"14";"1";"1";"7";"6";"0";"2";"0";"1";"0"
"28013";"86842518";"28013";"14";"1";"1";"7";"5";"0";"1";"1";"1";"0"
"28043";"86843502";"28043";"14";"1";"3";"1";"6";"0";"1";"1";"1";"0"
"28069";"86844103";"28069";"14";"1";"3";"2";"6";"0";"1";"1";"1";"0"
"28070";"86844103";"28070";"14";"1";"3";"1";"6";"0";"2";"0";"1";"0"
"28071";"86844103";"28071";"14";"1";"1";"7";"6";"1";"0";"1";"2";"0"