"accident_id";"lieu_id";"date_id";"cause_id";"lum_id";"intemp_id";"etat_surface_id";"impliq_id";"nb_blesses_graves";"nb_blesses_legers";"nb_indemnes";"gravite";"nb_morts"
"28072";"86844103";"28072";"14";"1";"1";"7";"6";"0";"1";"1";"1";"0"
"28074";"86844103";"28074";"14";"1";"1";"7";"5";"0";"1";"1";"1";"0"
"28086";"86844406";"28086";"14";"1";"1";"7";"6";"0";"4";"2";"1";"0"
"28125";"86844417";"28125";"14";"1";"1";"7";"6";"1";"0";"0";"2";"0"
"28126";"86844417";"28126";"14";"1";"1";"7";"6";"0";"1";"1";"1";"0"
"28128";"86844417";"28128";"14";"1";"1";"7";"8";"0";"7";"0";"1";"0"
"28155";"86845301";"28155";"14";"1";"3";"1";"6";"0";"3";"4";"1";"0"
"28156";"86845301";"28156";"14";"1";"1";"7";"6";"0";"1";"1";"1";"0"
"28186";"86847205";"28186";"14";"2";"1";"7";"6";"0";"1";"1";"1";"0"
"28207";"86851109";"28207";"14";"1";"1";"7";"4";"0";"1";"1";"1";"0"
"28208";"86851109";"28208";"14";"1";"1";"7";"6";"0";"1";"1";"1";"0"
"28209";"86851109";"28209";"14";"1";"1";"7";"6";"0";"1";"1";"1";"0"
"28224";"86851307";"28224";"14";"3";"3";"1";"6";"0";"1";"0";"1";"0"
"28227";"86851307";"28227";"14";"3";"1";"7";"6";"0";"2";"2";"1";"0"
"28235";"86852204";"28235";"14";"1";"1";"7";"6";"0";"2";"0";"1";"0"
"28236";"86852204";"28236";"14";"1";"1";"1";"6";"0";"2";"1";"1";"0"
"28237";"86852204";"28237";"14";"1";"3";"1";"6";"0";"1";"1";"1";"0"
"28238";"86852204";"28238";"14";"1";"1";"7";"6";"0";"1";"2";"1";"0"
"28249";"86853106";"28249";"14";"3";"2";"1";"6";"0";"4";"1";"1";"0"
"28270";"86855201";"28270";"14";"1";"1";"7";"6";"0";"2";"0";"1";"0"
"28271";"86855201";"28271";"14";"1";"1";"7";"7";"1";"0";"1";"3";"0"
"28272";"86855201";"28272";"14";"1";"1";"7";"6";"0";"1";"1";"1";"0"
"28273";"86855201";"28273";"14";"3";"3";"1";"6";"0";"2";"0";"1";"0"
"28274";"86855201";"28274";"14";"1";"1";"7";"6";"1";"0";"0";"2";"0"
"28275";"86855201";"28275";"14";"1";"2";"1";"6";"0";"2";"0";"1";"0"
"28276";"86855201";"28276";"14";"1";"1";"7";"6";"0";"1";"1";"1";"0"
"28277";"86855201";"28277";"14";"3";"1";"7";"6";"0";"6";"1";"1";"0"
"28278";"86855201";"28278";"14";"1";"1";"7";"6";"0";"1";"2";"1";"0"
"28279";"86855201";"28279";"14";"1";"1";"7";"6";"0";"1";"2";"1";"0"
"28280";"86855201";"28280";"14";"1";"1";"7";"6";"0";"3";"4";"1";"0"
"28281";"86855201";"28281";"14";"1";"3";"1";"3";"0";"1";"1";"1";"0"
"28282";"86855201";"28282";"14";"1";"1";"7";"6";"0";"2";"0";"1";"0"
"28283";"86855201";"28283";"14";"1";"1";"7";"6";"0";"1";"1";"1";"0"
"28285";"86855502";"28285";"14";"1";"1";"2";"4";"0";"1";"1";"1";"0"
"28288";"86855502";"28288";"14";"1";"1";"1";"6";"0";"1";"1";"1";"0"
"28290";"86855502";"28290";"14";"1";"1";"7";"4";"0";"1";"1";"1";"0"
"28293";"86856301";"28293";"14";"1";"1";"7";"6";"0";"1";"3";"1";"0"
"28296";"86856403";"28296";"14";"1";"1";"7";"6";"0";"2";"1";"1";"0"
"28322";"86857401";"28322";"14";"1";"1";"7";"6";"1";"0";"1";"2";"0"
"28326";"86861304";"28326";"14";"1";"1";"7";"6";"0";"1";"1";"1";"0"
"28340";"86862204";"28340";"14";"1";"1";"7";"5";"0";"1";"1";"1";"0"
"28387";"86863401";"21546";"14";"3";"1";"7";"6";"0";"1";"1";"1";"0"
"28389";"86863401";"28389";"14";"3";"3";"2";"6";"0";"6";"0";"1";"0"
"28414";"86865303";"28414";"14";"1";"1";"7";"6";"0";"1";"1";"1";"0"
"28417";"86865310";"28417";"14";"3";"1";"7";"5";"1";"0";"3";"2";"0"
"28455";"86871503";"3432";"14";"1";"1";"1";"6";"0";"1";"1";"1";"0"
"28456";"86871503";"28456";"14";"1";"2";"1";"6";"1";"0";"1";"2";"0"
"28478";"86872303";"28478";"14";"1";"1";"1";"6";"0";"1";"1";"1";"0"
"28488";"86872508";"28488";"14";"5";"3";"1";"6";"1";"0";"1";"2";"0"
"28514";"86874203";"28514";"14";"1";"2";"2";"3";"0";"1";"1";"1";"0"
"28516";"86874203";"28516";"14";"1";"3";"1";"6";"0";"1";"1";"1";"0"
"28517";"86874301";"28517";"14";"1";"1";"7";"6";"0";"1";"0";"1";"0"
"28528";"86875403";"28528";"14";"1";"1";"7";"3";"1";"0";"1";"2";"0"
"28554";"86881112";"28554";"14";"1";"1";"7";"6";"0";"1";"1";"1";"0"
"28555";"86881114";"28555";"14";"1";"6";"1";"6";"0";"1";"1";"1";"0"
"28558";"86881312";"28558";"14";"1";"1";"7";"5";"0";"2";"2";"1";"0"
"28559";"86881312";"28559";"14";"3";"1";"7";"6";"0";"1";"1";"1";"0"
"28560";"86881312";"28560";"14";"1";"1";"7";"4";"0";"1";"1";"1";"0"
"28563";"86881401";"28563";"14";"3";"3";"1";"6";"0";"1";"1";"1";"0"
"28566";"86881501";"28566";"14";"1";"1";"7";"6";"0";"2";"0";"1";"0"
"28567";"86881501";"28567";"14";"1";"1";"7";"6";"0";"1";"1";"1";"0"
"28571";"86882310";"28571";"14";"1";"3";"1";"6";"0";"1";"1";"1";"0"
"28577";"86883120";"23181";"14";"1";"1";"1";"6";"0";"1";"1";"1";"0"
"28583";"86883301";"28583";"14";"1";"1";"7";"4";"0";"1";"1";"1";"0"
"28586";"86884101";"28586";"14";"1";"1";"7";"3";"1";"0";"1";"2";"0"
"28624";"87792503";"28624";"14";"1";"1";"7";"6";"0";"1";"0";"1";"0"
"28626";"87792503";"28626";"14";"1";"1";"7";"4";"1";"0";"1";"2";"0"
"28627";"87792503";"28627";"14";"1";"1";"7";"6";"0";"1";"1";"1";"0"
"28628";"87792503";"28628";"14";"1";"1";"7";"6";"1";"0";"1";"2";"0"
"28649";"87796501";"28649";"14";"1";"1";"7";"6";"0";"1";"1";"1";"0"
"28650";"87796501";"28650";"14";"1";"3";"1";"6";"0";"2";"2";"1";"0"
"28651";"87797403";"28651";"14";"1";"1";"7";"3";"0";"1";"1";"1";"0"
"28652";"87797410";"28652";"14";"1";"1";"7";"6";"1";"0";"1";"2";"0"
"28675";"87802106";"28675";"14";"1";"1";"7";"4";"2";"0";"0";"2";"0"
"28679";"87802205";"28679";"14";"3";"1";"7";"6";"0";"1";"1";"1";"0"
"28721";"87802509";"28721";"14";"1";"1";"7";"6";"0";"1";"3";"1";"0"
"28726";"87803120";"28726";"14";"3";"1";"7";"3";"0";"1";"1";"1";"0"
"28728";"87803205";"28728";"14";"1";"1";"7";"6";"0";"1";"2";"1";"0"
"28759";"87804106";"28759";"14";"3";"2";"1";"6";"0";"2";"0";"1";"0"
"28760";"87804106";"28760";"14";"1";"1";"7";"6";"0";"1";"1";"1";"0"
"28762";"87804120";"28762";"14";"1";"1";"1";"6";"0";"1";"1";"1";"0"
"28800";"87806205";"28800";"14";"1";"1";"7";"4";"0";"0";"1";"3";"0"
"28801";"87806205";"28801";"14";"1";"1";"7";"6";"0";"1";"1";"1";"0"
"28836";"87811201";"28836";"14";"3";"1";"7";"6";"0";"1";"1";"1";"0"
"28881";"87811202";"28881";"14";"3";"1";"2";"6";"0";"2";"4";"1";"0"
"28987";"87813104";"28987";"14";"1";"3";"1";"6";"0";"1";"1";"1";"0"
"28991";"87813205";"28991";"14";"3";"3";"1";"6";"0";"1";"1";"1";"0"
"29056";"87814101";"29056";"14";"1";"1";"7";"4";"0";"1";"1";"1";"0"
"29057";"87814103";"29057";"14";"1";"2";"2";"4";"0";"1";"1";"1";"0"
"29061";"87814305";"21131";"14";"1";"1";"7";"6";"0";"1";"2";"1";"0"
"29062";"87814305";"29062";"14";"2";"1";"7";"6";"0";"3";"5";"1";"0"
"29063";"87814305";"29063";"14";"3";"1";"1";"6";"0";"4";"0";"1";"0"
"29064";"87814305";"29064";"14";"1";"3";"2";"6";"0";"4";"1";"1";"0"
"29065";"87814305";"29065";"14";"1";"3";"2";"6";"0";"1";"1";"3";"0"
"29066";"87814305";"29066";"14";"3";"1";"2";"6";"0";"2";"1";"1";"0"
"29067";"87814305";"29067";"14";"1";"1";"7";"3";"0";"1";"1";"1";"0"
"29068";"87814305";"29068";"14";"1";"1";"7";"6";"0";"1";"0";"1";"0"
"29069";"87814305";"29069";"14";"1";"1";"7";"6";"1";"0";"1";"2";"0"
"29070";"87814305";"29070";"14";"1";"1";"7";"6";"0";"3";"2";"1";"0"
"29071";"87814305";"29071";"14";"2";"1";"7";"6";"0";"2";"2";"1";"0"
"29079";"87815401";"29079";"14";"1";"1";"7";"4";"0";"1";"0";"1";"0"
"29100";"87821202";"29100";"14";"1";"1";"7";"5";"0";"1";"1";"1";"0"
"29106";"87821303";"29106";"14";"3";"1";"7";"6";"0";"2";"1";"1";"0"
"29112";"87821303";"29112";"14";"1";"3";"1";"6";"0";"3";"3";"1";"0"
"29165";"87822301";"29165";"14";"1";"1";"7";"6";"0";"3";"0";"1";"0"
"29168";"87822401";"29168";"14";"1";"1";"7";"6";"0";"1";"1";"1";"0"
"29169";"87822401";"29169";"14";"1";"1";"7";"6";"0";"1";"1";"1";"0"
"29170";"87822401";"29170";"14";"3";"1";"7";"6";"0";"1";"2";"1";"0"
"29171";"87822401";"29171";"14";"3";"1";"7";"6";"0";"1";"1";"1";"0"
"29172";"87822401";"29172";"14";"1";"1";"7";"6";"0";"1";"2";"1";"0"
"29174";"87822404";"29174";"14";"1";"1";"1";"6";"0";"1";"1";"1";"0"
"29175";"87822404";"29175";"14";"1";"1";"7";"6";"0";"1";"1";"1";"0"
"29176";"87822404";"29176";"14";"1";"1";"7";"6";"0";"1";"1";"1";"0"
"29178";"87822404";"29178";"14";"1";"1";"7";"6";"0";"1";"1";"1";"0"
"29179";"87822404";"29179";"14";"2";"1";"7";"6";"0";"2";"1";"1";"0"
"29181";"87822404";"29181";"14";"1";"1";"7";"6";"0";"2";"1";"1";"0"
"29184";"87822404";"29184";"14";"1";"1";"7";"6";"0";"1";"2";"1";"0"
"29185";"87822404";"29185";"14";"1";"1";"7";"6";"0";"1";"1";"1";"0"
"29186";"87822404";"29186";"14";"1";"3";"1";"4";"0";"1";"1";"1";"0"
"29187";"87822404";"29187";"14";"1";"1";"1";"6";"0";"1";"1";"1";"0"
"29201";"87823101";"29201";"14";"3";"1";"7";"6";"1";"0";"1";"2";"0"
"29213";"87824403";"29213";"14";"3";"1";"7";"6";"0";"1";"3";"1";"0"
"29218";"87824511";"29218";"14";"3";"3";"1";"6";"0";"1";"1";"1";"0"
"29223";"87825405";"29223";"14";"2";"1";"7";"6";"0";"1";"2";"1";"0"
"29224";"87825405";"29224";"14";"1";"1";"7";"6";"0";"1";"1";"1";"0"
"29226";"87825405";"29226";"14";"2";"1";"1";"6";"0";"1";"1";"1";"0"
"29227";"87825405";"29227";"14";"1";"1";"7";"6";"0";"2";"0";"1";"0"
"29228";"87825405";"29228";"14";"1";"1";"1";"6";"0";"1";"1";"1";"0"
"29229";"87825405";"29229";"14";"1";"1";"7";"6";"0";"1";"1";"1";"0"
"29230";"87825405";"29230";"14";"1";"1";"7";"6";"0";"1";"1";"1";"0"
"29231";"87825405";"29231";"14";"1";"1";"7";"6";"0";"2";"1";"1";"0"
"29232";"87826101";"29232";"14";"1";"3";"1";"6";"0";"1";"2";"1";"0"
"29233";"87826101";"29233";"14";"1";"2";"2";"6";"0";"2";"4";"1";"0"
"29234";"87826101";"29234";"14";"1";"1";"7";"6";"0";"1";"2";"1";"0"
"29235";"87826101";"29235";"14";"1";"1";"7";"6";"0";"2";"1";"1";"0"
"29237";"87826101";"29237";"14";"3";"6";"1";"6";"0";"1";"1";"1";"0"
"29267";"87827303";"29267";"14";"2";"1";"4";"6";"0";"6";"0";"1";"0"
"29283";"87832501";"29283";"14";"1";"1";"7";"3";"1";"0";"0";"2";"0"
"29290";"87833317";"29290";"14";"3";"1";"7";"6";"0";"1";"1";"1";"0"
"29308";"87834302";"29308";"14";"1";"1";"7";"6";"0";"1";"0";"1";"0"
"29309";"87834302";"29309";"14";"1";"1";"7";"6";"0";"1";"2";"1";"0"
"29310";"87834302";"29310";"14";"2";"3";"1";"3";"0";"1";"1";"1";"0"
"29311";"87834302";"29311";"14";"1";"1";"7";"6";"0";"4";"0";"1";"0"
"29312";"87834302";"29312";"14";"1";"1";"7";"6";"0";"1";"0";"1";"0"
"29313";"87834302";"29313";"14";"1";"3";"1";"6";"0";"1";"3";"1";"0"
"29314";"87834302";"29314";"14";"1";"1";"7";"4";"0";"1";"1";"1";"0"
"29315";"87834302";"29315";"14";"1";"1";"7";"6";"0";"1";"1";"1";"0"
"29319";"87834305";"29319";"14";"1";"1";"7";"6";"0";"1";"1";"1";"0"
"29320";"87834305";"29320";"14";"1";"1";"7";"6";"0";"1";"1";"1";"0"
"29322";"87834307";"29322";"14";"1";"1";"7";"6";"0";"1";"1";"1";"0"
"29347";"87835217";"29347";"14";"1";"1";"7";"6";"0";"1";"1";"1";"0"
"29348";"87835217";"29348";"14";"1";"1";"7";"6";"0";"1";"1";"1";"0"
"29361";"87836409";"29361";"14";"1";"1";"7";"6";"0";"1";"1";"1";"0"
"29363";"87836411";"29363";"14";"1";"1";"7";"6";"0";"1";"1";"1";"0"
"29365";"87836411";"29365";"14";"1";"1";"7";"6";"0";"1";"1";"1";"0"
"29366";"87836411";"29366";"14";"1";"1";"1";"6";"0";"1";"2";"1";"0"
"29375";"87837203";"29375";"14";"1";"1";"1";"6";"0";"1";"1";"1";"0"
"29395";"87841104";"29395";"14";"1";"1";"7";"6";"0";"3";"0";"1";"0"
"29408";"87841503";"29408";"14";"1";"1";"1";"6";"1";"1";"0";"2";"0"
"29409";"87841503";"29409";"14";"1";"3";"1";"6";"0";"1";"0";"1";"0"
"29410";"87841503";"29410";"14";"1";"1";"7";"6";"0";"1";"1";"1";"0"
"29411";"87841503";"29411";"14";"1";"1";"7";"6";"1";"0";"1";"2";"0"
"29413";"87841503";"29413";"14";"1";"1";"7";"5";"0";"2";"1";"1";"0"
"29414";"87841503";"29414";"14";"3";"3";"1";"6";"0";"2";"1";"1";"0"
"29415";"87841503";"29415";"14";"1";"3";"1";"6";"0";"3";"0";"1";"0"
"29419";"87842304";"29419";"14";"1";"1";"7";"6";"0";"1";"1";"1";"0"
"29422";"87842313";"29422";"14";"1";"1";"1";"6";"0";"1";"1";"1";"0"
"29424";"87842401";"29424";"14";"1";"1";"7";"6";"0";"1";"1";"1";"0"
"29427";"87843210";"29427";"14";"3";"3";"1";"6";"0";"1";"2";"1";"0"
"29428";"87843307";"9055";"14";"2";"1";"7";"6";"1";"0";"1";"2";"0"
"29429";"87843308";"29429";"14";"1";"1";"7";"4";"0";"1";"0";"1";"0"
"29432";"87843501";"29432";"14";"1";"1";"7";"6";"1";"0";"1";"2";"0"
"29435";"87844203";"29435";"14";"1";"1";"7";"6";"0";"1";"1";"1";"0"
"29438";"87844307";"29438";"14";"1";"1";"7";"8";"0";"1";"1";"1";"0"
"29439";"87844307";"29439";"14";"2";"1";"7";"6";"0";"1";"1";"1";"0"
"29440";"87844307";"29440";"14";"1";"1";"7";"6";"0";"2";"0";"1";"0"
"29441";"87844307";"29441";"14";"1";"1";"7";"6";"0";"1";"1";"1";"0"
"29442";"87844307";"29442";"14";"1";"1";"7";"6";"1";"0";"1";"2";"0"
"29443";"87844307";"29443";"14";"1";"1";"7";"6";"0";"1";"1";"1";"0"
"29444";"87844307";"29444";"14";"3";"2";"1";"6";"0";"2";"1";"1";"0"
"29446";"87844501";"29446";"14";"1";"1";"7";"4";"0";"1";"1";"1";"0"
"29453";"87845206";"29453";"14";"1";"1";"7";"3";"0";"1";"1";"1";"0"
"29458";"87846101";"29458";"14";"3";"1";"7";"5";"1";"0";"0";"3";"0"
"29472";"87847104";"29472";"14";"1";"1";"7";"4";"1";"0";"1";"2";"0"
"29473";"87847104";"29473";"14";"1";"1";"7";"6";"0";"1";"1";"1";"0"
"29491";"87847108";"29491";"14";"3";"1";"1";"6";"0";"3";"0";"1";"0"
"29492";"87847108";"29492";"14";"1";"1";"7";"6";"0";"1";"0";"1";"0"
"29502";"87852304";"29502";"14";"1";"1";"7";"6";"0";"1";"1";"1";"0"
"29580";"88807503";"29580";"14";"1";"1";"7";"6";"0";"1";"1";"1";"0"
"29659";"88841108";"29659";"14";"1";"1";"7";"4";"0";"1";"1";"1";"0"
"29679";"88842303";"29679";"14";"1";"1";"7";"3";"0";"1";"1";"1";"0"
"29715";"88844216";"29715";"14";"1";"1";"7";"4";"0";"1";"1";"1";"0"
"29747";"89762507";"29518";"14";"1";"1";"7";"6";"1";"0";"1";"2";"0"
"29751";"89811411";"29751";"14";"1";"1";"7";"3";"0";"1";"1";"1";"0"
"29758";"89812406";"29758";"14";"1";"1";"7";"6";"0";"1";"1";"1";"0"
"29767";"89814307";"29767";"14";"1";"7";"7";"3";"0";"1";"1";"1";"0"
"29773";"89815504";"29773";"14";"1";"1";"7";"6";"0";"3";"1";"1";"0"
"29774";"89816509";"29774";"14";"3";"1";"7";"6";"0";"1";"1";"1";"0"
"29775";"89816509";"29775";"14";"1";"1";"7";"6";"0";"1";"1";"1";"0"
"29779";"89817403";"29779";"14";"1";"1";"7";"6";"0";"1";"1";"1";"0"
"29780";"89817403";"29780";"14";"1";"1";"7";"6";"0";"2";"0";"1";"0"
"29781";"89817403";"29781";"14";"2";"1";"7";"4";"0";"1";"1";"1";"0"
"29782";"89817505";"29782";"14";"1";"1";"7";"6";"0";"1";"1";"1";"0"
"29798";"89827106";"29798";"14";"1";"1";"7";"4";"0";"1";"0";"1";"0"
"29801";"89841303";"29801";"14";"1";"1";"7";"3";"0";"1";"1";"1";"0"
"29802";"89841303";"29802";"14";"1";"3";"1";"6";"0";"1";"2";"1";"0"
"29803";"89841405";"29803";"14";"1";"1";"7";"4";"0";"2";"1";"1";"0"
"29807";"89842305";"29807";"14";"1";"1";"7";"3";"0";"1";"1";"1";"0"
"29808";"89843101";"29808";"14";"1";"1";"7";"6";"0";"1";"1";"1";"0"
"29810";"90811502";"29810";"14";"1";"1";"7";"3";"0";"1";"1";"1";"0"
"14407";"77905302";"14407";"14";"1";"1";"7";"6";"0";"1";"1";"1";"0"
"14420";"77917102";"14420";"14";"1";"1";"7";"4";"0";"1";"1";"1";"0"
"14427";"78655503";"14427";"14";"3";"3";"2";"6";"1";"0";"1";"2";"0"
"14428";"78655503";"14428";"14";"1";"1";"7";"3";"1";"0";"1";"2";"0"
"14478";"78674104";"14478";"14";"5";"3";"1";"6";"0";"1";"2";"1";"0"
"14498";"78676407";"14498";"14";"1";"1";"7";"4";"1";"0";"1";"2";"0"
"14500";"78676407";"14500";"14";"1";"1";"7";"6";"1";"0";"2";"2";"0"
"14532";"78704307";"14532";"14";"1";"1";"7";"3";"1";"0";"1";"2";"0"
"14537";"78706205";"14537";"14";"1";"1";"7";"6";"1";"0";"1";"2";"0"
"14601";"78733501";"14601";"14";"1";"1";"7";"6";"0";"2";"1";"1";"0"
"14644";"78741307";"14644";"14";"1";"1";"7";"6";"0";"1";"1";"1";"0"
"14645";"78741404";"14645";"14";"1";"1";"7";"6";"0";"1";"1";"1";"0"
"14717";"78745501";"13788";"14";"1";"1";"7";"6";"0";"1";"1";"1";"0"
"14720";"78746306";"14720";"14";"1";"1";"7";"6";"0";"1";"1";"1";"0"
"14788";"78752102";"14788";"14";"1";"3";"2";"7";"0";"1";"1";"1";"0"
"14789";"78753102";"14789";"14";"1";"1";"3";"7";"0";"2";"1";"1";"0"
"14797";"78755206";"14797";"14";"1";"1";"7";"4";"0";"2";"1";"1";"0"
"14924";"78763513";"14924";"14";"1";"1";"7";"6";"0";"2";"2";"1";"0"
"14928";"78764106";"14928";"14";"1";"1";"2";"6";"0";"1";"1";"1";"0"
"14929";"78764107";"14929";"14";"1";"1";"7";"6";"0";"1";"1";"1";"0"
"14930";"78764107";"14930";"14";"3";"3";"2";"6";"0";"1";"1";"1";"0"
"14932";"78764107";"14932";"14";"1";"1";"7";"6";"1";"0";"1";"2";"0"
"14933";"78764107";"14933";"14";"1";"1";"7";"6";"0";"1";"1";"1";"0"
"14937";"78764110";"14937";"14";"1";"1";"7";"6";"1";"0";"1";"2";"0"
"14940";"78764201";"14940";"14";"1";"1";"7";"6";"0";"2";"0";"1";"0"
"14956";"78765201";"14956";"14";"1";"1";"7";"3";"0";"1";"1";"1";"0"
"15001";"78766510";"15001";"14";"1";"3";"1";"6";"0";"1";"1";"1";"0"
"15070";"78771303";"15070";"14";"1";"1";"7";"6";"0";"1";"1";"1";"0"
"15071";"78771307";"15071";"14";"1";"1";"1";"6";"1";"0";"1";"2";"0"
"15139";"78774104";"15139";"14";"1";"1";"7";"6";"0";"0";"1";"3";"0"
"15140";"78774104";"15140";"14";"1";"1";"7";"6";"0";"1";"1";"1";"0"
"15144";"78774303";"15144";"14";"1";"1";"7";"6";"0";"1";"1";"1";"0"
"15221";"78777403";"15221";"14";"1";"1";"7";"6";"0";"1";"1";"1";"0"
"15224";"78777510";"15224";"14";"1";"1";"7";"6";"0";"1";"1";"1";"0"
"15241";"78781501";"15241";"14";"3";"1";"7";"6";"0";"2";"0";"1";"0"
"15242";"78781501";"15242";"14";"1";"1";"7";"4";"0";"1";"1";"1";"0"
"15245";"78781505";"15245";"14";"1";"1";"2";"6";"0";"1";"9";"1";"0"
"15249";"78782205";"15249";"14";"1";"1";"7";"6";"0";"1";"1";"1";"0"
"15274";"78782406";"15274";"14";"3";"1";"7";"6";"0";"1";"1";"1";"0"
"15302";"78785203";"15302";"14";"1";"3";"1";"6";"0";"1";"1";"1";"0"
"15308";"78785307";"15308";"14";"1";"1";"7";"6";"1";"0";"1";"2";"0"
"15309";"78785414";"15309";"14";"1";"1";"7";"4";"0";"1";"1";"1";"0"
"15310";"78785414";"15310";"14";"1";"6";"2";"6";"0";"1";"1";"1";"0"
"15311";"78785416";"15311";"14";"1";"1";"7";"6";"0";"1";"1";"1";"0"
"15318";"78787104";"15318";"14";"1";"1";"7";"6";"0";"1";"2";"1";"0"
"15325";"78787206";"15325";"14";"1";"1";"7";"4";"0";"1";"1";"1";"0"
"15326";"78787206";"15326";"14";"1";"3";"1";"4";"0";"1";"1";"1";"0"
"15327";"78787303";"15327";"14";"1";"1";"7";"6";"0";"1";"2";"1";"0"
"15328";"78787404";"15328";"14";"3";"1";"7";"6";"0";"1";"2";"1";"0"
"15351";"78797110";"15351";"14";"1";"1";"1";"6";"0";"1";"1";"1";"0"
"15359";"78797305";"15359";"14";"1";"3";"1";"6";"0";"2";"0";"1";"0"
"15370";"78832104";"15370";"14";"1";"1";"7";"6";"0";"1";"1";"1";"0"
"15371";"78832104";"15371";"14";"3";"3";"2";"6";"0";"1";"1";"1";"0"
"15372";"78832104";"15372";"14";"1";"1";"7";"6";"0";"1";"1";"1";"0"
"15391";"78886404";"15391";"14";"1";"1";"7";"6";"0";"2";"0";"1";"0"
"15392";"78886404";"15392";"14";"1";"1";"1";"6";"0";"1";"1";"1";"0"
"15393";"78893403";"15393";"14";"1";"1";"7";"9";"0";"2";"2";"1";"0"
"15394";"78901111";"15394";"14";"1";"1";"7";"6";"0";"1";"1";"1";"0"
"15403";"79664303";"15403";"14";"1";"1";"7";"4";"0";"1";"1";"1";"0"
"15441";"79695502";"15441";"14";"1";"1";"7";"6";"0";"1";"1";"1";"0"
"15442";"79695502";"15442";"14";"1";"1";"7";"6";"0";"1";"1";"1";"0"
"15443";"79695502";"15443";"14";"1";"1";"7";"7";"0";"1";"1";"1";"0"
"15449";"79697307";"15449";"14";"1";"1";"7";"6";"1";"1";"2";"2";"0"
"15450";"79697307";"15450";"14";"1";"2";"2";"3";"0";"1";"1";"1";"0"
"15451";"79697308";"15451";"14";"2";"1";"7";"4";"1";"0";"1";"2";"0"
"15453";"79702505";"15453";"14";"1";"1";"7";"6";"0";"1";"1";"1";"0"
"15454";"79703302";"15454";"14";"1";"1";"7";"6";"0";"1";"1";"1";"0"
"15456";"79703502";"15456";"14";"3";"1";"7";"6";"0";"1";"1";"1";"0"
"15471";"79712108";"15471";"14";"1";"1";"7";"6";"1";"0";"1";"2";"0"
"15543";"79721407";"15543";"14";"1";"1";"2";"6";"0";"1";"1";"1";"0"
"15551";"79725503";"15551";"14";"1";"1";"7";"6";"0";"5";"1";"1";"0"
"15553";"79725503";"15553";"14";"2";"1";"7";"6";"0";"2";"0";"1";"0"
"15557";"79725503";"15557";"14";"3";"3";"1";"6";"0";"2";"0";"1";"0"
"15558";"79725503";"15558";"14";"3";"1";"2";"3";"0";"1";"1";"1";"0"
"15559";"79725503";"15559";"14";"1";"1";"7";"6";"1";"1";"1";"2";"0"
"15568";"79726302";"15568";"14";"1";"1";"7";"6";"0";"1";"0";"1";"0"
"15591";"79726403";"15591";"14";"1";"1";"7";"6";"0";"0";"1";"0";"0"
"15592";"79726403";"15592";"14";"1";"1";"7";"3";"0";"1";"1";"1";"0"
"15595";"79726502";"15595";"14";"3";"3";"2";"6";"0";"1";"1";"1";"0"
"15614";"79731301";"15614";"14";"1";"1";"7";"6";"0";"1";"2";"1";"0"
"15615";"79731301";"15615";"14";"3";"1";"7";"6";"0";"5";"0";"1";"0"
"15616";"79731301";"15616";"14";"1";"1";"7";"6";"0";"1";"1";"1";"0"
"15617";"79731301";"15617";"14";"1";"1";"7";"5";"0";"1";"1";"1";"0"
"15618";"79731301";"15618";"14";"1";"1";"7";"6";"0";"1";"1";"1";"0"
"15636";"79732507";"15636";"14";"1";"1";"7";"7";"0";"1";"2";"1";"0"
"15638";"79732507";"15638";"14";"1";"1";"7";"6";"0";"1";"1";"1";"0"
"15714";"79735201";"15714";"14";"1";"1";"7";"6";"0";"1";"1";"1";"0"
"15754";"79737207";"15754";"14";"1";"1";"7";"4";"0";"1";"1";"1";"0"
"15756";"79737403";"15756";"14";"1";"1";"7";"6";"0";"1";"1";"1";"0"
"15762";"79743101";"15762";"14";"1";"1";"7";"6";"0";"2";"2";"1";"0"
"15876";"79745501";"15876";"14";"3";"1";"7";"6";"0";"3";"0";"1";"0"
"15877";"79745501";"15877";"14";"1";"3";"2";"6";"0";"1";"1";"1";"0"
"15878";"79745501";"15878";"14";"1";"1";"2";"6";"0";"1";"4";"1";"0"
"15903";"79746502";"15903";"14";"1";"1";"7";"6";"0";"1";"3";"1";"0"
"16027";"79752204";"16027";"14";"1";"1";"7";"6";"0";"2";"1";"1";"0"
"16028";"79752204";"16028";"14";"1";"1";"7";"6";"0";"1";"1";"1";"0"
"16181";"79753204";"16181";"14";"1";"1";"7";"7";"0";"1";"1";"1";"0"
"16183";"79753204";"16183";"14";"1";"1";"7";"6";"2";"0";"1";"2";"0"
"16184";"79753204";"16184";"14";"1";"1";"7";"6";"0";"1";"2";"1";"0"
"16185";"79753204";"16185";"14";"1";"1";"7";"4";"0";"1";"1";"1";"0"