"accident_id";"lieu_id";"date_id";"cause_id";"lum_id";"intemp_id";"etat_surface_id";"impliq_id";"nb_blesses_graves";"nb_blesses_legers";"nb_indemnes";"gravite";"nb_morts"
"16186";"79753204";"16186";"14";"1";"1";"7";"6";"0";"2";"1";"1";"0"
"16209";"79753502";"16209";"14";"3";"1";"7";"6";"0";"1";"1";"1";"0"
"16216";"79753502";"16216";"14";"1";"1";"7";"6";"0";"2";"1";"1";"0"
"16266";"79754103";"16266";"14";"1";"3";"2";"6";"0";"1";"2";"1";"0"
"16269";"79754103";"16269";"14";"3";"3";"2";"6";"0";"1";"1";"1";"0"
"16285";"79754202";"16285";"14";"1";"1";"7";"6";"0";"3";"0";"1";"0"
"16286";"79754202";"16286";"14";"1";"1";"7";"6";"0";"1";"1";"1";"0"
"16311";"79755105";"16311";"14";"1";"1";"7";"4";"0";"1";"1";"1";"0"
"16327";"79755404";"16327";"14";"1";"1";"7";"6";"0";"1";"1";"1";"0"
"16346";"79755507";"16346";"14";"3";"1";"7";"6";"0";"2";"2";"1";"0"
"16362";"79756307";"16362";"14";"3";"1";"7";"6";"0";"1";"1";"1";"0"
"16363";"79756307";"16363";"14";"3";"3";"2";"6";"0";"1";"1";"1";"0"
"16381";"79756513";"16381";"14";"3";"1";"7";"5";"1";"1";"0";"2";"0"
"16397";"79757204";"16397";"14";"3";"1";"7";"6";"0";"1";"1";"1";"0"
"16427";"79757403";"16427";"14";"1";"1";"7";"4";"0";"1";"1";"1";"0"
"16428";"79757403";"16428";"14";"1";"3";"2";"6";"0";"2";"0";"1";"0"
"16432";"79757503";"16432";"14";"1";"1";"7";"6";"0";"2";"1";"1";"0"
"16443";"79757505";"16443";"14";"3";"2";"1";"6";"0";"4";"0";"1";"0"
"16461";"79761206";"16461";"14";"1";"1";"7";"6";"0";"3";"1";"1";"0"
"16710";"79767106";"16710";"14";"1";"1";"7";"6";"0";"2";"0";"1";"0"
"16711";"79767106";"16711";"14";"3";"1";"7";"6";"0";"1";"1";"1";"0"
"16712";"79767106";"16712";"14";"1";"1";"7";"6";"0";"1";"2";"1";"0"
"16713";"79767106";"16713";"14";"3";"1";"7";"6";"0";"2";"1";"1";"0"
"16714";"79767106";"16714";"14";"3";"3";"2";"6";"0";"1";"2";"1";"0"
"16715";"79767106";"16715";"14";"5";"1";"7";"6";"0";"1";"1";"1";"0"
"16716";"79767106";"16716";"14";"1";"1";"7";"6";"0";"2";"1";"1";"0"
"16717";"79767106";"16717";"14";"3";"1";"1";"6";"0";"1";"2";"1";"0"
"16718";"79767106";"16718";"14";"1";"3";"1";"6";"0";"3";"0";"1";"0"
"16736";"79767209";"16736";"14";"1";"3";"2";"6";"0";"1";"1";"1";"0"
"16764";"79767301";"16764";"14";"3";"1";"7";"6";"0";"2";"1";"1";"0"
"16795";"79767301";"16795";"14";"5";"1";"7";"6";"0";"1";"1";"1";"0"
"16858";"79767305";"16858";"14";"3";"3";"2";"6";"0";"1";"1";"1";"0"
"16868";"79767407";"16868";"14";"1";"1";"7";"6";"0";"1";"1";"1";"0"
"16880";"79771501";"16880";"14";"1";"3";"2";"6";"0";"1";"1";"1";"0"
"16881";"79771501";"16881";"14";"1";"1";"7";"6";"0";"1";"1";"1";"0"
"16882";"79771501";"16882";"14";"1";"1";"7";"6";"0";"1";"2";"1";"0"
"16931";"79776103";"16931";"14";"1";"1";"7";"6";"0";"1";"3";"1";"0"
"16957";"79776404";"16957";"14";"1";"1";"7";"6";"0";"2";"2";"1";"0"
"16960";"79777202";"16960";"14";"3";"1";"7";"6";"0";"1";"2";"1";"0"
"16963";"79777202";"16963";"14";"3";"1";"7";"7";"0";"2";"0";"1";"0"
"16964";"79777203";"16964";"14";"1";"1";"7";"6";"0";"2";"1";"1";"0"
"16978";"79781106";"16978";"14";"3";"1";"7";"6";"0";"1";"1";"1";"0"
"16979";"79781301";"16979";"14";"1";"2";"1";"6";"0";"1";"1";"1";"0"
"16995";"79782203";"16995";"14";"1";"1";"1";"6";"0";"1";"1";"1";"0"
"16996";"79782203";"16996";"14";"1";"1";"1";"6";"0";"2";"0";"1";"0"
"17031";"79786522";"17031";"14";"1";"1";"7";"6";"0";"2";"0";"1";"0"
"17032";"79786522";"17032";"14";"1";"3";"1";"6";"0";"2";"1";"1";"0"
"17047";"79792411";"3667";"14";"1";"1";"7";"6";"0";"2";"0";"1";"0"
"17183";"79833102";"17183";"14";"3";"6";"1";"6";"0";"1";"1";"1";"0"
"17191";"79874201";"17191";"14";"1";"1";"7";"6";"0";"1";"1";"1";"0"
"17195";"79912403";"17195";"14";"1";"3";"1";"6";"0";"1";"0";"1";"0"
"17250";"80691103";"1644";"14";"1";"1";"7";"6";"0";"1";"1";"1";"0"
"17278";"80727111";"17278";"14";"1";"1";"7";"6";"1";"0";"1";"2";"0"
"17279";"80727111";"17279";"14";"1";"1";"7";"6";"1";"0";"1";"2";"0"
"17363";"80736501";"17363";"14";"1";"1";"7";"6";"0";"1";"1";"1";"0"
"17400";"80741105";"17400";"14";"3";"1";"2";"4";"0";"1";"1";"1";"0"
"17404";"80741105";"17404";"14";"1";"1";"7";"6";"0";"1";"1";"1";"0"
"17452";"80742101";"17452";"14";"1";"1";"7";"6";"0";"1";"1";"1";"0"
"17549";"80743302";"17549";"14";"1";"1";"7";"6";"0";"1";"1";"1";"0"
"17573";"80743403";"17573";"14";"1";"1";"7";"4";"0";"1";"1";"1";"0"
"17574";"80743403";"17574";"14";"1";"1";"7";"6";"0";"1";"1";"1";"0"
"17601";"80744402";"17601";"14";"1";"1";"7";"6";"0";"1";"1";"1";"0"
"17602";"80744406";"17602";"14";"3";"2";"2";"6";"0";"1";"1";"1";"0"
"17603";"80744406";"17603";"14";"1";"1";"7";"4";"1";"0";"1";"2";"0"
"17604";"80744501";"17604";"14";"1";"1";"2";"6";"0";"1";"1";"1";"0"
"17605";"80744501";"17605";"14";"1";"1";"7";"6";"0";"1";"1";"1";"0"
"17606";"80744501";"17606";"14";"1";"1";"7";"6";"0";"4";"0";"1";"0"
"17607";"80744501";"17607";"14";"3";"1";"7";"6";"0";"2";"0";"1";"0"
"17622";"80745506";"17622";"14";"1";"2";"2";"6";"0";"2";"0";"1";"0"
"17623";"80745506";"17623";"14";"1";"1";"7";"6";"0";"1";"1";"1";"0"
"17672";"80746405";"17672";"14";"3";"1";"7";"6";"0";"1";"1";"1";"0"
"17774";"80751201";"17774";"14";"3";"1";"7";"6";"0";"3";"0";"1";"0"
"17775";"80751201";"17775";"14";"3";"1";"7";"4";"0";"1";"1";"1";"0"
"17787";"80751204";"17787";"14";"1";"3";"2";"6";"0";"1";"1";"1";"0"
"17789";"80751301";"17789";"14";"3";"3";"2";"6";"0";"2";"1";"1";"0"
"17794";"80751302";"17794";"14";"1";"1";"7";"6";"1";"0";"1";"2";"0"
"17821";"80752101";"17821";"14";"1";"1";"7";"6";"0";"2";"0";"1";"0"
"17857";"80752102";"17857";"14";"1";"1";"7";"6";"0";"3";"0";"1";"0"
"17870";"80752203";"17870";"14";"1";"1";"1";"6";"0";"1";"2";"1";"0"
"17928";"80753402";"17928";"14";"1";"1";"7";"6";"0";"2";"0";"1";"0"
"17929";"80753402";"17929";"14";"1";"1";"7";"6";"0";"1";"1";"1";"0"
"17989";"80754208";"17989";"14";"3";"2";"2";"6";"0";"1";"1";"1";"0"
"18011";"80754306";"18011";"14";"1";"1";"7";"6";"0";"2";"0";"1";"0"
"18017";"80754401";"18017";"14";"1";"1";"7";"4";"0";"0";"2";"3";"0"
"18018";"80754401";"18018";"14";"3";"1";"7";"6";"0";"1";"2";"1";"0"
"18026";"80754409";"18026";"14";"1";"1";"7";"6";"0";"1";"1";"1";"0"
"18120";"80757101";"18120";"14";"1";"3";"1";"6";"0";"1";"1";"1";"0"
"18141";"80761104";"18141";"14";"3";"1";"7";"6";"1";"0";"1";"2";"0"
"18242";"80761501";"18242";"14";"1";"1";"7";"6";"0";"1";"1";"1";"0"
"18316";"80762404";"18316";"14";"3";"1";"7";"6";"0";"1";"1";"1";"0"
"18341";"80763207";"18341";"14";"3";"1";"7";"6";"0";"3";"0";"1";"0"
"18386";"80764202";"18386";"14";"1";"1";"7";"4";"0";"1";"1";"1";"0"
"18389";"80764203";"18389";"14";"1";"2";"1";"6";"0";"1";"1";"1";"0"
"18417";"80764302";"18417";"14";"3";"1";"7";"6";"0";"1";"3";"1";"0"
"18462";"80765203";"18462";"14";"3";"3";"1";"6";"0";"2";"0";"1";"0"
"18463";"80765210";"18463";"14";"1";"1";"7";"5";"0";"2";"1";"1";"0"
"18547";"80767208";"18547";"14";"1";"1";"7";"6";"0";"1";"2";"1";"0"
"18558";"80771107";"18558";"14";"5";"1";"1";"6";"0";"2";"1";"1";"0"
"18568";"80771402";"18568";"14";"1";"1";"7";"6";"0";"2";"2";"1";"0"
"18569";"80771402";"18569";"14";"1";"3";"2";"6";"0";"1";"1";"1";"0"
"18570";"80771402";"18570";"14";"1";"2";"2";"6";"0";"1";"1";"1";"0"
"18571";"80771402";"18571";"14";"1";"1";"7";"6";"0";"1";"1";"1";"0"
"18572";"80771402";"18572";"14";"1";"1";"7";"6";"0";"1";"1";"1";"0"
"18573";"80771402";"18573";"14";"1";"1";"7";"6";"0";"2";"1";"1";"0"
"18574";"80771402";"18574";"14";"3";"1";"7";"4";"0";"1";"1";"1";"0"
"18575";"80771404";"18575";"14";"5";"1";"7";"6";"0";"2";"1";"1";"0"
"18585";"80772403";"18585";"14";"2";"1";"2";"6";"0";"1";"1";"1";"0"
"18586";"80772403";"18586";"14";"1";"1";"7";"6";"0";"1";"1";"1";"0"
"18589";"80772405";"18589";"14";"3";"1";"7";"6";"0";"2";"1";"1";"0"
"18590";"80772405";"18590";"14";"1";"3";"2";"6";"0";"1";"1";"1";"0"
"18605";"80773201";"18605";"14";"1";"3";"2";"6";"0";"1";"1";"1";"0"
"18607";"80773201";"18607";"14";"1";"1";"7";"6";"0";"1";"2";"1";"0"
"18608";"80773201";"18608";"14";"1";"1";"2";"6";"0";"2";"1";"1";"0"
"18609";"80773201";"18609";"14";"1";"1";"7";"6";"0";"1";"1";"1";"0"
"18610";"80773201";"18610";"14";"1";"1";"7";"6";"0";"1";"1";"1";"0"
"18611";"80773201";"18611";"14";"2";"1";"7";"4";"0";"1";"1";"1";"0"
"18616";"80773406";"18616";"14";"2";"1";"7";"6";"0";"1";"1";"1";"0"
"18694";"80775101";"18694";"14";"3";"3";"1";"6";"0";"1";"1";"1";"0"
"18725";"80776206";"18725";"14";"1";"1";"7";"6";"0";"1";"1";"1";"0"
"18726";"80776303";"18726";"14";"1";"1";"7";"6";"0";"1";"1";"1";"0"
"18727";"80776303";"18727";"14";"1";"1";"7";"6";"0";"1";"1";"1";"0"
"18728";"80776303";"18728";"14";"1";"1";"7";"6";"0";"1";"1";"1";"0"
"18729";"80776303";"18729";"14";"3";"1";"7";"6";"0";"1";"2";"1";"0"
"18749";"80777413";"18749";"14";"1";"4";"4";"6";"0";"1";"2";"1";"0"
"18750";"80777415";"18750";"14";"1";"1";"7";"6";"0";"1";"1";"1";"0"
"18785";"80782507";"18785";"14";"1";"1";"7";"6";"0";"1";"1";"1";"0"
"18786";"80782507";"18786";"14";"1";"1";"1";"6";"1";"0";"1";"2";"0"
"18787";"80783309";"18787";"14";"1";"6";"7";"7";"0";"1";"1";"1";"0"
"18790";"80783406";"18790";"14";"1";"1";"7";"6";"0";"0";"1";"3";"0"
"18812";"80783512";"18812";"14";"1";"1";"7";"6";"0";"1";"2";"1";"0"
"18817";"80784403";"18817";"14";"1";"1";"7";"6";"0";"1";"1";"1";"0"
"18821";"80784407";"18821";"14";"3";"1";"7";"6";"0";"1";"1";"1";"0"
"18824";"80784407";"18824";"14";"3";"1";"7";"6";"0";"3";"3";"1";"0"
"18828";"80784409";"18828";"14";"1";"2";"2";"6";"0";"1";"1";"1";"0"
"18842";"80785102";"18842";"14";"1";"3";"1";"6";"1";"0";"1";"2";"0"
"18849";"80785202";"18849";"14";"3";"1";"7";"6";"0";"3";"0";"1";"0"
"18874";"80785503";"18874";"14";"1";"1";"7";"4";"0";"1";"1";"1";"0"
"18887";"80786208";"18887";"14";"1";"1";"7";"6";"0";"1";"1";"1";"0"
"18926";"80787209";"18926";"14";"1";"1";"1";"6";"1";"0";"1";"2";"0"
"18940";"80793505";"18940";"14";"1";"1";"7";"5";"1";"0";"1";"2";"0"
"18948";"80794109";"18948";"14";"3";"3";"2";"6";"0";"1";"1";"1";"0"
"18949";"80794109";"18949";"14";"3";"1";"7";"6";"0";"1";"1";"1";"0"
"18950";"80794109";"18950";"14";"1";"1";"7";"6";"0";"1";"1";"1";"0"
"18956";"80795504";"18956";"14";"1";"1";"7";"6";"0";"1";"3";"1";"0"
"18975";"80796303";"18975";"14";"3";"1";"7";"6";"0";"1";"1";"1";"0"
"18978";"80796303";"18978";"14";"1";"1";"7";"6";"0";"1";"1";"1";"0"
"18981";"80796405";"18981";"14";"1";"1";"7";"6";"0";"1";"1";"1";"0"
"18982";"80796405";"18982";"14";"3";"1";"7";"6";"0";"1";"0";"1";"0"
"18983";"80796502";"18983";"14";"1";"1";"7";"6";"0";"1";"1";"1";"0"
"18986";"80796503";"18986";"14";"3";"3";"1";"6";"0";"3";"0";"1";"0"
"18988";"80797104";"18988";"14";"1";"1";"7";"6";"0";"2";"1";"1";"0"
"18989";"80797104";"18989";"14";"1";"1";"7";"6";"0";"1";"1";"1";"0"
"18990";"80797104";"18990";"14";"1";"1";"7";"4";"0";"1";"1";"1";"0"
"18998";"80797402";"18998";"14";"1";"1";"7";"4";"0";"1";"1";"1";"0"
"18999";"80797402";"18999";"14";"1";"1";"7";"6";"0";"1";"1";"1";"0"
"19032";"80802503";"19032";"14";"2";"1";"7";"6";"0";"1";"1";"1";"0"
"19060";"80805103";"19060";"14";"1";"1";"7";"4";"0";"1";"1";"1";"0"
"19061";"80805105";"19061";"14";"1";"1";"7";"4";"1";"0";"1";"2";"0"
"19067";"80805401";"19067";"14";"2";"1";"7";"4";"1";"0";"1";"2";"0"
"19078";"80806112";"19078";"14";"3";"1";"7";"6";"1";"0";"1";"2";"0"
"19080";"80806224";"19080";"14";"1";"1";"7";"6";"0";"1";"1";"1";"0"
"19110";"80813107";"19110";"14";"3";"1";"1";"4";"0";"1";"1";"1";"0"
"19125";"80814204";"19125";"14";"3";"1";"4";"6";"0";"1";"1";"1";"0"
"19156";"80886104";"19156";"14";"1";"1";"7";"6";"0";"1";"1";"1";"0"
"19158";"80887104";"19158";"14";"1";"2";"1";"7";"1";"0";"1";"2";"0"
"330";"1327";"330";"14";"1";"1";"7";"3";"0";"1";"1";"1";"0"
"375";"1475";"375";"14";"3";"1";"7";"3";"0";"1";"1";"1";"0"
"683";"5597";"683";"14";"1";"3";"1";"3";"1";"0";"1";"2";"0"
"1284";"13729";"1284";"14";"1";"1";"7";"6";"0";"1";"1";"1";"0"
"1865";"27135";"1865";"14";"1";"1";"7";"3";"0";"1";"1";"1";"0"
"2689";"35638";"2689";"14";"1";"3";"2";"6";"0";"1";"0";"1";"0"
"2696";"35638";"2696";"14";"1";"1";"7";"6";"0";"1";"1";"1";"0"
"2810";"38031";"2810";"14";"1";"1";"7";"6";"0";"2";"1";"1";"0"
"3968";"40308";"3968";"14";"1";"3";"2";"6";"0";"1";"1";"1";"0"
"4150";"40659";"4150";"14";"1";"1";"7";"5";"0";"1";"2";"1";"0"
"4398";"41190";"4398";"14";"1";"1";"7";"6";"0";"1";"1";"1";"0"
"4399";"41190";"4399";"14";"5";"1";"7";"6";"0";"1";"2";"1";"0"
"4645";"41676";"4645";"14";"1";"1";"7";"6";"0";"1";"2";"1";"0"
"4701";"41744";"4701";"14";"5";"1";"1";"6";"0";"1";"1";"1";"0"
"9839";"72131";"9839";"14";"1";"1";"7";"3";"1";"0";"1";"2";"0"
"10322";"72853";"10322";"14";"1";"1";"7";"4";"0";"1";"1";"1";"0"
"10857";"74018";"10857";"14";"1";"1";"7";"5";"0";"1";"1";"1";"0"
"10968";"76727";"10968";"14";"3";"1";"7";"6";"0";"1";"3";"1";"0"
"11222";"78689";"11222";"14";"1";"1";"7";"6";"0";"1";"0";"1";"0"
"11223";"78689";"11223";"14";"1";"1";"7";"6";"0";"1";"5";"1";"0"
"11224";"78689";"11224";"14";"1";"1";"7";"6";"0";"1";"1";"1";"0"
"11225";"78689";"11225";"14";"1";"1";"7";"6";"0";"1";"1";"1";"0"
"12454";"67642512";"12454";"14";"5";"1";"7";"6";"1";"1";"3";"2";"0"
"12455";"67642512";"12455";"14";"3";"1";"7";"6";"1";"0";"2";"2";"0"
"12467";"67643507";"12467";"14";"3";"1";"7";"6";"0";"6";"2";"1";"0"
"12487";"67653204";"12487";"14";"1";"1";"7";"6";"1";"0";"2";"2";"0"
"12536";"68805504";"12536";"14";"3";"2";"2";"6";"0";"2";"0";"1";"0"
"12551";"69801404";"12551";"14";"1";"1";"7";"3";"1";"0";"1";"2";"0"
"12568";"70673201";"12568";"14";"1";"1";"7";"6";"1";"0";"2";"2";"0"
"12604";"70814505";"12604";"14";"1";"1";"7";"7";"2";"0";"1";"2";"0"
"12605";"70814505";"12605";"14";"3";"1";"7";"7";"1";"0";"2";"2";"0"
"12606";"70814505";"12606";"14";"1";"3";"2";"6";"1";"0";"1";"2";"0"
"12607";"70814505";"12607";"14";"1";"2";"2";"6";"0";"2";"2";"1";"0"
"12608";"70814505";"12608";"14";"1";"1";"7";"4";"0";"1";"1";"1";"0"
"12627";"70816201";"12627";"14";"3";"1";"7";"6";"1";"0";"1";"2";"0"
"12639";"70816410";"12639";"14";"3";"1";"7";"6";"0";"1";"1";"1";"0"
"12640";"70816410";"12640";"14";"1";"3";"1";"6";"1";"1";"0";"2";"0"
"12641";"70816503";"12641";"14";"1";"1";"7";"6";"1";"0";"2";"2";"0"
"12642";"70816503";"12642";"14";"1";"1";"7";"6";"0";"1";"1";"1";"0"
"12645";"70816506";"12645";"14";"3";"3";"2";"6";"1";"5";"0";"2";"0"
"12653";"70817406";"12653";"14";"3";"1";"7";"6";"0";"2";"0";"1";"0"
"12654";"70817406";"12654";"14";"3";"1";"7";"6";"0";"7";"0";"1";"0"
"12655";"70817406";"12655";"14";"1";"1";"7";"4";"0";"1";"1";"1";"0"
"12665";"70817501";"12665";"14";"1";"1";"7";"6";"1";"0";"1";"2";"0"
"12698";"70825506";"12698";"14";"1";"1";"7";"6";"0";"1";"1";"1";"0"
"12699";"70825510";"12699";"14";"3";"1";"7";"4";"0";"1";"4";"1";"0"
"12700";"70825510";"6609";"14";"1";"1";"7";"6";"0";"1";"1";"1";"0"
"12701";"70825510";"12701";"14";"1";"1";"7";"6";"1";"0";"1";"2";"0"
"12702";"70825510";"12702";"14";"1";"1";"7";"6";"0";"1";"1";"1";"0"
"12704";"70826105";"12704";"14";"1";"1";"7";"6";"0";"2";"0";"1";"0"
"12747";"70827307";"12747";"14";"1";"1";"7";"4";"0";"1";"1";"1";"0"
"12752";"70827401";"9277";"14";"1";"1";"7";"4";"1";"0";"1";"2";"0"
"12754";"70827401";"12754";"14";"1";"1";"7";"6";"1";"0";"6";"2";"0"
"12755";"70827401";"12755";"14";"1";"3";"2";"6";"0";"1";"6";"1";"0"
"12756";"70827401";"7509";"14";"1";"1";"7";"3";"1";"0";"1";"2";"0"
"12757";"70827401";"12757";"14";"3";"1";"7";"6";"0";"1";"0";"3";"0"
"12769";"70836102";"12769";"14";"1";"1";"7";"5";"0";"1";"1";"1";"0"
"12781";"71785503";"12781";"14";"5";"1";"2";"6";"2";"4";"0";"2";"0"
"12783";"71785503";"12783";"14";"1";"3";"2";"6";"0";"2";"1";"1";"0"
"12791";"71804302";"12791";"14";"1";"3";"2";"6";"0";"1";"3";"1";"0"
"12804";"71811404";"12804";"14";"1";"3";"2";"6";"0";"1";"1";"1";"0"
"12806";"71811404";"12806";"14";"1";"6";"1";"4";"0";"1";"1";"1";"0"
"12821";"71811508";"12821";"14";"1";"1";"7";"6";"1";"0";"2";"2";"0"
"12842";"71813406";"12842";"14";"1";"3";"2";"6";"0";"1";"5";"1";"0"
"12843";"71813406";"12843";"14";"1";"1";"7";"4";"1";"0";"1";"2";"0"
"12858";"71813501";"12858";"14";"1";"1";"7";"4";"0";"1";"1";"1";"0"
"12879";"71816503";"12879";"14";"1";"3";"1";"3";"0";"1";"1";"1";"0"
"12884";"71821104";"12884";"14";"1";"2";"2";"6";"0";"1";"1";"1";"0"
"12889";"71821106";"12889";"14";"1";"3";"2";"3";"0";"1";"1";"1";"0"
"12899";"71821107";"12899";"14";"1";"1";"2";"6";"0";"1";"1";"1";"0"
"12918";"71821401";"12918";"14";"3";"1";"7";"6";"0";"2";"2";"1";"0"
"12934";"71822415";"12934";"14";"1";"1";"7";"7";"1";"0";"1";"2";"0"
"12959";"71824215";"12959";"14";"1";"1";"7";"6";"0";"4";"1";"1";"0"
"12963";"71824303";"12963";"14";"1";"1";"7";"6";"1";"1";"1";"2";"0"
"12964";"71824303";"12964";"14";"1";"1";"7";"6";"0";"1";"1";"1";"0"
"12971";"71825101";"12971";"14";"1";"1";"7";"6";"0";"1";"1";"1";"0"
"12986";"71825111";"12986";"14";"3";"1";"7";"6";"1";"0";"2";"2";"0"
"12993";"71826107";"12993";"14";"1";"1";"7";"6";"0";"2";"1";"1";"0"
"12994";"71826107";"12994";"14";"1";"1";"7";"6";"0";"1";"2";"1";"0"
"12996";"71826107";"12996";"14";"3";"4";"3";"6";"0";"1";"5";"1";"0"
"13003";"71827203";"13003";"14";"1";"1";"7";"3";"0";"1";"1";"1";"0"
"13037";"71835102";"13037";"14";"1";"1";"7";"3";"0";"1";"1";"1";"0"
"13043";"71842111";"13043";"14";"3";"1";"7";"6";"0";"1";"0";"1";"0"
"13078";"72821106";"13078";"14";"1";"1";"7";"6";"0";"1";"1";"1";"0"
"13126";"73685202";"13126";"14";"1";"1";"7";"6";"0";"0";"1";"3";"0"
"13145";"73786404";"2303";"14";"1";"1";"7";"6";"0";"2";"0";"1";"0"
"13166";"73821203";"13166";"14";"1";"7";"7";"6";"2";"1";"2";"2";"0"
"13169";"73823101";"13169";"14";"1";"1";"7";"3";"1";"0";"2";"2";"0"
"13170";"73823101";"13170";"14";"1";"1";"7";"3";"1";"0";"1";"2";"0"
"13174";"73855107";"13174";"14";"1";"1";"7";"6";"0";"1";"1";"1";"0"
"13175";"73855107";"13175";"14";"3";"1";"7";"6";"0";"1";"1";"1";"0"
"13244";"75713207";"13244";"14";"1";"1";"7";"3";"1";"0";"1";"2";"0"
"13256";"75734404";"13256";"14";"1";"1";"7";"6";"1";"0";"2";"2";"0"
"13258";"75734404";"13258";"14";"1";"1";"7";"6";"1";"2";"0";"2";"0"
"13261";"75735417";"13261";"14";"1";"1";"7";"3";"0";"2";"0";"1";"0"
"13267";"75736502";"13267";"14";"1";"1";"7";"7";"0";"1";"1";"1";"0"
"13268";"75736502";"13268";"14";"1";"3";"1";"6";"0";"1";"1";"1";"0"
"13269";"75736502";"13269";"14";"1";"1";"7";"6";"0";"1";"1";"1";"0"
"13270";"75736502";"13270";"14";"1";"1";"7";"6";"1";"0";"1";"2";"0"
"13281";"75741102";"13281";"14";"3";"2";"1";"6";"0";"1";"1";"1";"0"
"13316";"75767402";"13316";"14";"1";"1";"7";"5";"0";"1";"1";"1";"0"
"13351";"75777406";"13351";"14";"1";"1";"7";"6";"0";"1";"1";"1";"0"
"13364";"75792508";"10449";"14";"1";"1";"7";"6";"0";"1";"1";"1";"0"
"13365";"75792508";"13365";"14";"1";"1";"7";"6";"0";"1";"1";"1";"0"
"13366";"75792508";"13366";"14";"3";"1";"7";"6";"0";"1";"0";"1";"0"
"13367";"75792508";"13367";"14";"1";"1";"7";"6";"0";"2";"2";"1";"0"
"13372";"75796401";"13372";"14";"1";"3";"2";"6";"0";"1";"1";"1";"0"
"13374";"75796501";"13374";"14";"1";"1";"7";"6";"0";"1";"1";"1";"0"
"13375";"75796501";"13375";"14";"3";"1";"7";"6";"1";"0";"1";"2";"0"
"13383";"75797401";"13383";"14";"3";"3";"2";"6";"0";"1";"1";"1";"0"
"13391";"75797412";"13391";"14";"1";"1";"7";"6";"0";"2";"0";"1";"0"
"13402";"75803105";"13402";"14";"3";"3";"2";"6";"0";"2";"0";"1";"0"
"13414";"75806102";"13414";"14";"1";"1";"7";"6";"0";"1";"1";"1";"0"
"13419";"75806315";"13419";"14";"1";"1";"7";"6";"0";"1";"1";"1";"0"
"13425";"75812203";"13425";"14";"1";"1";"7";"6";"0";"1";"1";"1";"0"
"13431";"75815102";"13431";"14";"1";"3";"1";"6";"1";"1";"1";"2";"0"
"13432";"75837204";"13432";"14";"1";"1";"1";"4";"0";"1";"3";"1";"0"
"13433";"75837204";"13433";"14";"1";"1";"7";"6";"1";"0";"1";"2";"0"
"13434";"75837204";"13434";"14";"1";"1";"7";"7";"1";"0";"0";"2";"0"
"13439";"76705307";"13439";"14";"1";"1";"7";"7";"0";"1";"1";"1";"0"
"13529";"76741209";"13529";"14";"2";"1";"7";"6";"0";"1";"1";"1";"0"
"13533";"76746404";"13533";"14";"1";"1";"7";"3";"0";"1";"1";"1";"0"
"13543";"76752103";"13543";"14";"1";"1";"7";"6";"0";"1";"1";"1";"0"
"13562";"76757401";"13562";"14";"1";"1";"7";"6";"0";"2";"1";"1";"0"
"13581";"76765316";"13581";"14";"1";"1";"7";"6";"0";"1";"1";"1";"0"
"13582";"76765316";"13582";"14";"1";"1";"7";"3";"0";"1";"1";"1";"0"
"13586";"76766504";"13586";"14";"1";"1";"7";"6";"0";"1";"1";"1";"0"
"13613";"76772402";"13613";"14";"1";"1";"7";"6";"0";"1";"1";"1";"0"
"13621";"76774108";"13621";"14";"1";"1";"7";"3";"0";"0";"1";"3";"0"
"13662";"76776105";"13662";"14";"1";"1";"7";"4";"0";"1";"1";"1";"0"
"13665";"76776311";"13665";"14";"1";"1";"7";"6";"0";"1";"1";"1";"0"
"13686";"76803401";"13686";"14";"1";"1";"7";"6";"0";"0";"1";"3";"0"
"13687";"76803401";"13687";"14";"1";"1";"1";"6";"0";"1";"2";"1";"0"
"13696";"76857304";"13696";"14";"2";"1";"7";"6";"1";"0";"0";"2";"0"
"13708";"76907303";"13708";"14";"1";"3";"2";"6";"0";"1";"1";"1";"0"
"13719";"77683203";"13719";"14";"1";"1";"7";"6";"0";"1";"1";"1";"0"
"13723";"77696519";"13723";"14";"1";"2";"1";"6";"0";"1";"3";"1";"0"
"13745";"77721402";"13745";"14";"1";"3";"2";"3";"0";"1";"1";"1";"0"
"13763";"77722109";"13763";"14";"1";"1";"7";"6";"0";"2";"2";"1";"0"
"13764";"77723101";"13764";"14";"3";"3";"2";"6";"0";"1";"1";"1";"0"
"13811";"77734102";"13811";"14";"3";"3";"2";"6";"0";"2";"0";"1";"0"
"13831";"77736117";"13831";"14";"3";"1";"7";"6";"0";"3";"0";"1";"0"
"13840";"77736209";"13840";"14";"1";"1";"7";"6";"0";"2";"2";"1";"0"
"13860";"77737301";"3430";"14";"2";"1";"1";"6";"0";"1";"1";"1";"0"
"13953";"77747110";"13953";"14";"1";"1";"7";"6";"0";"3";"0";"1";"0"
"13954";"77747110";"13954";"14";"3";"3";"2";"6";"0";"2";"0";"1";"0"
"13955";"77747110";"13955";"14";"1";"1";"7";"6";"0";"1";"1";"1";"0"