"accident_id";"lieu_id";"date_id";"cause_id";"lum_id";"intemp_id";"etat_surface_id";"impliq_id";"nb_blesses_graves";"nb_blesses_legers";"nb_indemnes";"gravite";"nb_morts"
"13978";"77752505";"13978";"14";"1";"1";"7";"4";"0";"1";"1";"1";"0"
"13989";"77755402";"13989";"14";"1";"1";"7";"6";"0";"1";"1";"1";"0"
"13990";"77755402";"13990";"14";"1";"1";"7";"6";"2";"0";"1";"2";"0"
"14008";"77757304";"14008";"14";"2";"1";"7";"6";"0";"1";"1";"1";"0"
"14058";"77764207";"14058";"14";"1";"1";"7";"6";"0";"1";"1";"1";"0"
"14059";"77764207";"14059";"14";"3";"1";"7";"6";"0";"1";"1";"1";"0"
"14065";"77764406";"14065";"14";"1";"1";"7";"6";"0";"1";"1";"1";"0"
"14180";"77775102";"14180";"14";"1";"1";"7";"6";"0";"2";"1";"1";"0"
"14181";"77775105";"14181";"14";"1";"1";"7";"6";"0";"1";"1";"1";"0"
"14182";"77775106";"14182";"14";"1";"1";"7";"6";"0";"1";"2";"1";"0"
"14183";"77775106";"14183";"14";"1";"3";"2";"5";"0";"1";"0";"1";"0"
"14195";"77775508";"14195";"14";"3";"1";"7";"6";"0";"1";"1";"1";"0"
"14276";"77784509";"14276";"14";"3";"1";"7";"6";"0";"4";"1";"1";"0"
"14277";"77785202";"14277";"14";"1";"1";"7";"6";"2";"0";"1";"2";"0"
"14279";"77785210";"14279";"14";"1";"1";"7";"6";"0";"2";"0";"1";"0"
"14280";"77785210";"14280";"14";"3";"1";"7";"6";"1";"0";"1";"2";"0"
"14281";"77785210";"14281";"14";"1";"1";"1";"6";"0";"1";"1";"1";"0"
"14282";"77785301";"14282";"14";"1";"1";"7";"6";"0";"1";"1";"1";"0"
"14284";"77786301";"14284";"14";"1";"3";"2";"6";"0";"1";"1";"1";"0"
"14286";"77786301";"14286";"14";"2";"2";"1";"6";"0";"1";"2";"1";"0"
"14287";"77786301";"14287";"14";"1";"3";"1";"6";"0";"1";"1";"1";"0"
"14288";"77786301";"14288";"14";"4";"1";"7";"6";"0";"1";"1";"1";"0"
"14293";"77787307";"14293";"14";"1";"1";"7";"6";"0";"1";"1";"1";"0"
"14294";"77787307";"14294";"14";"1";"1";"7";"6";"1";"2";"1";"2";"0"
"14297";"77787307";"14297";"14";"1";"1";"7";"4";"0";"1";"1";"1";"0"
"14300";"77797203";"14300";"14";"1";"1";"7";"4";"0";"1";"1";"1";"0"
"14315";"77851101";"14315";"14";"3";"3";"2";"6";"2";"0";"0";"2";"0"
"14317";"77851105";"14317";"14";"1";"1";"7";"4";"0";"1";"1";"1";"0"
"14318";"77851105";"14318";"14";"1";"1";"7";"5";"0";"1";"1";"1";"0"
"14320";"77851105";"14320";"14";"3";"3";"2";"4";"1";"0";"1";"2";"0"
"14332";"77894502";"14332";"14";"1";"3";"2";"6";"0";"1";"1";"1";"0"
"14333";"77894502";"14333";"14";"1";"1";"7";"6";"0";"1";"1";"1";"0"
"14346";"77902501";"14346";"14";"1";"1";"1";"6";"0";"1";"1";"1";"0"
"14371";"77903306";"14371";"14";"3";"1";"7";"3";"0";"1";"1";"1";"0"
"14389";"77904211";"14389";"14";"1";"1";"7";"6";"1";"1";"1";"2";"0"
"14390";"77904211";"14390";"14";"1";"1";"7";"6";"0";"2";"0";"1";"0"
"14391";"77904211";"14391";"14";"3";"1";"7";"6";"0";"2";"0";"1";"0"
"14398";"77904410";"14398";"14";"3";"3";"1";"6";"0";"1";"1";"1";"0"
"11672";"81281";"11672";"15";"1";"1";"7";"6";"0";"1";"1";"1";"0"
"12778";"71703401";"12778";"15";"1";"1";"7";"6";"1";"0";"2";"2";"0"
"13353";"75786201";"13353";"15";"1";"1";"7";"6";"0";"1";"1";"1";"0"
"13463";"76731405";"13463";"15";"1";"2";"2";"6";"0";"1";"2";"1";"0"
"13593";"76771310";"13593";"15";"3";"1";"7";"6";"0";"1";"2";"1";"0"
"13834";"77736117";"13834";"15";"5";"1";"7";"6";"0";"2";"1";"1";"0"
"13837";"77736117";"13837";"15";"3";"1";"2";"6";"0";"1";"1";"1";"0"
"14367";"77903306";"14367";"15";"1";"1";"7";"7";"0";"1";"1";"1";"0"
"14369";"77903306";"14369";"15";"1";"1";"7";"6";"0";"1";"1";"1";"0"
"23987";"85814405";"23987";"15";"3";"3";"1";"6";"0";"3";"2";"1";"0"
"24114";"85817506";"24114";"15";"3";"1";"7";"6";"0";"2";"0";"1";"0"
"24473";"85827304";"24473";"15";"3";"1";"7";"6";"0";"4";"0";"1";"0"
"24506";"85831107";"24506";"15";"3";"1";"7";"4";"0";"1";"1";"1";"0"
"24544";"85832105";"24544";"15";"1";"1";"1";"6";"0";"2";"2";"1";"0"
"24570";"85833211";"24570";"15";"3";"3";"1";"6";"0";"2";"0";"1";"0"
"24628";"85834210";"24628";"15";"1";"1";"7";"6";"0";"2";"0";"1";"0"
"24645";"85834308";"24645";"15";"1";"1";"7";"4";"0";"1";"1";"1";"0"
"24900";"85841506";"24900";"15";"1";"1";"7";"6";"0";"1";"1";"1";"0"
"25038";"85845304";"25038";"15";"3";"3";"2";"8";"0";"1";"1";"1";"0"
"25039";"85845304";"25039";"15";"1";"1";"7";"6";"0";"2";"1";"1";"0"
"25043";"85845304";"25043";"15";"3";"3";"2";"6";"0";"3";"0";"1";"0"
"25062";"85845401";"25062";"15";"3";"2";"2";"6";"0";"1";"0";"1";"0"
"25215";"85851406";"25215";"15";"1";"1";"7";"6";"0";"1";"0";"1";"0"
"25220";"85851406";"25220";"15";"1";"1";"7";"6";"0";"2";"2";"1";"0"
"25225";"85851406";"25225";"15";"2";"1";"7";"6";"0";"1";"1";"1";"0"
"25226";"85851406";"25226";"15";"1";"1";"7";"6";"0";"1";"1";"1";"0"
"25513";"85861502";"25513";"15";"1";"1";"7";"4";"0";"1";"1";"1";"0"
"25538";"85862101";"25538";"15";"1";"1";"7";"6";"0";"1";"2";"1";"0"
"25545";"85862101";"25545";"15";"3";"3";"1";"6";"0";"1";"0";"1";"0"
"25921";"85874508";"25921";"15";"3";"3";"2";"6";"0";"1";"3";"1";"0"
"26111";"85887504";"6170";"15";"1";"1";"7";"7";"0";"1";"1";"1";"0"
"26328";"86803403";"26328";"15";"1";"1";"7";"6";"0";"1";"1";"1";"0"
"26332";"86803403";"26332";"15";"3";"1";"7";"6";"0";"1";"1";"1";"0"
"26333";"86803403";"26333";"15";"3";"1";"7";"6";"0";"1";"1";"1";"0"
"26334";"86803403";"26334";"15";"3";"1";"7";"6";"0";"2";"0";"1";"0"
"26339";"86803403";"26339";"15";"1";"1";"7";"6";"0";"3";"3";"1";"0"
"26345";"86803403";"26345";"15";"3";"3";"1";"6";"0";"4";"0";"1";"0"
"26598";"86812501";"26598";"15";"2";"1";"7";"8";"0";"1";"1";"1";"0"
"26655";"86813405";"26655";"15";"1";"1";"7";"6";"0";"2";"3";"1";"0"
"26771";"86815404";"26771";"15";"1";"1";"7";"6";"0";"2";"4";"1";"0"
"26907";"86817504";"26907";"15";"3";"1";"7";"6";"0";"1";"2";"1";"0"
"26909";"86817504";"26909";"15";"3";"3";"1";"7";"0";"1";"1";"1";"0"
"27011";"86822301";"27011";"15";"3";"1";"2";"6";"0";"1";"1";"1";"0"
"27054";"86823104";"27054";"15";"3";"1";"1";"6";"0";"5";"0";"1";"0"
"27086";"86823301";"27086";"15";"3";"1";"7";"6";"0";"1";"1";"1";"0"
"27178";"86823503";"27178";"15";"3";"1";"7";"6";"0";"1";"1";"1";"0"
"27244";"86824404";"27244";"15";"3";"3";"2";"6";"0";"2";"0";"1";"0"
"27246";"86824404";"27246";"15";"3";"1";"7";"6";"0";"2";"1";"1";"0"
"27256";"86824404";"27256";"15";"2";"1";"7";"6";"0";"2";"0";"1";"0"
"27332";"86825304";"27332";"15";"3";"1";"7";"6";"0";"3";"1";"1";"0"
"27336";"86825304";"27336";"15";"3";"1";"7";"6";"0";"2";"0";"1";"0"
"27381";"86826101";"27381";"15";"3";"1";"7";"6";"0";"1";"2";"1";"0"
"27507";"86831207";"27507";"15";"1";"3";"1";"6";"0";"1";"5";"1";"0"
"27508";"86831207";"27508";"15";"1";"1";"7";"6";"0";"1";"3";"1";"0"
"27753";"86834105";"27753";"15";"3";"1";"7";"6";"0";"5";"1";"1";"0"
"27831";"86835101";"27831";"15";"3";"1";"7";"6";"0";"1";"2";"1";"0"
"27833";"86835101";"27833";"15";"3";"1";"7";"6";"0";"2";"1";"1";"0"
"27834";"86835101";"27834";"15";"3";"1";"7";"6";"3";"0";"0";"2";"0"
"27835";"86835101";"27835";"15";"3";"1";"7";"6";"0";"3";"0";"1";"0"
"27837";"86835101";"27837";"15";"3";"1";"7";"6";"0";"2";"2";"1";"0"
"27838";"86835101";"27838";"15";"1";"3";"2";"6";"0";"2";"2";"1";"0"
"28219";"86851206";"28219";"15";"3";"1";"7";"6";"0";"1";"1";"1";"0"
"28220";"86851206";"28220";"15";"3";"1";"7";"6";"0";"1";"1";"1";"0"
"28225";"86851307";"28225";"15";"3";"3";"1";"4";"0";"1";"1";"1";"0"
"28226";"86851307";"28226";"15";"3";"1";"7";"6";"0";"1";"1";"1";"0"
"28358";"86862302";"28358";"15";"3";"1";"7";"6";"0";"3";"0";"1";"0"
"28359";"86862302";"28359";"15";"1";"1";"7";"6";"0";"1";"1";"1";"0"
"19519";"81763311";"19519";"15";"1";"3";"2";"7";"0";"1";"2";"1";"0"
"19520";"81763311";"19520";"15";"1";"1";"7";"7";"0";"2";"1";"1";"0"
"19758";"81777204";"19758";"15";"1";"1";"2";"6";"0";"1";"1";"1";"0"
"19782";"81782206";"19782";"15";"1";"1";"1";"6";"0";"1";"1";"1";"0"
"19828";"81785514";"19828";"15";"3";"4";"3";"6";"0";"1";"0";"1";"0"
"19933";"81796210";"19933";"15";"3";"1";"1";"6";"0";"1";"1";"1";"0"
"19944";"81797303";"19944";"15";"1";"1";"7";"4";"0";"1";"1";"1";"0"
"20211";"82714101";"20211";"15";"1";"1";"7";"6";"1";"0";"0";"3";"0"
"20276";"82751203";"20276";"15";"1";"1";"7";"6";"0";"1";"3";"1";"0"
"20523";"82773206";"20523";"15";"1";"1";"7";"6";"0";"1";"1";"1";"0"
"20601";"82792504";"20601";"15";"3";"1";"7";"6";"1";"0";"4";"2";"0"
"20684";"82797506";"20684";"15";"1";"1";"7";"6";"0";"1";"1";"1";"0"
"20721";"82804402";"20721";"15";"1";"1";"7";"6";"0";"1";"1";"1";"0"
"20724";"82804402";"20724";"15";"2";"1";"7";"6";"0";"2";"0";"1";"0"
"20729";"82804402";"20729";"15";"1";"3";"2";"6";"0";"1";"1";"1";"0"
"20734";"82804402";"20734";"15";"1";"1";"7";"7";"0";"1";"1";"1";"0"
"20909";"82927403";"20909";"15";"1";"1";"7";"6";"0";"2";"1";"1";"0"
"20946";"83741304";"20946";"15";"5";"1";"1";"6";"0";"3";"0";"1";"0"
"20975";"83745102";"20975";"15";"1";"1";"7";"6";"0";"2";"1";"1";"0"
"21112";"83762208";"21112";"15";"1";"1";"7";"6";"0";"1";"1";"1";"0"
"21196";"83773504";"21196";"15";"1";"1";"7";"4";"2";"0";"3";"2";"0"
"21272";"83791511";"21272";"15";"1";"1";"7";"6";"0";"1";"2";"1";"0"
"21509";"83825502";"21509";"15";"1";"1";"7";"3";"0";"1";"1";"1";"0"
"21552";"83836103";"21552";"15";"1";"1";"7";"6";"0";"2";"1";"1";"0"
"21721";"83867504";"21721";"15";"1";"1";"7";"6";"0";"1";"1";"1";"0"
"21734";"83867504";"21734";"15";"1";"1";"7";"6";"0";"1";"0";"1";"0"
"21969";"83906301";"21969";"15";"1";"3";"2";"6";"0";"1";"1";"1";"0"
"22040";"83927404";"22040";"15";"1";"1";"7";"6";"0";"1";"1";"1";"0"
"22320";"84777212";"22320";"15";"1";"1";"7";"4";"0";"1";"2";"1";"0"
"22338";"84791404";"22338";"15";"3";"1";"7";"4";"0";"1";"1";"1";"0"
"22627";"84817309";"22627";"15";"3";"7";"2";"6";"0";"1";"1";"1";"0"
"22945";"84846501";"22945";"15";"1";"1";"7";"6";"0";"1";"1";"1";"0"
"23126";"84857501";"23126";"15";"1";"1";"7";"6";"0";"2";"0";"1";"0"
"23226";"84863303";"23226";"15";"3";"3";"1";"6";"0";"1";"1";"1";"0"
"23227";"84863303";"23227";"15";"3";"1";"7";"6";"0";"1";"1";"1";"0"
"23305";"84865304";"23305";"15";"1";"1";"2";"3";"0";"1";"1";"1";"0"
"23438";"84873303";"23438";"15";"1";"1";"7";"6";"1";"0";"1";"2";"0"
"23449";"84873303";"23449";"15";"3";"1";"7";"6";"0";"3";"0";"1";"0"
"23701";"85715102";"23701";"15";"1";"1";"7";"6";"1";"0";"3";"2";"0"
"23781";"85772501";"23781";"15";"2";"1";"7";"6";"3";"1";"1";"2";"0"
"23822";"85785203";"23822";"15";"1";"1";"7";"6";"0";"1";"1";"1";"0"
"23875";"85807501";"23875";"15";"1";"1";"2";"6";"0";"1";"1";"1";"0"
"23876";"85807501";"23876";"15";"3";"1";"7";"6";"0";"1";"1";"1";"0"
"23879";"85807501";"23879";"15";"3";"1";"7";"6";"0";"1";"2";"1";"0"
"4423";"41235";"4423";"15";"3";"1";"7";"4";"0";"1";"1";"1";"0"
"28837";"87811201";"28837";"15";"1";"1";"7";"6";"0";"1";"2";"1";"0"
"28853";"87811202";"28853";"15";"3";"2";"2";"7";"0";"1";"1";"1";"0"
"28857";"87811202";"28857";"15";"2";"1";"7";"6";"0";"2";"0";"1";"0"
"29050";"87813501";"29050";"15";"1";"3";"2";"8";"0";"2";"1";"1";"0"
"29098";"87821202";"29098";"15";"1";"1";"7";"6";"0";"1";"2";"1";"0"
"29190";"87822501";"29190";"15";"1";"1";"1";"6";"0";"1";"1";"1";"0"
"29261";"87826203";"29261";"15";"1";"1";"7";"6";"0";"1";"1";"1";"0"
"29329";"87834409";"29329";"15";"1";"1";"7";"6";"0";"1";"1";"1";"0"
"29387";"87837503";"29387";"15";"1";"1";"7";"6";"0";"1";"1";"1";"0"
"29614";"88831502";"29614";"15";"3";"1";"1";"6";"0";"1";"1";"1";"0"
"29636";"88833403";"29636";"15";"1";"1";"1";"6";"0";"1";"1";"1";"0"
"29663";"88842105";"29663";"15";"1";"1";"7";"6";"0";"2";"0";"1";"0"
"14477";"78674104";"14477";"15";"1";"1";"7";"6";"0";"1";"2";"1";"0"
"14715";"78745307";"14715";"15";"1";"1";"7";"6";"0";"1";"1";"1";"0"
"14734";"78746416";"14734";"15";"3";"1";"4";"6";"0";"1";"1";"1";"0"
"14736";"78746416";"14736";"15";"1";"1";"7";"7";"0";"1";"1";"1";"0"
"14749";"78747112";"14749";"15";"1";"1";"7";"6";"0";"1";"3";"1";"0"
"14954";"78765201";"14954";"15";"1";"1";"7";"6";"0";"2";"1";"1";"0"
"14955";"78765201";"14955";"15";"1";"1";"7";"6";"1";"0";"1";"2";"0"
"14958";"78765201";"14958";"15";"1";"3";"2";"6";"0";"2";"1";"1";"0"
"14980";"78765308";"14980";"15";"1";"1";"7";"6";"0";"2";"0";"1";"0"
"15235";"78781402";"15235";"15";"1";"1";"7";"6";"0";"1";"1";"1";"0"
"15314";"78786205";"15314";"15";"1";"1";"7";"6";"0";"1";"1";"1";"0"
"15719";"79735201";"15719";"15";"1";"3";"1";"6";"0";"2";"1";"1";"0"
"15801";"79744203";"15801";"15";"3";"2";"2";"6";"0";"1";"1";"1";"0"
"15942";"79747502";"15942";"15";"1";"1";"7";"6";"0";"5";"1";"1";"0"
"15987";"79751303";"15987";"15";"3";"1";"1";"6";"0";"2";"1";"1";"0"
"16063";"79752306";"16063";"15";"1";"1";"7";"6";"0";"1";"2";"1";"0"
"16071";"79752306";"16071";"15";"3";"1";"7";"6";"0";"1";"2";"1";"0"
"16108";"79753104";"16108";"15";"1";"1";"7";"6";"0";"2";"2";"1";"0"
"16331";"79755404";"16331";"15";"3";"1";"7";"6";"0";"4";"0";"1";"0"
"16408";"79757301";"16408";"15";"1";"1";"7";"6";"0";"2";"2";"1";"0"
"16683";"79766404";"16683";"15";"3";"1";"7";"5";"0";"2";"1";"1";"0"
"16728";"79767203";"16728";"15";"1";"1";"7";"6";"0";"1";"1";"1";"0"
"16735";"79767209";"16735";"15";"1";"1";"7";"6";"0";"1";"1";"1";"0"
"16738";"79767209";"16738";"15";"1";"1";"7";"6";"0";"1";"1";"1";"0"
"17081";"79794204";"17081";"15";"1";"1";"7";"6";"0";"1";"1";"1";"0"
"17105";"79796101";"17105";"15";"1";"1";"7";"6";"0";"2";"1";"1";"0"
"17357";"80736201";"17357";"15";"1";"1";"2";"6";"0";"1";"1";"1";"0"
"17491";"80742202";"17491";"15";"1";"1";"7";"6";"0";"1";"1";"1";"0"
"17550";"80743302";"17550";"15";"1";"1";"7";"6";"0";"2";"2";"1";"0"
"17650";"80746405";"17650";"15";"3";"1";"7";"6";"0";"3";"3";"1";"0"
"17660";"80746405";"17660";"15";"1";"1";"7";"6";"0";"3";"0";"1";"0"
"17713";"80746502";"17713";"15";"1";"1";"7";"6";"0";"2";"1";"1";"0"
"17827";"80752101";"17827";"15";"1";"1";"7";"6";"0";"3";"0";"1";"0"
"17880";"80752417";"9950";"15";"1";"1";"7";"6";"0";"1";"2";"1";"0"
"17927";"80753402";"17927";"15";"1";"1";"7";"6";"0";"1";"1";"1";"0"
"17986";"80754208";"17986";"15";"1";"1";"7";"6";"1";"0";"2";"2";"0"
"17993";"80754208";"17993";"15";"1";"3";"1";"5";"0";"1";"1";"1";"0"
"17995";"80754208";"17995";"15";"5";"1";"7";"6";"0";"1";"1";"1";"0"
"17998";"80754208";"17998";"15";"3";"1";"7";"6";"0";"3";"5";"1";"0"
"18252";"80762102";"18252";"15";"3";"1";"7";"6";"0";"1";"1";"1";"0"
"18332";"80763102";"18332";"15";"1";"1";"7";"6";"0";"1";"1";"1";"0"
"18492";"80765402";"18492";"15";"1";"1";"7";"6";"1";"0";"1";"2";"0"
"18520";"80765507";"18520";"15";"3";"1";"7";"6";"0";"1";"1";"1";"0"
"18587";"80772405";"18587";"15";"3";"1";"7";"6";"1";"0";"2";"2";"0"
"18588";"80772405";"18588";"15";"3";"3";"2";"7";"0";"2";"1";"1";"0"
"18664";"80774505";"18664";"15";"1";"1";"7";"6";"0";"1";"2";"1";"0"
"18759";"80781410";"18759";"15";"1";"1";"7";"6";"0";"2";"2";"1";"0"
"18908";"80786407";"18908";"15";"3";"1";"7";"6";"0";"1";"0";"1";"0"
"19099";"80807304";"19099";"15";"1";"1";"7";"9";"0";"2";"0";"1";"0"
"14411";"77906203";"14411";"16";"3";"1";"7";"4";"1";"0";"1";"2";"0"
"14412";"77906203";"14412";"16";"1";"1";"7";"5";"1";"0";"1";"2";"0"
"14414";"77906208";"14414";"16";"3";"1";"7";"4";"0";"1";"1";"1";"0"
"14415";"77906209";"14415";"16";"1";"1";"7";"6";"0";"1";"2";"1";"0"
"14434";"78663201";"14434";"16";"3";"1";"7";"5";"0";"1";"1";"1";"0"
"14435";"78663201";"14435";"16";"3";"1";"7";"6";"1";"1";"1";"2";"0"
"14436";"78663201";"14436";"16";"3";"1";"7";"5";"1";"2";"0";"2";"0"
"14437";"78663201";"14437";"16";"1";"1";"7";"6";"1";"0";"1";"2";"0"
"14438";"78663201";"14438";"16";"1";"1";"7";"6";"0";"4";"0";"1";"0"
"14439";"78663201";"14439";"16";"1";"1";"7";"6";"0";"1";"2";"1";"0"
"14441";"78663201";"14441";"16";"3";"1";"7";"6";"1";"1";"0";"2";"0"
"14442";"78663201";"14442";"16";"3";"1";"7";"6";"0";"2";"1";"1";"0"
"14443";"78663201";"14443";"16";"1";"1";"7";"6";"0";"1";"1";"1";"0"
"14444";"78663201";"14444";"16";"1";"1";"7";"6";"0";"2";"0";"1";"0"
"14445";"78663201";"14445";"16";"1";"1";"7";"6";"0";"2";"1";"1";"0"
"14446";"78663201";"14446";"16";"1";"1";"7";"6";"0";"4";"2";"1";"0"
"14447";"78663201";"14447";"16";"3";"3";"2";"6";"1";"1";"0";"2";"0"
"14448";"78663201";"14448";"16";"1";"1";"7";"6";"0";"1";"2";"1";"0"
"14450";"78663303";"14450";"16";"3";"1";"7";"4";"1";"0";"1";"2";"0"
"14452";"78663303";"14452";"16";"3";"3";"2";"6";"1";"0";"1";"2";"0"
"14457";"78664405";"14457";"16";"1";"3";"1";"6";"0";"2";"0";"1";"0"
"14462";"78665301";"14462";"16";"2";"1";"7";"4";"1";"0";"2";"2";"0"
"14475";"78674104";"14475";"16";"1";"1";"7";"3";"1";"0";"1";"2";"0"
"14476";"78674104";"14476";"16";"3";"1";"7";"4";"0";"1";"1";"1";"0"
"14480";"78675111";"14480";"16";"1";"1";"7";"4";"1";"0";"1";"2";"0"
"14482";"78675116";"14482";"16";"3";"1";"7";"4";"1";"0";"1";"2";"0"
"14495";"78676407";"14495";"16";"3";"1";"1";"6";"0";"2";"1";"1";"0"
"14518";"78691405";"14518";"16";"1";"1";"7";"5";"1";"1";"1";"2";"0"
"14530";"78695502";"14530";"16";"1";"1";"7";"4";"1";"0";"1";"2";"0"
"14557";"78706410";"14557";"16";"3";"3";"1";"4";"0";"1";"0";"3";"0"
"14563";"78717302";"14563";"16";"1";"1";"7";"6";"1";"0";"1";"2";"0"
"14565";"78717302";"14565";"16";"3";"1";"7";"6";"1";"0";"1";"2";"0"
"14566";"78717302";"14566";"16";"2";"4";"3";"6";"1";"1";"0";"2";"0"
"14585";"78731505";"14585";"16";"1";"1";"7";"6";"0";"1";"2";"1";"0"
"14608";"78734104";"14608";"16";"3";"1";"7";"6";"0";"2";"0";"1";"0"
"14613";"78734104";"14613";"16";"1";"4";"1";"6";"0";"1";"2";"1";"0"
"14633";"78741214";"14633";"16";"1";"1";"7";"6";"0";"1";"1";"1";"0"
"14642";"78741215";"14642";"16";"3";"1";"7";"4";"0";"1";"1";"1";"0"
"14658";"78743301";"14658";"16";"3";"1";"1";"6";"0";"1";"1";"1";"0"
"14659";"78743301";"14659";"16";"1";"1";"7";"4";"0";"1";"1";"1";"0"
"14660";"78743301";"14660";"16";"1";"1";"7";"4";"0";"1";"1";"1";"0"
"14663";"78743301";"14663";"16";"1";"1";"7";"6";"0";"1";"1";"1";"0"
"14679";"78744203";"14679";"16";"1";"1";"7";"6";"0";"1";"2";"1";"0"
"14698";"78744303";"14698";"16";"1";"1";"7";"5";"0";"1";"1";"1";"0"
"14699";"78744303";"14699";"16";"1";"1";"7";"4";"0";"1";"1";"1";"0"
"14758";"78747501";"14758";"16";"1";"1";"7";"4";"0";"1";"1";"1";"0"
"14778";"78751504";"14778";"16";"1";"1";"7";"4";"1";"0";"1";"2";"0"
"14785";"78751504";"14785";"16";"1";"1";"7";"6";"0";"2";"2";"1";"0"
"14811";"78756503";"14811";"16";"1";"3";"2";"8";"0";"1";"1";"1";"0"
"14833";"78757502";"14833";"16";"1";"1";"7";"4";"0";"1";"1";"1";"0"
"14834";"78757502";"14834";"16";"5";"1";"7";"4";"0";"1";"1";"1";"0"
"14835";"78757502";"14835";"16";"2";"1";"7";"6";"0";"2";"0";"1";"0"
"14836";"78757502";"14836";"16";"1";"1";"7";"5";"0";"1";"1";"1";"0"
"14837";"78757502";"14837";"16";"3";"1";"7";"5";"1";"0";"1";"2";"0"
"14839";"78757504";"14839";"16";"5";"1";"7";"4";"0";"1";"1";"1";"0"
"14844";"78757504";"14844";"16";"1";"1";"1";"6";"0";"2";"0";"1";"0"
"14861";"78761303";"14861";"16";"1";"1";"7";"6";"0";"2";"0";"1";"0"
"14863";"78761303";"14863";"16";"2";"1";"7";"5";"0";"1";"0";"1";"0"
"14866";"78761305";"14866";"16";"1";"1";"7";"6";"0";"2";"1";"1";"0"
"14867";"78761305";"14867";"16";"1";"1";"7";"5";"0";"1";"1";"3";"0"
"14869";"78761520";"14869";"16";"1";"1";"7";"5";"1";"0";"1";"2";"0"
"14882";"78762405";"14882";"16";"1";"1";"7";"3";"0";"1";"1";"1";"0"
"14888";"78762504";"14888";"16";"1";"1";"7";"6";"0";"4";"0";"1";"0"
"14907";"78763403";"14907";"16";"1";"1";"7";"6";"0";"1";"1";"1";"0"
"14908";"78763403";"14908";"16";"1";"1";"7";"4";"0";"1";"1";"1";"0"
"14909";"78763403";"14909";"16";"3";"1";"7";"4";"0";"1";"1";"1";"0"
"14914";"78763404";"14914";"16";"1";"1";"7";"5";"1";"0";"3";"2";"0"
"14918";"78763404";"14918";"16";"1";"3";"1";"6";"0";"1";"1";"1";"0"
"14938";"78764110";"14938";"16";"1";"1";"7";"6";"0";"1";"1";"1";"0"
"14949";"78764307";"14949";"16";"1";"1";"7";"4";"0";"1";"1";"1";"0"
"14968";"78765202";"14968";"16";"3";"1";"7";"4";"0";"1";"1";"1";"0"
"14969";"78765203";"14969";"16";"1";"1";"7";"4";"0";"1";"1";"1";"0"
"14998";"78766510";"14998";"16";"1";"1";"7";"6";"0";"1";"1";"1";"0"
"15005";"78766510";"15005";"16";"1";"1";"7";"6";"0";"1";"1";"1";"0"
"15009";"78766510";"15009";"16";"1";"1";"7";"6";"0";"1";"2";"1";"0"
"15013";"78767101";"15013";"16";"3";"1";"7";"4";"0";"1";"1";"1";"0"
"15021";"78767402";"15021";"16";"3";"3";"2";"4";"0";"1";"1";"1";"0"
"15028";"78771106";"15028";"16";"1";"1";"7";"4";"0";"1";"1";"1";"0"
"15029";"78771106";"15029";"16";"3";"1";"7";"5";"1";"3";"1";"2";"0"
"15037";"78771108";"15037";"16";"1";"3";"2";"6";"0";"1";"1";"1";"0"
"15060";"78771204";"15060";"16";"1";"1";"7";"6";"0";"2";"0";"1";"0"
"15074";"78771406";"15074";"16";"3";"1";"7";"5";"3";"0";"0";"2";"0"
"15100";"78772304";"15100";"16";"1";"1";"7";"6";"0";"1";"1";"1";"0"
"15101";"78772304";"15101";"16";"1";"1";"7";"4";"0";"1";"1";"1";"0"
"15107";"78772304";"15107";"16";"2";"1";"1";"4";"0";"1";"1";"1";"0"
"15108";"78772304";"15108";"16";"1";"1";"7";"5";"0";"1";"1";"1";"0"
"15114";"78773304";"15114";"16";"1";"1";"7";"6";"2";"0";"1";"2";"0"
"15115";"78773304";"15115";"16";"1";"1";"7";"6";"1";"0";"1";"2";"0"
"15117";"78773304";"15117";"16";"1";"1";"7";"6";"0";"1";"1";"1";"0"
"15118";"78773304";"15118";"16";"1";"3";"1";"6";"0";"2";"0";"1";"0"
"15120";"78773304";"15088";"16";"1";"1";"7";"6";"1";"0";"3";"2";"0"
"15126";"78773506";"15126";"16";"1";"1";"7";"6";"0";"2";"0";"1";"0"
"15127";"78773506";"15127";"16";"1";"1";"7";"6";"1";"0";"2";"2";"0"
"15128";"78773506";"15128";"16";"1";"1";"7";"6";"0";"1";"1";"1";"0"
"15129";"78773506";"15129";"16";"1";"1";"7";"6";"0";"1";"1";"1";"0"
"15134";"78773506";"15134";"16";"1";"1";"7";"5";"2";"0";"1";"2";"0"
"15138";"78773506";"15138";"16";"1";"3";"2";"6";"0";"2";"0";"1";"0"
"15141";"78774105";"15141";"16";"1";"1";"7";"4";"0";"1";"1";"1";"0"
"15146";"78774306";"15146";"16";"1";"2";"2";"6";"0";"2";"5";"1";"0"