"accident_id";"lieu_id";"date_id";"cause_id";"lum_id";"intemp_id";"etat_surface_id";"impliq_id";"nb_blesses_graves";"nb_blesses_legers";"nb_indemnes";"gravite";"nb_morts"
"15147";"78774306";"15147";"16";"1";"1";"1";"6";"0";"4";"0";"1";"0"
"15148";"78774306";"15148";"16";"1";"1";"7";"4";"0";"1";"1";"1";"0"
"15151";"78774306";"15151";"16";"1";"1";"1";"6";"0";"1";"1";"1";"0"
"15153";"78774306";"15153";"16";"3";"1";"7";"4";"1";"0";"1";"2";"0"
"15158";"78774306";"15158";"16";"3";"3";"2";"4";"0";"1";"1";"1";"0"
"15162";"78775104";"15162";"16";"1";"1";"7";"5";"0";"1";"1";"1";"0"
"15163";"78775104";"15163";"16";"1";"3";"1";"6";"0";"4";"2";"1";"0"
"15165";"78775104";"15165";"16";"1";"1";"7";"3";"0";"1";"1";"1";"0"
"15167";"78775104";"15167";"16";"2";"1";"1";"4";"0";"1";"1";"1";"0"
"15168";"78775104";"15168";"16";"1";"1";"7";"6";"0";"1";"1";"1";"0"
"15170";"78775104";"15170";"16";"3";"1";"7";"6";"2";"2";"0";"2";"0"
"15171";"78775104";"15171";"16";"3";"1";"7";"6";"0";"2";"0";"1";"0"
"15172";"78775104";"15172";"16";"3";"1";"7";"6";"1";"0";"1";"2";"0"
"15173";"78775104";"15173";"16";"1";"1";"7";"3";"0";"1";"1";"1";"0"
"15174";"78775105";"15174";"16";"1";"3";"2";"4";"0";"1";"1";"1";"0"
"15182";"78775203";"15182";"16";"1";"1";"7";"3";"0";"1";"1";"1";"0"
"15189";"78775303";"15189";"16";"3";"1";"7";"6";"0";"1";"3";"1";"0"
"15190";"78775303";"15190";"16";"1";"1";"7";"3";"0";"1";"1";"1";"0"
"15198";"78776202";"15198";"16";"2";"1";"1";"6";"1";"0";"1";"2";"0"
"15223";"78777507";"15223";"16";"1";"1";"7";"4";"0";"1";"1";"1";"0"
"15225";"78781402";"15225";"16";"1";"1";"7";"6";"0";"1";"2";"1";"0"
"15226";"78781402";"15226";"16";"3";"1";"7";"6";"0";"1";"1";"1";"0"
"15227";"78781402";"15227";"16";"1";"1";"7";"6";"1";"1";"0";"2";"0"
"15228";"78781402";"15228";"16";"1";"3";"2";"6";"0";"3";"1";"1";"0"
"15229";"78781402";"15229";"16";"1";"3";"2";"6";"0";"2";"1";"1";"0"
"15230";"78781402";"15230";"16";"3";"3";"2";"6";"0";"1";"1";"1";"0"
"15231";"78781402";"15231";"16";"1";"1";"7";"6";"0";"1";"1";"1";"0"
"15232";"78781402";"15232";"16";"1";"1";"7";"6";"1";"0";"1";"2";"0"
"15233";"78781402";"15233";"16";"1";"1";"7";"6";"0";"1";"1";"1";"0"
"15248";"78782205";"15248";"16";"3";"3";"2";"6";"0";"3";"0";"1";"0"
"15253";"78782205";"15253";"16";"3";"3";"1";"6";"0";"2";"1";"1";"0"
"15254";"78782205";"15254";"16";"3";"3";"2";"4";"0";"1";"1";"1";"0"
"15255";"78782205";"15255";"16";"1";"1";"7";"4";"0";"1";"1";"1";"0"
"15256";"78782205";"15256";"16";"1";"2";"2";"6";"1";"0";"2";"2";"0"
"15258";"78782205";"15258";"16";"1";"1";"7";"6";"0";"1";"2";"1";"0"
"15262";"78782205";"15262";"16";"3";"1";"7";"6";"0";"2";"0";"1";"0"
"15264";"78782205";"15264";"16";"1";"1";"1";"6";"0";"1";"2";"1";"0"
"15265";"78782205";"15265";"16";"2";"1";"7";"6";"0";"1";"1";"1";"0"
"15266";"78782205";"15266";"16";"3";"1";"7";"3";"1";"0";"1";"2";"0"
"15276";"78783308";"15276";"16";"1";"1";"7";"2";"0";"1";"1";"1";"0"
"15280";"78783308";"15280";"16";"1";"3";"2";"4";"0";"1";"1";"1";"0"
"15286";"78784105";"15286";"16";"1";"1";"7";"4";"0";"1";"1";"1";"0"
"15288";"78784105";"15288";"16";"2";"1";"7";"6";"0";"2";"0";"1";"0"
"15290";"78784105";"15290";"16";"2";"1";"7";"4";"0";"1";"1";"1";"0"
"15291";"78784105";"15291";"16";"1";"1";"7";"6";"1";"0";"1";"2";"0"
"15292";"78784105";"15292";"16";"1";"1";"7";"6";"0";"2";"0";"1";"0"
"15294";"78784105";"15294";"16";"3";"1";"7";"4";"0";"1";"1";"1";"0"
"15297";"78784301";"15297";"16";"2";"1";"1";"6";"1";"0";"1";"2";"0"
"15298";"78784303";"15298";"16";"3";"1";"7";"5";"1";"0";"1";"2";"0"
"15300";"78785203";"15300";"16";"3";"1";"7";"6";"0";"1";"1";"1";"0"
"15303";"78785203";"15303";"16";"1";"1";"7";"6";"0";"1";"1";"1";"0"
"15307";"78785305";"15307";"16";"1";"1";"7";"4";"1";"0";"1";"2";"0"
"15312";"78786201";"15312";"16";"2";"3";"2";"4";"0";"1";"1";"1";"0"
"15313";"78786201";"15313";"16";"1";"1";"7";"4";"0";"1";"1";"1";"0"
"15320";"78787105";"15320";"16";"2";"1";"7";"4";"1";"0";"1";"2";"0"
"15331";"78787503";"15331";"16";"1";"1";"7";"4";"0";"1";"1";"1";"0"
"15336";"78795207";"15336";"16";"3";"3";"2";"4";"0";"2";"2";"1";"0"
"15347";"78795403";"15347";"16";"1";"1";"7";"6";"0";"1";"1";"1";"0"
"15355";"78797210";"15355";"16";"1";"3";"2";"5";"0";"1";"2";"1";"0"
"15361";"78797305";"15361";"16";"1";"1";"7";"6";"0";"1";"1";"1";"0"
"15367";"78825403";"15367";"16";"1";"1";"7";"4";"0";"1";"1";"1";"0"
"15373";"78832104";"15373";"16";"1";"1";"7";"3";"0";"1";"1";"1";"0"
"15401";"78917201";"15401";"16";"3";"1";"7";"6";"0";"2";"2";"1";"0"
"15402";"78917301";"15402";"16";"2";"1";"7";"4";"1";"0";"1";"2";"0"
"15413";"79664404";"15413";"16";"1";"1";"7";"5";"1";"0";"1";"2";"0"
"15431";"79672109";"15431";"16";"1";"1";"7";"4";"1";"0";"1";"2";"0"
"15432";"79682406";"15432";"16";"1";"2";"2";"4";"0";"1";"1";"1";"0"
"15434";"79682406";"15434";"16";"1";"3";"2";"6";"0";"1";"1";"1";"0"
"15435";"79682406";"15435";"16";"1";"1";"7";"5";"1";"0";"1";"2";"0"
"15436";"79682406";"15436";"16";"1";"1";"7";"6";"1";"0";"1";"2";"0"
"15438";"79684102";"15438";"16";"1";"1";"7";"6";"1";"0";"2";"2";"0"
"15448";"79697306";"15448";"16";"3";"1";"7";"4";"0";"2";"1";"1";"0"
"15457";"79703510";"15457";"16";"3";"1";"7";"4";"1";"1";"1";"2";"0"
"15464";"79706401";"15464";"16";"1";"1";"7";"6";"2";"5";"0";"2";"0"
"15473";"79712206";"15473";"16";"1";"3";"1";"4";"1";"0";"1";"2";"0"
"15513";"79716303";"15513";"16";"3";"1";"7";"4";"0";"2";"1";"1";"0"
"15520";"79721407";"15520";"16";"3";"1";"7";"6";"0";"1";"1";"1";"0"
"15524";"79721407";"15524";"16";"1";"1";"7";"6";"0";"1";"1";"1";"0"
"15531";"79721407";"13660";"16";"3";"1";"7";"6";"0";"2";"1";"1";"0"
"15532";"79721407";"15532";"16";"1";"1";"7";"4";"0";"1";"2";"1";"0"
"15535";"79721407";"15535";"16";"3";"1";"7";"6";"0";"4";"0";"1";"0"
"15536";"79721407";"15536";"16";"1";"1";"7";"6";"0";"3";"0";"1";"0"
"15537";"79721407";"15537";"16";"3";"1";"7";"6";"0";"2";"0";"1";"0"
"15538";"79721407";"15538";"16";"1";"1";"7";"6";"0";"2";"0";"1";"0"
"15539";"79721407";"15539";"16";"3";"3";"1";"6";"1";"4";"1";"2";"0"
"15541";"79721407";"15541";"16";"1";"3";"2";"7";"0";"1";"1";"1";"0"
"15542";"79721407";"15542";"16";"3";"1";"7";"6";"0";"1";"1";"1";"0"
"15560";"79726203";"15560";"16";"1";"1";"7";"4";"1";"0";"1";"2";"0"
"15565";"79726203";"15565";"16";"1";"3";"2";"6";"0";"1";"1";"1";"0"
"15566";"79726203";"15566";"16";"3";"1";"1";"3";"0";"1";"1";"1";"0"
"15573";"79726304";"15573";"16";"1";"1";"7";"6";"2";"2";"1";"2";"0"
"15579";"79726304";"15579";"16";"1";"1";"7";"4";"0";"1";"1";"1";"0"
"15580";"79726304";"15580";"16";"3";"1";"7";"6";"1";"1";"1";"2";"0"
"15581";"79726304";"15581";"16";"3";"1";"7";"6";"0";"1";"2";"1";"0"
"15584";"79726304";"15584";"16";"1";"1";"7";"4";"0";"1";"1";"1";"0"
"15587";"79726304";"15587";"16";"1";"1";"7";"3";"0";"1";"1";"1";"0"
"15604";"79727502";"15604";"16";"3";"1";"7";"5";"0";"1";"1";"1";"0"
"15612";"79727509";"15612";"16";"1";"1";"7";"4";"0";"1";"1";"1";"0"
"15627";"79732301";"15627";"16";"2";"1";"7";"5";"0";"1";"1";"1";"0"
"15635";"79732307";"15635";"16";"3";"1";"7";"6";"0";"1";"2";"1";"0"
"15639";"79733201";"15639";"16";"1";"1";"7";"4";"0";"1";"1";"1";"0"
"15644";"79733202";"15644";"16";"1";"1";"7";"6";"0";"2";"2";"1";"0"
"15647";"79733202";"15647";"16";"1";"2";"2";"6";"0";"1";"1";"1";"0"
"15652";"79733202";"15652";"16";"5";"1";"7";"6";"0";"1";"2";"1";"0"
"15659";"79733202";"15659";"16";"3";"1";"7";"6";"0";"1";"0";"1";"0"
"15661";"79733202";"15661";"16";"1";"3";"2";"6";"0";"1";"1";"1";"0"
"15662";"79733202";"15662";"16";"1";"1";"7";"6";"0";"2";"1";"1";"0"
"15668";"79733303";"15668";"16";"1";"1";"7";"3";"0";"1";"1";"1";"0"
"15670";"79733306";"15670";"16";"3";"1";"7";"6";"0";"1";"1";"1";"0"
"15674";"79733404";"15674";"16";"2";"1";"7";"4";"0";"1";"1";"1";"0"
"15686";"79734202";"15686";"16";"1";"1";"7";"4";"0";"1";"1";"1";"0"
"15691";"79734202";"15691";"16";"1";"1";"7";"4";"1";"0";"1";"2";"0"
"15698";"79734502";"15698";"16";"1";"1";"7";"6";"0";"1";"3";"1";"0"
"15717";"79735201";"15717";"16";"1";"1";"7";"6";"0";"1";"1";"1";"0"
"15721";"79735201";"15721";"16";"1";"1";"7";"6";"0";"4";"1";"1";"0"
"15722";"79735201";"15722";"16";"1";"1";"7";"6";"0";"2";"2";"1";"0"
"15726";"79735201";"15726";"16";"1";"1";"7";"6";"0";"2";"0";"1";"0"
"15733";"79737101";"15733";"16";"3";"2";"2";"5";"2";"0";"2";"2";"0"
"15734";"79737101";"15734";"16";"1";"3";"1";"6";"0";"2";"1";"1";"0"
"15736";"79737101";"15736";"16";"3";"3";"2";"6";"0";"3";"2";"1";"0"
"15737";"79737101";"15737";"16";"3";"1";"7";"6";"0";"1";"2";"1";"0"
"15742";"79737101";"15742";"16";"1";"1";"7";"4";"1";"0";"1";"2";"0"
"15743";"79737101";"15743";"16";"3";"1";"7";"5";"0";"3";"2";"1";"0"
"15766";"79743401";"15766";"16";"1";"1";"7";"6";"0";"1";"1";"1";"0"
"15771";"79743401";"15771";"16";"2";"1";"7";"6";"0";"3";"0";"1";"0"
"15773";"79743401";"15773";"16";"1";"1";"7";"6";"1";"0";"1";"2";"0"
"15775";"79743406";"15775";"16";"1";"1";"7";"6";"0";"3";"1";"1";"0"
"15784";"79744105";"15784";"16";"1";"1";"7";"4";"0";"1";"1";"1";"0"
"15864";"79745407";"15864";"16";"1";"1";"7";"6";"0";"1";"1";"1";"0"
"15868";"79745407";"15868";"16";"1";"3";"2";"3";"0";"1";"1";"1";"0"
"15881";"79746101";"15881";"16";"1";"1";"7";"4";"1";"0";"1";"2";"0"
"15939";"79747502";"15939";"16";"1";"3";"2";"6";"0";"1";"1";"1";"0"
"15947";"79751102";"15947";"16";"1";"6";"2";"3";"0";"1";"1";"1";"0"
"15948";"79751102";"15948";"16";"1";"1";"7";"4";"0";"1";"1";"1";"0"
"15969";"79751303";"15969";"16";"1";"1";"7";"4";"0";"1";"1";"1";"0"
"15975";"79751303";"15975";"16";"1";"1";"7";"6";"0";"2";"1";"1";"0"
"15988";"79751303";"15988";"16";"1";"1";"7";"4";"1";"0";"1";"2";"0"
"15989";"79751303";"15989";"16";"1";"1";"7";"4";"0";"1";"1";"1";"0"
"16018";"79752108";"16018";"16";"3";"1";"7";"4";"0";"1";"1";"1";"0"
"16020";"79752108";"16020";"16";"1";"1";"7";"4";"0";"1";"1";"1";"0"
"16032";"79752301";"16032";"16";"1";"3";"1";"6";"0";"1";"1";"1";"0"
"16033";"79752301";"16033";"16";"3";"1";"7";"4";"0";"1";"1";"1";"0"
"16045";"79752306";"16045";"16";"2";"2";"2";"6";"0";"1";"1";"1";"0"
"16052";"79752306";"16052";"16";"3";"1";"7";"6";"0";"1";"1";"1";"0"
"16054";"79752306";"16054";"16";"3";"1";"7";"6";"0";"3";"1";"1";"0"
"16058";"79752306";"16058";"16";"5";"1";"7";"6";"0";"5";"1";"1";"0"
"16060";"79752306";"16060";"16";"1";"1";"7";"6";"0";"1";"2";"1";"0"
"16062";"79752306";"16062";"16";"1";"1";"7";"6";"0";"2";"1";"1";"0"
"16064";"79752306";"16064";"16";"1";"1";"7";"6";"0";"1";"1";"1";"0"
"16065";"79752306";"16065";"16";"3";"1";"1";"6";"0";"2";"0";"1";"0"
"16066";"79752306";"16066";"16";"2";"1";"7";"6";"0";"2";"1";"1";"0"
"16070";"79752306";"16070";"16";"1";"1";"7";"6";"0";"1";"1";"1";"0"
"16073";"79752306";"16073";"16";"1";"1";"7";"6";"0";"1";"1";"1";"0"
"16074";"79752306";"16074";"16";"3";"1";"7";"6";"0";"1";"1";"1";"0"
"16078";"79752306";"16078";"16";"1";"1";"7";"4";"0";"1";"1";"1";"0"
"16080";"79752306";"16080";"16";"1";"1";"7";"6";"0";"1";"1";"1";"0"
"16081";"79752306";"16081";"16";"1";"1";"7";"6";"1";"3";"1";"2";"0"
"16082";"79752306";"16082";"16";"2";"3";"2";"6";"0";"1";"4";"1";"0"
"16105";"79753104";"16105";"16";"1";"1";"7";"6";"1";"2";"1";"2";"0"
"16110";"79753104";"16110";"16";"3";"1";"7";"6";"0";"2";"0";"1";"0"
"16119";"79753104";"16119";"16";"1";"1";"7";"6";"0";"2";"1";"1";"0"
"16120";"79753104";"16120";"16";"1";"1";"7";"4";"0";"1";"1";"1";"0"
"16122";"79753104";"16122";"16";"3";"1";"7";"4";"1";"0";"2";"2";"0"
"16123";"79753104";"16123";"16";"1";"1";"7";"5";"0";"1";"1";"1";"0"
"16124";"79753104";"16124";"16";"1";"1";"7";"5";"0";"1";"1";"1";"0"
"16129";"79753105";"16129";"16";"1";"1";"7";"5";"0";"1";"1";"1";"0"
"16160";"79753203";"16160";"16";"1";"3";"1";"6";"0";"1";"1";"1";"0"
"16163";"79753203";"16163";"16";"5";"1";"7";"5";"1";"0";"1";"2";"0"
"16164";"79753203";"16164";"16";"5";"1";"7";"6";"0";"1";"2";"1";"0"
"16165";"79753203";"16165";"16";"5";"1";"7";"4";"0";"1";"1";"1";"0"
"16167";"79753203";"16167";"16";"5";"1";"7";"6";"0";"2";"1";"1";"0"
"16168";"79753203";"16168";"16";"1";"3";"1";"4";"0";"1";"1";"1";"0"
"16169";"79753203";"16169";"16";"1";"3";"1";"5";"0";"1";"1";"1";"0"
"16170";"79753203";"16170";"16";"1";"1";"7";"6";"0";"1";"1";"1";"0"
"16172";"79753203";"16172";"16";"1";"1";"7";"6";"0";"1";"2";"1";"0"
"16173";"79753203";"16173";"16";"1";"3";"2";"6";"0";"2";"1";"1";"0"
"16174";"79753203";"16174";"16";"1";"1";"2";"6";"0";"1";"2";"1";"0"
"16177";"79753203";"16177";"16";"1";"1";"7";"6";"0";"1";"1";"1";"0"
"16180";"79753203";"16180";"16";"1";"2";"2";"5";"0";"2";"1";"1";"0"
"16194";"79753304";"16194";"16";"1";"1";"7";"4";"0";"1";"1";"1";"0"
"16208";"79753502";"16208";"16";"3";"1";"7";"6";"0";"1";"1";"1";"0"
"16213";"79753502";"16213";"16";"5";"1";"1";"6";"0";"1";"1";"1";"0"
"16227";"79753503";"16227";"16";"1";"1";"7";"4";"0";"1";"1";"1";"0"
"16228";"79753503";"16228";"16";"1";"1";"7";"5";"0";"1";"1";"1";"0"
"16241";"79753503";"16241";"16";"1";"1";"7";"5";"0";"1";"2";"1";"0"
"16297";"79754305";"16297";"16";"3";"1";"7";"4";"0";"1";"1";"1";"0"
"16303";"79754507";"16303";"16";"1";"1";"7";"4";"0";"1";"1";"1";"0"
"16348";"79756101";"16348";"16";"1";"1";"7";"6";"0";"1";"1";"1";"0"
"16383";"79757103";"16383";"16";"1";"1";"7";"4";"0";"1";"1";"1";"0"
"16400";"79757206";"16400";"16";"1";"1";"7";"4";"0";"2";"1";"1";"0"
"16403";"79757206";"16403";"16";"2";"1";"7";"4";"0";"1";"0";"1";"0"
"16406";"79757301";"16406";"16";"1";"1";"7";"5";"0";"1";"1";"1";"0"
"16409";"79757301";"16409";"16";"3";"1";"7";"6";"0";"1";"2";"1";"0"
"16411";"79757301";"16411";"16";"3";"1";"7";"6";"0";"3";"2";"1";"0"
"16412";"79757301";"16412";"16";"2";"3";"2";"6";"0";"1";"1";"1";"0"
"16419";"79757307";"16419";"16";"1";"1";"7";"4";"0";"1";"1";"1";"0"
"16431";"79757503";"16431";"16";"1";"1";"7";"6";"0";"2";"0";"1";"0"
"16499";"79762102";"16499";"16";"1";"1";"7";"4";"0";"1";"1";"1";"0"
"16518";"79763201";"16518";"16";"3";"1";"1";"4";"0";"1";"1";"1";"0"
"16607";"79765102";"16607";"16";"2";"1";"7";"6";"1";"0";"2";"2";"0"
"16647";"79766201";"16647";"16";"1";"1";"7";"4";"0";"1";"1";"1";"0"
"16648";"79766201";"16648";"16";"3";"1";"7";"6";"0";"2";"0";"1";"0"
"16649";"79766201";"16649";"16";"3";"1";"7";"6";"0";"1";"1";"1";"0"
"16650";"79766201";"16650";"16";"3";"1";"7";"4";"0";"1";"1";"1";"0"
"16652";"79766201";"16652";"16";"3";"1";"7";"5";"1";"0";"1";"2";"0"
"16655";"79766201";"16655";"16";"3";"1";"7";"6";"0";"2";"1";"1";"0"
"16658";"79766201";"16658";"16";"4";"1";"7";"6";"0";"1";"2";"1";"0"
"16660";"79766201";"16660";"16";"1";"3";"1";"6";"0";"2";"0";"1";"0"
"16663";"79766201";"16663";"16";"1";"3";"1";"6";"0";"1";"1";"1";"0"
"16664";"79766201";"16664";"16";"1";"1";"7";"6";"0";"2";"0";"1";"0"
"16669";"79766205";"16669";"16";"3";"1";"7";"5";"1";"2";"1";"2";"0"
"16675";"79766205";"16675";"16";"3";"1";"7";"5";"0";"1";"1";"1";"0"
"16676";"79766205";"16676";"16";"1";"1";"7";"4";"0";"1";"1";"1";"0"
"16739";"79767209";"16739";"16";"1";"1";"7";"6";"0";"2";"1";"1";"0"
"16741";"79767209";"16741";"16";"1";"1";"7";"6";"0";"1";"1";"1";"0"
"16747";"79767213";"16747";"16";"5";"1";"7";"5";"0";"1";"1";"1";"0"
"16889";"79773505";"16889";"16";"1";"1";"7";"5";"0";"1";"1";"1";"0"
"16893";"79773505";"16893";"16";"2";"1";"7";"5";"0";"2";"1";"1";"0"
"16955";"79776306";"16955";"16";"1";"1";"7";"6";"0";"2";"1";"1";"0"
"16958";"79776502";"16958";"16";"2";"1";"7";"6";"0";"1";"1";"1";"0"
"16983";"79781508";"16983";"16";"3";"1";"7";"3";"0";"1";"1";"1";"0"
"16984";"79781508";"16984";"16";"1";"3";"1";"4";"0";"0";"2";"0";"0"
"16985";"79781508";"16985";"16";"1";"1";"7";"6";"1";"0";"1";"2";"0"
"16992";"79782104";"16992";"16";"1";"1";"7";"6";"1";"0";"1";"2";"0"
"17016";"79786404";"17016";"16";"3";"1";"7";"5";"0";"1";"1";"1";"0"
"17033";"79787406";"17033";"16";"1";"1";"7";"3";"0";"0";"1";"3";"0"
"17037";"79791209";"17037";"16";"1";"1";"4";"6";"0";"2";"1";"1";"0"
"17038";"79791209";"17038";"16";"1";"1";"7";"6";"0";"2";"0";"1";"0"
"17041";"79792102";"17041";"16";"1";"1";"7";"4";"0";"1";"1";"1";"0"
"17042";"79792102";"17042";"16";"1";"1";"7";"6";"0";"1";"1";"1";"0"
"17048";"79793101";"17048";"16";"3";"1";"7";"4";"0";"1";"2";"1";"0"
"17049";"79793101";"17049";"16";"3";"1";"7";"4";"0";"1";"1";"1";"0"
"17054";"79793202";"17054";"16";"3";"1";"7";"5";"2";"0";"1";"2";"0"
"17056";"79793208";"17056";"16";"3";"1";"7";"4";"0";"1";"1";"1";"0"
"17077";"79793510";"17077";"16";"1";"1";"7";"6";"0";"2";"0";"1";"0"
"17082";"79794204";"17082";"16";"1";"1";"7";"4";"0";"1";"1";"1";"0"
"17088";"79795301";"17088";"16";"1";"1";"7";"6";"1";"0";"1";"2";"0"
"17096";"79795402";"17096";"16";"3";"1";"2";"6";"1";"1";"0";"2";"0"
"17107";"79796101";"17107";"16";"2";"1";"7";"3";"0";"1";"1";"1";"0"
"17118";"79804503";"17118";"16";"3";"1";"1";"4";"0";"1";"2";"1";"0"
"17122";"79805110";"17122";"16";"1";"1";"7";"3";"0";"1";"1";"1";"0"
"17125";"79805403";"17125";"16";"2";"1";"7";"6";"0";"3";"0";"1";"0"
"17128";"79805501";"17128";"16";"1";"1";"7";"6";"1";"1";"2";"2";"0"
"17136";"79807401";"17136";"16";"1";"1";"1";"6";"0";"1";"1";"1";"0"
"17140";"79813506";"17140";"16";"2";"1";"7";"4";"0";"1";"1";"1";"0"
"17142";"79813506";"17142";"16";"1";"1";"7";"6";"1";"0";"1";"2";"0"
"17147";"79814403";"17147";"16";"1";"1";"7";"4";"0";"1";"1";"1";"0"
"17149";"79814403";"17149";"16";"1";"2";"2";"6";"0";"2";"3";"1";"0"
"17156";"79824103";"17156";"16";"1";"1";"7";"4";"0";"1";"1";"1";"0"
"17167";"79826409";"17167";"16";"2";"3";"2";"4";"1";"0";"1";"2";"0"
"17168";"79826505";"17168";"16";"2";"1";"7";"3";"0";"1";"1";"1";"0"
"17174";"79832103";"17174";"16";"3";"1";"7";"6";"0";"3";"0";"1";"0"
"17181";"79832103";"17181";"16";"1";"1";"7";"6";"0";"1";"1";"1";"0"
"17194";"79895402";"17194";"16";"1";"1";"7";"5";"1";"0";"1";"2";"0"
"17196";"79913206";"17196";"16";"1";"1";"7";"6";"0";"2";"1";"1";"0"
"17200";"79913206";"17200";"16";"1";"1";"7";"6";"0";"1";"4";"1";"0"
"17209";"79913402";"17209";"16";"1";"1";"7";"4";"0";"2";"1";"1";"0"
"17210";"79913504";"17210";"16";"3";"1";"1";"4";"0";"1";"1";"1";"0"
"17228";"80661305";"17228";"16";"1";"1";"7";"6";"0";"2";"0";"1";"0"
"17234";"80681504";"17234";"16";"1";"3";"2";"6";"0";"1";"1";"1";"0"
"17251";"80697402";"17251";"16";"3";"1";"7";"5";"0";"1";"1";"1";"0"
"17253";"80716405";"17253";"16";"1";"1";"7";"6";"0";"2";"0";"1";"0"
"17254";"80716405";"17254";"16";"3";"1";"7";"6";"0";"2";"0";"1";"0"
"17262";"80725205";"17262";"16";"1";"1";"2";"6";"0";"1";"1";"1";"0"
"17264";"80725205";"7002";"16";"3";"3";"1";"3";"1";"0";"1";"2";"0"
"17265";"80725205";"17265";"16";"3";"1";"7";"6";"0";"5";"0";"1";"0"
"17267";"80725301";"17267";"16";"3";"1";"7";"4";"1";"0";"1";"2";"0"
"17299";"80731210";"17299";"16";"1";"1";"7";"4";"1";"1";"1";"2";"0"
"17303";"80731301";"17303";"16";"3";"1";"7";"4";"0";"1";"1";"1";"0"
"17310";"80732203";"17310";"16";"1";"1";"2";"6";"0";"0";"2";"0";"0"
"17311";"80732203";"17311";"16";"3";"3";"1";"4";"0";"1";"1";"1";"0"
"17313";"80732501";"17313";"16";"1";"1";"7";"4";"1";"0";"1";"2";"0"
"17315";"80732501";"17315";"16";"1";"1";"7";"4";"0";"1";"1";"1";"0"
"17316";"80732501";"17316";"16";"1";"1";"7";"3";"1";"0";"1";"2";"0"
"17318";"80732501";"17318";"16";"3";"3";"1";"6";"0";"6";"1";"1";"0"
"17319";"80732501";"17319";"16";"1";"1";"7";"6";"0";"3";"1";"1";"0"
"17320";"80732501";"17320";"16";"1";"1";"7";"6";"0";"1";"1";"1";"0"
"17322";"80732501";"17322";"16";"3";"1";"7";"5";"0";"1";"2";"1";"0"
"17333";"80733406";"17333";"16";"3";"1";"7";"2";"1";"0";"1";"2";"0"
"17342";"80734303";"17342";"16";"3";"1";"7";"4";"0";"1";"1";"1";"0"
"17346";"80735103";"17346";"16";"1";"1";"7";"6";"1";"0";"1";"2";"0"
"17349";"80735302";"17349";"16";"3";"1";"7";"4";"0";"1";"1";"1";"0"
"17353";"80735315";"17353";"16";"5";"1";"7";"6";"0";"1";"1";"1";"0"
"17355";"80736201";"17355";"16";"3";"1";"7";"6";"0";"1";"1";"1";"0"
"17356";"80736201";"17356";"16";"3";"1";"7";"4";"1";"1";"1";"2";"0"
"17364";"80737101";"17364";"16";"1";"1";"7";"4";"1";"0";"1";"2";"0"
"17365";"80737101";"17365";"16";"3";"1";"7";"6";"1";"1";"0";"2";"0"
"17367";"80737101";"17367";"16";"1";"1";"7";"6";"0";"3";"0";"1";"0"
"17372";"80737103";"17372";"16";"1";"1";"1";"4";"1";"0";"1";"2";"0"
"17375";"80737303";"17375";"16";"1";"1";"7";"5";"1";"0";"1";"2";"0"
"17378";"80737303";"17378";"16";"3";"3";"2";"4";"1";"0";"1";"2";"0"
"17384";"80737402";"17384";"16";"1";"1";"7";"4";"0";"1";"1";"1";"0"
"17385";"80737402";"17385";"16";"3";"1";"7";"4";"0";"1";"1";"1";"0"
"17387";"80737402";"17387";"16";"1";"1";"7";"3";"0";"1";"0";"1";"0"
"17389";"80737402";"17389";"16";"3";"6";"1";"6";"1";"1";"2";"2";"0"
"17396";"80737503";"17396";"16";"2";"1";"7";"6";"0";"1";"1";"1";"0"
"17397";"80737503";"17397";"16";"1";"1";"7";"5";"1";"0";"1";"2";"0"
"17405";"80741201";"17405";"16";"3";"1";"7";"6";"0";"3";"1";"1";"0"
"17408";"80741201";"17408";"16";"1";"1";"7";"6";"0";"2";"1";"1";"0"
"17453";"80742105";"17453";"16";"1";"1";"7";"4";"0";"1";"1";"1";"0"
"17458";"80742107";"17458";"16";"1";"3";"2";"6";"0";"2";"3";"1";"0"
"17465";"80742107";"17465";"16";"5";"3";"1";"4";"1";"0";"1";"2";"0"
"17469";"80742107";"17469";"16";"3";"1";"7";"4";"0";"1";"1";"1";"0"
"17516";"80742314";"17516";"16";"2";"3";"1";"2";"0";"1";"2";"1";"0"
"17538";"80743302";"17538";"16";"1";"1";"7";"6";"0";"1";"2";"1";"0"
"17539";"80743302";"17539";"16";"1";"1";"1";"6";"0";"2";"2";"1";"0"
"17541";"80743302";"17541";"16";"3";"1";"1";"6";"0";"2";"1";"1";"0"
"17542";"80743302";"17542";"16";"1";"1";"7";"6";"0";"1";"1";"1";"0"
"17544";"80743302";"17544";"16";"1";"1";"7";"6";"0";"1";"2";"1";"0"
"17547";"80743302";"17547";"16";"1";"1";"7";"4";"0";"1";"1";"1";"0"