"accident_id";"lieu_id";"date_id";"cause_id";"lum_id";"intemp_id";"etat_surface_id";"impliq_id";"nb_blesses_graves";"nb_blesses_legers";"nb_indemnes";"gravite";"nb_morts"
"17558";"80743302";"17558";"16";"1";"1";"7";"6";"0";"1";"1";"1";"0"
"17600";"80744302";"17600";"16";"1";"1";"7";"6";"0";"1";"1";"1";"0"
"17639";"80746405";"17639";"16";"3";"1";"7";"5";"0";"1";"1";"1";"0"
"17642";"80746405";"17642";"16";"1";"1";"7";"6";"0";"1";"1";"1";"0"
"17644";"80746405";"17644";"16";"1";"1";"7";"4";"0";"1";"1";"1";"0"
"17649";"80746405";"17649";"16";"3";"1";"7";"5";"0";"1";"2";"1";"0"
"17655";"80746405";"17655";"16";"1";"1";"7";"6";"1";"1";"1";"2";"0"
"17656";"80746405";"17656";"16";"1";"1";"7";"4";"0";"1";"1";"1";"0"
"17659";"80746405";"17659";"16";"1";"1";"7";"6";"0";"1";"1";"1";"0"
"17661";"80746405";"17661";"16";"1";"1";"7";"6";"0";"2";"0";"1";"0"
"17663";"80746405";"17663";"16";"1";"1";"7";"6";"0";"1";"2";"1";"0"
"17668";"80746405";"17668";"16";"1";"3";"1";"6";"0";"2";"1";"1";"0"
"17673";"80746405";"17673";"16";"2";"3";"1";"6";"0";"2";"1";"1";"0"
"17674";"80746405";"17674";"16";"1";"2";"1";"6";"0";"1";"2";"1";"0"
"17679";"80746405";"17679";"16";"1";"1";"7";"6";"0";"1";"2";"1";"0"
"17682";"80746405";"17682";"16";"2";"3";"2";"6";"0";"1";"1";"1";"0"
"17684";"80746405";"17684";"16";"2";"1";"7";"6";"0";"1";"1";"1";"0"
"17688";"80746405";"17688";"16";"1";"3";"2";"6";"0";"2";"2";"1";"0"
"17699";"80746410";"17699";"16";"1";"1";"7";"5";"1";"1";"1";"2";"0"
"17700";"80746410";"17700";"16";"2";"1";"7";"5";"0";"1";"1";"1";"0"
"17702";"80746410";"17702";"16";"1";"1";"7";"5";"0";"1";"1";"1";"0"
"17703";"80746410";"17703";"16";"1";"1";"7";"5";"0";"1";"1";"1";"0"
"17705";"80746502";"17705";"16";"1";"1";"7";"4";"0";"1";"1";"1";"0"
"17710";"80746502";"17710";"16";"1";"1";"7";"6";"0";"2";"0";"1";"0"
"17718";"80746502";"17718";"16";"1";"1";"7";"4";"0";"1";"2";"1";"0"
"17727";"80747101";"17727";"16";"3";"3";"1";"6";"0";"2";"0";"1";"0"
"17735";"80747201";"17735";"16";"1";"3";"2";"5";"0";"1";"1";"1";"0"
"17771";"80751106";"17771";"16";"1";"1";"2";"6";"0";"2";"1";"1";"0"
"17796";"80751302";"17796";"16";"1";"1";"7";"3";"0";"1";"1";"1";"0"
"17817";"80752101";"17817";"16";"1";"1";"7";"4";"0";"1";"1";"1";"0"
"17819";"80752101";"17819";"16";"2";"1";"7";"5";"0";"1";"1";"1";"0"
"17820";"80752101";"2573";"16";"1";"1";"7";"6";"0";"1";"1";"1";"0"
"17824";"80752101";"17824";"16";"1";"1";"7";"4";"0";"1";"1";"1";"0"
"17834";"80752101";"17834";"16";"3";"3";"2";"6";"0";"2";"1";"1";"0"
"17839";"80752102";"17839";"16";"1";"1";"7";"6";"0";"1";"1";"1";"0"
"17841";"80752102";"17841";"16";"1";"1";"7";"6";"0";"1";"1";"1";"0"
"17842";"80752102";"17842";"16";"1";"1";"7";"5";"0";"1";"1";"1";"0"
"17843";"80752102";"17843";"16";"1";"1";"7";"6";"0";"2";"1";"1";"0"
"17846";"80752102";"17846";"16";"1";"1";"7";"6";"0";"2";"1";"1";"0"
"17847";"80752102";"17847";"16";"1";"1";"7";"6";"0";"2";"0";"1";"0"
"17849";"80752102";"17849";"16";"1";"7";"7";"6";"0";"2";"1";"1";"0"
"17850";"80752102";"17850";"16";"1";"1";"7";"6";"0";"1";"2";"1";"0"
"17851";"80752102";"17851";"16";"1";"1";"7";"6";"0";"1";"1";"1";"0"
"17852";"80752102";"17852";"16";"1";"1";"1";"6";"0";"1";"2";"1";"0"
"17855";"80752102";"17855";"16";"1";"1";"7";"6";"0";"4";"1";"1";"0"
"17856";"80752102";"17856";"16";"1";"1";"7";"6";"0";"1";"0";"1";"0"
"17864";"80752107";"17864";"16";"3";"3";"2";"4";"1";"0";"1";"2";"0"
"17902";"80753102";"17902";"16";"1";"1";"7";"4";"0";"1";"1";"1";"0"
"18004";"80754301";"18004";"16";"3";"1";"7";"4";"0";"1";"1";"1";"0"
"18058";"80755407";"18058";"16";"3";"1";"7";"6";"0";"1";"1";"1";"0"
"18062";"80755407";"18062";"16";"1";"1";"7";"6";"0";"2";"2";"1";"0"
"18066";"80755407";"18066";"16";"1";"1";"7";"6";"0";"1";"1";"1";"0"
"18072";"80755407";"18072";"16";"3";"1";"7";"3";"0";"1";"1";"1";"0"
"18087";"80756101";"18087";"16";"1";"1";"7";"3";"0";"1";"1";"1";"0"
"18149";"80761105";"18149";"16";"1";"1";"7";"4";"0";"1";"1";"1";"0"
"18320";"80762405";"18320";"16";"1";"1";"7";"8";"0";"1";"1";"1";"0"
"18337";"80763207";"18337";"16";"1";"1";"7";"4";"0";"1";"1";"1";"0"
"18344";"80763208";"18344";"16";"5";"1";"7";"4";"0";"1";"1";"1";"0"
"18359";"80764102";"18359";"16";"1";"1";"7";"5";"0";"1";"1";"1";"0"
"18369";"80764106";"18369";"16";"3";"1";"7";"6";"0";"2";"1";"1";"0"
"18373";"80764106";"18373";"16";"1";"1";"7";"6";"0";"1";"2";"1";"0"
"18375";"80764106";"18375";"16";"3";"1";"7";"6";"0";"1";"1";"1";"0"
"18377";"80764106";"18377";"16";"5";"1";"7";"5";"0";"2";"2";"1";"0"
"18397";"80764204";"18397";"16";"5";"1";"7";"6";"0";"1";"2";"1";"0"
"18402";"80764204";"18402";"16";"3";"1";"7";"5";"0";"1";"1";"1";"0"
"18411";"80764302";"18411";"16";"1";"1";"7";"3";"0";"1";"1";"1";"0"
"18432";"80764406";"18432";"16";"3";"3";"1";"6";"0";"1";"3";"1";"0"
"18433";"80764406";"18433";"16";"1";"1";"7";"5";"0";"1";"1";"1";"0"
"18434";"80764406";"18434";"16";"1";"1";"7";"5";"0";"1";"1";"1";"0"
"18487";"80765402";"18487";"16";"1";"1";"7";"6";"0";"1";"1";"1";"0"
"18508";"80765405";"18508";"16";"1";"1";"7";"3";"0";"1";"1";"1";"0"
"18521";"80765507";"18521";"16";"1";"1";"7";"6";"0";"1";"2";"1";"0"
"18523";"80765507";"18523";"16";"1";"1";"7";"4";"0";"1";"1";"1";"0"
"18524";"80765507";"18524";"16";"1";"3";"2";"6";"0";"2";"0";"1";"0"
"18531";"80765510";"18531";"16";"1";"1";"7";"4";"0";"1";"1";"1";"0"
"18535";"80766507";"18535";"16";"1";"1";"7";"5";"0";"3";"0";"1";"0"
"18536";"80766507";"18536";"16";"1";"1";"7";"5";"0";"1";"2";"1";"0"
"18620";"80774111";"18620";"16";"1";"1";"7";"6";"0";"2";"1";"1";"0"
"18621";"80774111";"18621";"16";"1";"1";"7";"6";"0";"2";"0";"1";"0"
"18657";"80774505";"18657";"16";"1";"1";"7";"6";"0";"1";"1";"1";"0"
"18682";"80775101";"18682";"16";"1";"1";"7";"6";"0";"2";"0";"1";"0"
"18684";"80775101";"18684";"16";"1";"1";"7";"4";"0";"1";"1";"1";"0"
"18685";"80775101";"18685";"16";"1";"1";"7";"6";"0";"1";"1";"1";"0"
"18686";"80775101";"18686";"16";"3";"1";"7";"6";"0";"1";"1";"1";"0"
"18687";"80775101";"18687";"16";"1";"1";"7";"3";"0";"1";"1";"1";"0"
"18689";"80775101";"18689";"16";"1";"1";"7";"4";"0";"1";"1";"1";"0"
"18690";"80775101";"18690";"16";"3";"1";"7";"6";"0";"1";"2";"1";"0"
"18695";"80775101";"18695";"16";"1";"1";"7";"3";"0";"1";"1";"1";"0"
"18697";"80775101";"18697";"16";"1";"1";"7";"6";"0";"1";"1";"1";"0"
"18705";"80775101";"18705";"16";"1";"1";"7";"5";"0";"1";"1";"1";"0"
"18714";"80775103";"18714";"16";"1";"1";"7";"3";"1";"0";"1";"2";"0"
"18756";"80781410";"18756";"16";"1";"1";"1";"4";"1";"0";"1";"2";"0"
"18758";"80781410";"18758";"16";"3";"3";"1";"4";"1";"0";"1";"2";"0"
"18763";"80782109";"18763";"16";"5";"2";"2";"4";"0";"1";"1";"1";"0"
"18767";"80782109";"18767";"16";"1";"1";"7";"6";"0";"1";"1";"1";"0"
"18789";"80783406";"18789";"16";"1";"1";"7";"4";"0";"2";"0";"1";"0"
"18796";"80783411";"18796";"16";"2";"1";"7";"6";"0";"1";"1";"1";"0"
"18800";"80783505";"18800";"16";"1";"1";"7";"4";"0";"1";"1";"1";"0"
"18801";"80783508";"18801";"16";"1";"3";"2";"6";"0";"1";"1";"1";"0"
"18826";"80784407";"18826";"16";"1";"1";"7";"4";"0";"1";"1";"1";"0"
"18859";"80785305";"18859";"16";"1";"6";"1";"6";"0";"4";"0";"1";"0"
"18882";"80786204";"18882";"16";"1";"1";"7";"6";"1";"0";"2";"2";"0"
"18889";"80786212";"18889";"16";"3";"3";"1";"4";"0";"1";"1";"1";"0"
"18891";"80786302";"18891";"16";"1";"2";"2";"3";"0";"1";"1";"1";"0"
"18892";"80786302";"17432";"16";"3";"1";"7";"5";"0";"1";"1";"1";"0"
"18894";"80786303";"18894";"16";"3";"3";"2";"6";"0";"2";"3";"1";"0"
"18896";"80786303";"18896";"16";"3";"1";"1";"5";"0";"1";"1";"1";"0"
"18899";"80786303";"18899";"16";"1";"1";"7";"6";"0";"3";"0";"1";"0"
"18906";"80786407";"18906";"16";"3";"1";"7";"6";"0";"1";"1";"1";"0"
"18907";"80786407";"18907";"16";"1";"1";"7";"4";"0";"2";"1";"1";"0"
"18911";"80786407";"18911";"16";"3";"3";"2";"4";"0";"1";"1";"1";"0"
"18914";"80786407";"18914";"16";"2";"1";"7";"6";"0";"1";"2";"1";"0"
"18921";"80786509";"18921";"16";"1";"1";"7";"3";"0";"1";"1";"1";"0"
"18937";"80793505";"18937";"16";"1";"1";"7";"5";"1";"0";"1";"2";"0"
"18959";"80796106";"18959";"16";"3";"1";"7";"6";"1";"0";"1";"2";"0"
"18960";"80796106";"18960";"16";"1";"1";"7";"4";"0";"1";"0";"1";"0"
"18967";"80796108";"18967";"16";"1";"1";"7";"6";"1";"0";"1";"2";"0"
"18968";"80796108";"18968";"16";"3";"1";"1";"6";"0";"4";"0";"1";"0"
"18971";"80796212";"18971";"16";"1";"1";"7";"4";"0";"1";"1";"1";"0"
"18974";"80796303";"18974";"16";"1";"1";"7";"4";"1";"0";"1";"2";"0"
"18984";"80796502";"18984";"16";"1";"3";"1";"6";"0";"1";"1";"1";"0"
"18995";"80797402";"18995";"16";"1";"1";"2";"6";"0";"1";"1";"1";"0"
"19015";"80797505";"19015";"16";"3";"1";"7";"4";"1";"0";"2";"2";"0"
"19025";"80797508";"19025";"16";"1";"1";"7";"4";"0";"1";"1";"1";"0"
"19026";"80797508";"19026";"16";"1";"1";"7";"4";"0";"1";"1";"1";"0"
"19028";"80797508";"19028";"16";"1";"1";"7";"6";"0";"1";"1";"1";"0"
"19037";"80804105";"19037";"16";"2";"1";"7";"4";"0";"1";"1";"1";"0"
"19038";"80804112";"19038";"16";"3";"3";"2";"6";"0";"1";"2";"1";"0"
"19049";"80804404";"19049";"16";"3";"4";"2";"5";"0";"2";"1";"1";"0"
"19068";"80805401";"19068";"16";"1";"1";"7";"6";"1";"0";"1";"2";"0"
"19071";"80805401";"19071";"16";"3";"1";"7";"4";"0";"1";"1";"1";"0"
"19081";"80807107";"19081";"16";"3";"1";"2";"6";"0";"1";"1";"1";"0"
"19089";"80807107";"19089";"16";"3";"1";"7";"5";"0";"1";"1";"1";"0"
"19091";"80807107";"19091";"16";"3";"1";"7";"6";"0";"3";"0";"1";"0"
"19092";"80807108";"19092";"16";"1";"1";"7";"6";"0";"1";"0";"1";"0"
"19094";"80807108";"19094";"16";"3";"1";"7";"5";"0";"1";"2";"1";"0"
"19098";"80807304";"19098";"16";"2";"1";"7";"4";"0";"1";"1";"1";"0"
"19101";"80807304";"19101";"16";"3";"1";"5";"4";"0";"1";"1";"1";"0"
"19104";"80812408";"19104";"16";"1";"1";"7";"4";"0";"1";"0";"1";"0"
"19105";"80812408";"19105";"16";"3";"3";"2";"5";"0";"1";"1";"1";"0"
"19111";"80813108";"19111";"16";"1";"1";"7";"5";"1";"1";"1";"2";"0"
"19112";"80813108";"19112";"16";"1";"1";"7";"4";"1";"0";"1";"2";"0"
"19117";"80813112";"19117";"16";"1";"1";"7";"6";"0";"1";"1";"1";"0"
"19118";"80813202";"19118";"16";"1";"1";"7";"6";"0";"2";"4";"1";"0"
"19124";"80813203";"19124";"16";"1";"1";"7";"6";"0";"1";"1";"1";"0"
"19163";"80897501";"19163";"16";"1";"1";"7";"6";"0";"1";"4";"1";"0"
"19164";"80897501";"19164";"16";"1";"1";"7";"6";"0";"2";"2";"1";"0"
"23931";"85812203";"23931";"16";"3";"1";"7";"6";"0";"3";"0";"1";"0"
"23937";"85812203";"23937";"16";"3";"1";"7";"5";"0";"2";"1";"1";"0"
"23939";"85812203";"23939";"16";"1";"1";"7";"4";"0";"1";"1";"1";"0"
"23942";"85812203";"23942";"16";"3";"1";"7";"6";"0";"1";"1";"1";"0"
"23944";"85812203";"23944";"16";"3";"1";"7";"5";"0";"1";"1";"1";"0"
"23951";"85813205";"23951";"16";"1";"3";"1";"4";"1";"0";"1";"2";"0"
"23958";"85813303";"23958";"16";"1";"1";"7";"5";"0";"2";"1";"1";"0"
"23960";"85813303";"23960";"16";"3";"1";"1";"3";"0";"1";"1";"1";"0"
"23961";"85813303";"23961";"16";"1";"1";"1";"4";"0";"1";"1";"1";"0"
"23967";"85813501";"23967";"16";"1";"1";"7";"3";"0";"1";"1";"1";"0"
"23968";"85813501";"23968";"16";"1";"3";"1";"6";"0";"2";"0";"1";"0"
"23969";"85813501";"23969";"16";"1";"3";"1";"4";"0";"1";"1";"1";"0"
"23974";"85814201";"23974";"16";"1";"1";"7";"4";"0";"1";"1";"1";"0"
"23975";"85814201";"23975";"16";"1";"1";"7";"4";"0";"1";"1";"1";"0"
"23978";"85814201";"23978";"16";"1";"1";"7";"6";"0";"1";"2";"1";"0"
"23979";"85814201";"23979";"16";"1";"1";"7";"6";"0";"1";"1";"1";"0"
"23981";"85814201";"23981";"16";"3";"3";"1";"6";"0";"1";"1";"1";"0"
"23993";"85814405";"23993";"16";"3";"1";"7";"4";"0";"1";"1";"1";"0"
"23995";"85814405";"23995";"16";"1";"1";"7";"6";"0";"1";"0";"1";"0"
"23996";"85814405";"23996";"16";"3";"1";"7";"4";"0";"1";"1";"1";"0"
"24003";"85814405";"24003";"16";"3";"1";"7";"5";"0";"1";"1";"1";"0"
"24011";"85814405";"24011";"16";"1";"1";"7";"6";"0";"1";"2";"1";"0"
"24012";"85814405";"24012";"16";"1";"1";"7";"6";"0";"1";"3";"1";"0"
"24014";"85814405";"24014";"16";"1";"1";"7";"4";"0";"1";"1";"1";"0"
"24017";"85814502";"24017";"16";"3";"1";"7";"4";"0";"1";"1";"1";"0"
"24037";"85815303";"24037";"16";"3";"1";"7";"6";"0";"1";"1";"1";"0"
"24055";"85815501";"24055";"16";"1";"1";"7";"5";"0";"1";"1";"1";"0"
"24066";"85815502";"24066";"16";"2";"1";"7";"4";"0";"1";"1";"1";"0"
"24067";"85815502";"24067";"16";"1";"1";"7";"4";"0";"1";"1";"1";"0"
"24076";"85816101";"24076";"16";"1";"1";"7";"6";"0";"1";"1";"1";"0"
"24078";"85816101";"24078";"16";"1";"1";"7";"6";"0";"2";"0";"1";"0"
"24083";"85816101";"24083";"16";"3";"1";"7";"6";"0";"1";"1";"1";"0"
"24092";"85817201";"24092";"16";"3";"1";"7";"3";"0";"1";"1";"1";"0"
"24093";"85817201";"24093";"16";"3";"1";"4";"4";"0";"1";"1";"1";"0"
"24095";"85817201";"24095";"16";"3";"2";"1";"3";"0";"2";"0";"1";"0"
"24096";"85817201";"24096";"16";"5";"1";"7";"6";"0";"1";"0";"1";"0"
"24097";"85817201";"24097";"16";"3";"2";"1";"3";"0";"1";"1";"1";"0"
"24110";"85817501";"24110";"16";"1";"1";"7";"5";"0";"1";"1";"1";"0"
"24132";"85821203";"24132";"16";"1";"3";"2";"6";"0";"3";"0";"1";"0"
"24134";"85821203";"24134";"16";"1";"1";"7";"4";"0";"1";"1";"1";"0"
"24135";"85821203";"24135";"16";"2";"2";"1";"6";"0";"1";"1";"1";"0"
"24136";"85821203";"24136";"16";"1";"1";"7";"4";"0";"1";"1";"1";"0"
"24137";"85821203";"24137";"16";"1";"1";"7";"6";"0";"1";"1";"1";"0"
"24142";"85821307";"24142";"16";"3";"1";"7";"4";"0";"1";"1";"1";"0"
"24144";"85821307";"1925";"16";"1";"1";"7";"3";"0";"1";"1";"1";"0"
"24180";"85822402";"24180";"16";"1";"1";"7";"6";"0";"2";"0";"1";"0"
"24182";"85822402";"24182";"16";"1";"1";"7";"3";"0";"1";"1";"1";"0"
"24186";"85822404";"24186";"16";"3";"1";"7";"4";"0";"1";"1";"1";"0"
"24187";"85822404";"24187";"16";"1";"1";"7";"3";"0";"1";"0";"1";"0"
"24198";"85822406";"24198";"16";"1";"1";"7";"4";"0";"1";"1";"1";"0"
"24214";"85823103";"24214";"16";"3";"1";"7";"3";"0";"1";"1";"1";"0"
"24310";"85824403";"24310";"16";"2";"1";"2";"4";"0";"1";"2";"1";"0"
"24353";"85825506";"24353";"16";"1";"1";"7";"6";"0";"2";"3";"1";"0"
"24356";"85825506";"24356";"16";"1";"1";"7";"3";"0";"1";"1";"1";"0"
"24357";"85825506";"24357";"16";"3";"1";"7";"8";"0";"1";"1";"1";"0"
"24363";"85825506";"24363";"16";"3";"3";"1";"6";"0";"1";"1";"1";"0"
"24366";"85825506";"24366";"16";"1";"1";"7";"5";"0";"1";"1";"1";"0"
"24369";"85825506";"24369";"16";"1";"3";"1";"6";"0";"3";"2";"1";"0"
"24373";"85825506";"24373";"16";"1";"1";"7";"4";"0";"1";"1";"1";"0"
"24381";"85826101";"2219";"16";"3";"1";"7";"4";"0";"1";"1";"1";"0"
"24394";"85826102";"24394";"16";"1";"1";"7";"6";"0";"1";"2";"1";"0"
"24398";"85826102";"24398";"16";"3";"1";"7";"3";"0";"1";"1";"1";"0"
"24418";"85826205";"24418";"16";"1";"7";"7";"6";"0";"2";"2";"1";"0"
"24474";"85827304";"24474";"16";"3";"1";"7";"6";"0";"2";"1";"1";"0"
"24478";"85827304";"24478";"16";"1";"1";"7";"4";"0";"1";"1";"1";"0"
"24480";"85827304";"24480";"16";"1";"1";"7";"3";"0";"1";"1";"1";"0"
"24484";"85827304";"24484";"16";"1";"1";"7";"4";"0";"1";"1";"1";"0"
"24487";"85827304";"24487";"16";"1";"1";"7";"3";"0";"1";"1";"1";"0"
"24488";"85827304";"24488";"16";"1";"7";"7";"6";"0";"0";"1";"3";"0"
"24489";"85827304";"24489";"16";"1";"2";"1";"6";"0";"1";"1";"1";"0"
"24520";"85831303";"24520";"16";"1";"1";"7";"4";"0";"2";"0";"1";"0"
"24521";"85831303";"24521";"16";"1";"1";"7";"6";"0";"1";"1";"1";"0"
"24522";"85831303";"24522";"16";"1";"1";"7";"6";"0";"2";"0";"1";"0"
"24524";"85831303";"24524";"16";"1";"1";"7";"6";"0";"2";"0";"1";"0"
"24527";"85831303";"24527";"16";"3";"1";"7";"4";"0";"1";"1";"1";"0"
"24534";"85831403";"24534";"16";"3";"2";"2";"4";"0";"1";"1";"1";"0"
"24536";"85831502";"24536";"16";"2";"1";"1";"3";"0";"1";"1";"1";"0"
"24540";"85832101";"24540";"16";"1";"1";"7";"6";"0";"1";"1";"1";"0"
"24550";"85832501";"24550";"16";"3";"1";"7";"3";"0";"1";"1";"1";"0"
"24552";"85832501";"24552";"16";"1";"1";"7";"6";"0";"1";"1";"1";"0"
"24573";"85833211";"24573";"16";"1";"1";"7";"6";"0";"1";"1";"1";"0"
"24576";"85833211";"24576";"16";"1";"1";"7";"6";"0";"2";"0";"1";"0"
"24579";"85833211";"24579";"16";"1";"1";"7";"6";"0";"1";"2";"1";"0"
"24581";"85833211";"24581";"16";"3";"3";"1";"6";"0";"1";"2";"1";"0"
"24608";"85834104";"24608";"16";"1";"3";"2";"6";"0";"1";"2";"1";"0"
"24611";"85834104";"24611";"16";"3";"1";"7";"6";"0";"1";"1";"1";"0"
"24612";"85834104";"24612";"16";"1";"1";"7";"6";"0";"1";"3";"1";"0"
"24614";"85834104";"24614";"16";"3";"1";"7";"6";"0";"2";"0";"1";"0"
"24616";"85834104";"24616";"16";"1";"1";"7";"6";"0";"2";"1";"1";"0"
"24617";"85834104";"24617";"16";"1";"1";"7";"6";"0";"1";"1";"1";"0"
"24618";"85834104";"24618";"16";"1";"1";"7";"6";"0";"1";"2";"1";"0"
"24620";"85834104";"24620";"16";"3";"1";"7";"6";"0";"1";"2";"1";"0"
"24621";"85834104";"24621";"16";"1";"1";"7";"6";"0";"3";"0";"1";"0"
"24630";"85834210";"24630";"16";"1";"1";"7";"6";"0";"1";"1";"1";"0"
"24636";"85834210";"24636";"16";"3";"1";"1";"6";"0";"2";"1";"1";"0"
"24647";"85834308";"24647";"16";"1";"1";"7";"6";"0";"1";"2";"1";"0"
"24650";"85834308";"24650";"16";"1";"1";"7";"4";"0";"1";"1";"1";"0"
"24662";"85834308";"24662";"16";"1";"1";"7";"4";"0";"1";"1";"1";"0"
"24663";"85834308";"24663";"16";"3";"1";"7";"6";"0";"2";"2";"1";"0"
"24667";"85834308";"24667";"16";"1";"3";"1";"6";"0";"1";"2";"1";"0"
"24668";"85834308";"24668";"16";"2";"1";"7";"6";"0";"1";"1";"1";"0"
"24680";"85834407";"24680";"16";"1";"3";"1";"6";"0";"1";"2";"1";"0"
"24687";"85835104";"24687";"16";"1";"1";"7";"6";"0";"1";"3";"1";"0"
"24709";"85835212";"24709";"16";"1";"1";"7";"6";"0";"2";"1";"1";"0"
"24726";"85835212";"24726";"16";"1";"1";"7";"6";"0";"1";"0";"1";"0"
"24733";"85835212";"24733";"16";"1";"1";"7";"6";"0";"1";"1";"1";"0"
"24749";"85835401";"24749";"16";"1";"1";"7";"4";"1";"0";"1";"2";"0"
"24752";"85835401";"4276";"16";"1";"1";"7";"4";"0";"2";"1";"1";"0"
"24775";"85836106";"24775";"16";"1";"1";"7";"3";"0";"1";"1";"1";"0"
"24777";"85836106";"24777";"16";"2";"6";"1";"6";"0";"1";"1";"1";"0"
"24779";"85836106";"24779";"16";"1";"2";"2";"6";"0";"1";"1";"1";"0"
"24787";"85836106";"24787";"16";"1";"3";"1";"6";"0";"1";"1";"1";"0"
"24792";"85836106";"24792";"16";"1";"1";"7";"6";"1";"6";"0";"2";"0"
"24794";"85836106";"24794";"16";"3";"1";"7";"6";"0";"1";"2";"1";"0"
"24820";"85836503";"24820";"16";"1";"1";"7";"4";"0";"1";"3";"1";"0"
"24824";"85836503";"24824";"16";"3";"3";"1";"5";"0";"2";"0";"1";"0"
"24833";"85837101";"24833";"16";"3";"1";"7";"6";"0";"1";"3";"1";"0"
"24885";"85841408";"24885";"16";"1";"1";"7";"6";"0";"4";"0";"1";"0"
"24904";"85841506";"24904";"16";"2";"3";"1";"6";"0";"2";"1";"1";"0"
"24917";"85842103";"24917";"16";"1";"1";"7";"6";"0";"1";"2";"1";"0"
"24918";"85842103";"24918";"16";"1";"1";"7";"6";"0";"1";"2";"1";"0"
"24919";"85842103";"24919";"16";"1";"1";"7";"6";"0";"1";"0";"1";"0"
"24921";"85842103";"24921";"16";"1";"1";"2";"6";"0";"1";"0";"1";"0"
"24922";"85842103";"24922";"16";"3";"1";"7";"6";"0";"1";"1";"1";"0"
"24923";"85842103";"24923";"16";"1";"1";"7";"6";"0";"1";"2";"1";"0"
"24924";"85842103";"24924";"16";"1";"1";"7";"6";"0";"1";"2";"1";"0"
"24925";"85842103";"24925";"16";"1";"1";"7";"6";"0";"2";"0";"1";"0"
"24926";"85842103";"24926";"16";"1";"1";"7";"6";"0";"2";"1";"1";"0"
"24927";"85842103";"24927";"16";"1";"3";"1";"6";"0";"1";"0";"1";"0"
"24930";"85842103";"24930";"16";"1";"1";"7";"6";"0";"1";"1";"1";"0"
"24931";"85842103";"24931";"16";"1";"1";"7";"6";"0";"2";"1";"1";"0"
"24933";"85842104";"24933";"16";"3";"1";"7";"6";"0";"1";"1";"1";"0"
"24935";"85842105";"24935";"16";"1";"1";"7";"6";"0";"2";"0";"1";"0"
"24936";"85842105";"24936";"16";"1";"1";"7";"6";"0";"1";"1";"1";"0"
"24939";"85842105";"22610";"16";"1";"1";"7";"6";"0";"1";"1";"1";"0"
"24943";"85842212";"24943";"16";"1";"3";"2";"6";"0";"1";"1";"1";"0"
"24946";"85842212";"24946";"16";"3";"1";"1";"6";"0";"2";"0";"1";"0"
"24948";"85842212";"24948";"16";"2";"3";"2";"5";"0";"1";"1";"1";"0"
"24949";"85842212";"24949";"16";"1";"1";"1";"6";"0";"1";"1";"1";"0"
"24953";"85842212";"24953";"16";"1";"1";"7";"6";"0";"3";"1";"1";"0"
"24954";"85842212";"24954";"16";"1";"2";"2";"6";"0";"2";"0";"1";"0"
"24960";"85842212";"24960";"16";"1";"1";"7";"6";"0";"1";"1";"1";"0"
"24965";"85843212";"24965";"16";"1";"1";"1";"6";"0";"1";"1";"1";"0"
"24971";"85844206";"24971";"16";"1";"3";"2";"6";"0";"1";"1";"1";"0"
"24975";"85844206";"24975";"16";"1";"1";"5";"4";"0";"1";"1";"1";"0"
"24976";"85844206";"24976";"16";"1";"1";"1";"4";"0";"0";"1";"3";"0"
"24977";"85844206";"24977";"16";"1";"1";"7";"4";"0";"1";"1";"1";"0"
"24978";"85844206";"24978";"16";"1";"1";"7";"5";"0";"1";"3";"1";"0"
"24979";"85844206";"24979";"16";"1";"1";"1";"6";"0";"1";"1";"1";"0"
"24980";"85844206";"24980";"16";"1";"1";"7";"6";"0";"1";"1";"1";"0"
"24981";"85844206";"24981";"16";"1";"1";"7";"6";"0";"2";"0";"1";"0"
"24983";"85844206";"24983";"16";"1";"3";"1";"6";"0";"1";"1";"1";"0"
"24987";"85844206";"24987";"16";"3";"1";"7";"4";"0";"1";"4";"1";"0"
"24988";"85844206";"24988";"16";"1";"1";"7";"6";"0";"1";"2";"1";"0"
"25040";"85845304";"25040";"16";"1";"1";"7";"6";"0";"2";"0";"1";"0"
"25042";"85845304";"25042";"16";"3";"1";"4";"6";"0";"2";"0";"1";"0"
"25049";"85845304";"25049";"16";"3";"1";"7";"4";"0";"1";"1";"1";"0"
"25051";"85845304";"25051";"16";"1";"1";"7";"6";"0";"1";"2";"1";"0"
"25052";"85845304";"25052";"16";"3";"1";"7";"6";"0";"2";"0";"1";"0"
"25054";"85845304";"25054";"16";"3";"1";"7";"5";"0";"1";"1";"1";"0"
"25055";"85845305";"25055";"16";"2";"1";"7";"4";"0";"1";"1";"1";"0"
"25074";"85845403";"25074";"16";"2";"1";"7";"6";"1";"0";"2";"2";"0"
"25085";"85846101";"6550";"16";"1";"1";"7";"4";"0";"1";"1";"1";"0"