"accident_id";"lieu_id";"date_id";"cause_id";"lum_id";"intemp_id";"etat_surface_id";"impliq_id";"nb_blesses_graves";"nb_blesses_legers";"nb_indemnes";"gravite";"nb_morts"
"25095";"85846102";"25095";"16";"3";"1";"7";"4";"0";"1";"1";"1";"0"
"25128";"85847311";"25128";"16";"3";"1";"7";"4";"0";"1";"1";"1";"0"
"25130";"85847311";"9142";"16";"1";"1";"7";"6";"0";"4";"2";"1";"0"
"25136";"85851107";"25136";"16";"1";"1";"7";"6";"0";"2";"0";"1";"0"
"25144";"85851202";"25144";"16";"3";"1";"7";"6";"0";"1";"1";"1";"0"
"25147";"85851202";"25147";"16";"1";"3";"1";"5";"0";"1";"1";"1";"0"
"25149";"85851202";"25149";"16";"3";"3";"1";"6";"1";"3";"0";"2";"0"
"25194";"85851401";"25194";"16";"3";"3";"1";"6";"0";"1";"1";"1";"0"
"25195";"85851401";"25195";"16";"3";"1";"7";"6";"0";"1";"1";"1";"0"
"25196";"85851401";"25196";"16";"1";"1";"7";"6";"0";"3";"0";"1";"0"
"25197";"85851401";"25197";"16";"3";"3";"1";"6";"0";"4";"0";"1";"0"
"25198";"85851401";"25198";"16";"1";"1";"7";"6";"0";"5";"1";"1";"0"
"25199";"85851401";"25199";"16";"1";"1";"7";"6";"0";"2";"0";"1";"0"
"25200";"85851401";"25200";"16";"1";"1";"7";"6";"0";"2";"0";"1";"0"
"25201";"85851401";"25201";"16";"1";"1";"1";"6";"1";"0";"1";"2";"0"
"25266";"85852402";"25266";"16";"1";"2";"2";"6";"0";"1";"1";"1";"0"
"25271";"85852402";"25271";"16";"1";"1";"7";"6";"0";"1";"1";"1";"0"
"25273";"85852402";"25273";"16";"1";"1";"1";"6";"0";"1";"1";"1";"0"
"25279";"85852402";"25279";"16";"1";"1";"7";"5";"0";"2";"1";"1";"0"
"25284";"85852403";"25284";"16";"1";"1";"7";"6";"0";"1";"1";"1";"0"
"25286";"85852403";"25286";"16";"1";"1";"7";"4";"0";"1";"1";"1";"0"
"25287";"85852403";"25287";"16";"1";"1";"7";"4";"0";"1";"1";"1";"0"
"25296";"85852503";"25296";"16";"1";"1";"7";"6";"0";"2";"0";"1";"0"
"25297";"85852503";"25297";"16";"1";"1";"7";"4";"0";"3";"0";"1";"0"
"25304";"85853202";"25304";"16";"3";"1";"7";"6";"0";"1";"1";"1";"0"
"25309";"85853202";"25309";"16";"1";"1";"7";"6";"0";"2";"0";"1";"0"
"25321";"85853406";"25321";"16";"3";"1";"7";"6";"0";"3";"1";"1";"0"
"25325";"85853406";"25325";"16";"3";"1";"7";"3";"0";"1";"1";"1";"0"
"25328";"85853406";"25328";"16";"3";"1";"1";"6";"0";"1";"2";"1";"0"
"25329";"85853406";"25329";"16";"3";"3";"1";"6";"0";"2";"0";"1";"0"
"25330";"85853406";"25330";"16";"1";"1";"7";"4";"0";"1";"1";"1";"0"
"25333";"85853406";"25333";"16";"1";"1";"7";"5";"1";"0";"1";"2";"0"
"25342";"85854106";"2973";"16";"1";"1";"2";"6";"0";"1";"1";"1";"0"
"25343";"85854106";"25343";"16";"1";"3";"2";"4";"0";"1";"1";"1";"0"
"25377";"85854502";"25377";"16";"1";"1";"7";"6";"0";"1";"1";"1";"0"
"25380";"85854502";"25380";"16";"1";"1";"7";"6";"0";"4";"2";"1";"0"
"25405";"85856209";"25405";"16";"5";"1";"7";"4";"0";"1";"1";"1";"0"
"25411";"85856303";"25411";"16";"1";"1";"7";"4";"1";"0";"0";"2";"0"
"25412";"85856303";"25412";"16";"1";"1";"7";"4";"0";"1";"2";"1";"0"
"25413";"85856306";"25413";"16";"3";"6";"2";"6";"0";"1";"1";"1";"0"
"25414";"85856306";"25414";"16";"3";"1";"7";"4";"1";"0";"1";"2";"0"
"25416";"85856306";"16912";"16";"1";"3";"1";"7";"1";"1";"1";"2";"0"
"25418";"85856306";"25418";"16";"1";"1";"1";"6";"0";"3";"0";"1";"0"
"25419";"85856306";"25419";"16";"3";"3";"1";"6";"0";"1";"2";"1";"0"
"25420";"85856306";"25420";"16";"3";"1";"7";"6";"0";"2";"0";"1";"0"
"25429";"85857106";"25429";"16";"1";"1";"7";"6";"0";"1";"0";"1";"0"
"25430";"85857106";"25430";"16";"1";"1";"7";"5";"0";"2";"1";"1";"0"
"25431";"85857106";"25431";"16";"1";"1";"7";"6";"0";"1";"2";"1";"0"
"25432";"85857106";"25432";"16";"5";"1";"1";"6";"0";"3";"2";"1";"0"
"25440";"85857503";"25440";"16";"1";"1";"7";"6";"0";"2";"0";"1";"0"
"25444";"85857503";"25444";"16";"3";"1";"7";"4";"0";"1";"1";"1";"0"
"25445";"85857503";"25445";"16";"3";"3";"1";"4";"0";"1";"1";"1";"0"
"25498";"85861302";"25498";"16";"3";"1";"1";"5";"0";"1";"1";"1";"0"
"25524";"85862101";"25524";"16";"1";"1";"7";"6";"0";"1";"1";"1";"0"
"25526";"85862101";"25526";"16";"1";"3";"1";"6";"0";"1";"1";"1";"0"
"25529";"85862101";"25529";"16";"1";"1";"1";"6";"0";"1";"1";"1";"0"
"25553";"85862204";"25553";"16";"1";"1";"7";"4";"0";"1";"1";"1";"0"
"25562";"85862306";"25562";"16";"1";"1";"7";"4";"0";"1";"1";"1";"0"
"25603";"85863402";"25603";"16";"1";"1";"7";"5";"0";"1";"1";"1";"0"
"25605";"85863402";"25605";"16";"3";"1";"7";"4";"0";"1";"1";"1";"0"
"25606";"85863402";"25606";"16";"1";"1";"7";"6";"0";"1";"1";"1";"0"
"25607";"85863402";"25607";"16";"1";"1";"7";"4";"0";"1";"1";"1";"0"
"25653";"85864401";"25653";"16";"3";"1";"1";"3";"0";"2";"1";"1";"0"
"25672";"85864504";"25672";"16";"1";"1";"7";"6";"0";"1";"2";"1";"0"
"25675";"85865102";"25675";"16";"1";"1";"7";"4";"0";"1";"1";"1";"0"
"25685";"85865207";"25685";"16";"1";"1";"7";"4";"1";"0";"1";"2";"0"
"25686";"85865207";"25686";"16";"1";"1";"7";"4";"1";"0";"1";"2";"0"
"25693";"85865306";"25693";"16";"1";"1";"7";"6";"0";"1";"2";"1";"0"
"25698";"85865306";"25698";"16";"1";"1";"7";"6";"1";"0";"1";"2";"0"
"25715";"85865306";"25715";"16";"1";"1";"7";"6";"0";"2";"0";"1";"0"
"25728";"85865504";"25728";"16";"1";"3";"1";"6";"0";"2";"1";"1";"0"
"25768";"85867502";"25768";"16";"3";"1";"7";"3";"0";"1";"1";"1";"0"
"25797";"85871206";"25797";"16";"3";"1";"7";"4";"0";"1";"1";"1";"0"
"25821";"85872302";"25821";"16";"2";"1";"7";"4";"0";"1";"1";"1";"0"
"25825";"85872302";"25825";"16";"1";"1";"7";"4";"0";"1";"1";"1";"0"
"25833";"85872306";"25833";"16";"3";"1";"1";"3";"0";"2";"1";"1";"0"
"25839";"85872401";"25839";"16";"3";"3";"1";"4";"0";"1";"1";"1";"0"
"25844";"85872502";"3539";"16";"1";"1";"7";"4";"0";"1";"1";"1";"0"
"25845";"85872502";"4083";"16";"1";"3";"2";"6";"0";"1";"0";"1";"0"
"25851";"85873104";"25851";"16";"1";"1";"7";"6";"0";"1";"1";"1";"0"
"25858";"85873106";"25858";"16";"1";"1";"7";"4";"0";"1";"1";"1";"0"
"25862";"85873203";"25862";"16";"3";"1";"7";"4";"0";"1";"1";"1";"0"
"25863";"85873203";"25863";"16";"1";"1";"7";"3";"0";"1";"1";"1";"0"
"25864";"85873203";"25864";"16";"3";"1";"1";"3";"0";"1";"1";"1";"0"
"25877";"85874104";"25877";"16";"3";"1";"7";"6";"0";"3";"0";"1";"0"
"25880";"85874104";"25880";"16";"3";"1";"1";"4";"0";"1";"1";"1";"0"
"25881";"85874104";"25881";"16";"2";"1";"7";"3";"0";"1";"1";"1";"0"
"25883";"85874104";"25883";"16";"1";"2";"2";"6";"0";"1";"1";"1";"0"
"25891";"85874104";"25891";"16";"1";"1";"1";"4";"0";"1";"1";"1";"0"
"25892";"85874104";"25892";"16";"2";"1";"7";"5";"0";"2";"1";"1";"0"
"25894";"85874202";"25894";"16";"1";"1";"7";"4";"0";"1";"1";"1";"0"
"25900";"85874304";"25900";"16";"1";"1";"7";"6";"0";"1";"1";"1";"0"
"25904";"85874304";"25904";"16";"1";"3";"1";"6";"0";"1";"1";"1";"0"
"25913";"85874508";"25913";"16";"1";"1";"7";"5";"1";"1";"1";"2";"0"
"25917";"85874508";"25917";"16";"1";"3";"5";"6";"0";"1";"1";"1";"0"
"25919";"85874508";"25919";"16";"1";"1";"7";"6";"0";"1";"1";"1";"0"
"25922";"85874508";"25922";"16";"1";"1";"7";"6";"0";"1";"1";"1";"0"
"25923";"85874508";"25923";"16";"1";"1";"7";"6";"0";"1";"1";"1";"0"
"25927";"85874508";"25927";"16";"1";"1";"7";"6";"0";"4";"0";"1";"0"
"25928";"85874508";"25928";"16";"1";"1";"7";"6";"0";"1";"1";"1";"0"
"25929";"85874508";"25929";"16";"1";"1";"7";"6";"0";"2";"0";"1";"0"
"25934";"85874508";"25934";"16";"1";"1";"7";"6";"1";"0";"1";"2";"0"
"25949";"85875501";"25949";"16";"1";"3";"2";"3";"1";"0";"1";"2";"0"
"25952";"85875501";"25952";"16";"3";"3";"1";"6";"0";"3";"4";"1";"0"
"25955";"85875501";"25955";"16";"3";"3";"1";"6";"0";"1";"0";"1";"0"
"25991";"85876502";"25991";"16";"1";"1";"7";"6";"0";"1";"1";"1";"0"
"25995";"85876520";"25995";"16";"1";"1";"7";"6";"0";"1";"1";"1";"0"
"25996";"85876520";"25996";"16";"3";"1";"7";"4";"0";"1";"1";"1";"0"
"25997";"85876520";"25997";"16";"1";"1";"7";"4";"0";"1";"1";"1";"0"
"25998";"85876520";"25998";"16";"3";"1";"7";"6";"1";"0";"1";"3";"0"
"25999";"85876520";"25999";"16";"3";"1";"1";"4";"0";"1";"1";"1";"0"
"26001";"85877102";"26001";"16";"1";"1";"7";"4";"1";"0";"1";"2";"0"
"26022";"85877404";"26022";"16";"3";"1";"1";"6";"0";"1";"1";"1";"0"
"26027";"85881505";"26027";"16";"3";"1";"1";"4";"1";"0";"2";"2";"0"
"26031";"85882102";"10399";"16";"3";"3";"2";"3";"0";"1";"1";"1";"0"
"26033";"85882102";"26033";"16";"1";"1";"7";"6";"0";"1";"1";"1";"0"
"26035";"85882102";"5581";"16";"3";"1";"1";"4";"0";"1";"1";"1";"0"
"26037";"85882102";"26037";"16";"1";"1";"7";"6";"0";"1";"0";"1";"0"
"26047";"85882102";"26047";"16";"1";"1";"7";"6";"0";"1";"2";"1";"0"
"26051";"85882102";"26051";"16";"3";"3";"1";"4";"0";"1";"1";"1";"0"
"26059";"85882112";"26059";"16";"3";"3";"2";"6";"0";"1";"1";"1";"0"
"26067";"85883204";"26067";"16";"4";"1";"1";"4";"0";"1";"1";"1";"0"
"26069";"85883204";"26069";"16";"3";"1";"7";"6";"0";"1";"1";"1";"0"
"26070";"85883204";"26070";"16";"1";"1";"7";"6";"0";"2";"1";"1";"0"
"26073";"85883204";"26073";"16";"2";"3";"1";"4";"0";"1";"1";"1";"0"
"26088";"85884201";"26088";"16";"3";"1";"7";"6";"0";"1";"1";"1";"0"
"26089";"85884201";"21071";"16";"3";"1";"7";"5";"0";"1";"1";"1";"0"
"26094";"85884303";"26094";"16";"3";"1";"1";"6";"0";"2";"1";"1";"0"
"26095";"85884303";"26095";"16";"1";"1";"7";"4";"0";"1";"0";"1";"0"
"26108";"85887504";"26108";"16";"1";"1";"7";"4";"0";"1";"1";"1";"0"
"26114";"85887504";"26114";"16";"1";"1";"7";"6";"0";"1";"1";"1";"0"
"26117";"85887504";"26117";"16";"3";"1";"7";"6";"0";"1";"1";"1";"0"
"26120";"85887504";"26120";"16";"1";"1";"7";"6";"0";"2";"0";"1";"0"
"26121";"85887504";"26121";"16";"1";"1";"1";"6";"0";"1";"0";"1";"0"
"26124";"85887504";"26124";"16";"1";"1";"7";"6";"0";"1";"1";"1";"0"
"26126";"85887504";"26126";"16";"1";"1";"7";"6";"0";"3";"0";"1";"0"
"26127";"85887506";"26127";"16";"3";"1";"7";"6";"0";"6";"0";"1";"0"
"26133";"85887506";"26133";"16";"3";"1";"7";"5";"0";"1";"1";"1";"0"
"26142";"85893501";"26142";"16";"1";"2";"1";"4";"0";"1";"1";"1";"0"
"26144";"85895204";"2598";"16";"1";"1";"7";"6";"0";"1";"1";"1";"0"
"26149";"85897103";"26149";"16";"1";"1";"7";"4";"0";"1";"1";"1";"0"
"26150";"85897103";"26150";"16";"3";"1";"7";"5";"1";"0";"1";"2";"0"
"26157";"85901402";"26157";"16";"2";"1";"7";"6";"0";"1";"2";"1";"0"
"26158";"85901402";"26158";"16";"1";"1";"7";"6";"0";"2";"0";"1";"0"
"26161";"85902104";"12960";"16";"1";"1";"7";"6";"0";"1";"1";"1";"0"
"26171";"86705208";"26171";"16";"1";"1";"7";"3";"1";"0";"1";"2";"0"
"26191";"86781502";"26191";"16";"2";"7";"2";"6";"0";"1";"1";"1";"0"
"26192";"86781502";"26192";"16";"1";"1";"7";"6";"0";"2";"1";"1";"0"
"26194";"86783401";"26194";"16";"1";"1";"7";"6";"0";"2";"0";"1";"0"
"26196";"86783404";"26196";"16";"1";"1";"7";"6";"0";"1";"1";"1";"0"
"26206";"86785405";"26206";"16";"3";"1";"7";"5";"0";"1";"1";"1";"0"
"26213";"86786103";"26213";"16";"1";"1";"7";"6";"0";"1";"1";"1";"0"
"26229";"86793209";"26229";"16";"1";"1";"7";"6";"0";"1";"0";"1";"0"
"26231";"86793209";"26231";"16";"1";"1";"7";"4";"0";"1";"1";"1";"0"
"26233";"86793209";"26233";"16";"1";"1";"7";"6";"0";"1";"1";"1";"0"
"26235";"86793209";"26235";"16";"1";"1";"7";"4";"0";"1";"1";"1";"0"
"26238";"86793209";"26238";"16";"1";"1";"7";"6";"0";"1";"2";"1";"0"
"26245";"86795404";"26245";"16";"3";"1";"7";"4";"0";"1";"1";"1";"0"
"26249";"86796401";"26249";"16";"3";"1";"7";"4";"0";"1";"1";"1";"0"
"26250";"86796401";"26250";"16";"3";"3";"2";"6";"0";"2";"1";"1";"0"
"26263";"86797205";"26263";"16";"1";"1";"7";"6";"0";"1";"1";"1";"0"
"26271";"86801301";"26271";"16";"1";"1";"7";"4";"0";"1";"1";"1";"0"
"26281";"86801501";"26281";"16";"2";"1";"7";"6";"0";"1";"1";"1";"0"
"26283";"86801501";"26283";"16";"1";"3";"1";"6";"1";"5";"0";"2";"0"
"26288";"86802101";"26288";"16";"1";"1";"7";"4";"1";"0";"1";"2";"0"
"26293";"86802101";"26293";"16";"1";"1";"7";"3";"0";"1";"1";"1";"0"
"26303";"86802401";"26303";"16";"1";"1";"7";"6";"0";"1";"1";"1";"0"
"26305";"86802402";"26305";"16";"5";"1";"7";"5";"0";"1";"1";"1";"0"
"26307";"86802404";"26307";"16";"1";"1";"7";"3";"0";"1";"1";"1";"0"
"26310";"86802503";"26310";"16";"3";"1";"7";"6";"0";"2";"0";"1";"0"
"26366";"86804201";"26366";"16";"1";"3";"1";"6";"0";"3";"1";"1";"0"
"26367";"86804201";"26367";"16";"3";"1";"1";"4";"0";"1";"0";"1";"0"
"26370";"86804202";"26370";"16";"3";"3";"1";"6";"0";"4";"1";"1";"0"
"26440";"86805309";"26440";"16";"1";"1";"7";"4";"0";"2";"1";"1";"0"
"26447";"86805404";"26447";"16";"1";"1";"7";"5";"0";"1";"1";"1";"0"
"26457";"86805404";"26457";"16";"1";"1";"7";"6";"0";"1";"3";"1";"0"
"26458";"86805404";"26458";"16";"1";"1";"7";"6";"0";"2";"1";"1";"0"
"26459";"86805404";"26459";"16";"1";"1";"7";"6";"0";"1";"1";"1";"0"
"26460";"86805404";"26460";"16";"1";"1";"7";"6";"0";"4";"2";"1";"0"
"26462";"86805404";"26462";"16";"1";"1";"7";"6";"0";"1";"1";"1";"0"
"26463";"86805404";"26463";"16";"1";"1";"7";"6";"0";"2";"1";"1";"0"
"26468";"86806206";"8499";"16";"1";"1";"7";"4";"1";"0";"1";"2";"0"
"26471";"86806206";"26471";"16";"1";"1";"7";"6";"0";"1";"1";"1";"0"
"26475";"86806402";"26475";"16";"1";"1";"7";"4";"0";"1";"1";"1";"0"
"26476";"86806402";"26476";"16";"1";"1";"7";"6";"0";"1";"1";"1";"0"
"26477";"86806402";"26477";"16";"1";"1";"7";"6";"0";"2";"1";"1";"0"
"26482";"86806504";"26482";"16";"1";"1";"7";"6";"0";"1";"1";"1";"0"
"26567";"86812101";"26567";"16";"3";"3";"1";"6";"0";"1";"2";"1";"0"
"26571";"86812202";"26571";"16";"1";"1";"7";"3";"0";"1";"1";"1";"0"
"26586";"86812401";"26586";"16";"1";"1";"7";"4";"0";"1";"1";"1";"0"
"26591";"86812401";"26591";"16";"1";"1";"7";"4";"0";"1";"1";"1";"0"
"26592";"86812401";"26592";"16";"1";"1";"7";"4";"0";"1";"1";"1";"0"
"26602";"86812501";"26602";"16";"3";"1";"7";"5";"0";"1";"1";"1";"0"
"26605";"86812501";"26605";"16";"1";"1";"7";"6";"0";"1";"1";"1";"0"
"26606";"86812501";"26606";"16";"1";"1";"7";"6";"0";"1";"1";"1";"0"
"26610";"86812501";"26610";"16";"1";"1";"7";"6";"0";"1";"1";"1";"0"
"26617";"86813101";"26617";"16";"3";"3";"2";"4";"0";"1";"1";"1";"0"
"26622";"86813101";"26622";"16";"1";"1";"7";"4";"0";"1";"1";"1";"0"
"26641";"86813107";"26641";"16";"1";"6";"1";"6";"0";"2";"1";"1";"0"
"26644";"86813302";"26644";"16";"1";"1";"7";"6";"0";"1";"1";"1";"0"
"26645";"86813302";"26645";"16";"3";"1";"7";"4";"0";"1";"1";"1";"0"
"26682";"86814101";"26682";"16";"1";"1";"7";"4";"0";"1";"1";"1";"0"
"26693";"86814201";"26693";"16";"1";"1";"7";"6";"0";"1";"1";"1";"0"
"26696";"86814201";"26696";"16";"1";"1";"7";"6";"0";"1";"1";"1";"0"
"26697";"86814201";"26697";"16";"1";"1";"7";"6";"0";"1";"1";"1";"0"
"26698";"86814201";"26698";"16";"1";"1";"7";"6";"0";"1";"1";"1";"0"
"26705";"86814205";"26705";"16";"1";"1";"7";"6";"0";"2";"3";"1";"0"
"26707";"86814205";"26707";"16";"1";"1";"7";"6";"0";"1";"0";"1";"0"
"26709";"86814205";"26709";"16";"3";"1";"7";"4";"0";"1";"1";"1";"0"
"26760";"86815303";"26760";"16";"1";"1";"7";"4";"0";"1";"1";"1";"0"
"26761";"86815303";"26761";"16";"1";"1";"7";"6";"0";"2";"0";"1";"0"
"26764";"86815307";"26764";"16";"3";"1";"7";"5";"0";"1";"0";"1";"0"
"26765";"86815307";"26765";"16";"3";"1";"1";"6";"0";"1";"3";"1";"0"
"26767";"86815307";"26767";"16";"1";"1";"1";"6";"0";"1";"1";"1";"0"
"26779";"86815406";"26779";"16";"1";"1";"7";"3";"0";"1";"1";"1";"0"
"26795";"86816406";"26795";"16";"1";"1";"7";"6";"0";"1";"2";"1";"0"
"26796";"86816406";"26796";"16";"1";"1";"7";"3";"0";"1";"1";"1";"0"
"26798";"86816406";"26798";"16";"1";"1";"7";"3";"1";"0";"1";"2";"0"
"26800";"86816406";"26800";"16";"1";"1";"7";"3";"0";"1";"1";"1";"0"
"26801";"86816406";"26801";"16";"3";"1";"7";"6";"0";"1";"1";"1";"0"
"26804";"86816406";"26804";"16";"1";"6";"1";"6";"0";"2";"1";"1";"0"
"26813";"86816504";"26813";"16";"1";"1";"7";"6";"0";"1";"1";"1";"0"
"26814";"86816507";"26814";"16";"3";"1";"7";"4";"0";"1";"1";"1";"0"
"26815";"86816507";"26815";"16";"3";"3";"1";"4";"0";"1";"1";"1";"0"
"26816";"86816507";"26816";"16";"1";"1";"7";"6";"0";"1";"1";"1";"0"
"26818";"86817101";"26818";"16";"1";"1";"7";"4";"1";"0";"1";"2";"0"
"26823";"86817101";"26823";"16";"3";"1";"7";"6";"0";"1";"2";"1";"0"
"26824";"86817101";"26824";"16";"1";"1";"7";"6";"0";"4";"1";"1";"0"
"26825";"86817101";"26825";"16";"1";"1";"2";"8";"0";"1";"1";"1";"0"
"26828";"86817101";"26828";"16";"1";"1";"7";"6";"0";"4";"0";"1";"0"
"26830";"86817101";"26830";"16";"3";"1";"7";"6";"0";"2";"0";"1";"0"
"26832";"86817101";"26832";"16";"1";"1";"7";"4";"0";"1";"1";"1";"0"
"26834";"86817101";"26834";"16";"3";"1";"7";"3";"0";"1";"1";"1";"0"
"26835";"86817101";"26835";"16";"2";"3";"1";"6";"0";"1";"1";"1";"0"
"26837";"86817101";"26837";"16";"1";"1";"7";"6";"0";"2";"0";"1";"0"
"26841";"86817101";"26841";"16";"1";"1";"7";"6";"0";"1";"2";"1";"0"
"26845";"86817101";"26845";"16";"1";"1";"7";"6";"0";"1";"2";"1";"0"
"26847";"86817101";"26847";"16";"1";"1";"7";"6";"0";"1";"2";"1";"0"
"26848";"86817101";"26848";"16";"1";"1";"7";"6";"0";"1";"1";"1";"0"
"26849";"86817101";"26849";"16";"1";"1";"7";"6";"0";"2";"3";"1";"0"
"26853";"86817101";"26853";"16";"1";"1";"7";"6";"0";"1";"2";"1";"0"
"26860";"86817302";"26860";"16";"1";"1";"1";"6";"0";"2";"2";"1";"0"
"26904";"86817502";"26904";"16";"1";"1";"7";"6";"0";"1";"3";"1";"0"
"26912";"86817504";"26912";"16";"1";"1";"7";"6";"0";"1";"2";"1";"0"
"26913";"86817504";"26913";"16";"1";"1";"7";"6";"0";"2";"1";"1";"0"
"26917";"86817504";"26917";"16";"1";"1";"7";"6";"0";"4";"1";"1";"0"
"26920";"86817504";"26920";"16";"3";"1";"7";"4";"0";"1";"1";"1";"0"
"27051";"86823104";"27051";"16";"1";"1";"7";"6";"0";"1";"1";"1";"0"
"27053";"86823104";"27053";"16";"1";"1";"7";"4";"0";"1";"1";"1";"0"
"27062";"86823104";"27062";"16";"1";"1";"7";"6";"0";"1";"1";"1";"0"
"27082";"86823301";"27082";"16";"1";"1";"7";"4";"0";"1";"1";"1";"0"
"27114";"86823307";"27114";"16";"3";"1";"7";"6";"0";"1";"2";"1";"0"
"27115";"86823307";"27115";"16";"1";"1";"7";"4";"0";"1";"1";"1";"0"
"27129";"86823307";"27129";"16";"1";"1";"1";"4";"0";"1";"1";"1";"0"
"27157";"86823503";"27157";"16";"1";"4";"3";"6";"0";"1";"1";"1";"0"
"27159";"86823503";"27159";"16";"3";"1";"7";"6";"0";"1";"1";"1";"0"
"27162";"86823503";"27162";"16";"1";"1";"7";"6";"0";"2";"2";"1";"0"
"27163";"86823503";"27163";"16";"1";"1";"7";"5";"0";"1";"1";"1";"0"
"27165";"86823503";"27165";"16";"1";"1";"7";"6";"0";"1";"2";"1";"0"
"27181";"86823503";"27181";"16";"1";"1";"7";"6";"0";"2";"1";"1";"0"
"27182";"86823503";"27182";"16";"3";"1";"1";"6";"0";"1";"2";"1";"0"
"27183";"86823503";"27183";"16";"1";"1";"7";"4";"0";"1";"1";"1";"0"
"27203";"86823505";"27203";"16";"3";"1";"7";"5";"0";"1";"1";"1";"0"
"27208";"86824204";"27208";"16";"1";"1";"7";"4";"0";"1";"1";"1";"0"
"27209";"86824204";"27209";"16";"1";"3";"1";"3";"0";"1";"1";"1";"0"
"27223";"86824204";"27223";"16";"3";"1";"7";"6";"0";"1";"2";"1";"0"
"27250";"86824404";"27250";"16";"3";"1";"7";"4";"1";"0";"1";"2";"0"
"27251";"86824404";"6439";"16";"1";"1";"7";"6";"0";"1";"2";"1";"0"
"27252";"86824404";"27252";"16";"3";"1";"7";"6";"0";"1";"1";"1";"0"
"27257";"86824404";"27257";"16";"1";"1";"7";"6";"0";"1";"1";"1";"0"
"27259";"86824404";"27259";"16";"1";"1";"7";"4";"0";"1";"1";"1";"0"
"27265";"86824404";"27265";"16";"1";"1";"7";"4";"0";"1";"2";"1";"0"
"27266";"86824404";"27266";"16";"1";"1";"7";"4";"0";"1";"1";"1";"0"
"27267";"86824404";"27267";"16";"2";"1";"7";"6";"0";"1";"2";"1";"0"
"27268";"86824404";"27268";"16";"3";"1";"7";"4";"0";"2";"1";"1";"0"
"27269";"86824404";"27269";"16";"1";"1";"7";"4";"0";"1";"1";"1";"0"
"27275";"86824407";"27275";"16";"1";"1";"7";"6";"0";"1";"3";"1";"0"
"27295";"86824502";"27295";"16";"1";"1";"7";"4";"0";"1";"1";"1";"0"
"27315";"86825101";"27315";"16";"3";"1";"7";"4";"0";"1";"1";"1";"0"
"27318";"86825102";"27318";"16";"1";"1";"7";"5";"1";"0";"1";"2";"0"
"27329";"86825203";"27329";"16";"1";"1";"7";"5";"0";"1";"1";"1";"0"
"27339";"86825304";"27339";"16";"1";"1";"7";"4";"0";"1";"1";"1";"0"
"27358";"86825306";"27358";"16";"3";"3";"1";"4";"0";"2";"1";"1";"0"
"27382";"86826101";"27382";"16";"1";"1";"1";"4";"0";"1";"1";"1";"0"
"27383";"86826101";"27383";"16";"3";"2";"2";"6";"0";"1";"1";"1";"0"
"27392";"86826101";"27392";"16";"3";"1";"7";"4";"0";"1";"1";"1";"0"
"27405";"86826103";"27405";"16";"1";"1";"7";"6";"0";"1";"1";"1";"0"
"27406";"86826103";"27406";"16";"3";"1";"7";"6";"0";"1";"1";"1";"0"
"27436";"86826201";"27436";"16";"1";"1";"7";"5";"0";"1";"1";"1";"0"
"27452";"86826505";"27452";"16";"1";"3";"2";"6";"0";"1";"1";"1";"0"
"27455";"86827210";"27455";"16";"1";"1";"7";"6";"0";"2";"1";"1";"0"
"27458";"86827210";"27458";"16";"3";"1";"7";"5";"1";"0";"1";"3";"0"
"27485";"86827503";"27485";"16";"1";"1";"7";"5";"0";"1";"1";"1";"0"
"27495";"86831101";"27495";"16";"1";"1";"7";"6";"0";"1";"2";"1";"0"
"27496";"86831101";"27496";"16";"3";"1";"7";"5";"0";"1";"1";"1";"0"
"27497";"86831101";"27497";"16";"3";"1";"7";"5";"0";"1";"1";"1";"0"
"27506";"86831207";"27506";"16";"1";"1";"7";"4";"0";"1";"1";"1";"0"
"27512";"86831207";"27512";"16";"1";"1";"7";"4";"0";"1";"1";"1";"0"
"27513";"86831207";"27513";"16";"1";"1";"7";"4";"0";"1";"1";"1";"0"
"27529";"86831207";"27529";"16";"1";"1";"7";"6";"0";"1";"2";"1";"0"
"27543";"86831401";"27543";"16";"3";"1";"7";"6";"0";"1";"1";"1";"0"
"27593";"86832109";"27593";"16";"3";"1";"7";"3";"0";"1";"1";"1";"0"
"27618";"86832306";"27618";"16";"1";"1";"7";"6";"0";"1";"1";"1";"0"
"27637";"86832409";"27637";"16";"3";"1";"7";"4";"0";"1";"3";"1";"0"
"27651";"86833103";"27651";"16";"1";"1";"7";"6";"0";"3";"1";"1";"0"
"27652";"86833103";"27652";"16";"1";"1";"7";"3";"0";"1";"1";"1";"0"
"27656";"86833103";"8659";"16";"1";"1";"7";"4";"0";"1";"1";"1";"0"
"27659";"86833103";"27659";"16";"2";"1";"7";"5";"0";"1";"2";"1";"0"
"27663";"86833103";"27663";"16";"1";"1";"7";"3";"0";"1";"1";"1";"0"
"27664";"86833103";"27664";"16";"1";"1";"7";"6";"0";"1";"2";"1";"0"