"accident_id";"lieu_id";"date_id";"cause_id";"lum_id";"intemp_id";"etat_surface_id";"impliq_id";"nb_blesses_graves";"nb_blesses_legers";"nb_indemnes";"gravite";"nb_morts"
"27667";"86833103";"27667";"16";"1";"1";"7";"4";"0";"1";"1";"1";"0"
"27701";"86833402";"27701";"16";"1";"1";"7";"4";"0";"1";"1";"1";"0"
"27707";"86833407";"27707";"16";"1";"1";"7";"6";"0";"2";"1";"1";"0"
"27709";"86833407";"27709";"16";"3";"1";"7";"4";"1";"0";"1";"2";"0"
"27712";"86833503";"27712";"16";"3";"1";"7";"3";"0";"1";"1";"1";"0"
"27713";"86833503";"27713";"16";"1";"1";"7";"6";"0";"1";"1";"1";"0"
"27714";"86833503";"4070";"16";"1";"1";"7";"4";"0";"1";"1";"1";"0"
"27720";"86833503";"27720";"16";"3";"1";"7";"4";"0";"1";"1";"1";"0"
"27722";"86833503";"27722";"16";"1";"1";"7";"4";"0";"1";"1";"1";"0"
"27728";"86833503";"27728";"16";"3";"1";"7";"3";"0";"1";"1";"1";"0"
"27737";"86833503";"27737";"16";"1";"1";"7";"6";"0";"3";"0";"1";"0"
"27739";"86833503";"27739";"16";"1";"1";"7";"4";"0";"1";"1";"1";"0"
"27740";"86833504";"27740";"16";"3";"1";"7";"5";"0";"1";"2";"1";"0"
"27755";"86834105";"27755";"16";"1";"1";"7";"6";"0";"1";"1";"1";"0"
"27757";"86834105";"27757";"16";"1";"1";"7";"4";"0";"1";"1";"1";"0"
"27760";"86834105";"27760";"16";"1";"3";"2";"6";"0";"1";"1";"1";"0"
"27761";"86834105";"27761";"16";"1";"1";"7";"5";"1";"0";"1";"2";"0"
"27762";"86834105";"27762";"16";"1";"1";"7";"6";"0";"1";"1";"1";"0"
"27766";"86834105";"27766";"16";"1";"1";"7";"4";"0";"1";"1";"1";"0"
"27767";"86834105";"27767";"16";"1";"1";"7";"4";"1";"0";"1";"2";"0"
"27776";"86834107";"27776";"16";"3";"1";"7";"6";"1";"0";"1";"2";"0"
"27786";"86834107";"27786";"16";"3";"1";"7";"5";"0";"2";"1";"1";"0"
"27787";"86834107";"27787";"16";"1";"1";"7";"5";"0";"1";"1";"1";"0"
"27788";"86834107";"27788";"16";"1";"1";"7";"6";"0";"1";"1";"1";"0"
"27792";"86834201";"27792";"16";"1";"1";"7";"4";"0";"1";"3";"1";"0"
"27793";"86834202";"27793";"16";"3";"1";"7";"4";"0";"1";"3";"1";"0"
"27795";"86834202";"27795";"16";"2";"1";"7";"3";"0";"1";"1";"1";"0"
"27821";"86834302";"27821";"16";"1";"1";"7";"4";"0";"1";"1";"1";"0"
"27826";"86834304";"27826";"16";"1";"1";"7";"6";"0";"1";"1";"1";"0"
"27828";"86834501";"27828";"16";"1";"1";"7";"4";"0";"1";"1";"1";"0"
"27829";"86834501";"27829";"16";"3";"6";"7";"3";"0";"1";"1";"1";"0"
"27841";"86835101";"27841";"16";"3";"1";"7";"4";"0";"1";"1";"1";"0"
"27842";"86835101";"27842";"16";"2";"1";"7";"4";"0";"1";"1";"1";"0"
"27843";"86835101";"27843";"16";"1";"1";"7";"6";"0";"2";"0";"1";"0"
"27856";"86835101";"27856";"16";"1";"1";"7";"6";"0";"2";"0";"1";"0"
"27859";"86835101";"27859";"16";"3";"3";"1";"6";"0";"1";"2";"1";"0"
"27868";"86835103";"27868";"16";"1";"1";"7";"4";"0";"1";"1";"1";"0"
"27869";"86835103";"27869";"16";"1";"1";"7";"6";"0";"1";"1";"1";"0"
"27878";"86835108";"27878";"16";"1";"1";"7";"6";"0";"1";"1";"1";"0"
"27879";"86835204";"27879";"16";"1";"1";"7";"4";"0";"1";"1";"1";"0"
"27881";"86835204";"27881";"16";"1";"1";"7";"4";"0";"1";"1";"1";"0"
"27882";"86835205";"27882";"16";"1";"1";"7";"6";"0";"1";"2";"1";"0"
"27883";"86835205";"27883";"16";"3";"3";"1";"4";"0";"1";"1";"1";"0"
"27894";"86835503";"27894";"16";"1";"1";"7";"4";"0";"1";"1";"1";"0"
"27898";"86836202";"27898";"16";"3";"1";"7";"6";"0";"1";"1";"1";"0"
"27926";"86836502";"27926";"16";"1";"3";"1";"6";"0";"2";"1";"1";"0"
"27946";"86841205";"27946";"16";"1";"1";"7";"6";"0";"1";"1";"1";"0"
"27949";"86841308";"27949";"16";"3";"1";"2";"4";"0";"1";"1";"1";"0"
"27955";"86841308";"27955";"16";"3";"1";"7";"6";"1";"1";"2";"2";"0"
"27961";"86841310";"27961";"16";"1";"1";"7";"4";"0";"1";"1";"1";"0"
"27984";"86842102";"27984";"16";"1";"1";"7";"7";"1";"0";"1";"2";"0"
"27997";"86842201";"27997";"16";"1";"1";"7";"4";"0";"1";"1";"1";"0"
"28006";"86842310";"28006";"16";"3";"1";"7";"6";"0";"1";"1";"1";"0"
"28009";"86842310";"28009";"16";"1";"1";"7";"6";"0";"2";"0";"1";"0"
"28014";"86842518";"28014";"16";"1";"1";"7";"6";"0";"1";"1";"1";"0"
"28033";"86843209";"28033";"16";"1";"1";"7";"6";"0";"6";"1";"1";"0"
"28042";"86843502";"28042";"16";"1";"1";"7";"6";"0";"1";"1";"1";"0"
"28133";"86845103";"28133";"16";"1";"1";"7";"4";"0";"1";"1";"1";"0"
"28159";"86846101";"28159";"16";"1";"3";"2";"4";"0";"1";"1";"1";"0"
"28178";"86846505";"28178";"16";"1";"1";"7";"6";"0";"1";"1";"1";"0"
"28180";"86846505";"28180";"16";"1";"1";"7";"6";"0";"1";"1";"1";"0"
"28193";"86847406";"28193";"16";"1";"3";"2";"6";"0";"1";"2";"1";"0"
"28197";"86847406";"28197";"16";"1";"1";"7";"4";"0";"1";"1";"1";"0"
"28210";"86851201";"28210";"16";"3";"2";"2";"6";"0";"1";"1";"1";"0"
"28251";"86853204";"28251";"16";"1";"3";"1";"4";"0";"1";"1";"1";"0"
"28253";"86853212";"28253";"16";"1";"1";"7";"4";"0";"1";"0";"1";"0"
"28254";"86853406";"28254";"16";"1";"1";"7";"4";"0";"1";"0";"1";"0"
"28256";"86854513";"28256";"16";"1";"1";"7";"5";"0";"1";"1";"1";"0"
"28266";"86855106";"28266";"16";"1";"3";"1";"6";"0";"1";"1";"1";"0"
"28286";"86855502";"28286";"16";"1";"3";"1";"6";"0";"1";"1";"1";"0"
"28291";"86855502";"28291";"16";"3";"1";"1";"6";"0";"1";"1";"1";"0"
"28294";"86856301";"28294";"16";"1";"1";"7";"5";"0";"1";"1";"1";"0"
"28303";"86857107";"28303";"16";"3";"1";"7";"6";"0";"1";"1";"1";"0"
"28306";"86857110";"28306";"16";"1";"1";"7";"6";"0";"1";"2";"1";"0"
"28320";"86857201";"28320";"16";"1";"1";"7";"4";"1";"0";"1";"2";"0"
"28324";"86861101";"28324";"16";"3";"1";"7";"4";"1";"0";"1";"2";"0"
"28328";"86861304";"28328";"16";"3";"1";"4";"6";"0";"1";"0";"1";"0"
"28329";"86861307";"28329";"16";"1";"1";"7";"6";"0";"1";"1";"1";"0"
"28334";"86862202";"28334";"16";"1";"1";"7";"5";"1";"0";"1";"2";"0"
"28335";"86862202";"28335";"16";"1";"1";"7";"3";"0";"2";"1";"1";"0"
"28341";"86862302";"28341";"16";"1";"1";"7";"6";"0";"2";"1";"1";"0"
"28347";"86862302";"28347";"16";"1";"3";"1";"6";"0";"1";"1";"1";"0"
"28349";"86862302";"28349";"16";"1";"3";"2";"6";"0";"1";"1";"1";"0"
"28354";"86862302";"28354";"16";"1";"1";"7";"6";"0";"1";"1";"1";"0"
"28357";"86862302";"28357";"16";"1";"1";"7";"6";"0";"1";"1";"1";"0"
"28363";"86862302";"28363";"16";"1";"1";"7";"5";"1";"0";"1";"2";"0"
"28369";"86862504";"28369";"16";"1";"3";"2";"4";"0";"1";"1";"1";"0"
"28403";"86863401";"28403";"16";"1";"3";"1";"6";"1";"0";"1";"2";"0"
"28406";"86863401";"28406";"16";"1";"3";"1";"6";"0";"1";"0";"1";"0"
"28467";"86872303";"28467";"16";"3";"1";"1";"6";"0";"4";"0";"1";"0"
"28468";"86872303";"28468";"16";"1";"1";"7";"4";"0";"1";"1";"1";"0"
"28477";"86872303";"28477";"16";"1";"1";"7";"4";"0";"1";"1";"1";"0"
"28484";"86872303";"28484";"16";"2";"3";"1";"7";"0";"3";"1";"1";"0"
"28511";"86873404";"28511";"16";"1";"1";"1";"3";"0";"1";"1";"1";"0"
"28512";"86873404";"28512";"16";"1";"1";"1";"4";"0";"1";"1";"1";"0"
"28553";"86876503";"28553";"16";"1";"1";"7";"6";"0";"2";"0";"1";"0"
"28569";"86882310";"28569";"16";"3";"3";"2";"3";"0";"1";"1";"1";"0"
"28574";"86883104";"28574";"16";"3";"1";"1";"4";"0";"1";"1";"1";"0"
"28576";"86883115";"28576";"16";"1";"1";"7";"5";"0";"1";"1";"1";"0"
"28590";"86884106";"28590";"16";"3";"1";"7";"4";"1";"1";"1";"2";"0"
"28607";"87791507";"28607";"16";"1";"1";"7";"3";"0";"1";"0";"1";"0"
"28611";"87792404";"28611";"16";"3";"1";"7";"4";"0";"1";"1";"1";"0"
"28612";"87792404";"28612";"16";"3";"1";"7";"6";"1";"0";"1";"2";"0"
"28613";"87792404";"28613";"16";"1";"2";"2";"6";"1";"0";"1";"2";"0"
"28614";"87792404";"28614";"16";"1";"1";"7";"3";"1";"0";"1";"2";"0"
"28620";"87792404";"28620";"16";"1";"1";"7";"6";"0";"1";"0";"1";"0"
"28623";"87792412";"28623";"16";"1";"1";"7";"4";"0";"1";"1";"1";"0"
"28625";"87792503";"28625";"16";"1";"1";"7";"5";"0";"1";"1";"1";"0"
"28633";"87793505";"28633";"16";"1";"1";"7";"6";"1";"0";"1";"2";"0"
"28636";"87793505";"28636";"16";"1";"1";"7";"5";"0";"1";"1";"1";"0"
"28647";"87794510";"28647";"16";"1";"1";"7";"6";"1";"0";"1";"2";"0"
"28676";"87802106";"28676";"16";"3";"1";"7";"6";"0";"3";"0";"1";"0"
"5235";"45424";"5235";"16";"1";"1";"7";"4";"0";"2";"0";"1";"0"
"5308";"45629";"5308";"16";"2";"1";"7";"5";"0";"1";"1";"1";"0"
"5751";"47684";"5751";"16";"1";"1";"7";"4";"0";"1";"1";"1";"0"
"5920";"48846";"5920";"16";"1";"1";"7";"4";"0";"1";"1";"1";"0"
"5974";"48932";"5974";"16";"1";"1";"7";"6";"0";"1";"1";"1";"0"
"6212";"50253";"6212";"16";"1";"1";"7";"6";"0";"1";"1";"1";"0"
"8511";"62267";"8511";"16";"3";"1";"7";"4";"0";"1";"2";"1";"0"
"9089";"63040";"9089";"16";"3";"1";"7";"6";"0";"1";"1";"1";"0"
"9650";"71218";"9650";"16";"1";"1";"7";"6";"0";"1";"1";"1";"0"
"9815";"72099";"9815";"16";"3";"1";"7";"3";"0";"2";"0";"1";"0"
"9871";"72180";"9871";"16";"1";"1";"7";"5";"1";"1";"0";"2";"0"
"10252";"72709";"10252";"16";"1";"1";"7";"6";"0";"2";"1";"1";"0"
"10555";"73269";"10555";"16";"1";"3";"1";"5";"0";"1";"1";"1";"0"
"10655";"73465";"10655";"16";"1";"2";"2";"6";"0";"1";"1";"1";"0"
"10807";"73740";"10807";"16";"3";"7";"7";"6";"0";"1";"1";"1";"0"
"10915";"75286";"10915";"16";"1";"1";"7";"6";"0";"3";"4";"1";"0"
"11288";"79443";"11288";"16";"1";"1";"7";"5";"1";"0";"1";"2";"0"
"11861";"82497";"11861";"16";"1";"3";"2";"6";"1";"0";"2";"3";"2"
"12016";"90121";"12016";"16";"2";"1";"7";"4";"0";"1";"1";"1";"0"
"12293";"90542";"12293";"16";"2";"1";"7";"5";"0";"1";"1";"1";"0"
"12443";"67642401";"12443";"16";"1";"1";"7";"6";"0";"1";"1";"1";"0"
"12444";"67642401";"12444";"16";"1";"1";"7";"6";"0";"1";"1";"1";"0"
"12478";"67651302";"12478";"16";"3";"3";"1";"6";"2";"0";"3";"2";"0"
"12480";"67652107";"12480";"16";"3";"1";"7";"4";"1";"0";"2";"2";"0"
"12494";"67654410";"12494";"16";"1";"1";"7";"6";"1";"0";"2";"2";"0"
"12498";"67657105";"12498";"16";"1";"1";"7";"6";"0";"1";"1";"1";"0"
"12517";"68656102";"12517";"16";"1";"1";"7";"6";"0";"4";"1";"1";"0"
"12518";"68656102";"12518";"16";"5";"1";"7";"6";"1";"1";"3";"2";"0"
"12520";"68656102";"12520";"16";"5";"1";"7";"6";"1";"0";"3";"2";"0"
"12525";"68662310";"12525";"16";"1";"6";"7";"6";"1";"0";"1";"2";"0"
"12526";"68662310";"12526";"16";"3";"1";"7";"6";"0";"4";"0";"1";"0"
"12527";"68662310";"12527";"16";"3";"1";"7";"6";"1";"1";"0";"2";"0"
"12529";"68662402";"12529";"16";"3";"1";"7";"6";"0";"0";"1";"3";"0"
"12531";"68676505";"12531";"16";"1";"1";"7";"6";"2";"0";"1";"2";"0"
"12539";"68807507";"12539";"16";"3";"1";"7";"4";"0";"1";"1";"1";"0"
"12546";"69696111";"12546";"16";"1";"1";"7";"6";"0";"3";"0";"1";"0"
"12549";"69705107";"12549";"16";"1";"3";"1";"5";"1";"0";"1";"2";"0"
"12550";"69784404";"12550";"16";"1";"1";"7";"6";"1";"0";"1";"2";"0"
"12552";"69804503";"12552";"16";"1";"1";"2";"6";"0";"1";"1";"1";"0"
"12554";"69812106";"12554";"16";"3";"1";"7";"4";"2";"0";"4";"2";"0"
"12555";"69812106";"12555";"16";"1";"1";"7";"6";"1";"0";"2";"2";"0"
"12562";"69813207";"12562";"16";"1";"1";"7";"4";"1";"0";"1";"2";"0"
"12619";"70814505";"12619";"16";"1";"1";"7";"6";"0";"1";"1";"1";"0"
"12647";"70817105";"12647";"16";"3";"3";"1";"6";"1";"0";"1";"2";"0"
"12675";"70824501";"11725";"16";"2";"1";"7";"6";"0";"1";"1";"1";"0"
"12680";"70824501";"12680";"16";"3";"1";"7";"6";"0";"1";"1";"1";"0"
"12711";"70826303";"12711";"16";"3";"3";"1";"3";"0";"1";"1";"1";"0"
"12725";"70827103";"12725";"16";"1";"1";"7";"4";"1";"0";"1";"2";"0"
"12727";"70827103";"12727";"16";"1";"1";"7";"6";"1";"0";"1";"2";"0"
"12735";"70827203";"12735";"16";"3";"1";"7";"4";"1";"0";"1";"2";"0"
"12736";"70827214";"12736";"16";"1";"1";"7";"3";"0";"1";"1";"1";"0"
"12742";"70827305";"12742";"16";"3";"2";"1";"6";"0";"3";"0";"1";"0"
"12746";"70827307";"12746";"16";"2";"1";"7";"4";"0";"1";"1";"1";"0"
"12750";"70827312";"12750";"16";"3";"1";"7";"4";"1";"1";"1";"2";"0"
"12751";"70827312";"12751";"16";"2";"1";"7";"3";"0";"1";"1";"1";"0"
"12759";"70827401";"12759";"16";"1";"1";"7";"4";"0";"1";"1";"1";"0"
"12771";"71693306";"12771";"16";"1";"1";"7";"6";"2";"0";"0";"2";"0"
"12772";"71693306";"12772";"16";"1";"1";"7";"5";"1";"0";"2";"2";"0"
"12784";"71796104";"12784";"16";"1";"1";"7";"6";"1";"0";"1";"2";"0"
"12793";"71805408";"12793";"16";"1";"1";"7";"6";"1";"0";"1";"2";"0"
"12807";"71811404";"12807";"16";"1";"1";"7";"6";"0";"1";"1";"1";"0"
"12823";"71812204";"12823";"16";"3";"3";"2";"4";"1";"0";"1";"2";"0"
"12824";"71812406";"12824";"16";"1";"1";"7";"4";"0";"1";"1";"1";"0"
"12838";"71813305";"12838";"16";"1";"1";"7";"5";"0";"2";"0";"1";"0"
"12874";"71814510";"12874";"16";"3";"3";"2";"6";"1";"0";"1";"2";"0"
"12882";"71821104";"12882";"16";"1";"3";"2";"4";"0";"1";"1";"1";"0"
"12887";"71821106";"12887";"16";"1";"1";"7";"4";"0";"1";"1";"1";"0"
"12893";"71821106";"12893";"16";"3";"1";"7";"4";"1";"0";"1";"2";"0"
"12911";"71821208";"12911";"16";"3";"1";"7";"6";"1";"0";"1";"2";"0"
"12914";"71821208";"12914";"16";"3";"1";"7";"6";"1";"0";"1";"2";"0"
"12920";"71821401";"12920";"16";"1";"1";"7";"3";"0";"1";"1";"1";"0"
"12921";"71821401";"12921";"16";"3";"1";"7";"4";"1";"0";"1";"2";"0"
"12923";"71822101";"12923";"16";"3";"1";"7";"5";"1";"0";"1";"2";"0"
"12936";"71823104";"12936";"16";"1";"1";"7";"3";"0";"1";"1";"1";"0"
"12952";"71823420";"12952";"16";"1";"1";"7";"3";"0";"1";"2";"1";"0"
"13016";"71833106";"13016";"16";"3";"1";"7";"6";"0";"1";"3";"1";"0"
"13035";"71835102";"13035";"16";"1";"7";"7";"6";"0";"2";"1";"1";"0"
"13051";"72681205";"13051";"16";"1";"1";"7";"6";"1";"0";"1";"2";"0"
"13069";"72802205";"13069";"16";"2";"1";"7";"4";"1";"0";"1";"2";"0"
"13086";"72822310";"13086";"16";"1";"1";"7";"6";"1";"1";"1";"2";"0"
"13091";"72822318";"13091";"16";"3";"1";"7";"5";"1";"0";"1";"2";"0"
"13123";"73684205";"13123";"16";"1";"1";"7";"8";"0";"1";"2";"1";"0"
"13130";"73697204";"13130";"16";"3";"1";"7";"4";"1";"0";"1";"2";"0"
"13159";"73794104";"13159";"16";"1";"3";"1";"6";"0";"1";"2";"1";"0"
"13165";"73821203";"13165";"16";"2";"1";"2";"4";"1";"0";"5";"2";"0"
"13167";"73821203";"13167";"16";"3";"3";"1";"6";"0";"1";"1";"1";"0"
"13194";"74733104";"13194";"16";"1";"1";"7";"6";"0";"1";"2";"1";"0"
"13206";"74735203";"13206";"16";"1";"1";"7";"6";"0";"1";"1";"3";"0"
"13219";"74747101";"13219";"16";"1";"1";"7";"4";"1";"0";"1";"2";"0"
"13220";"74757204";"13220";"16";"1";"1";"7";"4";"1";"0";"1";"2";"0"
"13227";"74873208";"13227";"16";"1";"1";"7";"6";"1";"1";"1";"2";"0"
"13234";"74877503";"13234";"16";"5";"2";"1";"6";"0";"2";"2";"1";"0"
"13237";"74877503";"13237";"16";"1";"1";"1";"6";"0";"1";"1";"1";"0"
"13260";"75734406";"13260";"16";"1";"3";"1";"6";"0";"3";"1";"1";"0"
"13274";"75737403";"13274";"16";"1";"1";"7";"6";"0";"1";"1";"1";"0"
"13276";"75737403";"13276";"16";"1";"1";"7";"6";"0";"4";"0";"1";"0"
"13285";"75743303";"13285";"16";"1";"1";"7";"6";"1";"0";"1";"2";"0"
"13289";"75745109";"13289";"16";"1";"3";"1";"4";"0";"1";"1";"1";"0"
"13317";"75773307";"13317";"16";"1";"1";"7";"6";"1";"0";"3";"2";"0"
"13318";"75773307";"13318";"16";"1";"3";"1";"4";"0";"1";"1";"1";"0"
"13321";"75776303";"13321";"16";"1";"1";"7";"6";"0";"1";"1";"1";"0"
"13323";"75776303";"13323";"16";"1";"1";"7";"6";"0";"1";"1";"1";"0"
"13324";"75776303";"13324";"16";"1";"1";"7";"6";"0";"1";"1";"1";"0"
"13327";"75776303";"13327";"16";"1";"1";"7";"4";"0";"1";"1";"1";"0"
"13330";"75776303";"13330";"16";"1";"1";"7";"6";"0";"1";"1";"1";"0"
"13332";"75776303";"13332";"16";"3";"3";"1";"6";"0";"1";"2";"1";"0"
"13333";"75776303";"13333";"16";"1";"1";"7";"6";"0";"2";"1";"1";"0"
"13334";"75776303";"13334";"16";"1";"1";"7";"6";"0";"2";"1";"1";"0"
"13335";"75776303";"13335";"16";"1";"1";"7";"6";"0";"2";"0";"1";"0"
"13342";"75776404";"13342";"16";"2";"2";"2";"6";"0";"3";"0";"1";"0"
"13355";"75786201";"13355";"16";"1";"1";"7";"4";"1";"0";"1";"2";"0"
"13356";"75786203";"13356";"16";"1";"1";"7";"6";"1";"0";"1";"2";"0"
"13376";"75796502";"13376";"16";"3";"1";"7";"4";"0";"1";"1";"1";"0"
"13377";"75796502";"13377";"16";"1";"1";"7";"4";"0";"1";"1";"1";"0"
"13384";"75797401";"13384";"16";"1";"1";"7";"6";"0";"1";"1";"1";"0"
"13406";"75805301";"13406";"16";"1";"1";"7";"4";"0";"1";"1";"1";"0"
"13407";"75805301";"13407";"16";"1";"1";"7";"3";"0";"1";"1";"1";"0"
"13417";"75806206";"13417";"16";"3";"3";"2";"5";"1";"0";"1";"2";"0"
"13424";"75811302";"13424";"16";"1";"1";"7";"5";"0";"1";"1";"1";"0"
"13428";"75812203";"13428";"16";"1";"1";"7";"6";"0";"1";"1";"1";"0"
"13429";"75812203";"13429";"16";"1";"1";"2";"4";"0";"1";"1";"1";"0"
"13437";"76697407";"13437";"16";"1";"1";"7";"4";"0";"1";"1";"1";"0"
"13438";"76697407";"13438";"16";"1";"1";"7";"4";"0";"1";"1";"1";"0"
"13443";"76721306";"13443";"16";"1";"1";"7";"6";"0";"3";"1";"1";"0"
"13468";"76731405";"13468";"16";"1";"3";"1";"3";"0";"1";"1";"1";"0"
"13473";"76731415";"13473";"16";"1";"1";"7";"6";"0";"2";"0";"1";"0"
"13481";"76732410";"13481";"16";"1";"1";"7";"3";"1";"0";"1";"2";"0"
"13488";"76733303";"13488";"16";"2";"1";"7";"4";"0";"1";"3";"1";"0"
"13491";"76733418";"13491";"16";"3";"1";"7";"4";"0";"1";"0";"1";"0"
"13497";"76734212";"13497";"16";"3";"1";"7";"5";"0";"1";"0";"1";"0"
"13511";"76734503";"13511";"16";"1";"1";"7";"4";"0";"1";"1";"1";"0"
"13513";"76735102";"13513";"16";"1";"1";"7";"4";"0";"1";"1";"1";"0"
"13514";"76735103";"13514";"16";"1";"1";"7";"4";"1";"0";"1";"2";"0"
"13534";"76746404";"13534";"16";"3";"3";"1";"5";"0";"1";"1";"1";"0"
"13548";"76753202";"13548";"16";"1";"1";"7";"4";"0";"1";"1";"1";"0"
"13549";"76753203";"13549";"16";"3";"1";"7";"4";"0";"1";"1";"1";"0"
"13557";"76754402";"13557";"16";"1";"1";"7";"4";"0";"1";"1";"1";"0"
"13558";"76754508";"13558";"16";"1";"1";"7";"6";"0";"2";"0";"3";"0"
"13559";"76754508";"13559";"16";"3";"1";"7";"4";"0";"1";"1";"1";"0"
"13580";"76765315";"13580";"16";"3";"1";"7";"6";"0";"2";"0";"1";"0"
"13584";"76765503";"13584";"16";"1";"1";"7";"6";"0";"1";"1";"1";"0"
"13594";"76771310";"13594";"16";"2";"1";"7";"4";"1";"0";"1";"2";"0"
"13628";"76774401";"13628";"16";"1";"1";"7";"4";"0";"1";"1";"1";"0"
"13637";"76774405";"13637";"16";"3";"1";"7";"4";"0";"1";"1";"1";"0"
"13644";"76774409";"13644";"16";"3";"1";"7";"4";"0";"1";"1";"1";"0"
"13645";"76774409";"13645";"16";"1";"1";"7";"6";"0";"1";"1";"1";"0"
"13657";"76775404";"13657";"16";"2";"3";"2";"5";"0";"1";"1";"1";"0"
"13659";"76775406";"13659";"16";"3";"1";"7";"6";"0";"1";"1";"1";"0"
"13693";"76847502";"13693";"16";"3";"3";"1";"4";"1";"0";"1";"2";"0"
"13702";"76906204";"13702";"16";"2";"1";"1";"4";"0";"1";"1";"1";"0"
"13706";"76906204";"13706";"16";"1";"1";"7";"6";"0";"1";"1";"1";"0"
"13710";"76907304";"13710";"16";"3";"1";"7";"6";"0";"5";"0";"1";"0"
"13711";"77667202";"13711";"16";"3";"4";"2";"4";"1";"0";"1";"2";"0"
"13712";"77667202";"13712";"16";"3";"1";"7";"6";"1";"0";"1";"2";"0"
"13718";"77683203";"13718";"16";"1";"1";"7";"5";"1";"0";"1";"2";"0"
"13721";"77691203";"13721";"16";"3";"1";"7";"6";"1";"0";"1";"2";"0"
"13725";"77713411";"13725";"16";"3";"1";"1";"4";"1";"0";"1";"2";"0"
"13727";"77714303";"13727";"16";"1";"6";"7";"3";"0";"1";"1";"1";"0"
"13735";"77721208";"13735";"16";"1";"1";"7";"4";"0";"1";"1";"1";"0"
"13736";"77721208";"13736";"16";"1";"1";"7";"4";"0";"1";"1";"1";"0"
"13737";"77721208";"13737";"16";"1";"1";"7";"6";"0";"1";"0";"1";"0"
"13738";"77721208";"13738";"16";"1";"1";"7";"6";"0";"2";"1";"1";"0"
"13739";"77721208";"13739";"16";"1";"1";"7";"5";"1";"1";"0";"2";"0"
"13740";"77721208";"13740";"16";"1";"1";"7";"7";"0";"1";"1";"1";"0"
"13741";"77721208";"13741";"16";"1";"1";"7";"3";"1";"0";"1";"2";"0"
"13743";"77721208";"13743";"16";"1";"1";"7";"3";"0";"1";"1";"1";"0"
"13768";"77723107";"13768";"16";"1";"3";"1";"6";"0";"2";"1";"1";"0"
"13774";"77723301";"5887";"16";"1";"1";"7";"5";"0";"1";"1";"1";"0"
"13777";"77723301";"13777";"16";"1";"1";"7";"6";"0";"1";"1";"1";"0"
"13780";"77723301";"13780";"16";"1";"1";"7";"6";"0";"1";"2";"1";"0"
"13781";"77723301";"13781";"16";"1";"1";"7";"6";"0";"2";"0";"1";"0"
"13784";"77724304";"13784";"16";"1";"1";"7";"6";"0";"3";"0";"1";"0"
"13787";"77724304";"13787";"16";"3";"1";"7";"5";"0";"1";"1";"1";"0"
"13795";"77731512";"13795";"16";"1";"1";"7";"6";"0";"2";"0";"1";"0"
"13798";"77732501";"13798";"16";"1";"1";"7";"6";"0";"1";"1";"1";"0"
"13801";"77732501";"13801";"16";"1";"1";"7";"6";"0";"1";"1";"1";"0"
"13802";"77732501";"13802";"16";"1";"1";"7";"6";"0";"1";"1";"1";"0"
"13803";"77732501";"13803";"16";"2";"1";"7";"6";"0";"1";"2";"1";"0"
"13804";"77732501";"13804";"16";"1";"1";"7";"4";"0";"1";"1";"1";"0"
"13808";"77732501";"13808";"16";"1";"1";"7";"6";"0";"1";"1";"1";"0"
"13810";"77733307";"13810";"16";"1";"1";"7";"8";"0";"1";"1";"1";"0"
"13832";"77736117";"13832";"16";"3";"1";"7";"6";"0";"3";"0";"1";"0"
"13833";"77736117";"13833";"16";"3";"1";"7";"6";"0";"2";"0";"1";"0"
"13843";"77736402";"13843";"16";"1";"1";"7";"3";"0";"1";"1";"1";"0"
"13850";"77737101";"13850";"16";"2";"1";"7";"5";"1";"0";"1";"2";"0"
"13852";"77737206";"13852";"16";"1";"1";"7";"6";"0";"1";"2";"1";"0"
"13855";"77737211";"13855";"16";"1";"1";"7";"5";"1";"0";"1";"2";"0"
"13856";"77737211";"13856";"16";"2";"1";"7";"4";"1";"0";"1";"2";"0"
"13857";"77737211";"13857";"16";"1";"1";"7";"4";"0";"1";"1";"1";"0"
"13861";"77737301";"13861";"16";"2";"1";"7";"3";"0";"1";"1";"1";"0"
"13867";"77737308";"13867";"16";"1";"1";"7";"4";"0";"1";"1";"1";"0"
"13891";"77743102";"13891";"16";"1";"1";"7";"6";"0";"1";"1";"1";"0"
"13892";"77743102";"13892";"16";"1";"1";"7";"3";"0";"1";"1";"1";"0"
"13893";"77743102";"13893";"16";"3";"1";"7";"5";"0";"1";"1";"1";"0"
"13894";"77743102";"13894";"16";"1";"3";"2";"6";"0";"1";"1";"1";"0"
"13920";"77745103";"13920";"16";"3";"1";"7";"3";"0";"1";"1";"1";"0"
"13930";"77745107";"13930";"16";"3";"1";"7";"4";"0";"1";"1";"1";"0"
"13971";"77747414";"13971";"16";"1";"1";"7";"6";"0";"1";"1";"1";"0"
"13973";"77751501";"13973";"16";"3";"1";"7";"6";"0";"3";"0";"1";"0"