"accident_id";"lieu_id";"date_id";"cause_id";"lum_id";"intemp_id";"etat_surface_id";"impliq_id";"nb_blesses_graves";"nb_blesses_legers";"nb_indemnes";"gravite";"nb_morts"
"13991";"77755402";"13991";"16";"1";"1";"7";"6";"0";"2";"0";"1";"0"
"13992";"77755405";"13992";"16";"1";"1";"7";"6";"0";"1";"2";"1";"0"
"13994";"77755501";"13994";"16";"2";"1";"7";"5";"0";"1";"1";"1";"0"
"13998";"77756403";"13998";"16";"1";"1";"7";"6";"0";"2";"0";"1";"0"
"14004";"77757102";"14004";"16";"1";"1";"7";"6";"0";"2";"0";"1";"0"
"14006";"77757102";"14006";"16";"1";"1";"7";"6";"0";"2";"0";"1";"0"
"14009";"77757304";"14009";"16";"1";"1";"7";"6";"0";"1";"1";"1";"0"
"14010";"77757304";"14010";"16";"1";"1";"7";"6";"0";"1";"0";"1";"0"
"14011";"77757304";"8269";"16";"1";"1";"7";"6";"0";"3";"0";"1";"0"
"14012";"77757304";"14012";"16";"1";"1";"7";"4";"0";"1";"1";"1";"0"
"14013";"77757304";"14013";"16";"1";"1";"7";"6";"0";"1";"2";"1";"0"
"14017";"77757501";"14017";"16";"1";"1";"7";"6";"0";"1";"1";"1";"0"
"14041";"77763214";"14041";"16";"3";"1";"7";"6";"0";"3";"0";"1";"0"
"14044";"77763214";"14044";"16";"1";"1";"7";"6";"0";"1";"0";"1";"0"
"14049";"77764102";"14049";"16";"1";"1";"7";"3";"0";"1";"1";"1";"0"
"14051";"77764102";"14051";"16";"1";"1";"7";"4";"0";"1";"1";"1";"0"
"14052";"77764102";"14052";"16";"1";"1";"7";"4";"0";"1";"0";"1";"0"
"14061";"77764310";"14061";"16";"1";"1";"7";"4";"1";"0";"1";"2";"0"
"14062";"77764310";"14062";"16";"1";"1";"7";"4";"0";"1";"1";"1";"0"
"14064";"77764310";"14064";"16";"3";"2";"1";"4";"1";"0";"2";"2";"0"
"14071";"77765202";"14071";"16";"3";"1";"7";"4";"0";"1";"1";"1";"0"
"14076";"77765402";"14076";"16";"1";"3";"1";"6";"1";"0";"1";"2";"0"
"14083";"77766310";"14083";"16";"3";"1";"7";"3";"0";"1";"1";"1";"0"
"14092";"77766505";"14092";"16";"3";"3";"2";"4";"0";"1";"1";"1";"0"
"14093";"77766505";"14093";"16";"1";"1";"7";"4";"0";"1";"1";"1";"0"
"14136";"77771403";"14136";"16";"1";"1";"7";"5";"0";"2";"0";"1";"0"
"14137";"77771404";"14137";"16";"1";"3";"2";"6";"0";"1";"2";"1";"0"
"14140";"77771406";"14140";"16";"1";"1";"7";"6";"1";"0";"1";"2";"0"
"14142";"77772301";"14142";"16";"3";"1";"7";"6";"0";"2";"1";"1";"0"
"14143";"77772301";"9842";"16";"3";"1";"7";"4";"0";"1";"1";"1";"0"
"14145";"77772301";"14145";"16";"1";"1";"7";"4";"0";"1";"1";"1";"0"
"14146";"77772301";"14146";"16";"1";"1";"7";"6";"0";"3";"0";"1";"0"
"14147";"77772301";"14147";"16";"1";"1";"7";"6";"2";"3";"0";"2";"0"
"14149";"77772301";"14149";"16";"1";"1";"7";"6";"0";"2";"0";"1";"0"
"14151";"77772301";"14151";"16";"5";"3";"1";"4";"0";"1";"1";"1";"0"
"14152";"77772303";"14152";"16";"3";"1";"7";"3";"0";"1";"1";"1";"0"
"14154";"77772303";"14154";"16";"1";"1";"7";"6";"0";"2";"1";"1";"0"
"14165";"77772509";"14165";"16";"3";"1";"7";"4";"0";"1";"1";"1";"0"
"14177";"77774505";"14177";"16";"1";"1";"7";"4";"0";"1";"1";"1";"0"
"14187";"77775401";"14187";"16";"1";"1";"7";"4";"0";"1";"1";"1";"0"
"14188";"77775401";"14188";"16";"1";"1";"7";"3";"0";"1";"1";"1";"0"
"14189";"77775401";"14189";"16";"1";"1";"7";"3";"0";"0";"1";"3";"0"
"14190";"77775401";"14190";"16";"1";"1";"7";"6";"0";"1";"1";"1";"0"
"14191";"77775401";"14191";"16";"1";"1";"7";"6";"0";"1";"2";"1";"0"
"14194";"77775401";"14194";"16";"1";"1";"7";"3";"0";"1";"1";"1";"0"
"14212";"77776305";"14212";"16";"1";"3";"2";"6";"0";"1";"2";"1";"0"
"14214";"77776305";"226";"16";"1";"1";"7";"4";"0";"1";"1";"1";"0"
"14217";"77776305";"14217";"16";"1";"1";"7";"6";"0";"2";"0";"1";"0"
"14218";"77776305";"14218";"16";"1";"1";"7";"6";"0";"2";"0";"1";"0"
"14223";"77776305";"14223";"16";"1";"1";"7";"6";"0";"2";"1";"1";"0"
"14224";"77776305";"14224";"16";"1";"1";"7";"5";"0";"1";"1";"1";"0"
"14225";"77776305";"14225";"16";"3";"1";"7";"6";"0";"1";"1";"1";"0"
"14234";"77777103";"14234";"16";"1";"1";"7";"4";"0";"1";"1";"1";"0"
"14236";"77777103";"14236";"16";"1";"1";"7";"4";"0";"1";"1";"1";"0"
"14237";"77777103";"14237";"16";"1";"3";"1";"6";"0";"1";"2";"1";"0"
"14238";"77777103";"14238";"16";"3";"1";"7";"6";"0";"1";"1";"1";"0"
"14239";"77777103";"14239";"16";"1";"1";"7";"4";"0";"1";"1";"1";"0"
"14250";"77777204";"14250";"16";"1";"1";"7";"4";"0";"1";"1";"1";"0"
"14251";"77777204";"14251";"16";"1";"1";"7";"3";"0";"1";"1";"1";"0"
"14259";"77777206";"14259";"16";"1";"1";"7";"6";"0";"1";"1";"1";"0"
"14262";"77777406";"14262";"16";"1";"1";"7";"3";"0";"1";"1";"1";"0"
"14263";"77777406";"14263";"16";"3";"3";"1";"6";"0";"1";"1";"1";"0"
"14265";"77777406";"14265";"16";"3";"3";"2";"6";"2";"1";"2";"2";"0"
"14267";"77777406";"14267";"16";"3";"1";"7";"6";"0";"1";"1";"1";"0"
"14269";"77777406";"14269";"16";"1";"1";"7";"6";"0";"1";"1";"1";"0"
"14270";"77777406";"14270";"16";"1";"1";"7";"6";"0";"2";"1";"1";"0"
"14272";"77782209";"14272";"16";"3";"1";"7";"4";"0";"1";"1";"1";"0"
"14274";"77782315";"14274";"16";"1";"1";"2";"6";"0";"3";"1";"1";"0"
"14295";"77787307";"14295";"16";"1";"1";"7";"5";"1";"0";"1";"2";"0"
"14313";"77842504";"14313";"16";"3";"1";"7";"4";"0";"1";"1";"1";"0"
"14323";"77877302";"14323";"16";"1";"1";"7";"6";"1";"1";"0";"2";"0"
"14330";"77893502";"14330";"16";"1";"1";"7";"6";"0";"1";"1";"1";"0"
"14336";"77901408";"14336";"16";"3";"1";"7";"4";"0";"1";"1";"1";"0"
"14347";"77902509";"14347";"16";"1";"1";"7";"4";"0";"1";"1";"1";"0"
"14348";"77902509";"14348";"16";"1";"1";"7";"7";"0";"1";"1";"1";"0"
"14349";"77902509";"14349";"16";"1";"3";"2";"4";"0";"1";"1";"1";"0"
"14354";"77902509";"14354";"16";"1";"3";"1";"3";"0";"1";"1";"1";"0"
"14363";"77903209";"14363";"16";"1";"1";"7";"5";"0";"2";"1";"1";"0"
"14365";"77903302";"14365";"16";"1";"1";"7";"6";"0";"2";"0";"1";"0"
"14392";"77904306";"14392";"16";"1";"1";"7";"6";"0";"1";"1";"1";"0"
"14395";"77904408";"14395";"16";"3";"1";"7";"4";"0";"1";"1";"1";"0"
"28705";"87802501";"28705";"16";"1";"3";"1";"4";"0";"1";"1";"1";"0"
"28720";"87802507";"28720";"16";"1";"1";"7";"6";"0";"4";"1";"1";"0"
"28736";"87803309";"28736";"16";"1";"1";"7";"6";"0";"2";"1";"1";"0"
"28749";"87803502";"28749";"16";"3";"1";"7";"6";"0";"1";"1";"1";"0"
"28750";"87803502";"28750";"16";"1";"1";"7";"6";"1";"2";"0";"2";"0"
"28763";"87804315";"28763";"16";"1";"1";"7";"6";"0";"1";"0";"1";"0"
"28766";"87804405";"28766";"16";"1";"1";"7";"5";"0";"1";"1";"1";"0"
"28782";"87805302";"28782";"16";"3";"1";"7";"5";"0";"1";"1";"1";"0"
"28785";"87805306";"25787";"16";"1";"1";"7";"4";"0";"2";"1";"1";"0"
"28809";"87806403";"28809";"16";"1";"1";"7";"6";"0";"2";"1";"1";"0"
"28811";"87806504";"28811";"16";"1";"3";"1";"3";"1";"0";"1";"2";"0"
"28820";"87807305";"28820";"16";"1";"1";"7";"4";"0";"1";"2";"1";"0"
"28823";"87807401";"28823";"16";"3";"1";"7";"6";"0";"4";"0";"1";"0"
"28827";"87807401";"28827";"16";"1";"1";"7";"6";"1";"0";"1";"2";"0"
"28840";"87811201";"28840";"16";"3";"1";"7";"3";"0";"1";"1";"1";"0"
"28842";"87811201";"28842";"16";"1";"2";"2";"4";"0";"1";"1";"1";"0"
"28844";"87811201";"18258";"16";"1";"1";"7";"6";"0";"2";"2";"1";"0"
"28846";"87811201";"28846";"16";"1";"1";"7";"6";"0";"1";"0";"1";"0"
"28847";"87811201";"28847";"16";"1";"1";"7";"6";"0";"3";"0";"1";"0"
"28850";"87811201";"28850";"16";"1";"1";"7";"6";"0";"2";"1";"1";"0"
"28851";"87811201";"28851";"16";"1";"1";"7";"6";"0";"3";"0";"1";"0"
"28852";"87811202";"28852";"16";"3";"3";"2";"4";"0";"1";"1";"1";"0"
"28854";"87811202";"28854";"16";"1";"1";"7";"6";"0";"6";"1";"1";"0"
"28855";"87811202";"28855";"16";"1";"1";"2";"4";"1";"0";"1";"2";"0"
"28856";"87811202";"28856";"16";"1";"3";"1";"6";"0";"1";"1";"1";"0"
"28858";"87811202";"28858";"16";"1";"1";"7";"6";"0";"2";"1";"1";"0"
"28861";"87811202";"28861";"16";"1";"1";"7";"6";"0";"3";"1";"1";"0"
"28863";"87811202";"28863";"16";"1";"1";"7";"6";"1";"0";"1";"2";"0"
"28864";"87811202";"28864";"16";"1";"1";"7";"6";"0";"3";"1";"1";"0"
"28865";"87811202";"28865";"16";"1";"1";"7";"5";"1";"0";"1";"2";"0"
"28867";"87811202";"28867";"16";"1";"1";"7";"6";"0";"1";"1";"1";"0"
"28868";"87811202";"28868";"16";"1";"3";"1";"6";"0";"2";"0";"1";"0"
"28871";"87811202";"28871";"16";"2";"1";"7";"6";"0";"3";"0";"1";"0"
"28874";"87811202";"28874";"16";"1";"1";"7";"6";"0";"3";"2";"1";"0"
"28876";"87811202";"28876";"16";"1";"3";"2";"6";"0";"1";"1";"1";"0"
"28883";"87811202";"28883";"16";"1";"1";"7";"6";"0";"1";"2";"1";"0"
"28884";"87811202";"28884";"16";"1";"1";"7";"6";"0";"2";"1";"1";"0"
"28885";"87811202";"28885";"16";"3";"1";"1";"4";"0";"1";"1";"1";"0"
"28887";"87811202";"28887";"16";"3";"6";"1";"6";"0";"1";"2";"1";"0"
"28888";"87811202";"28888";"16";"1";"1";"7";"6";"0";"1";"1";"1";"0"
"28890";"87811202";"28890";"16";"1";"1";"7";"6";"0";"1";"1";"1";"0"
"28893";"87811202";"28893";"16";"3";"3";"1";"4";"0";"1";"1";"1";"0"
"28896";"87811202";"28896";"16";"1";"1";"7";"6";"0";"1";"2";"1";"0"
"28898";"87811202";"28898";"16";"1";"1";"7";"3";"0";"1";"1";"1";"0"
"28901";"87811202";"28901";"16";"3";"3";"1";"4";"0";"1";"1";"1";"0"
"28919";"87811406";"28919";"16";"1";"1";"7";"4";"0";"2";"0";"1";"0"
"28931";"87811501";"28931";"16";"1";"1";"7";"6";"0";"1";"1";"1";"0"
"28933";"87811501";"28933";"16";"2";"1";"7";"6";"0";"1";"2";"1";"0"
"28938";"87811501";"28938";"16";"1";"1";"7";"6";"0";"3";"0";"1";"0"
"28939";"87812101";"5246";"16";"1";"1";"7";"6";"0";"1";"2";"1";"0"
"28940";"87812101";"28940";"16";"1";"1";"7";"4";"0";"1";"1";"1";"0"
"28941";"87812101";"28941";"16";"1";"1";"7";"6";"0";"1";"1";"1";"0"
"28943";"87812101";"28943";"16";"1";"1";"7";"6";"0";"3";"0";"1";"0"
"28954";"87812102";"28954";"16";"1";"1";"7";"6";"0";"1";"2";"1";"0"
"28957";"87812304";"28957";"16";"1";"3";"1";"5";"0";"1";"1";"1";"0"
"28961";"87812304";"28961";"16";"1";"3";"2";"6";"0";"2";"0";"1";"0"
"28962";"87812304";"28962";"16";"1";"1";"7";"6";"0";"1";"1";"1";"0"
"28963";"87812304";"28963";"16";"1";"1";"7";"6";"0";"3";"3";"1";"0"
"28964";"87812304";"28964";"16";"1";"1";"7";"4";"1";"0";"1";"2";"0"
"28965";"87812304";"28965";"16";"1";"1";"7";"6";"0";"2";"0";"1";"0"
"28966";"87812304";"28966";"16";"1";"1";"1";"6";"0";"1";"1";"1";"0"
"28967";"87812304";"28967";"16";"1";"1";"7";"6";"0";"3";"0";"1";"0"
"28968";"87812304";"28968";"16";"1";"1";"7";"6";"0";"3";"2";"1";"0"
"28969";"87812304";"28969";"16";"1";"3";"1";"6";"0";"1";"1";"1";"0"
"28970";"87812304";"28970";"16";"1";"1";"7";"4";"0";"1";"1";"1";"0"
"28971";"87812304";"28971";"16";"1";"3";"1";"6";"0";"2";"2";"1";"0"
"28972";"87812304";"28972";"16";"1";"1";"7";"6";"0";"1";"1";"1";"0"
"28973";"87812304";"28973";"16";"3";"3";"1";"6";"0";"1";"1";"1";"0"
"28974";"87812304";"28974";"16";"1";"1";"7";"6";"0";"1";"1";"1";"0"
"28983";"87813102";"28983";"16";"2";"3";"1";"5";"0";"1";"1";"1";"0"
"28985";"87813102";"28985";"16";"1";"1";"7";"4";"0";"1";"1";"1";"0"
"28988";"87813114";"28988";"16";"1";"1";"7";"6";"0";"1";"0";"1";"0"
"28990";"87813205";"28990";"16";"3";"1";"7";"3";"0";"1";"1";"1";"0"
"28994";"87813301";"28994";"16";"3";"3";"1";"3";"0";"1";"1";"1";"0"
"28996";"87813401";"28996";"16";"1";"1";"7";"6";"0";"1";"1";"1";"0"
"28998";"87813401";"28998";"16";"1";"1";"7";"4";"0";"1";"1";"1";"0"
"29004";"87813401";"29004";"16";"1";"3";"2";"6";"0";"1";"1";"1";"0"
"29008";"87813401";"29008";"16";"1";"1";"7";"6";"0";"3";"0";"1";"0"
"29012";"87813401";"29012";"16";"1";"1";"7";"6";"0";"6";"0";"1";"0"
"29014";"87813401";"29014";"16";"3";"1";"7";"6";"0";"1";"4";"1";"0"
"29015";"87813401";"29015";"16";"1";"1";"7";"6";"0";"1";"0";"1";"0"
"29020";"87813401";"20911";"16";"1";"1";"7";"6";"0";"1";"1";"1";"0"
"29023";"87813401";"29023";"16";"1";"1";"2";"6";"0";"1";"2";"1";"0"
"29025";"87813401";"29025";"16";"1";"1";"7";"6";"0";"1";"0";"1";"0"
"29026";"87813401";"29026";"16";"1";"1";"7";"6";"0";"2";"3";"1";"0"
"29027";"87813401";"29027";"16";"1";"3";"2";"6";"0";"1";"2";"1";"0"
"29029";"87813401";"29029";"16";"3";"1";"7";"6";"0";"1";"2";"1";"0"
"29031";"87813401";"29031";"16";"1";"3";"1";"6";"0";"1";"2";"1";"0"
"29032";"87813401";"29032";"16";"1";"1";"7";"6";"0";"2";"1";"1";"0"
"29033";"87813401";"29033";"16";"1";"1";"7";"6";"0";"1";"1";"1";"0"
"29034";"87813401";"29034";"16";"1";"1";"7";"6";"0";"1";"1";"1";"0"
"29038";"87813401";"29038";"16";"1";"1";"7";"6";"0";"1";"1";"1";"0"
"29039";"87813401";"29039";"16";"1";"3";"1";"6";"0";"1";"1";"1";"0"
"29041";"87813401";"29041";"16";"1";"1";"7";"6";"0";"1";"2";"1";"0"
"29043";"87813401";"29043";"16";"1";"3";"1";"6";"0";"3";"2";"1";"0"
"29044";"87813401";"29044";"16";"1";"3";"1";"6";"0";"2";"1";"1";"0"
"29045";"87813401";"29045";"16";"1";"1";"7";"6";"0";"1";"1";"1";"0"
"29047";"87813401";"29047";"16";"3";"1";"7";"6";"0";"1";"1";"1";"0"
"29049";"87813401";"29049";"16";"1";"1";"7";"6";"0";"1";"1";"1";"0"
"29053";"87813501";"29053";"16";"2";"1";"7";"6";"0";"1";"2";"1";"0"
"29073";"87814305";"29073";"16";"2";"1";"7";"5";"1";"0";"1";"2";"0"
"29111";"87821303";"29111";"16";"1";"3";"2";"6";"0";"1";"1";"1";"0"
"29115";"87821303";"29115";"16";"3";"1";"7";"6";"0";"1";"1";"1";"0"
"29118";"87821304";"29118";"16";"1";"1";"7";"6";"0";"3";"1";"1";"0"
"29139";"87821501";"29139";"16";"3";"3";"1";"6";"0";"1";"1";"1";"0"
"29140";"87821502";"29140";"16";"3";"1";"7";"3";"0";"2";"0";"1";"0"
"29141";"87821502";"29141";"16";"1";"1";"7";"6";"0";"1";"1";"1";"0"
"29147";"87821502";"29147";"16";"3";"1";"7";"4";"1";"0";"1";"2";"0"
"29150";"87822105";"29150";"16";"1";"1";"7";"6";"0";"3";"2";"1";"0"
"29153";"87822105";"29153";"16";"1";"1";"1";"6";"0";"1";"2";"1";"0"
"29156";"87822105";"29156";"16";"1";"1";"7";"5";"0";"1";"2";"1";"0"
"29193";"87822501";"29193";"16";"1";"1";"7";"3";"0";"1";"1";"1";"0"
"29208";"87824101";"29208";"16";"1";"1";"1";"6";"0";"2";"1";"1";"0"
"29210";"87824101";"29210";"16";"3";"1";"7";"6";"0";"2";"1";"1";"0"
"29219";"87824511";"29219";"16";"3";"1";"1";"4";"1";"0";"2";"2";"0"
"29220";"87824511";"29220";"16";"1";"1";"7";"4";"0";"1";"1";"1";"0"
"29248";"87826203";"29248";"16";"1";"3";"1";"5";"0";"1";"1";"1";"0"
"29249";"87826203";"29249";"16";"1";"1";"7";"6";"0";"2";"1";"1";"0"
"29250";"87826203";"29250";"16";"1";"3";"2";"6";"0";"1";"3";"1";"0"
"29252";"87826203";"29252";"16";"1";"1";"7";"6";"0";"1";"1";"1";"0"
"29254";"87826203";"29254";"16";"1";"1";"7";"6";"0";"5";"3";"1";"0"
"29256";"87826203";"29256";"16";"1";"1";"7";"4";"0";"1";"1";"1";"0"
"29259";"87826203";"29259";"16";"3";"1";"7";"4";"0";"1";"1";"1";"0"
"29260";"87826203";"29260";"16";"3";"1";"7";"4";"1";"0";"1";"2";"0"
"29264";"87826203";"29264";"16";"2";"1";"7";"6";"0";"1";"1";"1";"0"
"29269";"87827303";"29269";"16";"1";"3";"1";"4";"0";"1";"1";"1";"0"
"29279";"87832312";"29279";"16";"3";"1";"7";"3";"0";"2";"0";"1";"0"
"29296";"87833318";"29296";"16";"1";"1";"7";"4";"0";"1";"1";"1";"0"
"29316";"87834303";"20948";"16";"3";"3";"1";"4";"0";"1";"1";"1";"0"
"29331";"87834409";"29331";"16";"1";"1";"7";"6";"0";"1";"1";"1";"0"
"29335";"87834409";"29335";"16";"1";"3";"1";"5";"0";"1";"1";"1";"0"
"29336";"87834514";"29336";"16";"1";"1";"7";"4";"0";"1";"1";"1";"0"
"29337";"87835102";"29337";"16";"1";"1";"7";"6";"0";"3";"0";"1";"0"
"29338";"87835102";"29338";"16";"1";"1";"7";"6";"0";"1";"0";"1";"0"
"29339";"87835102";"29339";"16";"1";"1";"7";"6";"0";"1";"0";"1";"0"
"29340";"87835102";"29340";"16";"1";"1";"7";"6";"0";"2";"0";"1";"0"
"29342";"87835102";"29342";"16";"1";"1";"7";"6";"0";"1";"2";"1";"0"
"29346";"87835102";"29346";"16";"1";"1";"7";"6";"0";"1";"1";"1";"0"
"29358";"87836401";"29358";"16";"1";"1";"7";"4";"0";"1";"1";"1";"0"
"29368";"87836503";"29368";"16";"1";"3";"2";"6";"2";"0";"0";"2";"0"
"29388";"87837503";"29388";"16";"1";"1";"7";"6";"0";"1";"2";"1";"0"
"29389";"87837503";"29389";"16";"1";"1";"1";"4";"0";"1";"1";"1";"0"
"29390";"87837506";"29390";"16";"1";"1";"7";"5";"0";"1";"1";"1";"0"
"29392";"87837506";"29392";"16";"1";"1";"7";"6";"0";"2";"0";"1";"0"
"29402";"87841210";"29402";"16";"1";"1";"7";"6";"0";"1";"1";"1";"0"
"29423";"87842314";"29423";"16";"1";"1";"7";"4";"0";"1";"0";"1";"0"
"29449";"87844508";"29449";"16";"3";"3";"2";"4";"0";"2";"0";"1";"0"
"29475";"87847104";"29475";"16";"3";"1";"7";"4";"0";"1";"1";"1";"0"
"29476";"87847104";"29476";"16";"1";"1";"1";"6";"0";"1";"1";"1";"0"
"29477";"87847104";"29477";"16";"3";"1";"7";"4";"0";"2";"1";"1";"0"
"29482";"87847104";"29482";"16";"1";"1";"7";"4";"0";"1";"1";"1";"0"
"29483";"87847104";"29483";"16";"1";"1";"7";"6";"0";"2";"0";"1";"0"
"29486";"87847104";"29486";"16";"3";"1";"7";"5";"0";"2";"1";"1";"0"
"29487";"87847104";"29487";"16";"3";"3";"1";"4";"0";"1";"1";"1";"0"
"29489";"87847104";"29489";"16";"3";"1";"7";"6";"0";"1";"1";"1";"0"
"29494";"87847112";"29494";"16";"3";"1";"1";"5";"0";"1";"1";"1";"0"
"29498";"87847112";"29498";"16";"1";"1";"7";"4";"0";"1";"1";"1";"0"
"29499";"87847112";"29499";"16";"1";"1";"7";"5";"0";"1";"1";"1";"0"
"29500";"87847112";"29500";"16";"1";"1";"7";"5";"0";"2";"1";"1";"0"
"29519";"88791402";"29519";"16";"1";"1";"7";"6";"2";"0";"0";"2";"0"
"29520";"88791402";"29520";"16";"3";"1";"7";"4";"0";"1";"1";"1";"0"
"29525";"88791405";"29525";"16";"1";"1";"1";"6";"0";"2";"1";"1";"0"
"29540";"88795403";"29540";"16";"3";"1";"1";"6";"0";"2";"2";"1";"0"
"29546";"88801304";"29546";"16";"1";"1";"7";"4";"0";"2";"0";"1";"0"
"29557";"88801413";"29557";"16";"3";"1";"7";"4";"0";"1";"1";"1";"0"
"29558";"88801413";"29558";"16";"3";"1";"7";"6";"0";"2";"1";"1";"0"
"29564";"88802404";"29564";"16";"3";"1";"7";"6";"0";"3";"0";"1";"0"
"29565";"88802404";"29565";"16";"1";"1";"2";"6";"0";"2";"1";"1";"0"
"29566";"88802404";"29566";"16";"1";"2";"2";"6";"0";"2";"0";"1";"0"
"29568";"88802404";"29568";"16";"1";"1";"1";"4";"1";"0";"0";"2";"0"
"29569";"88802404";"29569";"16";"1";"1";"7";"6";"0";"2";"1";"1";"0"
"29588";"88815104";"29588";"16";"3";"1";"1";"6";"0";"1";"2";"1";"0"
"29590";"88815106";"29590";"16";"3";"1";"7";"6";"1";"1";"0";"2";"0"
"29591";"88816506";"29591";"16";"1";"1";"7";"5";"0";"1";"1";"1";"0"
"29597";"88822310";"29597";"16";"2";"1";"7";"3";"0";"1";"1";"1";"0"
"29601";"88825102";"29601";"16";"1";"1";"7";"3";"0";"1";"0";"1";"0"
"29609";"88825102";"29609";"16";"1";"1";"7";"4";"0";"1";"1";"1";"0"
"29613";"88831302";"29613";"16";"3";"3";"1";"6";"0";"4";"1";"1";"0"
"29616";"88831502";"29616";"16";"1";"1";"7";"6";"1";"0";"1";"2";"0"
"29620";"88832405";"29620";"16";"3";"1";"7";"4";"0";"1";"1";"1";"0"
"29624";"88833403";"29624";"16";"1";"1";"7";"4";"1";"0";"1";"2";"0"
"29625";"88833403";"29625";"16";"1";"1";"7";"5";"0";"1";"1";"1";"0"
"29631";"88833403";"29631";"16";"2";"3";"1";"6";"0";"1";"1";"1";"0"
"29635";"88833403";"29635";"16";"1";"1";"7";"6";"0";"1";"1";"1";"0"
"29637";"88833403";"29637";"16";"3";"1";"7";"6";"0";"2";"1";"1";"0"
"29639";"88833403";"29639";"16";"1";"1";"7";"5";"0";"1";"1";"1";"0"
"29641";"88833403";"29641";"16";"3";"1";"7";"6";"0";"1";"1";"1";"0"
"29653";"88837506";"29653";"16";"3";"1";"7";"6";"0";"4";"0";"1";"0"
"29665";"88842105";"29665";"16";"3";"1";"7";"6";"0";"2";"0";"1";"0"
"29683";"88843103";"29683";"16";"3";"3";"1";"6";"0";"3";"0";"1";"0"
"29693";"88843409";"29693";"16";"1";"1";"7";"3";"0";"1";"1";"1";"0"
"29698";"88844202";"29698";"16";"1";"1";"7";"6";"0";"2";"0";"1";"0"
"29703";"88844202";"29703";"16";"1";"1";"7";"4";"0";"1";"1";"1";"0"
"29707";"88844202";"29707";"16";"3";"1";"7";"6";"0";"2";"1";"1";"0"
"29720";"88844407";"29720";"16";"1";"1";"7";"6";"0";"2";"2";"1";"0"
"29744";"89761402";"29744";"16";"1";"1";"7";"6";"1";"0";"1";"2";"0"
"19165";"80897501";"19165";"16";"1";"7";"1";"6";"0";"1";"1";"1";"0"
"19170";"80911503";"19170";"16";"1";"1";"7";"4";"0";"1";"1";"1";"0"
"19181";"80917207";"19181";"16";"1";"1";"7";"6";"0";"1";"1";"1";"0"
"19182";"80917305";"19182";"16";"1";"1";"7";"5";"1";"0";"1";"2";"0"
"19206";"81707301";"19206";"16";"1";"1";"7";"6";"0";"1";"1";"1";"0"
"19207";"81707301";"19207";"16";"1";"1";"7";"6";"0";"1";"1";"1";"0"
"19209";"81707301";"19209";"16";"1";"2";"2";"6";"0";"1";"1";"1";"0"
"19210";"81707301";"19210";"16";"3";"1";"7";"6";"0";"3";"1";"1";"0"
"19211";"81707301";"19211";"16";"1";"1";"7";"6";"0";"2";"0";"1";"0"
"19214";"81711112";"19214";"16";"1";"1";"1";"3";"0";"1";"1";"1";"0"
"19220";"81713406";"19220";"16";"1";"1";"7";"4";"0";"1";"1";"1";"0"
"19234";"81721404";"19234";"16";"1";"1";"7";"6";"0";"4";"0";"1";"0"
"19235";"81721404";"19235";"16";"3";"1";"7";"4";"1";"0";"1";"2";"0"
"19236";"81721404";"19236";"16";"1";"1";"7";"6";"0";"1";"2";"1";"0"
"19241";"81721405";"19241";"16";"1";"1";"7";"6";"0";"2";"1";"1";"0"
"19242";"81721405";"19242";"16";"1";"1";"2";"5";"0";"1";"1";"1";"0"
"19256";"81723101";"19256";"16";"1";"1";"7";"4";"1";"0";"1";"2";"0"
"19257";"81723101";"19257";"16";"1";"1";"7";"3";"1";"0";"1";"2";"0"
"19261";"81723101";"19261";"16";"1";"1";"7";"4";"0";"1";"1";"1";"0"
"19266";"81724401";"19266";"16";"1";"1";"7";"3";"1";"0";"1";"2";"0"
"19280";"81727301";"19280";"16";"1";"1";"7";"6";"0";"1";"1";"1";"0"
"19288";"81733401";"19288";"16";"1";"1";"7";"5";"1";"0";"1";"2";"0"
"19297";"81735305";"19297";"16";"1";"1";"7";"6";"1";"0";"2";"2";"0"
"19300";"81736105";"19300";"16";"3";"1";"7";"4";"1";"0";"1";"2";"0"
"19323";"81744401";"19323";"16";"1";"1";"1";"4";"0";"1";"1";"1";"0"
"19355";"81753201";"19355";"16";"1";"1";"7";"6";"0";"0";"2";"0";"0"
"19359";"81753201";"19359";"16";"1";"1";"7";"6";"0";"1";"1";"1";"0"
"19360";"81753201";"19360";"16";"1";"1";"7";"6";"0";"4";"0";"1";"0"
"19361";"81753201";"19361";"16";"1";"1";"7";"6";"0";"1";"0";"1";"0"
"19363";"81753201";"19363";"16";"3";"1";"7";"6";"0";"6";"0";"1";"0"
"19366";"81753201";"19366";"16";"5";"1";"7";"6";"0";"2";"0";"1";"0"
"19367";"81753201";"19367";"16";"5";"3";"1";"6";"0";"2";"2";"1";"0"
"19368";"81753201";"19368";"16";"1";"1";"7";"6";"0";"5";"1";"1";"0"
"19369";"81753201";"1472";"16";"5";"3";"1";"6";"0";"1";"1";"1";"0"