"accident_id";"lieu_id";"date_id";"cause_id";"lum_id";"intemp_id";"etat_surface_id";"impliq_id";"nb_blesses_graves";"nb_blesses_legers";"nb_indemnes";"gravite";"nb_morts"
"19371";"81753201";"19371";"16";"2";"1";"2";"6";"0";"2";"2";"1";"0"
"19393";"81755304";"14413";"16";"3";"3";"1";"4";"0";"1";"1";"1";"0"
"19436";"81761307";"19436";"16";"1";"1";"7";"6";"0";"3";"1";"1";"0"
"19437";"81761307";"19437";"16";"1";"1";"7";"6";"0";"1";"1";"1";"0"
"19438";"81761307";"19438";"16";"5";"1";"7";"6";"0";"1";"1";"1";"0"
"19440";"81761307";"19440";"16";"1";"1";"2";"6";"0";"1";"2";"1";"0"
"19442";"81761307";"19442";"16";"1";"2";"2";"6";"0";"2";"1";"1";"0"
"19443";"81761307";"19443";"16";"5";"1";"7";"6";"0";"2";"3";"1";"0"
"19444";"81761307";"19444";"16";"1";"1";"7";"6";"0";"1";"1";"1";"0"
"19445";"81761307";"19445";"16";"3";"1";"7";"6";"0";"1";"1";"1";"0"
"19446";"81761307";"19446";"16";"3";"1";"7";"6";"0";"3";"1";"1";"0"
"19447";"81761307";"19447";"16";"3";"3";"2";"6";"0";"1";"3";"1";"0"
"19561";"81764401";"19561";"16";"3";"1";"7";"6";"0";"1";"2";"1";"0"
"19566";"81764412";"19566";"16";"2";"1";"7";"5";"0";"1";"1";"1";"0"
"19567";"81764502";"5545";"16";"3";"3";"2";"5";"0";"4";"1";"1";"0"
"19611";"81766203";"19611";"16";"3";"1";"7";"4";"0";"1";"1";"1";"0"
"19632";"81766302";"19632";"16";"1";"1";"7";"6";"0";"2";"1";"1";"0"
"19637";"81766303";"19637";"16";"1";"1";"7";"6";"0";"1";"1";"1";"0"
"19643";"81766406";"19643";"16";"1";"1";"7";"6";"1";"0";"1";"2";"0"
"19658";"81767105";"19658";"16";"1";"1";"7";"6";"0";"2";"2";"1";"0"
"19659";"81767105";"19659";"16";"1";"1";"7";"4";"0";"2";"2";"1";"0"
"19661";"81767105";"19661";"16";"5";"3";"1";"6";"0";"2";"2";"1";"0"
"19662";"81767105";"19662";"16";"5";"3";"1";"5";"0";"1";"1";"1";"0"
"19665";"81767105";"19665";"16";"1";"1";"7";"6";"0";"2";"1";"1";"0"
"19671";"81767304";"19671";"16";"1";"1";"7";"6";"0";"3";"1";"1";"0"
"19683";"81771301";"19683";"16";"1";"1";"7";"6";"0";"1";"1";"1";"0"
"19693";"81772402";"19693";"16";"3";"1";"7";"6";"1";"0";"0";"2";"0"
"19711";"81773201";"19711";"16";"1";"1";"7";"6";"0";"1";"1";"1";"0"
"19717";"81773204";"19717";"16";"3";"1";"7";"6";"0";"1";"2";"1";"0"
"19725";"81774202";"19725";"16";"1";"3";"2";"6";"0";"3";"0";"1";"0"
"19744";"81775303";"19744";"16";"1";"1";"7";"4";"0";"1";"1";"1";"0"
"19756";"81777108";"19756";"16";"1";"1";"7";"4";"0";"1";"1";"1";"0"
"19787";"81782213";"19787";"16";"1";"1";"7";"3";"0";"1";"1";"1";"0"
"19801";"81784101";"19801";"16";"1";"1";"7";"6";"0";"1";"1";"1";"0"
"19803";"81784104";"19803";"16";"5";"1";"7";"6";"0";"1";"3";"1";"0"
"19825";"81785508";"19825";"16";"1";"1";"7";"3";"0";"1";"1";"1";"0"
"19855";"81787415";"19855";"16";"1";"1";"7";"6";"0";"1";"2";"1";"0"
"19861";"81787503";"19861";"16";"1";"1";"7";"4";"0";"1";"1";"1";"0"
"19867";"81791503";"19867";"16";"1";"1";"7";"6";"0";"1";"2";"1";"0"
"19868";"81791503";"19868";"16";"1";"1";"7";"8";"0";"2";"0";"1";"0"
"19881";"81793407";"19881";"16";"5";"1";"7";"6";"0";"2";"2";"1";"0"
"19883";"81793407";"19883";"16";"1";"1";"7";"5";"0";"1";"1";"1";"0"
"19886";"81793407";"19886";"16";"1";"1";"7";"6";"0";"1";"1";"1";"0"
"19889";"81793407";"19889";"16";"3";"1";"7";"4";"0";"1";"1";"1";"0"
"19907";"81794504";"19907";"16";"3";"3";"1";"4";"0";"1";"1";"1";"0"
"19916";"81795404";"19916";"16";"1";"1";"7";"6";"0";"1";"0";"1";"0"
"19918";"81795404";"19918";"16";"1";"3";"1";"6";"0";"1";"1";"1";"0"
"19919";"81795404";"19919";"16";"1";"1";"7";"3";"1";"0";"1";"2";"0"
"19921";"81795404";"19921";"16";"1";"1";"7";"6";"0";"1";"2";"1";"0"
"19956";"81797303";"19956";"16";"1";"1";"7";"6";"0";"1";"1";"1";"0"
"19958";"81797306";"19958";"16";"1";"3";"1";"4";"0";"1";"1";"1";"0"
"19961";"81801104";"19961";"16";"4";"1";"7";"5";"0";"1";"1";"1";"0"
"19966";"81802108";"19966";"16";"3";"1";"7";"6";"0";"1";"1";"1";"0"
"19976";"81804106";"19976";"16";"1";"3";"2";"6";"2";"1";"6";"2";"0"
"19977";"81804106";"19977";"16";"1";"1";"7";"4";"0";"1";"1";"1";"0"
"19985";"81806405";"19985";"16";"1";"1";"7";"6";"0";"1";"0";"1";"0"
"19990";"81806509";"19990";"16";"3";"1";"7";"6";"1";"1";"0";"2";"0"
"19991";"81806509";"19991";"16";"1";"1";"7";"6";"0";"2";"2";"1";"0"
"19992";"81806509";"19992";"16";"1";"1";"7";"6";"3";"1";"0";"2";"0"
"19993";"81806509";"19993";"16";"1";"1";"1";"6";"1";"0";"1";"2";"0"
"19994";"81806509";"19994";"16";"3";"1";"7";"6";"0";"2";"2";"1";"0"
"19996";"81806509";"19996";"16";"1";"1";"7";"6";"1";"0";"1";"2";"0"
"19997";"81806509";"19997";"16";"3";"1";"7";"6";"0";"3";"2";"1";"0"
"20003";"81807405";"20003";"16";"3";"2";"2";"4";"0";"1";"1";"1";"0"
"20006";"81812101";"20006";"16";"1";"1";"7";"4";"0";"1";"1";"1";"0"
"20016";"81813403";"20016";"16";"1";"1";"7";"6";"1";"3";"0";"2";"0"
"20017";"81813403";"6990";"16";"2";"1";"7";"4";"0";"1";"1";"1";"0"
"20019";"81813403";"20019";"16";"1";"1";"7";"5";"1";"0";"1";"2";"0"
"20022";"81814304";"10116";"16";"3";"1";"7";"4";"0";"1";"1";"1";"0"
"20029";"81815112";"20029";"16";"1";"1";"2";"6";"0";"1";"1";"1";"0"
"20038";"81823210";"20038";"16";"1";"1";"7";"4";"0";"1";"1";"1";"0"
"20041";"81824401";"20041";"16";"1";"1";"7";"4";"0";"1";"1";"1";"0"
"20056";"81836405";"20056";"16";"1";"1";"7";"6";"0";"1";"1";"1";"0"
"20057";"81836405";"20057";"16";"3";"1";"7";"6";"0";"2";"1";"1";"0"
"20058";"81836405";"20058";"16";"1";"1";"7";"6";"0";"3";"0";"1";"0"
"20060";"81836405";"20060";"16";"3";"1";"7";"4";"0";"1";"1";"1";"0"
"20064";"81836405";"20064";"16";"1";"1";"7";"6";"1";"0";"1";"2";"0"
"20065";"81836405";"20065";"16";"3";"1";"7";"4";"1";"0";"1";"2";"0"
"20066";"81836405";"20066";"16";"3";"1";"1";"4";"0";"1";"1";"1";"0"
"20078";"81845303";"20078";"16";"3";"1";"7";"6";"0";"2";"0";"1";"0"
"20080";"81845303";"20080";"16";"3";"4";"2";"6";"0";"3";"0";"1";"0"
"20083";"81845303";"20083";"16";"3";"1";"7";"6";"0";"1";"1";"1";"0"
"20091";"81872403";"20091";"16";"1";"1";"7";"4";"0";"1";"1";"1";"0"
"20099";"81874306";"20099";"16";"1";"3";"2";"6";"0";"2";"0";"1";"0"
"20100";"81874306";"20100";"16";"1";"1";"7";"6";"0";"1";"1";"1";"0"
"20102";"81874306";"20102";"16";"1";"1";"7";"4";"0";"1";"1";"1";"0"
"20109";"81881205";"20109";"16";"1";"3";"2";"6";"0";"1";"1";"1";"0"
"20110";"81881205";"20110";"16";"1";"1";"7";"3";"0";"1";"1";"1";"0"
"20113";"81882206";"20113";"16";"1";"1";"7";"6";"0";"1";"2";"1";"0"
"20116";"81882206";"20116";"16";"1";"1";"7";"4";"1";"0";"1";"2";"0"
"20127";"81893501";"20127";"16";"1";"1";"7";"6";"0";"1";"2";"1";"0"
"20131";"81893501";"20131";"16";"1";"1";"7";"6";"0";"2";"0";"1";"0"
"20142";"81893501";"20142";"16";"1";"1";"7";"6";"0";"1";"1";"1";"0"
"20157";"81907301";"20157";"16";"1";"2";"1";"6";"0";"1";"1";"1";"0"
"20177";"82706101";"20177";"16";"1";"1";"7";"6";"0";"1";"2";"1";"0"
"20180";"82706304";"20180";"16";"1";"3";"2";"6";"1";"0";"1";"2";"0"
"20183";"82706304";"20183";"16";"1";"1";"7";"5";"0";"1";"1";"1";"0"
"20184";"82706304";"20184";"16";"1";"1";"7";"6";"0";"3";"0";"1";"0"
"20190";"82707301";"20190";"16";"1";"1";"7";"6";"1";"0";"1";"2";"0"
"20192";"82712201";"20192";"16";"3";"3";"2";"4";"1";"0";"1";"2";"0"
"20195";"82712203";"20195";"16";"1";"1";"7";"6";"0";"1";"2";"1";"0"
"20199";"82713207";"20199";"16";"1";"1";"7";"5";"0";"2";"0";"1";"0"
"20208";"82714101";"20208";"16";"3";"1";"7";"4";"0";"1";"1";"1";"0"
"20216";"82715503";"20216";"16";"1";"1";"7";"5";"1";"0";"0";"2";"0"
"20220";"82716202";"20220";"16";"1";"1";"7";"6";"0";"2";"1";"1";"0"
"20222";"82717309";"20222";"16";"1";"1";"7";"4";"0";"1";"1";"1";"0"
"20225";"82721204";"20225";"16";"4";"3";"1";"4";"0";"1";"1";"1";"0"
"20226";"82721204";"20226";"16";"1";"1";"7";"6";"0";"1";"1";"1";"0"
"20228";"82721206";"20228";"16";"3";"1";"7";"4";"1";"0";"1";"2";"0"
"20293";"82751503";"20293";"16";"1";"1";"7";"4";"1";"1";"2";"2";"0"
"20298";"82751507";"20298";"16";"1";"1";"7";"6";"0";"1";"1";"1";"0"
"20309";"82752502";"20309";"16";"1";"1";"7";"6";"0";"1";"1";"1";"0"
"20311";"82752502";"20311";"16";"2";"1";"7";"6";"0";"1";"2";"1";"0"
"20313";"82752502";"20313";"16";"3";"3";"2";"6";"0";"2";"0";"1";"0"
"20336";"82755402";"20336";"16";"1";"1";"7";"4";"0";"1";"1";"1";"0"
"20338";"82755402";"14594";"16";"1";"1";"7";"5";"1";"1";"0";"2";"0"
"20340";"82755402";"20340";"16";"1";"1";"7";"6";"0";"2";"1";"1";"0"
"20343";"82755402";"20343";"16";"3";"1";"7";"6";"0";"3";"0";"1";"0"
"20368";"82756320";"20368";"16";"1";"1";"7";"4";"0";"1";"1";"1";"0"
"20378";"82756505";"20378";"16";"1";"1";"7";"6";"0";"1";"1";"1";"0"
"20395";"82761101";"20395";"16";"1";"1";"7";"5";"0";"1";"2";"1";"0"
"20413";"82761404";"20413";"16";"2";"1";"2";"4";"0";"1";"1";"1";"0"
"20431";"82762403";"20431";"16";"3";"3";"1";"4";"1";"0";"1";"2";"0"
"20461";"82764305";"20461";"16";"3";"1";"7";"6";"0";"6";"0";"1";"0"
"20477";"82766301";"20477";"16";"1";"1";"7";"6";"0";"1";"1";"1";"0"
"20483";"82766301";"20483";"16";"1";"3";"2";"6";"0";"1";"2";"1";"0"
"20489";"82766502";"20489";"16";"3";"1";"7";"4";"1";"0";"1";"2";"0"
"20499";"82771204";"20499";"16";"1";"1";"7";"8";"0";"1";"1";"1";"0"
"20500";"82771204";"20500";"16";"1";"1";"7";"6";"0";"2";"2";"1";"0"
"20501";"82771204";"20501";"16";"1";"1";"7";"6";"0";"1";"3";"1";"0"
"20505";"82771303";"20505";"16";"1";"1";"7";"6";"2";"0";"1";"2";"0"
"20506";"82771303";"20506";"16";"1";"3";"1";"4";"0";"1";"0";"1";"0"
"20508";"82771303";"20508";"16";"1";"3";"1";"4";"0";"2";"1";"1";"0"
"20509";"82771303";"20509";"16";"2";"1";"7";"4";"0";"2";"1";"1";"0"
"20531";"82774202";"20531";"16";"1";"1";"7";"4";"1";"0";"1";"2";"0"
"20545";"82776211";"20545";"16";"2";"1";"7";"6";"0";"1";"1";"1";"0"
"20550";"82776401";"20550";"16";"1";"1";"7";"6";"0";"2";"1";"1";"0"
"20555";"82776402";"20555";"16";"3";"3";"2";"4";"0";"1";"1";"1";"0"
"20563";"82777101";"20563";"16";"1";"1";"7";"6";"0";"2";"0";"1";"0"
"20575";"82785309";"20575";"16";"1";"1";"7";"4";"0";"1";"1";"1";"0"
"20576";"82785309";"20576";"16";"1";"1";"7";"6";"0";"1";"1";"1";"0"
"20581";"82787302";"2467";"16";"1";"1";"7";"6";"0";"1";"1";"1";"0"
"20591";"82792110";"20591";"16";"1";"1";"7";"6";"0";"1";"1";"1";"0"
"20592";"82792110";"20592";"16";"1";"1";"7";"6";"0";"2";"0";"1";"0"
"20673";"82797504";"20673";"16";"2";"1";"1";"6";"1";"0";"1";"2";"0"
"20749";"82804402";"20749";"16";"1";"1";"1";"6";"0";"3";"0";"1";"0"
"20755";"82804402";"20755";"16";"2";"1";"7";"6";"1";"0";"1";"2";"0"
"20771";"82813502";"20771";"16";"2";"1";"7";"6";"0";"1";"1";"1";"0"
"20775";"82816303";"20775";"16";"1";"2";"2";"4";"0";"1";"1";"1";"0"
"20816";"82827304";"20816";"16";"1";"1";"7";"6";"0";"2";"1";"1";"0"
"20818";"82827304";"20818";"16";"1";"1";"7";"6";"0";"1";"1";"1";"0"
"20827";"82843406";"10155";"16";"1";"1";"7";"6";"0";"3";"0";"1";"0"
"20828";"82843406";"20828";"16";"3";"1";"7";"4";"0";"1";"1";"1";"0"
"20832";"82844502";"20832";"16";"1";"1";"7";"6";"1";"0";"2";"2";"0"
"20833";"82844502";"20833";"16";"3";"1";"7";"6";"0";"4";"0";"1";"0"
"20834";"82844502";"20834";"16";"1";"1";"7";"4";"1";"0";"1";"2";"0"
"20839";"82854512";"20839";"16";"1";"1";"7";"6";"0";"1";"2";"1";"0"
"20841";"82854512";"20841";"16";"1";"1";"7";"6";"0";"1";"1";"1";"0"
"20842";"82854512";"20842";"16";"3";"3";"2";"6";"0";"1";"2";"1";"0"
"20857";"82876410";"20857";"16";"1";"1";"7";"6";"1";"2";"0";"2";"0"
"20867";"82887105";"20867";"16";"1";"1";"6";"6";"0";"3";"1";"1";"0"
"20890";"82923403";"20890";"16";"1";"1";"7";"6";"0";"1";"0";"1";"0"
"20891";"82923403";"20891";"16";"3";"1";"7";"6";"0";"1";"1";"1";"0"
"20900";"82926307";"20900";"16";"1";"1";"7";"6";"0";"1";"2";"1";"0"
"20901";"82926307";"20901";"16";"1";"1";"7";"6";"0";"0";"2";"0";"0"
"20902";"82926307";"20902";"16";"1";"1";"7";"6";"0";"3";"0";"1";"0"
"20907";"82927403";"20907";"16";"3";"1";"7";"6";"1";"1";"2";"2";"0"
"20911";"82927403";"20911";"16";"1";"1";"7";"6";"0";"1";"1";"1";"0"
"20928";"83725205";"20928";"16";"1";"1";"7";"4";"0";"0";"1";"3";"0"
"20930";"83733502";"13681";"16";"1";"1";"7";"6";"0";"1";"1";"1";"0"
"20933";"83735208";"20933";"16";"1";"1";"7";"6";"0";"1";"1";"1";"0"
"20935";"83736107";"20935";"16";"1";"7";"1";"6";"0";"1";"1";"1";"0"
"20942";"83741304";"20942";"16";"1";"1";"7";"6";"1";"0";"1";"2";"0"
"20943";"83741304";"20943";"16";"1";"1";"7";"6";"1";"0";"1";"2";"0"
"20947";"83741304";"20947";"16";"4";"1";"1";"6";"0";"2";"0";"1";"0"
"20948";"83741304";"20948";"16";"5";"2";"2";"5";"1";"0";"1";"2";"0"
"20950";"83741304";"20950";"16";"2";"2";"2";"6";"0";"2";"0";"1";"0"
"20960";"83741304";"20960";"16";"1";"3";"2";"6";"0";"1";"1";"1";"0"
"20963";"83742202";"20963";"16";"2";"3";"2";"6";"0";"1";"1";"1";"0"
"20970";"83744304";"20970";"16";"1";"1";"7";"5";"1";"0";"1";"2";"0"
"20980";"83747210";"20980";"16";"3";"1";"7";"6";"0";"2";"0";"1";"0"
"20981";"83747210";"20981";"16";"1";"3";"1";"6";"0";"2";"1";"3";"2"
"20982";"83747210";"20982";"16";"1";"1";"7";"6";"0";"4";"0";"1";"0"
"20987";"83747213";"20987";"16";"1";"1";"1";"6";"0";"3";"0";"1";"0"
"21023";"83747520";"21023";"16";"1";"1";"7";"5";"0";"1";"1";"1";"0"
"21024";"83747520";"21024";"16";"1";"1";"7";"5";"0";"2";"1";"1";"0"
"21043";"83752406";"21043";"16";"1";"2";"1";"6";"0";"1";"1";"1";"0"
"21045";"83752406";"21045";"16";"5";"1";"7";"3";"0";"1";"1";"1";"0"
"21046";"83752406";"21046";"16";"1";"1";"7";"6";"0";"1";"2";"1";"0"
"21047";"83752406";"21047";"16";"1";"1";"7";"6";"0";"2";"0";"1";"0"
"21048";"83752406";"21048";"16";"1";"1";"7";"4";"0";"1";"1";"1";"0"
"21088";"83757407";"21088";"16";"1";"1";"7";"3";"0";"1";"1";"1";"0"
"21093";"83761402";"21093";"16";"1";"1";"7";"6";"0";"1";"1";"1";"0"
"21094";"83761402";"21094";"16";"2";"1";"1";"6";"0";"1";"1";"1";"0"
"21095";"83761402";"21095";"16";"3";"1";"7";"4";"0";"1";"0";"1";"0"
"21096";"83762208";"21096";"16";"1";"1";"7";"6";"1";"2";"0";"2";"0"
"21098";"83762208";"21098";"16";"3";"1";"7";"3";"0";"1";"1";"1";"0"
"21099";"83762208";"21099";"16";"1";"1";"7";"6";"1";"2";"1";"2";"0"
"21100";"83762208";"21100";"16";"2";"2";"2";"6";"1";"2";"2";"2";"0"
"21101";"83762208";"9857";"16";"1";"1";"7";"6";"2";"2";"1";"2";"0"
"21103";"83762208";"21103";"16";"1";"1";"7";"6";"1";"1";"1";"2";"0"
"21105";"83762208";"21105";"16";"1";"1";"7";"4";"1";"0";"1";"2";"0"
"21107";"83762208";"21107";"16";"3";"1";"7";"6";"1";"2";"1";"2";"0"
"21108";"83762208";"21108";"16";"1";"1";"1";"6";"0";"1";"2";"1";"0"
"21110";"83762208";"21110";"16";"1";"1";"7";"4";"0";"1";"1";"1";"0"
"21111";"83762208";"14242";"16";"1";"1";"7";"6";"0";"1";"1";"1";"0"
"21113";"83762208";"21113";"16";"2";"1";"7";"4";"0";"1";"1";"1";"0"
"21116";"83762208";"21116";"16";"1";"1";"7";"6";"0";"1";"1";"1";"0"
"21118";"83762208";"21118";"16";"1";"1";"7";"4";"0";"1";"0";"1";"0"
"21120";"83762208";"21120";"16";"1";"1";"7";"6";"0";"1";"1";"1";"0"
"21126";"83762411";"21126";"16";"1";"1";"7";"6";"0";"1";"1";"1";"0"
"21128";"83762411";"21128";"16";"3";"1";"7";"5";"1";"0";"1";"2";"0"
"21136";"83762412";"21136";"16";"3";"1";"7";"4";"1";"0";"0";"2";"0"
"21137";"83762412";"21137";"16";"1";"1";"7";"6";"0";"1";"3";"1";"0"
"21139";"83762412";"21139";"16";"1";"1";"7";"4";"0";"1";"1";"1";"0"
"21140";"83762412";"21140";"16";"1";"1";"7";"5";"0";"1";"1";"1";"0"
"21143";"83762412";"21143";"16";"1";"1";"7";"6";"0";"3";"0";"1";"0"
"21147";"83764106";"21147";"16";"3";"1";"7";"6";"1";"1";"1";"2";"0"
"21159";"83766111";"21159";"16";"2";"1";"7";"4";"0";"1";"1";"1";"0"
"21162";"83766507";"10010";"16";"1";"1";"7";"6";"0";"2";"1";"1";"0"
"21185";"83773101";"21185";"16";"1";"1";"1";"6";"0";"3";"1";"1";"0"
"21187";"83773101";"21187";"16";"1";"1";"7";"3";"0";"1";"1";"1";"0"
"21200";"83773504";"4583";"16";"5";"1";"7";"6";"1";"1";"2";"2";"0"
"21203";"83773504";"21203";"16";"1";"2";"2";"6";"1";"1";"1";"2";"0"
"21207";"83774301";"21207";"16";"1";"1";"7";"6";"0";"1";"1";"1";"0"
"21209";"83776104";"21209";"16";"2";"1";"7";"5";"1";"0";"1";"2";"0"
"21214";"83777307";"21214";"16";"1";"1";"7";"4";"0";"1";"1";"1";"0"
"21216";"83777402";"21216";"16";"1";"1";"7";"4";"0";"1";"1";"1";"0"
"21217";"83777402";"21217";"16";"1";"1";"7";"6";"0";"2";"0";"1";"0"
"21223";"83781404";"21223";"16";"1";"1";"7";"5";"0";"1";"1";"1";"0"
"21227";"83782405";"21227";"16";"1";"1";"7";"6";"0";"2";"1";"1";"0"
"21231";"83783305";"21231";"16";"5";"1";"7";"4";"0";"1";"1";"1";"0"
"21234";"83783305";"21234";"16";"1";"1";"7";"6";"0";"1";"1";"1";"0"
"21275";"83794305";"21275";"16";"3";"1";"7";"7";"0";"1";"4";"1";"0"
"21279";"83794402";"21279";"16";"3";"3";"2";"4";"0";"1";"1";"1";"0"
"21289";"83794402";"21289";"16";"1";"3";"1";"4";"1";"0";"1";"2";"0"
"21311";"83795404";"21311";"16";"3";"4";"2";"6";"0";"3";"1";"1";"0"
"21329";"83795404";"21329";"16";"1";"1";"7";"6";"0";"1";"1";"1";"0"
"21344";"83797205";"21344";"16";"1";"1";"7";"4";"0";"1";"1";"1";"0"
"21358";"83804313";"21358";"16";"1";"1";"7";"5";"0";"1";"1";"1";"0"
"21364";"83805506";"21364";"16";"3";"2";"2";"4";"0";"1";"1";"1";"0"
"21365";"83805506";"21365";"16";"2";"1";"7";"6";"0";"1";"1";"1";"0"
"21366";"83805506";"21366";"16";"3";"1";"7";"6";"0";"1";"1";"1";"0"
"21367";"83805506";"21367";"16";"1";"1";"7";"4";"0";"1";"1";"1";"0"
"21368";"83805507";"21368";"16";"2";"3";"2";"6";"0";"1";"1";"1";"0"
"21388";"83807402";"21388";"16";"1";"1";"7";"4";"0";"1";"1";"1";"0"
"21389";"83811503";"21389";"16";"1";"1";"7";"3";"0";"1";"1";"1";"0"
"21403";"83811503";"21403";"16";"3";"1";"7";"6";"0";"2";"2";"1";"0"
"21406";"83811503";"21406";"16";"3";"3";"2";"6";"0";"2";"2";"1";"0"
"21413";"83811503";"21413";"16";"1";"1";"7";"6";"0";"1";"1";"1";"0"
"21445";"83811509";"21445";"16";"1";"1";"7";"3";"0";"1";"1";"1";"0"
"21454";"83811510";"21454";"16";"1";"1";"7";"6";"0";"1";"1";"1";"0"
"21457";"83813505";"21457";"16";"1";"1";"7";"6";"0";"2";"2";"1";"0"
"21460";"83813505";"21460";"16";"1";"1";"7";"6";"0";"1";"1";"1";"0"
"21461";"83813505";"21461";"16";"1";"3";"1";"4";"0";"1";"1";"1";"0"
"21462";"83813505";"21462";"16";"1";"1";"7";"6";"0";"1";"1";"1";"0"
"21465";"83814509";"21465";"16";"1";"1";"7";"5";"0";"1";"1";"1";"0"
"21467";"83814510";"21467";"16";"2";"1";"7";"6";"0";"1";"1";"1";"0"
"21468";"83814510";"21468";"16";"3";"1";"7";"6";"0";"2";"0";"1";"0"
"21469";"83814510";"21469";"16";"1";"1";"7";"4";"0";"1";"1";"1";"0"
"21472";"83815403";"21472";"16";"3";"1";"7";"4";"0";"1";"1";"1";"0"
"21474";"83815403";"21474";"16";"1";"1";"7";"5";"0";"1";"1";"1";"0"
"21480";"83817205";"21480";"16";"2";"1";"7";"4";"1";"0";"1";"2";"0"
"21483";"83817209";"21483";"16";"2";"1";"2";"4";"1";"0";"1";"2";"0"
"21486";"83817302";"21486";"16";"1";"1";"7";"6";"0";"1";"1";"1";"0"
"21487";"83817302";"21487";"16";"1";"1";"7";"6";"0";"1";"2";"1";"0"
"21488";"83817302";"21488";"16";"1";"1";"7";"6";"1";"0";"0";"2";"0"
"21489";"83817302";"21489";"16";"1";"7";"7";"4";"0";"1";"1";"1";"0"
"21491";"83817302";"21491";"16";"1";"1";"7";"4";"0";"1";"1";"1";"0"
"21492";"83817302";"21492";"16";"1";"1";"7";"6";"0";"1";"1";"1";"0"
"21540";"83827408";"21540";"16";"1";"1";"7";"6";"0";"1";"1";"1";"0"
"21575";"83836407";"21575";"16";"3";"1";"7";"4";"0";"1";"2";"1";"0"
"21583";"83836503";"21583";"16";"1";"1";"7";"6";"0";"1";"0";"1";"0"
"21591";"83844401";"21591";"16";"1";"1";"7";"6";"0";"1";"1";"1";"0"
"21592";"83844401";"21592";"16";"3";"1";"7";"6";"0";"2";"0";"1";"0"
"21593";"83844401";"21593";"16";"3";"3";"2";"6";"1";"0";"1";"2";"0"
"21594";"83844401";"21594";"16";"3";"1";"7";"3";"0";"1";"1";"1";"0"
"21597";"83844401";"21597";"16";"3";"1";"7";"5";"0";"1";"1";"1";"0"
"21598";"83844401";"21598";"16";"3";"1";"7";"6";"0";"1";"0";"1";"0"
"21602";"83847104";"21602";"16";"1";"1";"7";"6";"0";"1";"1";"1";"0"
"21607";"83847202";"21607";"16";"3";"1";"7";"4";"0";"1";"1";"1";"0"
"21612";"83847401";"11031";"16";"1";"1";"7";"5";"2";"0";"1";"2";"0"
"21613";"83847401";"21613";"16";"3";"1";"7";"4";"0";"1";"1";"1";"0"
"21614";"83847401";"21614";"16";"3";"3";"2";"3";"1";"0";"1";"2";"0"
"21616";"83847401";"21616";"16";"3";"1";"7";"3";"0";"1";"1";"1";"0"
"21619";"83847401";"21619";"16";"1";"1";"7";"4";"0";"1";"1";"1";"0"
"21633";"83851301";"21633";"16";"1";"1";"7";"6";"0";"3";"0";"1";"0"
"21634";"83851301";"21634";"16";"1";"1";"7";"6";"0";"1";"1";"1";"0"
"21651";"83857311";"21651";"16";"1";"1";"7";"4";"0";"1";"1";"1";"0"
"21652";"83857311";"12006";"16";"1";"1";"7";"4";"0";"1";"1";"1";"0"
"21684";"83867201";"21684";"16";"3";"1";"7";"4";"0";"1";"1";"1";"0"
"21685";"83867201";"21685";"16";"1";"1";"7";"3";"0";"1";"1";"1";"0"
"21686";"83867201";"21686";"16";"3";"3";"2";"6";"0";"4";"2";"1";"0"
"21687";"83867201";"21687";"16";"1";"1";"7";"6";"0";"1";"1";"1";"0"
"21709";"83867502";"21709";"16";"1";"1";"7";"5";"0";"1";"0";"1";"0"
"21718";"83867504";"21718";"16";"3";"1";"1";"6";"0";"3";"0";"1";"0"
"21723";"83867504";"21723";"16";"1";"1";"7";"6";"0";"1";"1";"1";"0"
"21725";"83867504";"21725";"16";"1";"2";"1";"6";"0";"1";"1";"1";"0"
"21726";"83867504";"21726";"16";"3";"1";"7";"6";"0";"3";"0";"1";"0"
"21727";"83867504";"21727";"16";"3";"1";"7";"6";"0";"3";"0";"1";"0"
"21732";"83867504";"21732";"16";"3";"1";"7";"6";"0";"3";"0";"1";"0"
"21739";"83867509";"21739";"16";"1";"1";"7";"6";"0";"1";"1";"1";"0"
"21740";"83867509";"21740";"16";"1";"1";"7";"4";"0";"1";"1";"1";"0"
"21754";"83867509";"21754";"16";"1";"1";"7";"6";"0";"2";"0";"1";"0"
"21760";"83867512";"21760";"16";"3";"1";"7";"4";"0";"1";"1";"1";"0"
"21771";"83874503";"21771";"16";"3";"1";"1";"6";"0";"2";"0";"1";"0"
"21774";"83874503";"21774";"16";"1";"1";"7";"4";"0";"1";"1";"1";"0"
"21777";"83874503";"21777";"16";"4";"1";"7";"4";"0";"1";"1";"1";"0"
"21788";"83875205";"21788";"16";"1";"1";"7";"5";"1";"3";"0";"2";"0"
"21793";"83875301";"21793";"16";"3";"1";"7";"4";"0";"1";"1";"1";"0"