"accident_id";"lieu_id";"date_id";"cause_id";"lum_id";"intemp_id";"etat_surface_id";"impliq_id";"nb_blesses_graves";"nb_blesses_legers";"nb_indemnes";"gravite";"nb_morts"
"21794";"83875301";"21794";"16";"3";"1";"7";"5";"2";"1";"0";"2";"0"
"21801";"83876101";"21801";"16";"4";"1";"1";"6";"0";"1";"1";"1";"0"
"21811";"83876311";"21811";"16";"1";"1";"7";"4";"0";"1";"1";"1";"0"
"21816";"83876311";"21816";"16";"3";"1";"7";"4";"0";"1";"1";"1";"0"
"21818";"83876311";"21818";"16";"1";"1";"1";"4";"1";"0";"1";"2";"0"
"21821";"83876311";"21821";"16";"1";"1";"7";"6";"0";"1";"1";"1";"0"
"21822";"83876311";"21822";"16";"1";"1";"7";"6";"0";"3";"0";"1";"0"
"21828";"83876401";"21828";"16";"1";"1";"7";"6";"0";"2";"0";"1";"0"
"21831";"83876401";"21831";"16";"1";"1";"7";"6";"0";"1";"2";"1";"0"
"21836";"83876401";"21836";"16";"1";"1";"1";"6";"0";"3";"2";"1";"0"
"21863";"83881103";"8009";"16";"1";"1";"7";"4";"1";"0";"1";"2";"0"
"21879";"83885206";"21879";"16";"3";"1";"7";"6";"1";"0";"1";"2";"0"
"21883";"83885206";"21883";"16";"1";"1";"7";"6";"0";"1";"1";"1";"0"
"21886";"83885206";"21886";"16";"1";"1";"7";"6";"0";"3";"0";"1";"0"
"21900";"83887402";"9458";"16";"3";"3";"1";"6";"2";"2";"1";"2";"0"
"21905";"83891101";"21905";"16";"1";"1";"7";"4";"0";"1";"1";"1";"0"
"21909";"83891104";"21909";"16";"1";"1";"7";"6";"0";"1";"2";"1";"0"
"21910";"83891104";"21910";"16";"1";"1";"7";"4";"0";"1";"1";"1";"0"
"21911";"83891104";"21911";"16";"1";"1";"7";"5";"0";"1";"1";"1";"0"
"21914";"83891208";"21914";"16";"1";"1";"7";"6";"0";"2";"0";"1";"0"
"21915";"83891208";"21915";"16";"3";"3";"1";"4";"0";"1";"1";"1";"0"
"21916";"83891208";"21916";"16";"1";"1";"7";"4";"1";"0";"1";"2";"0"
"21919";"83891406";"21919";"16";"3";"1";"7";"5";"0";"1";"1";"1";"0"
"21925";"83891407";"21925";"16";"1";"1";"7";"6";"0";"1";"4";"1";"0"
"21934";"83893501";"21934";"16";"5";"1";"1";"6";"0";"3";"0";"1";"0"
"21935";"83893501";"21935";"16";"1";"1";"7";"6";"0";"1";"1";"1";"0"
"21942";"83893501";"21942";"16";"1";"2";"1";"6";"0";"1";"1";"1";"0"
"21943";"83895203";"21943";"16";"1";"3";"1";"6";"0";"3";"2";"1";"0"
"21948";"83895203";"21948";"16";"1";"1";"1";"6";"1";"1";"3";"2";"0"
"21953";"83895204";"21953";"16";"1";"1";"7";"6";"0";"2";"4";"1";"0"
"21967";"83906301";"21967";"16";"1";"1";"7";"4";"1";"0";"1";"2";"0"
"21968";"83906301";"21968";"16";"1";"3";"2";"6";"0";"1";"2";"1";"0"
"21986";"83922105";"21986";"16";"1";"1";"7";"6";"1";"2";"1";"2";"0"
"22001";"83923307";"22001";"16";"1";"3";"2";"6";"0";"3";"0";"1";"0"
"22018";"83923506";"22018";"16";"1";"1";"7";"3";"0";"1";"1";"1";"0"
"22031";"83926308";"22031";"16";"1";"1";"7";"3";"1";"0";"1";"2";"0"
"22055";"83933305";"22055";"16";"1";"1";"7";"4";"1";"0";"1";"2";"0"
"22072";"84701406";"16913";"16";"3";"3";"1";"6";"0";"2";"0";"1";"0"
"22073";"84721505";"22073";"16";"1";"1";"1";"6";"0";"2";"1";"1";"0"
"22077";"84721505";"22077";"16";"1";"1";"1";"6";"0";"2";"2";"1";"0"
"22078";"84721505";"22078";"16";"2";"1";"7";"4";"1";"0";"1";"2";"0"
"22080";"84721505";"22080";"16";"1";"1";"7";"6";"0";"1";"1";"1";"0"
"22085";"84722504";"22085";"16";"3";"1";"7";"5";"1";"0";"1";"2";"0"
"22089";"84731506";"22089";"16";"1";"1";"7";"5";"0";"0";"1";"3";"0"
"22090";"84733102";"22090";"16";"1";"1";"7";"7";"0";"1";"1";"1";"0"
"22092";"84733202";"22092";"16";"1";"6";"1";"6";"0";"2";"1";"1";"0"
"22105";"84742505";"22105";"16";"1";"1";"7";"4";"0";"1";"1";"1";"0"
"22109";"84743201";"22109";"16";"1";"1";"1";"6";"0";"2";"0";"1";"0"
"22110";"84743201";"22110";"16";"1";"1";"7";"6";"0";"1";"1";"1";"0"
"22113";"84743201";"22113";"16";"1";"1";"7";"6";"0";"1";"1";"1";"0"
"22115";"84743201";"22115";"16";"1";"1";"7";"4";"0";"1";"1";"1";"0"
"22117";"84743201";"22117";"16";"1";"6";"2";"6";"0";"1";"2";"1";"0"
"22120";"84743202";"22120";"16";"2";"1";"7";"6";"0";"1";"1";"1";"0"
"22127";"84743401";"22127";"16";"1";"1";"7";"4";"1";"0";"1";"2";"0"
"22130";"84743401";"22130";"16";"2";"1";"7";"4";"1";"0";"1";"2";"0"
"22131";"84743401";"22131";"16";"1";"3";"1";"6";"0";"1";"1";"1";"0"
"22132";"84743401";"22132";"16";"3";"1";"7";"4";"1";"0";"1";"2";"0"
"22134";"84743401";"22134";"16";"3";"1";"7";"4";"0";"1";"1";"1";"0"
"22138";"84743503";"22138";"16";"1";"1";"7";"4";"1";"0";"1";"2";"0"
"22139";"84743503";"22139";"16";"3";"1";"1";"6";"0";"1";"1";"1";"0"
"22141";"84743503";"22141";"16";"1";"1";"7";"4";"0";"1";"1";"1";"0"
"22148";"84744315";"22148";"16";"3";"1";"7";"3";"0";"1";"1";"1";"0"
"22151";"84744315";"22151";"16";"1";"1";"7";"6";"3";"0";"0";"2";"0"
"22164";"84747204";"22164";"16";"1";"1";"1";"6";"1";"0";"1";"2";"0"
"22168";"84747204";"22168";"16";"1";"1";"7";"3";"0";"1";"1";"1";"0"
"22193";"84752402";"22193";"16";"1";"1";"7";"6";"1";"0";"1";"2";"0"
"22194";"84752403";"22194";"16";"1";"1";"7";"4";"1";"0";"1";"2";"0"
"22203";"84754302";"22203";"16";"1";"3";"2";"6";"0";"1";"2";"1";"0"
"22253";"84767111";"22253";"16";"3";"1";"7";"6";"0";"2";"0";"1";"0"
"22254";"84767111";"22254";"16";"1";"1";"7";"4";"1";"0";"1";"2";"0"
"22255";"84767111";"22255";"16";"1";"1";"7";"6";"1";"0";"1";"2";"0"
"22258";"84767111";"22258";"16";"1";"1";"7";"4";"0";"1";"1";"1";"0"
"22260";"84767111";"22260";"16";"1";"1";"7";"4";"0";"1";"1";"1";"0"
"22262";"84767111";"22262";"16";"1";"3";"1";"5";"0";"1";"2";"1";"0"
"22298";"84775104";"22298";"16";"1";"1";"7";"4";"0";"1";"1";"1";"0"
"22306";"84776205";"22306";"16";"3";"1";"7";"5";"0";"1";"1";"1";"0"
"22307";"84776301";"22307";"16";"2";"1";"7";"5";"0";"1";"1";"1";"0"
"22309";"84777103";"22309";"16";"3";"1";"7";"5";"1";"0";"1";"2";"0"
"22310";"84777103";"22310";"16";"1";"1";"2";"6";"1";"0";"1";"2";"0"
"22312";"84777103";"22312";"16";"1";"1";"1";"3";"0";"1";"1";"1";"0"
"22324";"84777419";"22324";"16";"1";"1";"7";"4";"1";"0";"1";"2";"0"
"22339";"84791404";"22339";"16";"1";"1";"7";"6";"0";"2";"0";"1";"0"
"22379";"84794501";"22379";"16";"1";"1";"7";"6";"0";"1";"1";"1";"0"
"22380";"84794503";"22380";"16";"1";"1";"7";"6";"1";"0";"1";"2";"0"
"22394";"84794503";"22394";"16";"1";"1";"2";"4";"0";"1";"1";"1";"0"
"22405";"84803407";"22405";"16";"1";"6";"7";"3";"0";"1";"1";"1";"0"
"22406";"84803407";"22406";"16";"1";"1";"7";"6";"0";"1";"2";"1";"0"
"22416";"84804504";"22416";"16";"1";"1";"7";"4";"1";"0";"1";"3";"0"
"22424";"84804507";"22424";"16";"1";"1";"7";"6";"0";"1";"1";"1";"0"
"22426";"84804507";"22426";"16";"1";"1";"7";"6";"0";"2";"1";"1";"0"
"22428";"84804507";"22428";"16";"1";"1";"7";"6";"0";"1";"1";"1";"0"
"22440";"84804507";"22440";"16";"1";"1";"7";"6";"0";"1";"1";"1";"0"
"22443";"84804513";"22443";"16";"3";"1";"7";"5";"0";"1";"1";"1";"0"
"22464";"84805310";"22464";"16";"1";"1";"7";"6";"0";"1";"1";"1";"0"
"22465";"84805310";"22465";"16";"3";"1";"7";"6";"0";"1";"0";"1";"0"
"22467";"84805310";"22467";"16";"1";"1";"7";"3";"0";"1";"1";"1";"0"
"22468";"84805310";"22468";"16";"1";"3";"1";"6";"0";"1";"1";"1";"0"
"22529";"84811104";"22529";"16";"1";"1";"7";"3";"0";"1";"1";"1";"0"
"22532";"84811104";"22532";"16";"1";"1";"7";"4";"0";"1";"1";"1";"0"
"22533";"84811104";"22533";"16";"3";"1";"7";"6";"0";"1";"1";"1";"0"
"22534";"84811104";"22534";"16";"1";"1";"7";"6";"0";"3";"0";"1";"0"
"22536";"84811104";"22536";"16";"2";"1";"7";"6";"0";"2";"0";"1";"0"
"22545";"84812106";"1796";"16";"3";"1";"7";"6";"1";"0";"1";"2";"0"
"22551";"84812202";"22551";"16";"1";"1";"7";"6";"1";"0";"1";"2";"0"
"22554";"84812202";"22554";"16";"1";"1";"1";"6";"0";"2";"1";"1";"0"
"22563";"84813104";"22563";"16";"1";"1";"7";"4";"0";"1";"1";"1";"0"
"22574";"84814201";"22574";"16";"3";"1";"7";"4";"0";"1";"1";"1";"0"
"22576";"84815110";"22576";"16";"1";"3";"2";"4";"0";"1";"1";"1";"0"
"22578";"84815110";"22578";"16";"1";"1";"7";"3";"0";"1";"1";"1";"0"
"22580";"84815110";"22580";"16";"1";"1";"7";"5";"0";"2";"1";"1";"0"
"22595";"84816202";"22595";"16";"3";"1";"7";"5";"0";"1";"1";"1";"0"
"22598";"84816211";"22598";"16";"1";"1";"7";"4";"0";"2";"0";"1";"0"
"22603";"84816211";"22603";"16";"1";"1";"7";"4";"0";"1";"0";"1";"0"
"22617";"84816408";"22617";"16";"1";"1";"7";"3";"0";"1";"1";"1";"0"
"22624";"84817204";"22624";"16";"1";"1";"7";"4";"0";"1";"1";"1";"0"
"22635";"84817321";"22635";"16";"2";"1";"7";"6";"0";"1";"1";"1";"0"
"22636";"84817321";"10491";"16";"3";"1";"1";"5";"0";"1";"1";"1";"0"
"22642";"84822101";"22642";"16";"3";"3";"2";"6";"0";"1";"1";"1";"0"
"22644";"84822101";"22644";"16";"1";"1";"7";"4";"0";"1";"1";"1";"0"
"22645";"84822101";"22645";"16";"1";"1";"2";"6";"0";"1";"1";"1";"0"
"22663";"84823207";"9763";"16";"1";"1";"7";"6";"0";"1";"1";"1";"0"
"22694";"84824309";"22694";"16";"1";"1";"7";"5";"0";"1";"1";"1";"0"
"22706";"84825304";"22706";"16";"2";"1";"7";"6";"0";"1";"2";"1";"0"
"22735";"84827106";"22735";"16";"1";"1";"7";"4";"0";"1";"1";"1";"0"
"22752";"84831405";"22752";"16";"1";"1";"7";"4";"1";"0";"1";"2";"0"
"22761";"84831405";"22761";"16";"1";"1";"7";"4";"0";"1";"1";"1";"0"
"22767";"84831405";"22767";"16";"1";"1";"7";"3";"0";"1";"1";"1";"0"
"22774";"84831408";"22774";"16";"1";"1";"7";"4";"0";"1";"1";"1";"0"
"22780";"84832202";"22780";"16";"1";"1";"7";"6";"0";"1";"1";"1";"0"
"22790";"84833207";"22790";"16";"1";"1";"7";"4";"0";"1";"1";"1";"0"
"22798";"84834202";"22798";"16";"1";"2";"1";"4";"0";"1";"1";"1";"0"
"22807";"84834211";"22807";"16";"3";"1";"7";"4";"0";"2";"1";"1";"0"
"22813";"84835202";"22813";"16";"1";"1";"7";"4";"0";"1";"1";"1";"0"
"22825";"84836103";"22825";"16";"1";"1";"7";"4";"0";"1";"1";"1";"0"
"22831";"84836112";"22831";"16";"1";"1";"7";"6";"1";"0";"1";"2";"0"
"22856";"84836301";"22856";"16";"3";"3";"1";"6";"0";"1";"1";"1";"0"
"22859";"84836301";"22859";"16";"1";"1";"7";"6";"0";"1";"1";"1";"0"
"22861";"84836301";"22861";"16";"1";"1";"7";"5";"0";"0";"1";"3";"0"
"22870";"84836504";"22870";"16";"1";"1";"7";"4";"0";"1";"1";"1";"0"
"22872";"84836504";"22872";"16";"1";"1";"7";"6";"0";"1";"1";"1";"0"
"22874";"84836504";"22874";"16";"1";"1";"7";"6";"0";"2";"0";"1";"0"
"22877";"84837104";"15338";"16";"3";"1";"2";"4";"0";"1";"1";"1";"0"
"22879";"84837104";"22879";"16";"1";"1";"7";"4";"0";"1";"1";"1";"0"
"22886";"84837104";"22886";"16";"3";"3";"1";"4";"0";"1";"1";"1";"0"
"22897";"84837413";"22897";"16";"1";"1";"1";"4";"0";"1";"1";"1";"0"
"22898";"84837413";"22898";"16";"3";"1";"7";"6";"0";"5";"0";"1";"0"
"22901";"84837413";"22901";"16";"1";"1";"7";"6";"1";"1";"1";"2";"0"
"22904";"84837413";"22904";"16";"3";"1";"7";"6";"1";"2";"2";"2";"0"
"22905";"84837501";"22905";"16";"3";"1";"7";"4";"0";"1";"1";"1";"0"
"22929";"84844402";"22929";"16";"3";"1";"7";"4";"1";"0";"1";"2";"0"
"22944";"84846501";"22944";"16";"3";"1";"7";"6";"0";"2";"0";"1";"0"
"22955";"84846501";"22955";"16";"3";"1";"7";"6";"0";"4";"0";"1";"0"
"22970";"84847323";"22970";"16";"1";"1";"7";"6";"0";"1";"1";"1";"0"
"22971";"84847323";"22971";"16";"3";"1";"7";"4";"0";"1";"1";"1";"0"
"22973";"84847324";"22973";"16";"3";"1";"7";"4";"1";"0";"1";"2";"0"
"22974";"84847324";"19114";"16";"3";"2";"2";"4";"0";"1";"1";"1";"0"
"22975";"84847324";"22975";"16";"3";"1";"7";"4";"0";"2";"1";"1";"0"
"22976";"84847324";"22970";"16";"1";"1";"7";"6";"0";"1";"1";"1";"0"
"22982";"84851401";"22982";"16";"1";"1";"7";"3";"0";"1";"1";"1";"0"
"22983";"84851401";"22983";"16";"1";"1";"7";"6";"1";"0";"1";"2";"0"
"22984";"84851401";"22984";"16";"1";"1";"7";"4";"0";"1";"1";"1";"0"
"22988";"84851401";"22988";"16";"3";"3";"1";"6";"0";"2";"0";"1";"0"
"22991";"84851404";"22991";"16";"3";"1";"7";"4";"0";"1";"1";"1";"0"
"22994";"84851404";"22994";"16";"1";"1";"1";"6";"0";"1";"1";"1";"0"
"22995";"84851407";"22995";"16";"3";"1";"7";"4";"0";"1";"1";"1";"0"
"23003";"84852406";"23003";"16";"1";"1";"7";"4";"0";"1";"1";"1";"0"
"23007";"84852409";"23007";"16";"1";"1";"2";"4";"1";"0";"1";"2";"0"
"23031";"84853503";"23031";"16";"1";"1";"1";"6";"0";"1";"1";"1";"0"
"23035";"84854203";"23035";"16";"1";"1";"2";"4";"0";"1";"1";"1";"0"
"23041";"84854403";"23041";"16";"2";"3";"2";"6";"0";"1";"1";"1";"0"
"23045";"84854403";"23045";"16";"3";"1";"7";"4";"1";"0";"1";"2";"0"
"23077";"84856303";"23077";"16";"1";"1";"7";"6";"0";"1";"1";"1";"0"
"23079";"84856303";"23079";"16";"1";"3";"2";"3";"0";"1";"1";"1";"0"
"23100";"84857209";"23100";"16";"1";"1";"7";"9";"0";"1";"1";"1";"0"
"23104";"84857209";"23104";"16";"1";"1";"7";"6";"0";"1";"0";"1";"0"
"23105";"84857209";"23105";"16";"1";"1";"7";"6";"1";"1";"0";"2";"0"
"23106";"84857209";"23106";"16";"1";"1";"7";"6";"0";"1";"1";"1";"0"
"23153";"84861501";"23153";"16";"3";"1";"1";"4";"0";"1";"1";"1";"0"
"23168";"84862101";"23168";"16";"1";"1";"7";"6";"0";"1";"2";"1";"0"
"23171";"84862101";"23171";"16";"1";"1";"7";"4";"0";"1";"1";"1";"0"
"23187";"84862102";"11620";"16";"1";"1";"7";"4";"0";"1";"1";"1";"0"
"23207";"84862405";"23207";"16";"2";"1";"7";"6";"0";"1";"1";"1";"0"
"23209";"84862405";"23209";"16";"2";"1";"7";"6";"0";"1";"1";"1";"0"
"23210";"84862405";"23210";"16";"2";"1";"7";"6";"0";"1";"1";"1";"0"
"23213";"84863105";"23213";"16";"1";"1";"7";"3";"0";"1";"1";"1";"0"
"23228";"84863303";"23228";"16";"3";"1";"1";"6";"0";"1";"1";"1";"0"
"23229";"84863303";"23229";"16";"1";"1";"7";"6";"0";"1";"0";"1";"0"
"23230";"84863303";"23230";"16";"1";"1";"7";"4";"0";"1";"1";"1";"0"
"23236";"84863401";"23236";"16";"1";"1";"7";"4";"1";"0";"1";"2";"0"
"23238";"84863401";"23238";"16";"1";"1";"7";"4";"0";"1";"1";"1";"0"
"23239";"84863401";"23239";"16";"1";"1";"7";"4";"0";"1";"1";"1";"0"
"23248";"84863402";"23248";"16";"1";"1";"7";"6";"0";"1";"1";"1";"0"
"23253";"84864202";"23253";"16";"1";"1";"7";"4";"0";"1";"0";"1";"0"
"23257";"84864305";"23257";"16";"1";"1";"1";"7";"0";"1";"1";"1";"0"
"23273";"84864511";"1773";"16";"1";"1";"7";"4";"0";"1";"1";"1";"0"
"23275";"84864511";"23275";"16";"1";"3";"1";"6";"0";"1";"1";"1";"0"
"23279";"84864512";"23279";"16";"1";"1";"7";"4";"0";"1";"1";"1";"0"
"23280";"84864512";"23280";"16";"3";"1";"1";"4";"1";"0";"1";"2";"0"
"23289";"84865102";"23289";"16";"2";"1";"7";"4";"0";"1";"1";"1";"0"
"23290";"84865102";"23290";"16";"1";"1";"7";"4";"0";"1";"0";"1";"0"
"23298";"84865302";"14600";"16";"3";"1";"7";"6";"0";"2";"0";"1";"0"
"23300";"84865302";"23300";"16";"1";"1";"7";"3";"0";"1";"1";"1";"0"
"23311";"84866203";"23311";"16";"1";"3";"1";"4";"0";"2";"0";"1";"0"
"23338";"84867206";"23338";"16";"2";"1";"7";"5";"0";"1";"1";"1";"0"
"23339";"84867206";"23339";"16";"3";"1";"7";"3";"1";"0";"1";"2";"0"
"23343";"84867206";"23343";"16";"3";"2";"1";"4";"0";"2";"1";"1";"0"
"23345";"84867305";"23345";"16";"1";"1";"7";"6";"0";"1";"1";"1";"0"
"23352";"84867308";"23352";"16";"3";"1";"7";"6";"0";"1";"1";"1";"0"
"23357";"84867318";"23357";"16";"3";"1";"7";"3";"0";"1";"1";"1";"0"
"23359";"84867318";"16715";"16";"3";"1";"7";"3";"0";"1";"1";"1";"0"
"23367";"84871108";"23367";"16";"1";"1";"7";"4";"0";"1";"1";"1";"0"
"23369";"84871108";"23369";"16";"1";"1";"1";"6";"0";"1";"1";"1";"0"
"23371";"84871108";"8525";"16";"1";"1";"7";"4";"0";"1";"1";"1";"0"
"23373";"84871108";"23373";"16";"3";"1";"7";"5";"1";"2";"1";"2";"0"
"23374";"84871108";"23374";"16";"2";"1";"7";"6";"1";"5";"0";"2";"0"
"23375";"84871108";"23375";"16";"1";"1";"7";"6";"0";"2";"0";"1";"0"
"23376";"84871108";"23376";"16";"1";"1";"7";"6";"0";"1";"1";"1";"0"
"23380";"84871108";"23380";"16";"1";"3";"2";"6";"0";"2";"1";"1";"0"
"23381";"84871108";"23381";"16";"1";"1";"1";"4";"0";"1";"1";"1";"0"
"23402";"84872103";"23402";"16";"1";"1";"7";"3";"0";"1";"1";"1";"0"
"23415";"84872403";"23415";"16";"1";"2";"2";"6";"0";"1";"1";"1";"0"
"23422";"84873103";"23422";"16";"1";"1";"7";"5";"0";"2";"1";"1";"0"
"23426";"84873103";"23426";"16";"1";"1";"7";"6";"0";"3";"0";"1";"0"
"23430";"84873303";"23430";"16";"1";"1";"7";"4";"0";"1";"1";"1";"0"
"23431";"84873303";"23431";"16";"3";"1";"7";"6";"1";"0";"1";"2";"0"
"23434";"84873303";"23434";"16";"1";"1";"7";"6";"0";"1";"1";"1";"0"
"23436";"84873303";"23436";"16";"1";"1";"7";"6";"1";"1";"1";"2";"0"
"23439";"84873303";"23439";"16";"3";"1";"7";"6";"0";"1";"1";"1";"0"
"23441";"84873303";"23441";"16";"1";"1";"7";"6";"0";"2";"0";"1";"0"
"23457";"84873501";"23457";"16";"1";"1";"7";"6";"0";"1";"1";"1";"0"
"23478";"84874402";"23478";"16";"1";"2";"1";"6";"0";"1";"1";"1";"0"
"23510";"84875502";"23510";"16";"3";"3";"1";"5";"1";"0";"1";"2";"0"
"23513";"84875502";"23513";"16";"1";"1";"7";"4";"0";"1";"1";"1";"0"
"23523";"84876506";"23523";"16";"1";"1";"1";"6";"1";"1";"0";"3";"0"
"23528";"84876506";"23528";"16";"3";"3";"1";"6";"0";"1";"1";"1";"0"
"23533";"84876506";"23533";"16";"1";"3";"1";"6";"0";"1";"1";"1";"0"
"23534";"84876506";"23534";"16";"3";"1";"7";"6";"0";"1";"1";"1";"0"
"23575";"84877402";"23575";"16";"3";"1";"7";"6";"1";"0";"1";"2";"0"
"23582";"84877406";"23582";"16";"1";"1";"7";"6";"0";"1";"1";"1";"0"
"23585";"84877506";"23585";"16";"1";"1";"7";"4";"0";"1";"1";"1";"0"
"23623";"84882304";"23623";"16";"3";"7";"7";"5";"1";"0";"1";"2";"0"
"23629";"84883204";"23629";"16";"1";"1";"7";"3";"0";"1";"1";"1";"0"
"23644";"84885402";"23644";"16";"3";"1";"7";"6";"0";"2";"0";"1";"0"
"23645";"84885402";"23645";"16";"1";"1";"7";"4";"1";"0";"1";"2";"0"
"23646";"84885402";"23646";"16";"1";"1";"7";"4";"0";"1";"1";"1";"0"
"23647";"84885402";"23647";"16";"1";"1";"7";"6";"0";"2";"0";"1";"0"
"23648";"84885402";"23648";"16";"1";"1";"7";"6";"0";"1";"1";"1";"0"
"23650";"84885402";"23650";"16";"3";"3";"1";"6";"1";"1";"0";"2";"0"
"23653";"84885402";"23653";"16";"1";"1";"7";"6";"0";"1";"0";"1";"0"
"23655";"84885402";"23655";"16";"3";"1";"7";"6";"0";"1";"1";"1";"0"
"23656";"84885402";"23656";"16";"3";"1";"7";"6";"0";"1";"1";"1";"0"
"23669";"84895104";"23669";"16";"3";"1";"7";"4";"1";"0";"1";"2";"0"
"23683";"84896304";"23683";"16";"1";"2";"2";"4";"0";"1";"1";"1";"0"
"23685";"84907402";"23685";"16";"2";"6";"1";"4";"0";"1";"1";"1";"0"
"23687";"84907402";"23687";"16";"3";"1";"2";"4";"0";"1";"2";"1";"0"
"23688";"84907402";"23688";"16";"3";"1";"2";"6";"0";"2";"0";"1";"0"
"23690";"84907406";"23690";"16";"1";"1";"7";"6";"0";"1";"1";"1";"0"
"23708";"85732506";"23708";"16";"1";"1";"7";"6";"0";"2";"1";"1";"0"
"23710";"85732506";"23710";"16";"1";"1";"7";"3";"1";"0";"1";"2";"0"
"23713";"85732506";"23713";"16";"1";"1";"7";"6";"0";"1";"1";"1";"0"
"23719";"85732506";"23719";"16";"1";"1";"7";"5";"1";"0";"1";"2";"0"
"23726";"85737403";"23726";"16";"2";"6";"1";"7";"0";"1";"1";"1";"0"
"23733";"85742503";"23733";"16";"1";"1";"7";"6";"1";"0";"1";"2";"0"
"23734";"85742504";"23734";"16";"1";"1";"1";"4";"0";"1";"1";"1";"0"
"23741";"85744101";"23741";"16";"1";"1";"7";"7";"0";"1";"1";"1";"0"
"23743";"85747401";"23743";"16";"3";"1";"7";"4";"0";"1";"1";"1";"0"
"23745";"85752202";"23745";"16";"1";"1";"7";"6";"1";"0";"1";"2";"0"
"23746";"85753103";"8227";"16";"1";"1";"7";"6";"0";"2";"2";"1";"0"
"23762";"85772405";"23762";"16";"1";"1";"7";"5";"0";"1";"2";"1";"0"
"23804";"85782103";"23804";"16";"1";"1";"7";"4";"0";"1";"1";"1";"0"
"23832";"85786503";"23832";"16";"1";"1";"7";"6";"0";"1";"1";"1";"0"
"23853";"85792501";"23853";"16";"3";"1";"7";"4";"0";"1";"1";"1";"0"
"23866";"85806402";"23866";"16";"1";"3";"1";"4";"0";"1";"1";"1";"0"
"23877";"85807501";"23877";"16";"3";"1";"7";"3";"0";"1";"1";"1";"0"
"23882";"85807501";"23882";"16";"3";"1";"7";"6";"0";"1";"1";"1";"0"
"23884";"85807501";"23884";"16";"1";"1";"7";"6";"0";"1";"1";"1";"0"
"23886";"85807501";"23886";"16";"1";"3";"2";"6";"0";"1";"1";"1";"0"
"23889";"85807501";"23889";"16";"1";"1";"7";"6";"0";"1";"1";"1";"0"
"23891";"85807501";"23891";"16";"2";"1";"7";"4";"0";"1";"1";"1";"0"
"23900";"85807502";"23900";"16";"3";"1";"7";"6";"0";"3";"0";"1";"0"
"23919";"85811509";"23919";"16";"1";"1";"7";"4";"1";"0";"1";"2";"0"
"23920";"85811509";"23920";"16";"1";"1";"7";"4";"0";"1";"1";"1";"0"
"23925";"85812203";"23925";"16";"1";"1";"7";"6";"0";"3";"0";"1";"0"
"23926";"85812203";"23926";"16";"3";"1";"7";"6";"0";"4";"3";"1";"0"
"23928";"85812203";"23928";"16";"1";"1";"7";"4";"0";"1";"1";"1";"0"
"23929";"85812203";"23929";"16";"3";"1";"7";"6";"0";"1";"2";"1";"0"
"23930";"85812203";"23930";"16";"1";"1";"7";"5";"0";"1";"1";"1";"0"
"289";"1117";"289";"16";"3";"1";"7";"5";"1";"0";"1";"2";"0"
"815";"7722";"815";"16";"1";"2";"2";"6";"0";"2";"0";"1";"0"
"826";"8227";"826";"16";"1";"1";"7";"6";"0";"2";"0";"1";"0"
"2370";"31979";"2370";"16";"3";"1";"1";"6";"2";"0";"2";"2";"0"
"2550";"33823";"2550";"16";"1";"1";"7";"4";"0";"2";"0";"1";"0"
"2796";"37360";"2796";"16";"2";"3";"1";"6";"0";"2";"3";"1";"0"
"2797";"37967";"2797";"16";"1";"1";"7";"6";"0";"1";"1";"1";"0"
"3339";"39205";"3339";"16";"1";"1";"7";"5";"0";"1";"1";"1";"0"
"4283";"40926";"4283";"16";"1";"1";"7";"6";"0";"1";"1";"1";"0"
"4574";"41598";"4574";"16";"1";"1";"7";"6";"0";"6";"0";"1";"0"
"4681";"41700";"4681";"16";"3";"1";"7";"6";"0";"3";"0";"1";"0"
"4682";"41700";"4682";"16";"3";"1";"7";"6";"0";"2";"1";"1";"0"
"4683";"41700";"4683";"16";"3";"2";"2";"6";"0";"2";"1";"1";"0"
"4684";"41700";"4684";"16";"1";"1";"7";"6";"0";"1";"2";"1";"0"
"904";"9681";"904";"17";"3";"1";"7";"4";"1";"0";"1";"2";"0"
"2924";"38257";"2924";"17";"1";"1";"7";"3";"0";"1";"1";"1";"0"
"2992";"38514";"2992";"17";"1";"1";"7";"2";"0";"1";"1";"1";"0"
"3466";"39550";"3466";"17";"1";"1";"7";"2";"0";"1";"1";"1";"0"
"3677";"39873";"3677";"17";"3";"1";"7";"4";"0";"1";"1";"1";"0"
"3844";"40096";"3844";"17";"1";"1";"7";"2";"1";"0";"1";"2";"0"
"4030";"40381";"4030";"17";"3";"1";"7";"2";"0";"1";"1";"1";"0"
"4109";"40512";"4109";"17";"3";"1";"7";"2";"0";"1";"0";"1";"0"
"4893";"43212";"4893";"17";"1";"1";"7";"2";"0";"1";"1";"1";"0"
"5099";"45231";"5099";"17";"1";"1";"7";"1";"0";"1";"1";"1";"0"
"5979";"48933";"5979";"17";"1";"1";"1";"2";"1";"0";"1";"2";"0"