"accident_id";"lieu_id";"date_id";"cause_id";"lum_id";"intemp_id";"etat_surface_id";"impliq_id";"nb_blesses_graves";"nb_blesses_legers";"nb_indemnes";"gravite";"nb_morts"
"6459";"53088";"6459";"17";"1";"1";"7";"2";"0";"1";"1";"1";"0"
"6842";"59884";"6842";"17";"3";"1";"7";"2";"0";"1";"1";"1";"0"
"6919";"59980";"6919";"17";"3";"2";"1";"2";"0";"2";"1";"1";"0"
"9306";"66124";"9306";"17";"1";"1";"7";"4";"1";"0";"1";"2";"0"
"14402";"77904504";"14402";"17";"1";"1";"7";"1";"0";"1";"1";"1";"0"
"14410";"77905410";"14410";"17";"1";"1";"7";"2";"0";"1";"1";"1";"0"
"14463";"78665505";"14463";"17";"3";"6";"1";"2";"0";"1";"1";"1";"0"
"14464";"78665505";"14464";"17";"3";"1";"7";"2";"1";"0";"1";"2";"0"
"14468";"78665505";"14468";"17";"1";"1";"7";"2";"1";"0";"0";"2";"0"
"14469";"78665505";"14469";"17";"1";"3";"1";"2";"0";"1";"1";"1";"0"
"14488";"78676202";"14488";"17";"1";"1";"7";"2";"0";"1";"1";"1";"0"
"14489";"78676204";"14489";"17";"1";"1";"7";"2";"1";"0";"1";"2";"0"
"14627";"78741204";"14627";"17";"1";"1";"7";"2";"0";"1";"1";"1";"0"
"14629";"78741204";"14629";"17";"1";"5";"2";"2";"0";"1";"1";"1";"0"
"14630";"78741204";"14630";"17";"3";"1";"7";"2";"0";"1";"1";"1";"0"
"14637";"78741215";"14637";"17";"1";"1";"7";"2";"1";"0";"1";"2";"0"
"14657";"78743301";"14657";"17";"1";"1";"7";"2";"0";"2";"0";"1";"0"
"14664";"78743301";"14664";"17";"1";"6";"1";"2";"0";"2";"0";"1";"0"
"14669";"78743302";"14669";"17";"1";"1";"7";"2";"0";"2";"1";"1";"0"
"14674";"78744201";"14674";"17";"3";"1";"7";"2";"1";"0";"1";"2";"0"
"14683";"78744302";"3751";"17";"1";"1";"7";"2";"0";"1";"1";"1";"0"
"14685";"78744302";"14685";"17";"1";"1";"7";"2";"0";"1";"1";"1";"0"
"14687";"78744302";"14687";"17";"1";"3";"2";"2";"0";"1";"1";"1";"0"
"14688";"78744302";"14688";"17";"1";"1";"7";"2";"0";"1";"1";"1";"0"
"14689";"78744302";"14689";"17";"5";"3";"1";"2";"1";"0";"2";"2";"0"
"14690";"78744302";"14690";"17";"1";"1";"7";"2";"0";"1";"1";"1";"0"
"14692";"78744302";"14692";"17";"1";"1";"7";"2";"0";"1";"1";"1";"0"
"14694";"78744302";"14694";"17";"2";"2";"1";"2";"0";"1";"1";"1";"0"
"14695";"78744302";"14695";"17";"1";"3";"1";"2";"0";"1";"1";"1";"0"
"14696";"78744302";"14696";"17";"1";"1";"7";"2";"1";"0";"1";"2";"0"
"14703";"78744303";"14703";"17";"1";"3";"1";"2";"0";"1";"1";"1";"0"
"14704";"78744304";"14704";"17";"2";"1";"7";"2";"1";"1";"1";"2";"0"
"14705";"78744304";"14705";"17";"3";"2";"2";"2";"0";"1";"1";"1";"0"
"14706";"78744304";"14706";"17";"1";"1";"7";"2";"0";"1";"1";"1";"0"
"14721";"78746306";"14721";"17";"3";"1";"7";"2";"0";"1";"1";"1";"0"
"14732";"78746410";"14732";"17";"1";"1";"7";"2";"0";"1";"1";"1";"0"
"14744";"78746504";"14744";"17";"1";"1";"7";"2";"1";"0";"1";"2";"0"
"14799";"78755206";"14799";"17";"1";"1";"7";"1";"0";"1";"2";"1";"0"
"14802";"78756201";"14802";"17";"1";"3";"2";"2";"1";"0";"1";"2";"0"
"14812";"78756503";"14812";"17";"1";"3";"2";"2";"0";"1";"1";"1";"0"
"14822";"78757103";"14822";"17";"1";"1";"7";"2";"0";"1";"1";"1";"0"
"14872";"78761521";"14872";"17";"1";"1";"7";"2";"1";"0";"1";"2";"0"
"14878";"78762405";"14878";"17";"1";"1";"7";"2";"0";"1";"1";"1";"0"
"14880";"78762405";"14880";"17";"1";"1";"7";"2";"0";"1";"1";"1";"0"
"14881";"78762405";"14881";"17";"2";"1";"7";"2";"0";"1";"1";"1";"0"
"14885";"78762503";"14885";"17";"3";"3";"1";"2";"1";"0";"1";"2";"0"
"14889";"78762504";"14889";"17";"3";"1";"7";"2";"0";"2";"0";"1";"0"
"14890";"78762504";"14890";"17";"1";"1";"7";"2";"0";"1";"1";"1";"0"
"14891";"78762504";"14891";"17";"1";"1";"7";"2";"1";"0";"1";"2";"0"
"14892";"78762504";"14892";"17";"1";"1";"7";"2";"0";"1";"1";"1";"0"
"14894";"78762504";"14894";"17";"3";"2";"1";"2";"1";"0";"1";"2";"0"
"14895";"78762504";"14895";"17";"1";"1";"7";"2";"1";"0";"1";"2";"0"
"14896";"78762504";"14896";"17";"1";"1";"7";"2";"0";"1";"1";"1";"0"
"14897";"78762510";"14897";"17";"1";"1";"7";"2";"0";"1";"1";"1";"0"
"14899";"78763104";"14899";"17";"1";"1";"7";"2";"0";"1";"1";"1";"0"
"14910";"78763403";"14910";"17";"1";"1";"7";"2";"0";"1";"1";"1";"0"
"14911";"78763403";"14911";"17";"1";"1";"7";"2";"0";"1";"1";"1";"0"
"14913";"78763403";"14913";"17";"1";"1";"7";"2";"0";"1";"1";"1";"0"
"14915";"78763404";"14915";"17";"1";"2";"2";"2";"0";"1";"1";"1";"0"
"14921";"78763510";"14921";"17";"1";"1";"7";"2";"0";"1";"1";"1";"0"
"14948";"78764307";"14948";"17";"1";"1";"7";"2";"0";"1";"1";"1";"0"
"14975";"78765301";"14975";"17";"1";"1";"7";"2";"0";"0";"1";"3";"0"
"15010";"78766510";"15010";"17";"1";"3";"2";"2";"0";"1";"1";"1";"0"
"15030";"78771106";"15030";"17";"1";"1";"7";"2";"1";"0";"1";"2";"0"
"15032";"78771106";"15032";"17";"3";"1";"7";"2";"1";"0";"1";"2";"0"
"15043";"78771108";"15043";"17";"1";"1";"7";"2";"0";"1";"1";"1";"0"
"15047";"78771108";"15047";"17";"1";"1";"7";"2";"1";"0";"1";"2";"0"
"15056";"78771108";"15056";"17";"1";"1";"7";"2";"1";"0";"1";"2";"0"
"15077";"78771406";"15077";"17";"1";"1";"7";"1";"0";"1";"1";"1";"0"
"15090";"78772102";"15090";"17";"1";"1";"7";"1";"0";"1";"1";"1";"0"
"15131";"78773506";"15131";"17";"1";"1";"7";"2";"0";"1";"1";"1";"0"
"15154";"78774306";"15154";"17";"2";"1";"7";"2";"0";"1";"1";"1";"0"
"15184";"78775203";"15184";"17";"1";"3";"1";"2";"1";"0";"1";"2";"0"
"15186";"78775203";"15186";"17";"1";"1";"7";"4";"0";"1";"1";"1";"0"
"15187";"78775203";"15187";"17";"1";"1";"7";"3";"0";"1";"1";"1";"0"
"15191";"78775303";"15191";"17";"1";"1";"7";"2";"0";"1";"1";"1";"0"
"15195";"78775503";"15195";"17";"1";"1";"7";"2";"2";"0";"0";"2";"0"
"15204";"78776301";"15204";"17";"1";"1";"7";"2";"0";"1";"1";"1";"0"
"15207";"78776308";"15207";"17";"1";"1";"7";"2";"0";"1";"1";"1";"0"
"15210";"78776308";"15210";"17";"3";"3";"2";"2";"0";"2";"0";"1";"0"
"15214";"78777301";"15214";"17";"1";"1";"7";"2";"0";"1";"1";"1";"0"
"15216";"78777309";"15216";"17";"1";"1";"7";"4";"0";"1";"1";"1";"0"
"15218";"78777313";"15218";"17";"1";"1";"7";"4";"0";"1";"1";"1";"0"
"15219";"78777313";"15219";"17";"3";"3";"2";"2";"0";"1";"1";"1";"0"
"15244";"78781505";"15244";"17";"1";"1";"7";"1";"0";"1";"1";"1";"0"
"15259";"78782205";"15259";"17";"1";"1";"7";"2";"1";"0";"1";"2";"0"
"15277";"78783308";"15277";"17";"1";"2";"2";"2";"0";"2";"1";"1";"0"
"15349";"78797103";"15349";"17";"1";"1";"7";"2";"0";"1";"1";"1";"0"
"15352";"78797120";"8516";"17";"3";"1";"1";"1";"0";"2";"1";"1";"0"
"15424";"79672107";"15424";"17";"3";"2";"2";"2";"1";"0";"1";"2";"0"
"15479";"79713305";"15479";"17";"1";"1";"7";"1";"1";"0";"1";"2";"0"
"15481";"79713305";"15481";"17";"2";"3";"2";"2";"0";"1";"1";"1";"0"
"15505";"79716203";"15505";"17";"1";"1";"7";"2";"0";"1";"1";"1";"0"
"15508";"79716303";"15508";"17";"3";"3";"2";"2";"1";"0";"1";"2";"0"
"15509";"79716303";"15509";"17";"2";"1";"7";"2";"0";"1";"1";"1";"0"
"15547";"79725113";"15547";"17";"3";"4";"3";"2";"1";"0";"1";"2";"0"
"15548";"79725113";"15548";"17";"1";"1";"7";"2";"1";"0";"1";"2";"0"
"15554";"79725503";"15554";"17";"1";"1";"7";"2";"1";"0";"1";"2";"0"
"15564";"79726203";"15564";"17";"1";"1";"7";"2";"1";"0";"1";"2";"0"
"15574";"79726304";"15574";"17";"1";"1";"7";"2";"0";"1";"2";"1";"0"
"15601";"79727403";"15601";"17";"1";"1";"7";"1";"0";"1";"1";"1";"0"
"15602";"79727403";"15602";"17";"3";"2";"1";"2";"0";"1";"1";"1";"0"
"15630";"79732303";"15630";"17";"1";"1";"7";"2";"0";"1";"2";"1";"0"
"15631";"79732303";"15631";"17";"3";"3";"2";"2";"1";"0";"1";"2";"0"
"15632";"79732303";"15632";"17";"1";"1";"7";"2";"0";"1";"1";"1";"0"
"15633";"79732303";"15633";"17";"2";"3";"1";"2";"0";"1";"1";"1";"0"
"15634";"79732303";"15634";"17";"1";"1";"7";"2";"0";"1";"1";"1";"0"
"15667";"79733302";"15667";"17";"1";"1";"7";"1";"0";"1";"1";"1";"0"
"15676";"79733404";"15676";"17";"1";"3";"1";"2";"1";"0";"1";"2";"0"
"15687";"79734202";"15687";"17";"1";"1";"7";"2";"1";"0";"1";"2";"0"
"15696";"79734501";"15696";"17";"3";"3";"2";"2";"0";"1";"1";"1";"0"
"15704";"79734504";"15704";"17";"1";"1";"7";"2";"0";"1";"1";"1";"0"
"15735";"79737101";"15735";"17";"1";"1";"7";"1";"1";"0";"1";"2";"0"
"15740";"79737101";"15740";"17";"3";"1";"7";"2";"0";"1";"1";"1";"0"
"15741";"79737101";"15741";"17";"1";"1";"7";"2";"0";"1";"1";"1";"0"
"15746";"79737101";"15746";"17";"1";"3";"2";"2";"0";"1";"1";"1";"0"
"15760";"79742501";"15760";"17";"2";"1";"2";"2";"0";"3";"1";"1";"0"
"15787";"79744105";"15787";"17";"2";"1";"7";"2";"0";"1";"1";"1";"0"
"15805";"79744406";"15805";"17";"3";"1";"7";"2";"0";"1";"1";"1";"0"
"15808";"79744406";"15808";"17";"1";"3";"2";"2";"0";"1";"1";"1";"0"
"15809";"79744406";"15809";"17";"1";"1";"7";"1";"0";"1";"1";"1";"0"
"15811";"79744501";"15811";"17";"3";"1";"7";"2";"1";"1";"1";"2";"0"
"15817";"79744502";"96";"17";"1";"1";"7";"1";"0";"1";"1";"1";"0"
"15819";"79744502";"15819";"17";"1";"1";"7";"2";"0";"1";"1";"1";"0"
"15820";"79744502";"15820";"17";"1";"1";"7";"2";"0";"1";"1";"1";"0"
"15821";"79744502";"15821";"17";"3";"1";"7";"2";"1";"1";"0";"2";"0"
"15822";"79744502";"15822";"17";"3";"1";"7";"2";"0";"1";"1";"1";"0"
"15832";"79745401";"15832";"17";"1";"1";"7";"2";"0";"1";"1";"1";"0"
"15838";"79745401";"15838";"17";"1";"1";"7";"2";"0";"1";"1";"1";"0"
"15839";"79745401";"15839";"17";"1";"1";"7";"2";"1";"0";"1";"2";"0"
"15841";"79745401";"15841";"17";"1";"1";"7";"2";"0";"1";"1";"1";"0"
"15842";"79745401";"15842";"17";"1";"1";"7";"2";"0";"1";"1";"1";"0"
"15843";"79745401";"15843";"17";"1";"1";"7";"2";"0";"3";"1";"1";"0"
"15849";"79745403";"15849";"17";"1";"1";"7";"2";"0";"1";"1";"1";"0"
"15852";"79745404";"15852";"17";"1";"1";"7";"2";"0";"1";"1";"1";"0"
"15853";"79745404";"15853";"17";"2";"1";"7";"2";"0";"1";"0";"1";"0"
"15854";"79745405";"15854";"17";"1";"1";"7";"2";"0";"1";"1";"1";"0"
"15857";"79745405";"15857";"17";"1";"1";"7";"2";"0";"1";"1";"1";"0"
"15859";"79745406";"15859";"17";"1";"1";"7";"2";"0";"2";"3";"1";"0"
"15874";"79745408";"15874";"17";"1";"1";"7";"2";"0";"1";"1";"1";"0"
"15883";"79746102";"15883";"17";"1";"1";"7";"2";"0";"1";"1";"1";"0"
"15887";"79746201";"15887";"17";"1";"1";"7";"2";"0";"1";"1";"1";"0"
"15902";"79746403";"15902";"17";"1";"1";"7";"2";"1";"2";"1";"2";"0"
"15904";"79746505";"15904";"17";"1";"3";"1";"2";"0";"1";"1";"1";"0"
"15905";"79746505";"15905";"17";"1";"1";"7";"1";"0";"1";"1";"1";"0"
"15908";"79746507";"15908";"17";"1";"1";"7";"1";"0";"1";"1";"1";"0"
"15910";"79746507";"15910";"17";"1";"1";"7";"1";"0";"1";"1";"1";"0"
"15911";"79746507";"15911";"17";"1";"1";"7";"1";"1";"0";"1";"2";"0"
"15927";"79747403";"15927";"17";"1";"1";"7";"2";"1";"0";"1";"2";"0"
"15944";"79747502";"15944";"17";"1";"1";"7";"1";"0";"2";"1";"1";"0"
"15946";"79747502";"15946";"17";"1";"1";"7";"2";"0";"0";"1";"3";"0"
"16023";"79752202";"16023";"17";"4";"1";"7";"2";"0";"2";"1";"1";"0"
"16024";"79752202";"16024";"17";"1";"1";"7";"2";"0";"1";"1";"1";"0"
"16034";"79752301";"16034";"17";"1";"1";"7";"2";"0";"3";"1";"1";"0"
"16036";"79752301";"16036";"17";"1";"1";"7";"6";"0";"1";"1";"1";"0"
"16040";"79752302";"16040";"17";"1";"1";"7";"2";"1";"0";"1";"2";"0"
"16047";"79752306";"16047";"17";"4";"1";"7";"2";"0";"1";"1";"1";"0"
"16117";"79753104";"16117";"17";"3";"3";"2";"2";"0";"1";"1";"1";"0"
"16132";"79753105";"16132";"17";"1";"1";"2";"2";"0";"1";"1";"1";"0"
"16135";"79753105";"16135";"17";"1";"1";"7";"2";"1";"0";"1";"2";"0"
"16136";"79753105";"16136";"17";"1";"1";"7";"2";"0";"1";"2";"1";"0"
"16140";"79753105";"16140";"17";"3";"3";"2";"2";"1";"0";"2";"2";"0"
"16141";"79753105";"16141";"17";"1";"1";"7";"2";"0";"1";"1";"1";"0"
"16143";"79753105";"16143";"17";"3";"1";"7";"2";"0";"1";"1";"1";"0"
"16148";"79753107";"16148";"17";"3";"1";"7";"2";"0";"1";"1";"1";"0"
"16162";"79753203";"16162";"17";"4";"3";"1";"2";"0";"1";"1";"1";"0"
"16176";"79753203";"16176";"17";"1";"3";"2";"2";"0";"1";"1";"1";"0"
"16187";"79753206";"16187";"17";"1";"1";"7";"1";"0";"1";"1";"1";"0"
"16189";"79753303";"13354";"17";"1";"1";"7";"1";"0";"1";"1";"1";"0"
"16192";"79753304";"16192";"17";"1";"1";"7";"2";"0";"1";"1";"1";"0"
"16193";"79753304";"16193";"17";"1";"1";"7";"2";"0";"1";"1";"1";"0"
"16252";"79753504";"16252";"17";"5";"6";"7";"2";"0";"2";"1";"1";"0"
"16287";"79754203";"16287";"17";"1";"1";"7";"2";"0";"1";"1";"1";"0"
"16289";"79754302";"11299";"17";"3";"1";"7";"2";"0";"1";"1";"1";"0"
"16292";"79754304";"16292";"17";"2";"1";"2";"2";"0";"1";"1";"1";"0"
"16296";"79754305";"16296";"17";"1";"3";"1";"2";"0";"1";"1";"1";"0"
"16298";"79754402";"16298";"17";"1";"1";"7";"1";"0";"1";"1";"1";"0"
"16313";"79755107";"16313";"17";"2";"1";"7";"1";"0";"1";"1";"1";"0"
"16318";"79755109";"16318";"17";"5";"3";"1";"1";"0";"1";"1";"1";"0"
"16323";"79755303";"16323";"17";"3";"1";"7";"2";"0";"1";"1";"1";"0"
"16334";"79755404";"16334";"17";"1";"1";"2";"2";"0";"1";"1";"1";"0"
"16349";"79756103";"16349";"17";"1";"1";"7";"2";"0";"1";"1";"1";"0"
"16350";"79756103";"5778";"17";"1";"1";"7";"2";"0";"1";"1";"1";"0"
"16364";"79756402";"16364";"17";"1";"1";"7";"2";"0";"1";"1";"1";"0"
"16370";"79756501";"16370";"17";"1";"1";"7";"2";"0";"1";"1";"1";"0"
"16371";"79756501";"16371";"17";"1";"1";"7";"2";"0";"1";"1";"1";"0"
"16372";"79756503";"16372";"17";"3";"1";"7";"2";"0";"1";"1";"1";"0"
"16386";"79757201";"16386";"17";"1";"1";"7";"2";"0";"1";"1";"1";"0"
"16388";"79757201";"16388";"17";"1";"1";"7";"1";"0";"1";"1";"1";"0"
"16389";"79757201";"16389";"17";"1";"1";"7";"2";"0";"1";"1";"1";"0"
"16390";"79757201";"16390";"17";"1";"1";"7";"2";"0";"1";"2";"1";"0"
"16391";"79757201";"16391";"17";"1";"1";"7";"2";"0";"1";"1";"1";"0"
"16393";"79757201";"16393";"17";"1";"1";"7";"1";"0";"1";"1";"1";"0"
"16399";"79757205";"16399";"17";"3";"3";"2";"2";"0";"1";"1";"1";"0"
"16401";"79757206";"16401";"17";"4";"7";"7";"2";"1";"0";"1";"2";"0"
"16422";"79757307";"16422";"17";"1";"1";"7";"2";"0";"1";"1";"1";"0"
"16424";"79757307";"7008";"17";"3";"3";"2";"2";"0";"1";"1";"1";"0"
"16425";"79757307";"16425";"17";"1";"1";"7";"2";"1";"1";"1";"2";"0"
"16453";"79757505";"16453";"17";"1";"1";"7";"2";"0";"1";"1";"1";"0"
"16528";"79763301";"16528";"17";"1";"1";"7";"1";"0";"1";"1";"1";"0"
"16531";"79763307";"16531";"17";"1";"1";"7";"1";"0";"1";"1";"1";"0"
"16554";"79764101";"16554";"17";"1";"1";"7";"4";"0";"1";"1";"1";"0"
"16588";"79764301";"16588";"17";"2";"1";"7";"3";"0";"1";"1";"1";"0"
"16613";"79765301";"16613";"17";"1";"1";"7";"2";"0";"1";"1";"1";"0"
"16614";"79765301";"16614";"17";"1";"1";"2";"2";"1";"0";"1";"2";"0"
"16617";"79765403";"16617";"17";"1";"1";"7";"2";"0";"1";"1";"1";"0"
"16627";"79765403";"16627";"17";"2";"3";"2";"4";"0";"1";"1";"1";"0"
"16628";"79765403";"16628";"17";"1";"1";"7";"4";"1";"0";"1";"2";"0"
"16629";"79765403";"16629";"17";"1";"1";"7";"3";"0";"1";"1";"1";"0"
"16630";"79765403";"16630";"17";"1";"1";"7";"4";"0";"1";"1";"1";"0"
"16651";"79766201";"16651";"17";"1";"3";"2";"2";"1";"0";"1";"2";"0"
"16653";"79766201";"16653";"17";"1";"1";"7";"2";"0";"1";"1";"1";"0"
"16665";"79766201";"16665";"17";"1";"1";"7";"2";"0";"1";"1";"1";"0"
"16708";"79767104";"16708";"17";"3";"1";"7";"2";"0";"1";"1";"1";"0"
"16732";"79767204";"16732";"17";"1";"1";"7";"2";"0";"2";"0";"1";"0"
"16742";"79767209";"6337";"17";"1";"1";"7";"2";"0";"2";"1";"1";"0"
"16766";"79767301";"16766";"17";"1";"1";"7";"2";"0";"1";"1";"1";"0"
"16774";"79767301";"16774";"17";"1";"1";"7";"2";"0";"1";"1";"1";"0"
"16800";"79767301";"16800";"17";"1";"1";"7";"2";"1";"0";"1";"2";"0"
"16801";"79767301";"16801";"17";"1";"1";"7";"2";"0";"1";"1";"1";"0"
"16823";"79767301";"16823";"17";"1";"1";"7";"2";"0";"1";"1";"1";"0"
"16852";"79767305";"16852";"17";"1";"1";"7";"2";"0";"1";"1";"1";"0"
"16862";"79767401";"16862";"17";"5";"1";"7";"2";"0";"1";"1";"1";"0"
"16863";"79767401";"16863";"17";"1";"3";"1";"2";"0";"2";"2";"1";"0"
"16867";"79767403";"16867";"17";"2";"1";"7";"2";"0";"1";"1";"1";"0"
"16884";"79773505";"16884";"17";"1";"3";"1";"4";"0";"1";"1";"1";"0"
"16912";"79775401";"16912";"17";"1";"2";"1";"4";"0";"1";"1";"1";"0"
"16924";"79776103";"16924";"17";"3";"1";"7";"3";"0";"1";"1";"1";"0"
"16929";"79776103";"16929";"17";"3";"1";"7";"4";"1";"0";"2";"2";"0"
"16930";"79776103";"16930";"17";"1";"1";"7";"4";"0";"1";"1";"1";"0"
"16938";"79776106";"16938";"17";"1";"1";"7";"2";"1";"0";"1";"2";"0"
"16950";"79776301";"16950";"17";"1";"3";"1";"2";"0";"1";"1";"1";"0"
"16953";"79776304";"16953";"17";"1";"1";"7";"2";"1";"0";"1";"2";"0"
"16990";"79781508";"16990";"17";"1";"1";"7";"2";"1";"0";"1";"2";"0"
"16991";"79781508";"16991";"17";"1";"1";"7";"1";"0";"1";"1";"1";"0"
"17007";"79785405";"17007";"17";"1";"1";"1";"2";"1";"1";"0";"2";"0"
"17015";"79786305";"17015";"17";"1";"3";"1";"2";"0";"1";"1";"1";"0"
"17051";"79793102";"17051";"17";"3";"1";"7";"2";"0";"1";"1";"1";"0"
"17071";"79793510";"17071";"17";"1";"3";"2";"2";"1";"0";"1";"2";"0"
"17089";"79795301";"17089";"17";"1";"1";"7";"2";"1";"0";"1";"2";"0"
"17093";"79795305";"17093";"17";"1";"1";"7";"2";"0";"1";"1";"1";"0"
"17101";"79795405";"17101";"17";"3";"1";"7";"2";"0";"1";"1";"1";"0"
"17109";"79796104";"17109";"17";"1";"3";"1";"1";"0";"1";"1";"1";"0"
"17127";"79805501";"17127";"17";"1";"3";"2";"2";"1";"0";"1";"2";"0"
"17129";"79806201";"17129";"17";"3";"3";"2";"2";"0";"1";"1";"1";"0"
"17133";"79806202";"17133";"17";"1";"3";"1";"2";"1";"0";"1";"2";"0"
"17165";"79826233";"17165";"17";"1";"1";"7";"2";"0";"1";"1";"1";"0"
"17208";"79913402";"17208";"17";"3";"3";"1";"2";"1";"0";"1";"2";"0"
"17263";"80725205";"17263";"17";"3";"3";"2";"2";"0";"1";"1";"1";"0"
"17269";"80725301";"17269";"17";"1";"1";"7";"2";"1";"1";"1";"2";"0"
"17274";"80725501";"17274";"17";"1";"1";"7";"2";"1";"0";"1";"2";"0"
"17276";"80726318";"17276";"17";"1";"1";"7";"2";"0";"1";"1";"1";"0"
"17283";"80731101";"17283";"17";"3";"1";"7";"1";"1";"0";"1";"2";"0"
"17294";"80731204";"17294";"17";"1";"1";"7";"2";"1";"0";"1";"2";"0"
"17301";"80731301";"17301";"17";"1";"1";"7";"2";"0";"1";"1";"1";"0"
"17302";"80731301";"17302";"17";"1";"1";"1";"2";"0";"1";"1";"1";"0"
"17305";"80731301";"17305";"17";"1";"1";"7";"2";"0";"1";"1";"1";"0"
"17306";"80731301";"8087";"17";"3";"1";"7";"2";"0";"0";"1";"3";"0"
"17307";"80731301";"17307";"17";"1";"1";"7";"2";"0";"1";"1";"1";"0"
"17317";"80732501";"17317";"17";"1";"1";"7";"2";"0";"1";"1";"1";"0"
"17331";"80733405";"17331";"17";"2";"1";"7";"2";"1";"0";"1";"2";"0"
"17337";"80733501";"17337";"17";"1";"1";"7";"2";"0";"1";"1";"1";"0"
"17338";"80734108";"17338";"17";"1";"1";"7";"2";"0";"1";"1";"1";"0"
"17340";"80734202";"17340";"17";"1";"1";"7";"1";"1";"0";"0";"2";"0"
"17343";"80734305";"17343";"17";"2";"3";"2";"2";"0";"2";"1";"1";"0"
"17374";"80737302";"17374";"17";"1";"3";"2";"2";"0";"1";"1";"1";"0"
"17376";"80737303";"17376";"17";"1";"1";"7";"2";"1";"0";"1";"2";"0"
"17377";"80737303";"17377";"17";"2";"1";"7";"2";"1";"0";"1";"2";"0"
"17379";"80737303";"17379";"17";"1";"1";"7";"2";"0";"2";"0";"1";"0"
"17380";"80737303";"17380";"17";"1";"1";"7";"2";"1";"0";"1";"2";"0"
"17381";"80737402";"17381";"17";"1";"1";"2";"2";"0";"2";"1";"1";"0"
"17388";"80737402";"17388";"17";"1";"3";"1";"2";"0";"1";"1";"1";"0"
"17437";"80741502";"17437";"17";"3";"1";"7";"2";"0";"0";"1";"3";"0"
"17438";"80741502";"17438";"17";"3";"3";"2";"2";"0";"2";"2";"1";"0"
"17439";"80741502";"17439";"17";"3";"1";"7";"2";"0";"2";"1";"1";"0"
"17447";"80741502";"17447";"17";"1";"1";"7";"2";"0";"1";"1";"1";"0"
"17461";"80742107";"17461";"17";"1";"1";"7";"2";"1";"0";"1";"2";"0"
"17492";"80742202";"17492";"17";"3";"1";"7";"2";"0";"1";"1";"1";"0"
"17503";"80742304";"17503";"17";"1";"1";"7";"1";"0";"1";"1";"1";"0"
"17504";"80742304";"17504";"17";"3";"1";"7";"2";"0";"1";"1";"1";"0"
"17520";"80742402";"17520";"17";"3";"2";"1";"2";"0";"1";"1";"1";"0"
"17525";"80742410";"17525";"17";"3";"1";"7";"2";"1";"0";"1";"2";"0"
"17531";"80742501";"17531";"17";"1";"1";"7";"1";"0";"1";"1";"1";"0"
"17532";"80742501";"17532";"17";"1";"1";"7";"2";"0";"1";"1";"1";"0"
"17545";"80743302";"17545";"17";"1";"1";"7";"2";"0";"1";"1";"1";"0"
"17582";"80743501";"17582";"17";"3";"3";"2";"2";"0";"1";"2";"1";"0"
"17585";"80743501";"17585";"17";"1";"3";"1";"2";"0";"1";"1";"1";"0"
"17612";"80744507";"17612";"17";"1";"1";"7";"2";"1";"0";"1";"2";"0"
"17620";"80745505";"17620";"17";"1";"1";"7";"1";"0";"1";"1";"1";"0"
"17621";"80745505";"17621";"17";"1";"1";"7";"1";"0";"1";"1";"1";"0"
"17627";"80746302";"17627";"17";"1";"1";"7";"2";"0";"1";"1";"1";"0"
"17629";"80746302";"17629";"17";"1";"1";"7";"2";"0";"1";"1";"1";"0"
"17630";"80746302";"17630";"17";"4";"3";"1";"1";"0";"1";"1";"1";"0"
"17643";"80746405";"17643";"17";"1";"3";"2";"1";"0";"1";"1";"1";"0"
"17693";"80746408";"17693";"17";"1";"1";"7";"2";"0";"1";"1";"1";"0"
"17694";"80746408";"17694";"17";"1";"1";"7";"2";"0";"1";"1";"1";"0"
"17701";"80746410";"17701";"17";"1";"1";"1";"1";"0";"1";"1";"1";"0"
"17728";"80747101";"17728";"17";"1";"1";"7";"2";"0";"1";"2";"1";"0"
"17799";"80751303";"17799";"17";"1";"4";"3";"2";"0";"1";"1";"1";"0"
"17803";"80751401";"17803";"17";"3";"1";"7";"2";"1";"0";"1";"2";"0"
"17861";"80752105";"17861";"17";"1";"1";"7";"2";"0";"1";"1";"1";"0"
"17896";"80753101";"17896";"17";"1";"1";"7";"1";"1";"0";"1";"2";"0"
"17904";"80753102";"17904";"17";"1";"1";"7";"3";"0";"1";"1";"1";"0"
"17915";"80753201";"17915";"17";"1";"1";"7";"2";"1";"0";"1";"2";"0"
"17924";"80753308";"8870";"17";"2";"1";"7";"1";"0";"1";"1";"1";"0"
"18020";"80754404";"18020";"17";"1";"3";"2";"2";"0";"1";"1";"1";"0"
"18036";"80755201";"18036";"17";"1";"1";"7";"2";"0";"1";"1";"1";"0"
"18042";"80755302";"18042";"17";"3";"1";"7";"2";"0";"1";"1";"1";"0"
"18077";"80755501";"18077";"17";"3";"3";"2";"2";"0";"1";"1";"1";"0"
"18078";"80755501";"18078";"17";"2";"3";"2";"2";"0";"1";"1";"1";"0"