"accident_id";"lieu_id";"date_id";"cause_id";"lum_id";"intemp_id";"etat_surface_id";"impliq_id";"nb_blesses_graves";"nb_blesses_legers";"nb_indemnes";"gravite";"nb_morts"
"18079";"80755501";"18079";"17";"1";"1";"7";"2";"0";"1";"1";"1";"0"
"18080";"80755501";"18080";"17";"1";"1";"7";"2";"0";"1";"1";"1";"0"
"18117";"80756502";"18117";"17";"1";"1";"7";"1";"0";"1";"1";"1";"0"
"18121";"80757201";"18121";"17";"4";"1";"7";"2";"0";"1";"1";"1";"0"
"18124";"80757501";"18124";"17";"1";"1";"7";"2";"0";"1";"1";"1";"0"
"18125";"80757501";"18125";"17";"1";"3";"2";"1";"0";"1";"1";"1";"0"
"18130";"80757510";"18130";"17";"1";"1";"7";"1";"0";"1";"1";"1";"0"
"18132";"80761101";"18132";"17";"1";"1";"7";"1";"0";"2";"1";"1";"0"
"18160";"80761201";"18160";"17";"1";"1";"7";"2";"1";"0";"1";"2";"0"
"18190";"80761301";"18190";"17";"1";"1";"7";"2";"0";"1";"1";"1";"0"
"18191";"80761301";"18191";"17";"1";"2";"2";"2";"0";"1";"1";"1";"0"
"18193";"80761301";"18193";"17";"1";"1";"7";"2";"0";"1";"1";"1";"0"
"18194";"80761301";"18194";"17";"1";"1";"7";"2";"0";"1";"1";"1";"0"
"18201";"80761301";"18201";"17";"1";"3";"1";"2";"0";"1";"1";"1";"0"
"18203";"80761302";"18203";"17";"1";"1";"7";"2";"0";"1";"1";"1";"0"
"18206";"80761302";"18206";"17";"4";"1";"7";"2";"0";"1";"1";"1";"0"
"18207";"80761302";"18207";"17";"1";"3";"1";"2";"0";"1";"1";"1";"0"
"18230";"80761306";"18230";"17";"1";"1";"7";"2";"1";"0";"1";"2";"0"
"18236";"80761406";"18236";"17";"1";"1";"7";"2";"0";"1";"1";"1";"0"
"18239";"80761406";"18239";"17";"1";"1";"7";"2";"0";"1";"1";"1";"0"
"18240";"80761406";"18240";"17";"2";"1";"7";"2";"0";"1";"1";"1";"0"
"18243";"80761501";"18243";"17";"3";"1";"7";"2";"0";"2";"0";"1";"0"
"18246";"80762102";"18246";"17";"1";"1";"7";"2";"0";"1";"1";"1";"0"
"18262";"80762105";"18262";"17";"1";"1";"7";"2";"1";"0";"1";"2";"0"
"18274";"80762108";"18274";"17";"4";"1";"7";"2";"0";"1";"1";"1";"0"
"18294";"80762302";"18294";"17";"1";"1";"7";"2";"0";"1";"1";"1";"0"
"18295";"80762305";"18295";"17";"1";"1";"7";"2";"0";"1";"1";"1";"0"
"18296";"80762401";"18296";"17";"1";"1";"7";"2";"0";"1";"1";"1";"0"
"18297";"80762401";"18297";"17";"2";"2";"1";"2";"0";"2";"1";"1";"0"
"18298";"80762401";"18298";"17";"1";"1";"7";"2";"0";"1";"1";"1";"0"
"18299";"80762401";"18299";"17";"3";"1";"1";"2";"0";"1";"1";"1";"0"
"18300";"80762401";"18300";"17";"1";"1";"7";"2";"0";"1";"1";"1";"0"
"18301";"80762401";"18301";"17";"1";"3";"2";"2";"0";"1";"1";"1";"0"
"18302";"80762401";"18302";"17";"1";"1";"7";"2";"0";"1";"1";"1";"0"
"18310";"80762403";"18310";"17";"2";"1";"7";"2";"0";"1";"1";"1";"0"
"18315";"80762404";"18315";"17";"1";"1";"7";"2";"0";"1";"1";"1";"0"
"18318";"80762405";"18318";"17";"3";"1";"7";"2";"0";"1";"1";"1";"0"
"18326";"80762411";"18326";"17";"1";"1";"7";"2";"0";"1";"1";"1";"0"
"18328";"80762502";"18328";"17";"1";"1";"7";"2";"0";"1";"2";"1";"0"
"18336";"80763207";"18336";"17";"3";"3";"2";"2";"0";"1";"1";"1";"0"
"18339";"80763207";"18339";"17";"3";"1";"7";"2";"0";"1";"1";"1";"0"
"18340";"80763207";"18340";"17";"1";"1";"7";"2";"0";"2";"1";"1";"0"
"18348";"80763408";"18348";"17";"1";"1";"7";"2";"0";"1";"1";"1";"0"
"18355";"80763501";"18355";"17";"1";"1";"7";"2";"0";"1";"1";"1";"0"
"18356";"80763501";"18356";"17";"3";"1";"7";"2";"0";"1";"1";"1";"0"
"18360";"80764102";"18360";"17";"1";"3";"2";"2";"0";"1";"1";"1";"0"
"18372";"80764106";"18372";"17";"3";"1";"2";"2";"0";"1";"1";"1";"0"
"18382";"80764106";"18382";"17";"1";"1";"7";"2";"0";"1";"1";"1";"0"
"18387";"80764203";"18387";"17";"1";"1";"7";"2";"1";"0";"1";"2";"0"
"18394";"80764204";"18394";"17";"1";"1";"7";"2";"0";"1";"1";"1";"0"
"18404";"80764302";"18404";"17";"1";"1";"7";"2";"0";"1";"1";"1";"0"
"18412";"80764302";"18412";"17";"1";"1";"7";"2";"0";"1";"1";"1";"0"
"18421";"80764309";"18421";"17";"1";"3";"1";"2";"1";"1";"2";"2";"0"
"18423";"80764406";"18423";"17";"1";"1";"7";"2";"0";"1";"1";"1";"0"
"18428";"80764406";"18428";"17";"1";"3";"2";"2";"1";"0";"1";"2";"0"
"18438";"80764406";"18438";"17";"1";"1";"7";"2";"0";"1";"1";"1";"0"
"18450";"80764513";"18450";"17";"1";"1";"7";"2";"0";"1";"1";"1";"0"
"18464";"80765302";"18464";"17";"1";"1";"7";"2";"0";"1";"1";"1";"0"
"18465";"80765302";"18465";"17";"1";"3";"1";"2";"0";"1";"1";"1";"0"
"18466";"80765302";"18466";"17";"1";"1";"7";"2";"0";"2";"1";"1";"0"
"18468";"80765303";"18468";"17";"1";"1";"7";"2";"0";"1";"1";"1";"0"
"18475";"80765305";"18475";"17";"1";"1";"7";"2";"0";"1";"1";"1";"0"
"18483";"80765402";"18483";"17";"1";"1";"7";"2";"0";"1";"1";"1";"0"
"18522";"80765507";"18522";"17";"1";"3";"2";"2";"0";"1";"1";"1";"0"
"18529";"80765510";"18529";"17";"1";"1";"7";"2";"0";"1";"1";"1";"0"
"18532";"80766101";"18532";"17";"1";"2";"1";"2";"0";"1";"1";"1";"0"
"18533";"80766203";"18533";"17";"1";"1";"7";"2";"0";"1";"1";"1";"0"
"18539";"80767105";"18539";"17";"3";"1";"7";"2";"1";"1";"1";"2";"0"
"18540";"80767105";"18540";"17";"1";"1";"7";"2";"0";"1";"1";"1";"0"
"18541";"80767105";"18541";"17";"1";"1";"7";"1";"0";"1";"1";"1";"0"
"18544";"80767203";"18544";"17";"1";"1";"7";"2";"0";"2";"1";"1";"0"
"18551";"80767208";"18551";"17";"1";"1";"7";"2";"0";"1";"1";"1";"0"
"18552";"80767208";"18552";"17";"1";"1";"7";"2";"0";"1";"1";"1";"0"
"18563";"80771302";"18563";"17";"1";"1";"7";"2";"0";"1";"1";"1";"0"
"18582";"80772308";"18582";"17";"3";"1";"7";"2";"0";"1";"1";"1";"0"
"18618";"80774105";"18618";"17";"1";"1";"7";"2";"0";"1";"1";"1";"0"
"18622";"80774111";"18622";"17";"1";"1";"7";"2";"0";"1";"1";"1";"0"
"18633";"80774301";"18633";"17";"1";"3";"7";"2";"1";"0";"1";"2";"0"
"18692";"80775101";"14620";"17";"3";"3";"1";"2";"0";"1";"1";"1";"0"
"18693";"80775101";"18693";"17";"1";"1";"7";"2";"0";"1";"1";"1";"0"
"18706";"80775101";"18706";"17";"1";"3";"2";"6";"0";"1";"1";"1";"0"
"18736";"80776305";"18736";"17";"1";"1";"7";"2";"0";"1";"1";"1";"0"
"18744";"80776320";"18744";"17";"1";"3";"1";"3";"0";"1";"1";"1";"0"
"18775";"80782303";"18775";"17";"3";"1";"7";"2";"0";"1";"1";"1";"0"
"18784";"80782406";"18784";"17";"3";"1";"1";"1";"0";"1";"1";"1";"0"
"18791";"80783406";"18791";"17";"1";"1";"7";"2";"0";"1";"1";"1";"0"
"18804";"80783508";"18804";"17";"1";"1";"7";"1";"0";"3";"1";"1";"0"
"18805";"80783508";"18805";"17";"1";"1";"7";"2";"0";"1";"1";"1";"0"
"18807";"80783508";"18807";"17";"3";"3";"2";"2";"0";"1";"1";"1";"0"
"18809";"80783509";"18809";"17";"1";"1";"7";"2";"0";"2";"0";"1";"0"
"18814";"80784305";"18814";"17";"3";"1";"7";"1";"1";"0";"1";"2";"0"
"18820";"80784407";"18820";"17";"1";"3";"1";"2";"0";"1";"1";"1";"0"
"18822";"80784407";"18822";"17";"1";"1";"7";"2";"0";"0";"2";"0";"0"
"18861";"80785310";"18861";"17";"3";"1";"7";"1";"0";"1";"1";"1";"0"
"18865";"80785405";"18865";"17";"2";"3";"2";"1";"0";"2";"1";"1";"0"
"18870";"80785405";"18870";"17";"1";"1";"7";"1";"0";"1";"1";"1";"0"
"18875";"80785503";"18875";"17";"1";"1";"7";"2";"1";"0";"1";"2";"0"
"18878";"80786202";"18878";"17";"2";"1";"7";"2";"0";"1";"1";"1";"0"
"18883";"80786204";"18883";"17";"1";"1";"7";"2";"1";"0";"1";"2";"0"
"18888";"80786212";"18888";"17";"1";"1";"7";"2";"0";"1";"1";"1";"0"
"18912";"80786407";"18912";"17";"1";"1";"1";"2";"0";"1";"1";"1";"0"
"18916";"80786506";"18916";"17";"1";"1";"7";"4";"1";"0";"1";"2";"0"
"18939";"80793505";"18939";"17";"2";"3";"1";"2";"0";"1";"1";"1";"0"
"18962";"80796106";"18962";"17";"1";"1";"7";"1";"0";"1";"1";"1";"0"
"18963";"80796106";"18963";"17";"1";"1";"1";"2";"1";"0";"1";"2";"0"
"18964";"80796106";"18964";"17";"1";"1";"7";"1";"0";"1";"1";"1";"0"
"18965";"80796106";"18965";"17";"3";"1";"7";"2";"0";"1";"1";"1";"0"
"18969";"80796108";"18969";"17";"2";"1";"7";"2";"1";"0";"1";"2";"0"
"18994";"80797402";"18994";"17";"4";"3";"2";"2";"0";"3";"2";"1";"0"
"18997";"80797402";"18997";"17";"1";"1";"7";"2";"2";"0";"1";"2";"0"
"19001";"80797402";"19001";"17";"2";"3";"2";"1";"0";"1";"1";"1";"0"
"19003";"80797403";"19003";"17";"1";"1";"7";"2";"1";"0";"1";"2";"0"
"19004";"80797403";"19004";"17";"1";"1";"7";"2";"0";"1";"1";"1";"0"
"19005";"80797403";"9379";"17";"1";"1";"7";"1";"0";"1";"1";"1";"0"
"19006";"80797403";"19006";"17";"1";"1";"7";"2";"0";"1";"1";"1";"0"
"19007";"80797505";"19007";"17";"1";"1";"7";"2";"0";"1";"1";"1";"0"
"19011";"80797505";"19011";"17";"1";"1";"7";"2";"0";"1";"1";"1";"0"
"19029";"80797508";"19029";"17";"1";"1";"7";"2";"1";"0";"1";"2";"0"
"19047";"80804201";"19047";"17";"1";"7";"2";"1";"1";"0";"1";"2";"0"
"19075";"80806110";"19075";"17";"1";"3";"2";"2";"1";"0";"1";"2";"0"
"19076";"80806110";"19076";"17";"1";"1";"7";"2";"0";"1";"1";"1";"0"
"19115";"80813111";"19115";"17";"1";"3";"1";"2";"0";"1";"1";"1";"0"
"19119";"80813202";"19119";"17";"1";"1";"7";"1";"0";"1";"1";"1";"0"
"19138";"80875503";"19138";"17";"3";"1";"7";"2";"0";"1";"1";"1";"0"
"23963";"85813501";"23963";"17";"1";"1";"7";"1";"0";"1";"1";"1";"0"
"23966";"85813501";"23966";"17";"2";"1";"7";"2";"0";"1";"0";"1";"0"
"23976";"85814201";"23976";"17";"3";"1";"7";"1";"0";"1";"1";"1";"0"
"23988";"85814405";"23988";"17";"1";"1";"7";"2";"0";"1";"1";"1";"0"
"23992";"85814405";"23992";"17";"1";"1";"7";"4";"0";"1";"1";"1";"0"
"23994";"85814405";"23994";"17";"2";"1";"7";"2";"1";"0";"1";"2";"0"
"23999";"85814405";"23999";"17";"1";"3";"1";"2";"0";"1";"1";"1";"0"
"24002";"85814405";"24002";"17";"1";"1";"7";"4";"0";"1";"1";"1";"0"
"24004";"85814405";"24004";"17";"1";"1";"7";"2";"1";"0";"1";"2";"0"
"24006";"85814405";"24006";"17";"3";"1";"7";"2";"0";"1";"1";"1";"0"
"24022";"85814503";"24022";"17";"2";"1";"7";"2";"0";"1";"1";"1";"0"
"24033";"85815302";"24033";"17";"3";"1";"7";"2";"0";"1";"1";"1";"0"
"24036";"85815302";"24036";"17";"3";"3";"1";"2";"0";"1";"1";"1";"0"
"24049";"85815501";"11314";"17";"1";"1";"7";"2";"0";"1";"1";"1";"0"
"24051";"85815501";"24051";"17";"2";"1";"7";"2";"0";"1";"1";"1";"0"
"24063";"85815502";"24063";"17";"3";"3";"1";"4";"0";"1";"1";"1";"0"
"24138";"85821203";"24138";"17";"1";"1";"7";"2";"0";"2";"0";"1";"0"
"24140";"85821307";"24140";"17";"1";"1";"7";"2";"0";"1";"1";"1";"0"
"24141";"85821307";"24141";"17";"1";"1";"7";"1";"0";"1";"2";"1";"0"
"24145";"85821307";"24145";"17";"3";"1";"7";"2";"0";"1";"1";"1";"0"
"24146";"85821307";"24146";"17";"1";"1";"7";"1";"0";"2";"0";"1";"0"
"24149";"85821307";"24149";"17";"1";"3";"1";"2";"0";"2";"1";"1";"0"
"24152";"85821312";"24152";"17";"3";"3";"1";"2";"0";"1";"1";"1";"0"
"24153";"85821312";"24153";"17";"3";"1";"7";"2";"0";"1";"1";"1";"0"
"24154";"85821312";"24154";"17";"1";"1";"7";"2";"0";"1";"1";"1";"0"
"24155";"85821312";"24155";"17";"1";"1";"7";"2";"0";"1";"1";"1";"0"
"24164";"85822104";"24164";"17";"1";"1";"7";"2";"0";"1";"1";"1";"0"
"24167";"85822107";"24167";"17";"1";"1";"1";"1";"0";"1";"1";"1";"0"
"24171";"85822107";"24171";"17";"1";"1";"7";"2";"0";"1";"0";"1";"0"
"24174";"85822204";"24174";"17";"1";"1";"7";"1";"0";"1";"1";"1";"0"
"24175";"85822301";"24175";"17";"1";"1";"7";"2";"0";"1";"1";"1";"0"
"24179";"85822402";"24179";"17";"1";"1";"7";"2";"0";"1";"1";"1";"0"
"24188";"85822406";"24188";"17";"1";"3";"1";"2";"0";"1";"1";"1";"0"
"24197";"85822406";"24197";"17";"1";"1";"7";"2";"0";"1";"1";"1";"0"
"24203";"85822406";"24203";"17";"3";"3";"1";"2";"1";"0";"0";"2";"0"
"24206";"85822409";"24206";"17";"2";"1";"7";"2";"0";"1";"1";"1";"0"
"24248";"85823306";"24248";"17";"1";"1";"7";"1";"0";"1";"0";"1";"0"
"24255";"85823504";"24255";"17";"1";"1";"7";"2";"0";"1";"1";"1";"0"
"24258";"85823504";"24258";"17";"3";"3";"1";"1";"0";"1";"1";"1";"0"
"24261";"85823504";"24261";"17";"3";"3";"1";"2";"0";"1";"1";"1";"0"
"24267";"85824103";"24267";"17";"1";"1";"7";"2";"0";"1";"0";"1";"0"
"24316";"85824501";"14175";"17";"1";"1";"7";"2";"0";"1";"1";"1";"0"
"24325";"85825401";"24325";"17";"3";"1";"7";"2";"0";"1";"1";"1";"0"
"24342";"85825401";"5197";"17";"1";"1";"7";"2";"0";"1";"1";"1";"0"
"24368";"85825506";"24368";"17";"1";"1";"7";"2";"1";"0";"1";"2";"0"
"24382";"85826101";"24382";"17";"1";"1";"7";"4";"0";"1";"0";"1";"0"
"24383";"85826101";"24383";"17";"1";"1";"7";"4";"0";"1";"1";"1";"0"
"24395";"85826102";"24395";"17";"3";"1";"7";"2";"0";"1";"1";"1";"0"
"24399";"85826102";"24399";"17";"1";"1";"7";"2";"0";"1";"1";"1";"0"
"24409";"85826205";"24409";"17";"1";"1";"7";"2";"0";"2";"1";"1";"0"
"24414";"85826205";"24414";"17";"1";"1";"7";"2";"0";"1";"1";"1";"0"
"24415";"85826205";"24415";"17";"1";"1";"7";"1";"0";"1";"1";"1";"0"
"24417";"85826205";"24417";"17";"1";"1";"7";"2";"0";"1";"1";"1";"0"
"24426";"85826303";"24426";"17";"3";"3";"1";"2";"0";"1";"1";"1";"0"
"24427";"85826303";"24427";"17";"1";"1";"7";"2";"0";"1";"0";"1";"0"
"24435";"85826403";"24435";"17";"1";"1";"7";"2";"0";"1";"0";"1";"0"
"24438";"85826503";"24438";"17";"3";"1";"7";"2";"0";"1";"1";"3";"0"
"24439";"85826505";"24439";"17";"1";"3";"2";"2";"0";"1";"1";"1";"0"
"24445";"85826505";"24445";"17";"1";"1";"7";"1";"1";"0";"1";"2";"0"
"24446";"85826505";"24446";"17";"1";"1";"7";"2";"0";"1";"1";"1";"0"
"24453";"85827107";"24453";"17";"1";"1";"7";"2";"0";"1";"1";"1";"0"
"24457";"85827107";"24457";"17";"3";"3";"1";"2";"0";"1";"1";"1";"0"
"24472";"85827304";"24472";"17";"1";"1";"7";"3";"0";"1";"1";"1";"0"
"24475";"85827304";"24475";"17";"1";"3";"2";"2";"0";"1";"1";"1";"0"
"24481";"85827304";"24481";"17";"3";"3";"2";"2";"0";"1";"1";"1";"0"
"24500";"85827506";"24500";"17";"1";"1";"7";"2";"0";"1";"1";"1";"0"
"24501";"85831103";"24501";"17";"1";"1";"7";"1";"0";"1";"1";"1";"0"
"24505";"85831107";"24505";"17";"1";"1";"7";"2";"0";"1";"1";"1";"0"
"24515";"85831107";"24515";"17";"1";"1";"7";"2";"0";"1";"1";"1";"0"
"24526";"85831303";"24526";"17";"1";"3";"1";"1";"0";"2";"0";"1";"0"
"24541";"85832101";"24541";"17";"1";"1";"7";"2";"0";"1";"1";"1";"0"
"24547";"85832203";"24547";"17";"3";"3";"1";"2";"0";"1";"1";"1";"0"
"24548";"85832203";"24548";"17";"1";"1";"7";"2";"0";"1";"1";"1";"0"
"24562";"85833208";"24562";"17";"1";"1";"7";"2";"0";"1";"1";"1";"0"
"24564";"85833208";"24564";"17";"1";"1";"7";"2";"0";"1";"1";"1";"0"
"24583";"85833301";"24583";"17";"3";"3";"2";"1";"0";"1";"1";"1";"0"
"24584";"85833301";"24584";"17";"3";"1";"1";"2";"0";"1";"1";"1";"0"
"24587";"85833301";"24587";"17";"1";"1";"7";"2";"0";"1";"1";"1";"0"
"24597";"85833401";"24597";"17";"1";"1";"7";"2";"1";"0";"1";"2";"0"
"24599";"85834102";"24599";"17";"1";"1";"7";"2";"1";"0";"1";"2";"0"
"24615";"85834104";"24615";"17";"1";"3";"7";"2";"0";"1";"1";"1";"0"
"24619";"85834104";"24619";"17";"3";"2";"1";"2";"0";"1";"1";"1";"0"
"24625";"85834106";"24625";"17";"3";"1";"7";"2";"1";"0";"1";"2";"0"
"24626";"85834106";"24626";"17";"1";"1";"7";"2";"0";"1";"1";"1";"0"
"24634";"85834210";"6671";"17";"1";"1";"7";"2";"0";"1";"1";"1";"0"
"24641";"85834302";"24641";"17";"3";"1";"7";"2";"0";"1";"1";"1";"0"
"24655";"85834308";"24655";"17";"1";"1";"7";"2";"0";"1";"1";"1";"0"
"24664";"85834308";"2245";"17";"1";"1";"1";"2";"0";"1";"1";"1";"0"
"24670";"85834308";"24670";"17";"1";"1";"7";"2";"0";"1";"1";"1";"0"
"24681";"85834409";"24681";"17";"1";"1";"7";"6";"0";"1";"1";"1";"0"
"24685";"85835104";"24685";"17";"1";"1";"7";"1";"0";"1";"1";"1";"0"
"24692";"85835109";"24692";"17";"1";"1";"4";"2";"0";"1";"1";"1";"0"
"24716";"85835212";"24716";"17";"3";"1";"7";"2";"0";"1";"0";"1";"0"
"24727";"85835212";"4642";"17";"1";"1";"7";"4";"0";"1";"1";"1";"0"
"24756";"85835405";"24756";"17";"1";"1";"7";"1";"0";"1";"1";"1";"0"
"24771";"85835407";"24771";"17";"1";"3";"1";"2";"0";"1";"1";"1";"0"
"24776";"85836106";"24776";"17";"1";"1";"7";"2";"0";"2";"0";"1";"0"
"24778";"85836106";"24778";"17";"1";"1";"7";"2";"1";"0";"1";"2";"0"
"24785";"85836106";"24785";"17";"3";"3";"1";"2";"0";"1";"1";"1";"0"
"24788";"85836106";"24788";"17";"1";"1";"7";"2";"0";"1";"1";"1";"0"
"24803";"85836303";"24803";"17";"1";"1";"7";"1";"1";"0";"1";"2";"0"
"24816";"85836404";"24816";"17";"1";"1";"7";"2";"0";"1";"1";"1";"0"
"24817";"85836404";"24817";"17";"3";"1";"7";"2";"0";"1";"1";"1";"0"
"24821";"85836503";"24821";"17";"2";"1";"7";"1";"0";"1";"1";"1";"0"
"24822";"85836503";"24822";"17";"1";"1";"7";"2";"0";"1";"1";"1";"0"
"24825";"85836503";"24825";"17";"3";"4";"1";"2";"0";"1";"0";"1";"0"
"24829";"85837101";"24829";"17";"1";"1";"7";"2";"0";"1";"1";"1";"0"
"24830";"85837101";"24830";"17";"1";"1";"7";"2";"0";"1";"1";"1";"0"
"24841";"85837402";"24841";"17";"3";"3";"2";"2";"0";"1";"1";"1";"0"
"24842";"85837402";"24842";"17";"3";"3";"1";"2";"0";"1";"1";"1";"0"
"24844";"85837402";"24844";"17";"1";"1";"7";"2";"0";"1";"1";"1";"0"
"24846";"85837402";"372";"17";"3";"1";"7";"2";"1";"0";"1";"2";"0"
"24851";"85837403";"24851";"17";"3";"3";"1";"2";"0";"1";"1";"1";"0"
"24855";"85837403";"24855";"17";"1";"3";"1";"2";"0";"1";"1";"1";"0"
"24865";"85837507";"24865";"17";"1";"1";"7";"2";"0";"1";"1";"1";"0"
"24866";"85837507";"24866";"17";"1";"3";"1";"2";"0";"1";"1";"1";"0"
"24880";"85841406";"24880";"17";"1";"1";"7";"2";"1";"0";"1";"2";"0"
"24883";"85841408";"24883";"17";"1";"1";"1";"2";"0";"1";"1";"1";"0"
"24887";"85841408";"24887";"17";"1";"1";"1";"2";"0";"1";"1";"1";"0"
"24890";"85841408";"24890";"17";"1";"1";"7";"2";"1";"0";"1";"2";"0"
"24963";"85843103";"24963";"17";"3";"3";"2";"1";"0";"1";"1";"1";"0"
"24969";"85844104";"24969";"17";"1";"1";"7";"1";"0";"1";"1";"1";"0"
"25021";"85845105";"25021";"17";"3";"1";"1";"2";"0";"1";"1";"1";"0"
"25045";"85845304";"25045";"17";"1";"1";"7";"2";"0";"1";"1";"1";"0"
"25070";"85845401";"25070";"17";"1";"1";"7";"1";"0";"1";"2";"1";"0"
"25077";"85846101";"25077";"17";"3";"1";"2";"2";"1";"0";"1";"2";"0"
"25083";"85846101";"25083";"17";"1";"1";"7";"1";"0";"1";"1";"1";"0"
"25086";"85846101";"25086";"17";"3";"1";"7";"1";"0";"1";"1";"1";"0"
"25102";"85846506";"25102";"17";"1";"2";"1";"2";"0";"1";"1";"1";"0"
"25116";"85847106";"25116";"17";"3";"3";"1";"2";"0";"1";"1";"1";"0"
"25125";"85847202";"25125";"17";"1";"1";"7";"1";"0";"1";"1";"1";"0"
"25131";"85847502";"25131";"17";"1";"1";"7";"1";"0";"1";"0";"1";"0"
"25133";"85847511";"25133";"17";"1";"1";"7";"1";"0";"1";"1";"1";"0"
"25150";"85851202";"25150";"17";"3";"1";"7";"2";"0";"2";"1";"1";"0"
"25157";"85851303";"25157";"17";"1";"7";"7";"2";"0";"1";"1";"1";"0"
"25158";"85851303";"25158";"17";"1";"1";"7";"2";"0";"1";"1";"1";"0"
"25165";"85851303";"25165";"17";"1";"1";"7";"2";"0";"1";"1";"1";"0"
"25170";"85851303";"25170";"17";"2";"3";"1";"2";"0";"1";"1";"1";"0"
"25171";"85851303";"25171";"17";"1";"1";"7";"2";"0";"0";"1";"3";"0"
"25172";"85851303";"25172";"17";"1";"1";"7";"2";"0";"2";"1";"1";"0"
"25211";"85851403";"25211";"17";"1";"1";"7";"2";"0";"1";"1";"1";"0"
"25250";"85851406";"25250";"17";"3";"3";"1";"2";"0";"1";"1";"1";"0"
"25268";"85852402";"25268";"17";"1";"3";"1";"2";"1";"1";"1";"2";"0"
"25298";"85852503";"25298";"17";"3";"2";"2";"2";"0";"1";"1";"1";"0"
"25302";"85852503";"25302";"17";"1";"1";"1";"2";"0";"1";"1";"1";"0"
"25351";"85854106";"25351";"17";"1";"1";"7";"2";"0";"1";"1";"1";"0"
"25360";"85854401";"25360";"17";"3";"1";"7";"2";"0";"1";"1";"1";"0"
"25364";"85854401";"25364";"17";"1";"1";"7";"2";"0";"1";"1";"1";"0"
"25379";"85854502";"25379";"17";"1";"3";"2";"2";"0";"1";"1";"1";"0"
"25382";"85854502";"25382";"17";"1";"1";"7";"2";"0";"1";"1";"1";"0"
"25389";"85855503";"25389";"17";"1";"1";"7";"2";"0";"1";"1";"1";"0"
"25390";"85855503";"25390";"17";"1";"3";"4";"2";"0";"1";"1";"1";"0"
"25401";"85855503";"25401";"17";"2";"3";"1";"2";"0";"1";"1";"1";"0"
"25433";"85857106";"25433";"17";"2";"1";"7";"2";"1";"0";"0";"2";"0"
"25434";"85857109";"25434";"17";"1";"3";"1";"2";"0";"1";"1";"1";"0"
"25442";"85857503";"25442";"17";"3";"2";"2";"2";"0";"1";"1";"1";"0"
"25466";"85861107";"25466";"17";"2";"3";"1";"2";"0";"1";"1";"1";"0"
"25480";"85861211";"25480";"17";"1";"1";"7";"2";"0";"1";"1";"1";"0"
"25481";"85861211";"2221";"17";"1";"1";"1";"2";"0";"1";"1";"1";"0"
"25482";"85861211";"25482";"17";"1";"3";"2";"2";"0";"1";"1";"1";"0"
"25500";"85861302";"25500";"17";"1";"2";"1";"2";"1";"0";"1";"2";"0"
"25504";"85861304";"25504";"17";"1";"1";"7";"2";"0";"1";"1";"1";"0"
"25515";"85861502";"25515";"17";"3";"7";"1";"2";"1";"0";"1";"2";"0"
"25518";"85861503";"25518";"17";"1";"1";"7";"2";"0";"1";"1";"1";"0"
"25521";"85861505";"25521";"17";"1";"1";"7";"2";"0";"1";"2";"1";"0"
"25541";"85862101";"25541";"17";"1";"1";"7";"2";"0";"2";"0";"1";"0"
"25549";"85862201";"25549";"17";"1";"1";"7";"2";"0";"1";"1";"1";"0"
"25592";"85863401";"25592";"17";"3";"3";"1";"2";"0";"1";"1";"1";"0"
"25595";"85863401";"25595";"17";"1";"3";"1";"2";"0";"1";"1";"1";"0"
"25599";"85863402";"25599";"17";"1";"1";"7";"1";"0";"1";"0";"1";"0"
"25609";"85863402";"25609";"17";"1";"1";"7";"1";"0";"1";"1";"1";"0"
"25663";"85864503";"25663";"17";"1";"1";"7";"2";"0";"1";"1";"1";"0"
"25684";"85865207";"25684";"17";"1";"1";"7";"2";"0";"1";"1";"1";"0"
"25688";"85865207";"25688";"17";"1";"3";"1";"2";"0";"1";"1";"1";"0"
"25689";"85865207";"25689";"17";"1";"1";"7";"1";"1";"0";"1";"2";"0"
"25701";"85865306";"25701";"17";"1";"1";"7";"2";"0";"1";"1";"1";"0"
"25737";"85866304";"25737";"17";"1";"1";"7";"1";"1";"0";"1";"2";"0"
"25760";"85867306";"25760";"17";"1";"1";"7";"1";"0";"1";"1";"1";"0"
"25764";"85867502";"25764";"17";"1";"1";"1";"1";"0";"2";"1";"1";"0"
"25770";"85867502";"25770";"17";"1";"1";"7";"1";"0";"1";"1";"1";"0"
"25780";"85871111";"25780";"17";"3";"1";"7";"2";"0";"1";"1";"1";"0"
"25794";"85871206";"25794";"17";"1";"1";"7";"1";"0";"1";"1";"1";"0"
"25796";"85871206";"25796";"17";"3";"2";"1";"2";"0";"1";"1";"1";"0"
"25866";"85873205";"25866";"17";"1";"1";"7";"2";"1";"0";"1";"2";"0"
"25876";"85873509";"25876";"17";"1";"1";"7";"1";"0";"1";"1";"1";"0"
"25886";"85874104";"25886";"17";"3";"1";"1";"2";"0";"1";"1";"1";"0"