"accident_id";"lieu_id";"date_id";"cause_id";"lum_id";"intemp_id";"etat_surface_id";"impliq_id";"nb_blesses_graves";"nb_blesses_legers";"nb_indemnes";"gravite";"nb_morts"
"25889";"85874104";"25889";"17";"1";"1";"7";"2";"0";"1";"1";"1";"0"
"25898";"85874210";"25898";"17";"1";"1";"7";"2";"0";"1";"1";"1";"0"
"25909";"85874501";"25909";"17";"1";"1";"7";"2";"0";"2";"1";"1";"0"
"25956";"85875502";"25956";"17";"1";"3";"1";"2";"0";"1";"1";"1";"0"
"26000";"85877101";"26000";"17";"1";"1";"7";"1";"0";"1";"1";"1";"0"
"26018";"85877404";"26018";"17";"1";"1";"7";"1";"0";"1";"1";"1";"0"
"26039";"85882102";"26039";"17";"1";"1";"7";"2";"0";"1";"1";"1";"0"
"26065";"85883204";"26065";"17";"1";"3";"1";"2";"1";"0";"1";"2";"0"
"26066";"85883204";"26066";"17";"1";"1";"7";"2";"1";"0";"1";"2";"0"
"26068";"85883204";"26068";"17";"3";"1";"7";"2";"1";"0";"1";"2";"0"
"26074";"85883204";"26074";"17";"1";"1";"7";"2";"0";"1";"1";"1";"0"
"26098";"85886102";"26098";"17";"1";"1";"7";"2";"0";"1";"1";"1";"0"
"26116";"85887504";"26116";"17";"1";"3";"2";"2";"0";"1";"1";"1";"0"
"26123";"85887504";"26123";"17";"2";"2";"1";"2";"0";"1";"1";"1";"0"
"26132";"85887506";"26132";"17";"1";"1";"7";"2";"0";"1";"1";"1";"0"
"26136";"85887506";"26136";"17";"1";"1";"7";"1";"1";"0";"1";"2";"0"
"26137";"85887506";"26137";"17";"1";"1";"7";"2";"1";"0";"1";"2";"0"
"26199";"86784303";"26199";"17";"1";"1";"7";"2";"1";"0";"1";"2";"0"
"26200";"86784320";"26200";"17";"1";"1";"7";"2";"1";"0";"1";"2";"0"
"26201";"86784320";"26201";"17";"1";"1";"7";"2";"1";"0";"1";"2";"0"
"26203";"86784405";"26203";"17";"1";"1";"7";"2";"1";"0";"1";"2";"0"
"26208";"86785405";"26208";"17";"1";"1";"2";"2";"0";"1";"1";"1";"0"
"26209";"86785405";"26209";"17";"1";"1";"7";"2";"0";"1";"1";"1";"0"
"26248";"86796107";"26248";"17";"1";"3";"2";"2";"1";"0";"1";"2";"0"
"26251";"86796401";"26251";"17";"1";"1";"7";"2";"0";"2";"1";"1";"0"
"26282";"86801501";"26282";"17";"3";"2";"1";"2";"0";"1";"1";"1";"0"
"26347";"86803403";"26347";"17";"1";"1";"7";"2";"0";"1";"1";"1";"0"
"26368";"86804202";"26368";"17";"1";"1";"7";"5";"0";"1";"1";"1";"0"
"26379";"86804302";"26379";"17";"1";"1";"7";"2";"0";"1";"1";"1";"0"
"26380";"86804302";"26380";"17";"1";"2";"2";"2";"0";"2";"0";"1";"0"
"26390";"86804302";"26390";"17";"1";"1";"7";"2";"0";"1";"1";"1";"0"
"26392";"86804401";"26392";"17";"1";"1";"7";"1";"0";"1";"1";"1";"0"
"26393";"86804401";"26393";"17";"1";"1";"1";"2";"0";"1";"1";"1";"0"
"26451";"86805404";"26451";"17";"1";"1";"1";"2";"0";"2";"2";"1";"0"
"26454";"86805404";"26454";"17";"1";"2";"1";"2";"0";"1";"1";"1";"0"
"26470";"86806206";"26470";"17";"3";"1";"1";"2";"0";"1";"1";"1";"0"
"26472";"86806206";"26472";"17";"2";"1";"7";"6";"0";"1";"1";"1";"0"
"26479";"86806501";"26479";"17";"1";"1";"7";"2";"0";"1";"1";"1";"0"
"26484";"86806504";"26484";"17";"1";"1";"7";"2";"0";"1";"1";"1";"0"
"26490";"86806504";"26490";"17";"1";"3";"1";"2";"0";"1";"1";"1";"0"
"26493";"86806504";"26493";"17";"1";"1";"7";"2";"0";"2";"1";"1";"0"
"26500";"86807112";"26500";"17";"1";"1";"7";"2";"1";"0";"1";"2";"0"
"26536";"86811206";"26536";"17";"3";"1";"7";"2";"0";"1";"1";"1";"0"
"26551";"86811303";"5139";"17";"1";"1";"7";"2";"0";"1";"1";"1";"0"
"26566";"86812101";"26566";"17";"1";"3";"1";"2";"0";"1";"1";"1";"0"
"26577";"86812207";"26577";"17";"3";"3";"2";"2";"0";"1";"1";"1";"0"
"26582";"86812307";"26582";"17";"1";"1";"7";"1";"0";"1";"1";"1";"0"
"26585";"86812401";"26585";"17";"1";"1";"7";"2";"0";"1";"1";"1";"0"
"26593";"86812403";"26593";"17";"1";"1";"7";"1";"0";"1";"1";"1";"0"
"26594";"86812403";"53";"17";"1";"1";"7";"1";"0";"3";"0";"1";"0"
"26619";"86813101";"26619";"17";"1";"1";"7";"2";"0";"1";"1";"1";"0"
"26631";"86813104";"26631";"17";"1";"1";"3";"2";"0";"1";"1";"1";"0"
"26732";"86814505";"26732";"17";"1";"1";"7";"1";"0";"1";"1";"1";"0"
"26753";"86814508";"26753";"17";"3";"1";"7";"1";"0";"1";"0";"1";"0"
"26754";"86814508";"26754";"17";"3";"1";"7";"1";"0";"1";"1";"1";"0"
"26766";"86815307";"26766";"17";"1";"1";"7";"2";"0";"2";"1";"1";"0"
"26768";"86815308";"26768";"17";"1";"1";"7";"2";"0";"1";"1";"1";"0"
"26777";"86815404";"26777";"17";"1";"1";"7";"2";"0";"1";"1";"1";"0"
"26820";"86817101";"26820";"17";"1";"1";"7";"1";"0";"1";"1";"1";"0"
"26843";"86817101";"26843";"17";"3";"3";"1";"2";"1";"0";"1";"2";"0"
"26850";"86817101";"26850";"17";"1";"3";"1";"2";"0";"1";"1";"1";"0"
"26869";"86817304";"26869";"17";"1";"1";"7";"1";"0";"2";"0";"1";"0"
"26895";"86817501";"26895";"17";"1";"1";"7";"2";"1";"0";"1";"2";"0"
"26897";"86817501";"26897";"17";"3";"1";"7";"2";"0";"1";"1";"1";"0"
"26911";"86817504";"18356";"17";"3";"1";"7";"2";"0";"1";"1";"1";"0"
"26918";"86817504";"26918";"17";"3";"2";"1";"2";"0";"1";"1";"1";"0"
"26929";"86821303";"26929";"17";"1";"1";"7";"1";"0";"1";"1";"1";"0"
"26930";"86821303";"26930";"17";"1";"1";"7";"2";"0";"1";"1";"1";"0"
"26932";"86821402";"26932";"17";"3";"2";"1";"2";"0";"1";"1";"1";"0"
"26938";"86821402";"8275";"17";"1";"1";"7";"2";"0";"1";"1";"1";"0"
"26939";"86821402";"26939";"17";"1";"1";"7";"2";"0";"1";"0";"1";"0"
"26940";"86821402";"26940";"17";"3";"1";"7";"1";"0";"1";"1";"1";"0"
"26941";"86821402";"26941";"17";"1";"1";"7";"2";"0";"1";"0";"1";"0"
"26949";"86821411";"26949";"17";"1";"1";"7";"2";"0";"1";"1";"1";"0"
"26950";"86821411";"26950";"17";"1";"1";"7";"2";"0";"1";"1";"1";"0"
"26969";"86821505";"26969";"17";"1";"1";"7";"2";"0";"0";"2";"3";"0"
"26976";"86821505";"26976";"17";"1";"1";"7";"2";"0";"1";"1";"1";"0"
"26981";"86821505";"26981";"17";"1";"1";"7";"2";"0";"1";"1";"1";"0"
"26989";"86822201";"26989";"17";"1";"1";"7";"2";"0";"1";"1";"1";"0"
"27023";"86822301";"27023";"17";"1";"1";"7";"2";"0";"1";"1";"1";"0"
"27041";"86822502";"27041";"17";"1";"1";"7";"2";"0";"1";"1";"1";"0"
"27045";"86822502";"27045";"17";"3";"1";"7";"2";"0";"1";"1";"1";"0"
"27050";"86823104";"27050";"17";"1";"1";"7";"2";"0";"1";"1";"1";"0"
"27063";"86823104";"27063";"17";"3";"6";"7";"1";"0";"1";"1";"1";"0"
"27066";"86823108";"27066";"17";"2";"1";"7";"1";"0";"1";"1";"1";"0"
"27077";"86823301";"27077";"17";"1";"1";"7";"2";"0";"1";"1";"1";"0"
"27087";"86823301";"27087";"17";"3";"2";"2";"2";"0";"2";"1";"1";"0"
"27091";"86823301";"27091";"17";"3";"3";"1";"2";"1";"0";"1";"2";"0"
"27094";"86823301";"27094";"17";"1";"1";"7";"2";"0";"1";"1";"1";"0"
"27095";"86823301";"27095";"17";"1";"1";"7";"2";"0";"1";"4";"1";"0"
"27099";"86823304";"27099";"17";"1";"1";"7";"2";"0";"1";"1";"1";"0"
"27100";"86823304";"27100";"17";"1";"1";"1";"2";"0";"1";"1";"1";"0"
"27103";"86823304";"27103";"17";"1";"1";"7";"2";"0";"1";"1";"1";"0"
"27107";"86823305";"27107";"17";"1";"1";"7";"2";"0";"1";"1";"1";"0"
"27109";"86823305";"27109";"17";"1";"3";"1";"2";"0";"1";"2";"1";"0"
"27110";"86823305";"27110";"17";"3";"6";"1";"2";"1";"0";"1";"2";"0"
"27112";"86823305";"27112";"17";"1";"1";"1";"1";"0";"1";"1";"1";"0"
"27113";"86823305";"27113";"17";"1";"1";"7";"2";"0";"1";"1";"1";"0"
"27116";"86823307";"27116";"17";"1";"1";"7";"1";"0";"1";"1";"1";"0"
"27123";"86823307";"27123";"17";"1";"1";"7";"2";"0";"1";"1";"1";"0"
"27128";"86823307";"27128";"17";"1";"1";"7";"2";"0";"1";"1";"1";"0"
"27133";"86823307";"27133";"17";"1";"1";"7";"2";"0";"1";"1";"1";"0"
"27135";"86823307";"27135";"17";"1";"1";"7";"2";"0";"1";"1";"1";"0"
"27144";"86823406";"27144";"17";"2";"1";"7";"1";"0";"1";"1";"1";"0"
"27146";"86823406";"27146";"17";"1";"1";"7";"2";"0";"1";"1";"1";"0"
"27147";"86823406";"27147";"17";"3";"1";"7";"2";"1";"0";"1";"2";"0"
"27150";"86823406";"27150";"17";"3";"1";"7";"2";"0";"1";"1";"1";"0"
"27155";"86823406";"21634";"17";"1";"1";"1";"2";"0";"1";"1";"1";"0"
"27186";"86823503";"27186";"17";"3";"1";"7";"2";"0";"1";"1";"1";"0"
"27188";"86823503";"27188";"17";"1";"1";"7";"2";"0";"1";"2";"1";"0"
"27211";"86824204";"27211";"17";"1";"1";"7";"2";"0";"1";"1";"1";"0"
"27212";"86824204";"27212";"17";"3";"7";"2";"2";"0";"2";"1";"1";"0"
"27213";"86824204";"27213";"17";"3";"3";"2";"2";"1";"0";"1";"2";"0"
"27226";"86824206";"27226";"17";"1";"2";"1";"1";"0";"1";"1";"1";"0"
"27245";"86824404";"27245";"17";"1";"3";"2";"2";"0";"1";"1";"1";"0"
"27247";"86824404";"27247";"17";"1";"3";"2";"2";"0";"1";"1";"1";"0"
"27249";"86824404";"27249";"17";"1";"1";"7";"2";"0";"1";"1";"1";"0"
"27253";"86824404";"27253";"17";"1";"1";"7";"2";"0";"1";"1";"1";"0"
"27258";"86824404";"27258";"17";"1";"1";"7";"2";"0";"2";"1";"1";"0"
"27262";"86824404";"27262";"17";"1";"1";"7";"2";"1";"0";"1";"2";"0"
"27263";"86824404";"27263";"17";"3";"1";"7";"2";"0";"1";"0";"1";"0"
"27273";"86824407";"27273";"17";"1";"1";"7";"2";"0";"1";"1";"1";"0"
"27281";"86824407";"27281";"17";"1";"3";"2";"2";"0";"1";"1";"1";"0"
"27282";"86824407";"27282";"17";"1";"1";"7";"1";"0";"1";"1";"1";"0"
"27286";"86824502";"27286";"17";"1";"1";"7";"2";"0";"2";"0";"1";"0"
"27288";"86824502";"27288";"17";"1";"1";"7";"2";"0";"1";"1";"1";"0"
"27289";"86824502";"27289";"17";"1";"1";"7";"2";"0";"1";"1";"1";"0"
"27290";"86824502";"27290";"17";"1";"1";"7";"2";"0";"1";"1";"1";"0"
"27291";"86824502";"27291";"17";"3";"1";"7";"1";"0";"1";"1";"1";"0"
"27294";"86824502";"27294";"17";"3";"1";"7";"2";"0";"1";"0";"1";"0"
"27297";"86824502";"27297";"17";"1";"1";"7";"2";"0";"1";"1";"1";"0"
"27298";"86824502";"27298";"17";"2";"1";"7";"2";"0";"1";"1";"1";"0"
"27299";"86824502";"27299";"17";"1";"1";"7";"2";"0";"1";"1";"1";"0"
"27303";"86824505";"5585";"17";"3";"3";"2";"2";"0";"1";"1";"1";"0"
"27306";"86824505";"27306";"17";"1";"1";"7";"2";"0";"1";"1";"1";"0"
"27317";"86825102";"27317";"17";"3";"1";"7";"2";"0";"1";"1";"1";"0"
"27321";"86825102";"27321";"17";"1";"1";"7";"1";"0";"1";"1";"1";"0"
"27369";"86825503";"27369";"17";"1";"1";"7";"2";"0";"1";"1";"1";"0"
"27372";"86825506";"27372";"17";"3";"1";"7";"1";"0";"1";"1";"1";"0"
"27375";"86825506";"27375";"17";"1";"1";"7";"1";"0";"1";"1";"1";"0"
"27384";"86826101";"27384";"17";"1";"1";"7";"2";"0";"1";"1";"1";"0"
"27388";"86826101";"27388";"17";"3";"3";"1";"2";"0";"1";"1";"1";"0"
"27389";"86826101";"27389";"17";"1";"3";"1";"2";"0";"1";"1";"1";"0"
"27390";"86826101";"27390";"17";"1";"3";"1";"2";"1";"0";"1";"2";"0"
"27399";"86826103";"27399";"17";"1";"1";"7";"2";"0";"1";"1";"1";"0"
"27426";"86826201";"27426";"17";"1";"1";"7";"1";"1";"0";"1";"2";"0"
"27428";"86826201";"27428";"17";"3";"1";"7";"2";"1";"0";"1";"2";"0"
"27432";"86826201";"27432";"17";"1";"1";"7";"1";"0";"1";"1";"1";"0"
"27435";"86826201";"27435";"17";"3";"3";"1";"2";"0";"1";"0";"1";"0"
"27438";"86826201";"27438";"17";"1";"1";"7";"2";"0";"1";"1";"1";"0"
"27440";"86826201";"27440";"17";"1";"1";"7";"1";"0";"1";"1";"1";"0"
"27456";"86827210";"27456";"17";"1";"1";"7";"2";"1";"0";"1";"2";"0"
"27478";"86827404";"27478";"17";"2";"1";"2";"2";"0";"1";"1";"1";"0"
"27479";"86827406";"27479";"17";"3";"1";"7";"2";"0";"1";"1";"1";"0"
"27481";"86827503";"27481";"17";"3";"1";"7";"2";"0";"2";"1";"1";"0"
"27500";"86831205";"27500";"17";"1";"1";"7";"1";"0";"1";"1";"1";"0"
"27516";"86831207";"27516";"17";"1";"1";"7";"1";"0";"1";"1";"1";"0"
"27544";"86831403";"27544";"17";"1";"1";"7";"1";"0";"1";"3";"1";"0"
"27548";"86831503";"27548";"17";"1";"1";"7";"2";"0";"2";"1";"1";"0"
"27557";"86831503";"27557";"17";"1";"1";"7";"1";"0";"1";"1";"1";"0"
"27594";"86832109";"27594";"17";"3";"1";"7";"2";"0";"1";"1";"1";"0"
"27598";"86832201";"27598";"17";"1";"1";"7";"2";"0";"2";"0";"1";"0"
"27599";"86832201";"27599";"17";"1";"1";"7";"2";"0";"1";"1";"1";"0"
"27605";"86832204";"27605";"17";"1";"1";"7";"2";"0";"1";"1";"1";"0"
"27607";"86832206";"27607";"17";"1";"3";"1";"2";"0";"1";"1";"1";"0"
"27615";"86832301";"27615";"17";"1";"1";"7";"1";"0";"1";"0";"1";"0"
"27626";"86832401";"27626";"17";"1";"1";"7";"1";"0";"1";"1";"1";"0"
"27627";"86832401";"27627";"17";"1";"1";"7";"1";"0";"1";"1";"1";"0"
"27629";"86832401";"27629";"17";"1";"3";"1";"2";"0";"1";"1";"1";"0"
"27634";"86832405";"27634";"17";"2";"1";"7";"2";"0";"1";"1";"1";"0"
"27642";"86833101";"27642";"17";"2";"1";"7";"2";"0";"3";"1";"1";"0"
"27658";"86833103";"27658";"17";"1";"1";"7";"2";"0";"1";"1";"1";"0"
"27660";"86833103";"27660";"17";"3";"1";"7";"2";"0";"1";"1";"1";"0"
"27674";"86833103";"27674";"17";"1";"1";"7";"2";"0";"1";"0";"1";"0"
"27675";"86833103";"27675";"17";"1";"1";"7";"2";"0";"1";"1";"1";"0"
"27676";"86833103";"27676";"17";"1";"1";"7";"2";"0";"1";"1";"3";"0"
"27679";"86833203";"20589";"17";"1";"1";"7";"1";"0";"1";"1";"1";"0"
"27681";"86833206";"27681";"17";"1";"1";"1";"2";"0";"1";"1";"1";"0"
"27688";"86833306";"27688";"17";"1";"1";"7";"1";"0";"1";"1";"1";"0"
"27702";"86833402";"27702";"17";"1";"1";"7";"1";"0";"1";"0";"1";"0"
"27705";"86833407";"27705";"17";"1";"1";"7";"1";"0";"1";"1";"1";"0"
"27715";"86833503";"27715";"17";"1";"1";"7";"2";"0";"1";"1";"1";"0"
"27717";"86833503";"27717";"17";"1";"1";"7";"2";"0";"1";"1";"1";"0"
"27726";"86833503";"27726";"17";"1";"1";"7";"2";"0";"1";"1";"1";"0"
"27729";"86833503";"27729";"17";"3";"3";"1";"2";"0";"1";"1";"1";"0"
"27749";"86834103";"27749";"17";"1";"1";"7";"1";"0";"3";"1";"1";"0"
"27750";"86834103";"27750";"17";"3";"3";"1";"2";"0";"1";"1";"1";"0"
"27751";"86834103";"27751";"17";"1";"3";"1";"6";"0";"1";"1";"1";"0"
"27752";"86834103";"13404";"17";"1";"1";"7";"2";"0";"1";"1";"1";"0"
"27812";"86834301";"27812";"17";"1";"1";"7";"1";"0";"1";"1";"1";"0"
"27819";"86834302";"27819";"17";"1";"1";"1";"2";"0";"2";"1";"1";"0"
"27820";"86834302";"27820";"17";"1";"1";"7";"6";"0";"1";"1";"1";"0"
"27845";"86835101";"27845";"17";"1";"1";"7";"2";"0";"1";"1";"1";"0"
"27890";"86835502";"27890";"17";"3";"1";"7";"2";"1";"0";"0";"2";"0"
"27896";"86836201";"27896";"17";"3";"1";"7";"2";"0";"1";"0";"1";"0"
"27912";"86836204";"27912";"17";"3";"1";"7";"2";"0";"0";"1";"3";"0"
"27920";"86836502";"27920";"17";"1";"1";"7";"2";"0";"1";"1";"1";"0"
"27921";"86836502";"760";"17";"2";"1";"7";"2";"0";"1";"1";"1";"0"
"27929";"86837202";"19786";"17";"3";"1";"7";"2";"1";"0";"1";"2";"0"
"27933";"86837202";"27933";"17";"1";"1";"1";"2";"1";"1";"1";"3";"0"
"27943";"86841110";"27943";"17";"1";"1";"7";"1";"1";"0";"1";"2";"0"
"27944";"86841110";"27944";"17";"1";"1";"7";"2";"0";"1";"1";"1";"0"
"27959";"86841308";"27959";"17";"1";"1";"7";"2";"0";"1";"1";"1";"0"
"27966";"86841311";"27966";"17";"1";"1";"7";"2";"0";"1";"1";"1";"0"
"27987";"86842102";"14134";"17";"3";"1";"7";"2";"0";"1";"0";"1";"0"
"28073";"86844103";"28073";"17";"1";"1";"7";"1";"0";"1";"1";"1";"0"
"28127";"86844417";"28127";"17";"1";"1";"7";"2";"0";"1";"1";"1";"0"
"28131";"86845102";"28131";"17";"1";"1";"7";"2";"0";"2";"1";"1";"0"
"28154";"86845106";"19317";"17";"1";"1";"7";"2";"0";"1";"0";"1";"0"
"28169";"86846201";"28169";"17";"1";"3";"1";"2";"0";"1";"1";"1";"0"
"28184";"86847113";"28184";"17";"3";"1";"7";"2";"0";"2";"1";"1";"0"
"28188";"86847303";"17628";"17";"3";"3";"1";"2";"0";"2";"0";"1";"0"
"28211";"86851202";"28211";"17";"1";"1";"7";"2";"0";"2";"1";"1";"0"
"28230";"86851307";"28230";"17";"1";"1";"7";"2";"0";"1";"1";"1";"0"
"28231";"86851307";"28231";"17";"1";"1";"7";"2";"0";"1";"1";"1";"0"
"28259";"86855106";"28259";"17";"1";"1";"7";"2";"0";"1";"1";"1";"0"
"28372";"86862504";"28372";"17";"1";"1";"1";"2";"1";"2";"1";"2";"0"
"28376";"86863303";"28376";"17";"1";"1";"7";"2";"0";"1";"1";"1";"0"
"28407";"86864203";"28407";"17";"1";"1";"7";"2";"1";"0";"1";"2";"0"
"28415";"86865304";"28415";"17";"1";"1";"7";"2";"0";"1";"1";"1";"0"
"28420";"86871109";"28420";"17";"1";"1";"7";"2";"1";"0";"1";"2";"0"
"28421";"86871201";"28421";"17";"3";"1";"7";"2";"0";"1";"1";"1";"0"
"28422";"86871201";"28422";"17";"1";"1";"7";"2";"0";"1";"1";"1";"0"
"28423";"86871202";"28423";"17";"5";"3";"1";"2";"1";"0";"1";"2";"0"
"28425";"86871202";"28425";"17";"1";"1";"7";"2";"0";"1";"1";"1";"0"
"28426";"86871205";"28426";"17";"1";"1";"7";"1";"0";"1";"1";"1";"0"
"28427";"86871205";"28427";"17";"1";"1";"1";"2";"0";"1";"1";"1";"0"
"28431";"86871205";"2084";"17";"1";"1";"7";"1";"0";"1";"1";"1";"0"
"28433";"86871205";"28433";"17";"1";"1";"7";"2";"0";"1";"1";"1";"0"
"28435";"86871205";"28435";"17";"1";"1";"1";"1";"0";"1";"1";"1";"0"
"28452";"86871402";"28452";"17";"1";"3";"1";"1";"0";"1";"1";"1";"0"
"28459";"86872210";"28459";"17";"1";"1";"7";"1";"0";"1";"1";"1";"0"
"28464";"86872303";"28464";"17";"1";"1";"7";"2";"1";"0";"1";"2";"0"
"28475";"86872303";"28475";"17";"2";"1";"7";"2";"0";"1";"1";"1";"0"
"28476";"86872303";"28476";"17";"3";"3";"1";"2";"0";"1";"1";"1";"0"
"28529";"86875505";"28529";"17";"2";"4";"2";"1";"1";"0";"1";"2";"0"
"28534";"86875507";"28534";"17";"1";"1";"7";"2";"0";"1";"1";"1";"0"
"28573";"86883101";"28573";"17";"1";"1";"7";"1";"0";"1";"1";"1";"0"
"28585";"86883309";"28585";"17";"2";"1";"1";"1";"0";"1";"1";"1";"0"
"28600";"87791303";"28600";"17";"1";"1";"7";"1";"1";"0";"1";"2";"0"
"28609";"87792404";"28609";"17";"1";"3";"2";"2";"0";"1";"1";"1";"0"
"28610";"87792404";"28610";"17";"1";"1";"1";"2";"1";"0";"1";"2";"0"
"28640";"87794506";"28640";"17";"1";"1";"7";"2";"0";"1";"1";"1";"0"
"28670";"87801504";"28670";"17";"1";"1";"7";"2";"0";"2";"1";"1";"0"
"28674";"87802106";"28674";"17";"1";"1";"7";"1";"0";"1";"1";"1";"0"
"28683";"87802309";"28683";"17";"3";"1";"7";"2";"1";"0";"1";"2";"0"
"19176";"80915404";"19176";"17";"1";"1";"7";"2";"0";"1";"1";"1";"0"
"19180";"80917206";"19180";"17";"1";"1";"7";"1";"0";"1";"1";"1";"0"
"19187";"80917406";"19187";"17";"2";"1";"7";"2";"0";"1";"1";"1";"0"
"19197";"81704306";"9318";"17";"1";"1";"7";"2";"0";"1";"1";"1";"0"
"19240";"81721405";"19240";"17";"4";"3";"2";"2";"1";"0";"1";"2";"0"
"19258";"81723101";"17279";"17";"1";"1";"7";"2";"0";"1";"2";"1";"0"
"19267";"81724405";"19267";"17";"1";"2";"2";"1";"1";"0";"1";"2";"0"
"19314";"81741506";"19314";"17";"1";"1";"7";"2";"1";"0";"1";"2";"0"
"19316";"81741515";"19316";"17";"4";"3";"1";"2";"0";"1";"1";"1";"0"
"19317";"81741515";"19317";"17";"1";"1";"7";"2";"0";"1";"1";"1";"0"
"19319";"81741516";"19319";"17";"3";"1";"7";"2";"0";"1";"1";"1";"0"
"19339";"81751105";"19339";"17";"1";"3";"2";"2";"0";"1";"1";"1";"0"
"19340";"81751108";"19340";"17";"1";"1";"7";"1";"0";"1";"1";"1";"0"
"19374";"81754507";"19374";"17";"1";"1";"7";"2";"0";"1";"1";"1";"0"
"19421";"81757201";"19421";"17";"1";"3";"2";"2";"0";"1";"1";"1";"0"
"19531";"81763406";"19531";"17";"3";"1";"7";"2";"0";"1";"1";"1";"0"
"19532";"81763406";"19532";"17";"2";"1";"7";"2";"0";"1";"1";"1";"0"
"19540";"81764203";"16892";"17";"1";"1";"1";"2";"0";"1";"1";"1";"0"
"19558";"81764401";"19558";"17";"1";"1";"7";"2";"0";"1";"1";"1";"0"
"19585";"81765206";"19585";"17";"1";"1";"7";"2";"0";"1";"1";"1";"0"
"19586";"81765206";"19586";"17";"1";"1";"7";"2";"0";"1";"1";"1";"0"
"19588";"81765304";"19588";"17";"3";"2";"2";"2";"0";"2";"1";"1";"0"
"19590";"81765304";"19590";"17";"1";"1";"7";"2";"0";"1";"1";"1";"0"
"19604";"81766202";"19604";"17";"3";"1";"7";"2";"0";"2";"1";"1";"0"
"19606";"81766202";"19606";"17";"5";"1";"7";"2";"1";"0";"1";"2";"0"
"19614";"81766204";"19614";"17";"1";"3";"2";"2";"1";"0";"1";"2";"0"
"19615";"81766204";"19615";"17";"1";"1";"7";"1";"0";"1";"1";"1";"0"
"19618";"81766204";"19618";"17";"1";"1";"7";"1";"2";"0";"1";"2";"0"
"19620";"81766204";"19620";"17";"1";"1";"1";"1";"0";"1";"1";"1";"0"
"19630";"81766302";"19630";"17";"1";"1";"7";"2";"0";"1";"1";"1";"0"
"19633";"81766303";"19633";"17";"1";"1";"7";"2";"0";"1";"1";"1";"0"
"19634";"81766303";"19624";"17";"1";"1";"7";"1";"0";"0";"1";"3";"0"
"19636";"81766303";"19636";"17";"1";"1";"7";"2";"0";"0";"1";"3";"0"
"19644";"81766406";"19644";"17";"1";"3";"2";"1";"0";"1";"1";"1";"0"
"19649";"81767101";"19649";"17";"1";"1";"7";"1";"0";"1";"1";"1";"0"
"19652";"81767102";"19652";"17";"3";"1";"7";"2";"0";"1";"1";"1";"0"
"19653";"81767102";"19653";"17";"1";"1";"7";"2";"0";"1";"1";"1";"0"
"19655";"81767102";"1078";"17";"3";"1";"7";"1";"0";"1";"1";"1";"0"
"19669";"81767301";"19669";"17";"1";"3";"1";"2";"0";"1";"0";"3";"0"
"19673";"81767305";"19673";"17";"2";"1";"7";"2";"1";"0";"1";"2";"0"
"19674";"81767305";"19674";"17";"3";"1";"7";"2";"0";"1";"1";"1";"0"
"19691";"81772304";"19691";"17";"1";"3";"2";"1";"0";"1";"1";"1";"0"
"19694";"81772402";"19694";"17";"1";"1";"2";"2";"0";"1";"1";"1";"0"
"19715";"81773203";"19715";"17";"1";"1";"7";"2";"0";"1";"1";"1";"0"
"19718";"81773204";"19718";"17";"1";"1";"2";"2";"1";"1";"0";"2";"0"
"19719";"81774104";"19719";"17";"1";"1";"7";"2";"0";"2";"1";"1";"0"
"19728";"81774202";"17873";"17";"1";"1";"7";"1";"0";"1";"1";"1";"0"
"19741";"81774505";"19741";"17";"1";"1";"7";"2";"0";"1";"1";"1";"0"
"19748";"81776203";"19748";"17";"1";"3";"2";"2";"0";"1";"1";"1";"0"
"19763";"81781101";"19763";"17";"1";"1";"7";"1";"0";"1";"1";"1";"0"
"19775";"81781302";"19775";"17";"1";"3";"2";"2";"1";"0";"1";"2";"0"
"19779";"81781303";"19779";"17";"1";"1";"7";"2";"0";"1";"1";"1";"0"
"19799";"81783212";"19799";"17";"3";"1";"7";"2";"0";"1";"1";"1";"0"
"19802";"81784103";"19802";"17";"3";"1";"7";"2";"1";"0";"1";"2";"0"
"19811";"81784513";"19811";"17";"3";"1";"7";"2";"0";"1";"1";"1";"0"
"19880";"81793407";"19880";"17";"3";"4";"3";"2";"0";"1";"1";"1";"0"
"19911";"81794504";"19911";"17";"1";"1";"7";"2";"1";"0";"1";"2";"0"
"19951";"81797303";"19951";"17";"1";"3";"1";"2";"0";"1";"1";"1";"0"
"19970";"81803104";"19970";"17";"1";"1";"7";"1";"0";"1";"1";"1";"0"
"19979";"81805309";"19979";"17";"2";"1";"7";"2";"0";"1";"1";"1";"0"
"19980";"81805311";"19980";"17";"1";"1";"7";"2";"1";"0";"1";"2";"0"
"19983";"81806405";"19983";"17";"3";"3";"1";"2";"0";"1";"1";"1";"0"
"19986";"81806405";"19986";"17";"1";"1";"7";"2";"0";"1";"1";"1";"0"
"20002";"81807405";"20002";"17";"1";"1";"7";"1";"1";"0";"1";"2";"0"