"accident_id";"lieu_id";"date_id";"cause_id";"lum_id";"intemp_id";"etat_surface_id";"impliq_id";"nb_blesses_graves";"nb_blesses_legers";"nb_indemnes";"gravite";"nb_morts"
"20011";"81812301";"20011";"17";"1";"1";"7";"2";"0";"1";"1";"1";"0"
"20059";"81836405";"20059";"17";"1";"1";"7";"1";"0";"3";"1";"1";"0"
"20068";"81837503";"20068";"17";"1";"1";"7";"1";"1";"0";"1";"2";"0"
"20105";"81881110";"20105";"17";"1";"1";"7";"2";"0";"1";"1";"1";"0"
"20197";"82713203";"20197";"17";"1";"3";"1";"1";"1";"0";"1";"2";"0"
"20250";"82743422";"20250";"17";"3";"1";"7";"2";"0";"1";"1";"1";"0"
"20251";"82743422";"20251";"17";"1";"1";"7";"2";"0";"1";"1";"1";"0"
"20278";"82751203";"20278";"17";"1";"1";"7";"1";"0";"1";"1";"1";"0"
"20282";"82751209";"20282";"17";"1";"1";"7";"2";"0";"1";"1";"1";"0"
"20295";"82751504";"20295";"17";"1";"1";"7";"1";"0";"1";"1";"1";"0"
"20296";"82751504";"20296";"17";"1";"1";"7";"2";"0";"1";"1";"1";"0"
"20305";"82752502";"20305";"17";"1";"2";"2";"2";"0";"1";"1";"1";"0"
"20306";"82752502";"20306";"17";"1";"1";"7";"2";"0";"1";"1";"1";"0"
"20310";"82752502";"20310";"17";"3";"1";"7";"2";"0";"1";"1";"1";"0"
"20322";"82753503";"20322";"17";"2";"2";"2";"2";"0";"1";"1";"1";"0"
"20327";"82754402";"20327";"17";"1";"1";"7";"1";"0";"1";"1";"1";"0"
"20332";"82755312";"20332";"17";"1";"1";"7";"2";"0";"1";"1";"1";"0"
"20360";"82756304";"20360";"17";"1";"1";"7";"2";"1";"0";"1";"2";"0"
"20362";"82756306";"20362";"17";"1";"1";"7";"2";"0";"1";"0";"1";"0"
"20364";"82756308";"20364";"17";"1";"1";"7";"2";"0";"1";"1";"1";"0"
"20367";"82756320";"20367";"17";"3";"1";"7";"2";"0";"1";"1";"1";"0"
"20383";"82757302";"20383";"17";"1";"1";"7";"2";"0";"1";"1";"1";"0"
"20385";"82757306";"20385";"17";"1";"1";"7";"2";"0";"1";"1";"1";"0"
"20388";"82757402";"20388";"17";"1";"1";"7";"2";"1";"0";"1";"2";"0"
"20393";"82761101";"20393";"17";"2";"1";"7";"2";"0";"1";"1";"1";"0"
"20396";"82761101";"20396";"17";"2";"1";"7";"2";"0";"1";"1";"1";"0"
"20426";"82762303";"20426";"17";"1";"1";"7";"2";"0";"1";"1";"1";"0"
"20438";"82763312";"20438";"17";"2";"3";"2";"2";"0";"1";"1";"1";"0"
"20443";"82763313";"20443";"17";"1";"1";"7";"2";"0";"1";"1";"1";"0"
"20444";"82763313";"20444";"17";"2";"1";"7";"2";"1";"0";"1";"2";"0"
"20447";"82763314";"20447";"17";"1";"1";"7";"2";"1";"0";"1";"2";"0"
"20452";"82764304";"20452";"17";"1";"1";"1";"2";"0";"1";"1";"1";"0"
"20455";"82764304";"20455";"17";"1";"1";"7";"2";"1";"0";"1";"2";"0"
"20470";"82765304";"20470";"17";"1";"1";"7";"1";"0";"0";"1";"3";"0"
"20479";"82766301";"20479";"17";"1";"1";"7";"1";"0";"1";"1";"1";"0"
"20485";"82766301";"20485";"17";"1";"1";"7";"2";"0";"0";"1";"3";"0"
"20507";"82771303";"20507";"17";"1";"1";"2";"2";"1";"0";"1";"2";"0"
"20515";"82772408";"20515";"17";"1";"1";"7";"2";"0";"0";"1";"3";"0"
"20526";"82773402";"20526";"17";"1";"1";"7";"2";"1";"0";"1";"2";"0"
"20529";"82773404";"20529";"17";"2";"3";"1";"2";"0";"3";"1";"1";"0"
"20534";"82774401";"20534";"17";"1";"3";"2";"2";"0";"1";"1";"1";"0"
"20551";"82776401";"20551";"17";"3";"3";"1";"2";"0";"2";"1";"1";"0"
"20561";"82777101";"20561";"17";"3";"1";"4";"2";"1";"0";"1";"2";"0"
"20562";"82777101";"20562";"17";"1";"1";"7";"2";"0";"1";"1";"1";"0"
"20566";"82777202";"20566";"17";"2";"3";"2";"2";"0";"1";"1";"1";"0"
"20568";"82777202";"20568";"17";"1";"1";"7";"2";"1";"0";"1";"2";"0"
"20589";"82792104";"20589";"17";"1";"1";"7";"4";"0";"1";"2";"1";"0"
"20608";"82792504";"12208";"17";"1";"1";"7";"2";"0";"1";"1";"1";"0"
"20629";"82793203";"20629";"17";"1";"3";"1";"2";"1";"0";"1";"2";"0"
"20638";"82795503";"20638";"17";"1";"1";"7";"4";"0";"1";"1";"1";"0"
"20691";"82801407";"20691";"17";"1";"1";"7";"2";"0";"1";"1";"1";"0"
"20710";"82803101";"20710";"17";"1";"1";"7";"2";"0";"1";"1";"3";"0"
"20736";"82804402";"20736";"17";"3";"3";"2";"2";"0";"1";"1";"1";"0"
"20766";"82812403";"20766";"17";"1";"1";"7";"3";"0";"1";"1";"1";"0"
"20767";"82812403";"20767";"17";"1";"1";"7";"3";"0";"1";"1";"1";"0"
"20768";"82812403";"20768";"17";"1";"1";"7";"3";"0";"1";"1";"1";"0"
"20812";"82826304";"20812";"17";"1";"1";"7";"2";"0";"1";"1";"1";"0"
"20821";"82841104";"4910";"17";"1";"1";"7";"2";"0";"1";"1";"1";"0"
"20859";"82877502";"20859";"17";"1";"1";"7";"1";"0";"1";"1";"1";"0"
"20869";"82887105";"20869";"17";"1";"3";"2";"2";"0";"1";"1";"1";"0"
"20914";"82935102";"20914";"17";"1";"1";"7";"1";"0";"1";"1";"1";"0"
"20976";"83745306";"20976";"17";"5";"3";"2";"2";"0";"1";"1";"1";"0"
"21000";"83747312";"6868";"17";"2";"1";"7";"1";"0";"0";"1";"3";"0"
"21020";"83747507";"21020";"17";"1";"1";"7";"2";"1";"0";"1";"2";"0"
"21031";"83747521";"21031";"17";"1";"1";"7";"2";"0";"1";"1";"1";"0"
"21032";"83747521";"21032";"17";"3";"1";"7";"2";"0";"1";"1";"1";"0"
"21038";"83751403";"21038";"17";"1";"1";"7";"2";"1";"0";"1";"2";"0"
"21040";"83752205";"21040";"17";"1";"1";"7";"4";"0";"1";"1";"1";"0"
"21085";"83756414";"21085";"17";"2";"1";"7";"2";"0";"2";"1";"1";"0"
"21092";"83761402";"21092";"17";"1";"1";"7";"2";"0";"2";"0";"1";"0"
"21144";"83762412";"21144";"17";"1";"1";"7";"4";"0";"1";"1";"1";"0"
"21153";"83764503";"18499";"17";"3";"1";"7";"1";"0";"1";"1";"1";"0"
"21164";"83767305";"21164";"17";"1";"1";"7";"2";"0";"1";"0";"1";"0"
"21166";"83767402";"21166";"17";"1";"1";"7";"2";"1";"0";"1";"2";"0"
"21169";"83771307";"20976";"17";"3";"3";"2";"2";"0";"1";"1";"1";"0"
"21189";"83773301";"21189";"17";"1";"1";"7";"4";"0";"0";"1";"3";"0"
"21205";"83774101";"21205";"17";"1";"1";"7";"1";"0";"1";"1";"1";"0"
"21221";"83777502";"21221";"17";"1";"1";"7";"2";"0";"1";"1";"1";"0"
"21258";"83786504";"21258";"17";"1";"1";"7";"2";"0";"1";"1";"1";"0"
"21338";"83795404";"21338";"17";"3";"1";"7";"2";"0";"1";"1";"1";"0"
"21360";"83805205";"21360";"17";"1";"1";"7";"2";"0";"1";"1";"1";"0"
"21418";"83811503";"21418";"17";"3";"1";"7";"2";"0";"1";"0";"1";"0"
"21442";"83811509";"21442";"17";"1";"3";"1";"2";"0";"2";"1";"1";"0"
"21495";"83817307";"21495";"17";"1";"1";"7";"4";"0";"1";"1";"1";"0"
"21496";"83817307";"21496";"17";"3";"1";"7";"4";"0";"1";"1";"1";"0"
"21544";"83835303";"21544";"17";"3";"1";"7";"2";"1";"0";"1";"2";"0"
"21574";"83836403";"21574";"17";"1";"3";"1";"1";"0";"1";"1";"1";"0"
"21580";"83836503";"21580";"17";"1";"1";"7";"2";"0";"2";"1";"1";"0"
"21588";"83837408";"21588";"17";"1";"1";"7";"2";"0";"1";"1";"1";"0"
"21589";"83837408";"21589";"17";"1";"1";"2";"2";"1";"0";"1";"2";"0"
"21609";"83847202";"21609";"17";"1";"1";"7";"2";"1";"0";"1";"2";"0"
"21649";"83857304";"21649";"17";"1";"1";"7";"2";"1";"0";"2";"2";"0"
"21662";"83866307";"21662";"17";"2";"3";"2";"2";"0";"1";"1";"1";"0"
"21665";"83866307";"21665";"17";"1";"3";"2";"2";"1";"0";"1";"2";"0"
"21666";"83866307";"21666";"17";"1";"6";"2";"2";"1";"0";"1";"2";"0"
"21667";"83866307";"21667";"17";"1";"1";"7";"2";"0";"1";"1";"1";"0"
"21705";"83867502";"21705";"17";"1";"1";"1";"2";"0";"1";"1";"1";"0"
"21708";"83867502";"21708";"17";"1";"1";"7";"2";"1";"0";"1";"2";"0"
"21759";"83867509";"21759";"17";"1";"1";"7";"2";"0";"1";"1";"1";"0"
"21779";"83874503";"10937";"17";"1";"1";"7";"2";"0";"1";"1";"1";"0"
"21790";"83875205";"21790";"17";"2";"3";"1";"2";"0";"1";"1";"1";"0"
"21791";"83875205";"21791";"17";"1";"6";"7";"2";"0";"1";"1";"1";"0"
"21803";"83876108";"21803";"17";"1";"1";"7";"2";"0";"1";"1";"1";"0"
"21804";"83876108";"21804";"17";"1";"3";"1";"2";"0";"1";"1";"1";"0"
"21806";"83876108";"21806";"17";"1";"1";"7";"2";"0";"1";"1";"1";"0"
"21807";"83876108";"21807";"17";"1";"1";"7";"2";"0";"1";"1";"1";"0"
"21827";"83876311";"21827";"17";"1";"1";"7";"2";"0";"1";"1";"1";"0"
"21844";"83877204";"21844";"17";"1";"1";"1";"2";"0";"1";"1";"1";"0"
"21846";"83877204";"21846";"17";"1";"1";"1";"1";"0";"1";"1";"1";"0"
"21858";"83877403";"21858";"17";"1";"1";"7";"2";"0";"1";"1";"1";"0"
"21861";"83881102";"21861";"17";"3";"1";"7";"2";"0";"1";"1";"1";"0"
"21869";"83884410";"21869";"17";"3";"1";"1";"2";"0";"1";"1";"1";"0"
"21871";"83885103";"21871";"17";"1";"1";"1";"2";"0";"2";"1";"1";"0"
"21918";"83891405";"21918";"17";"1";"1";"7";"2";"1";"0";"1";"2";"0"
"21920";"83891406";"21920";"17";"1";"1";"7";"2";"1";"0";"1";"2";"0"
"21922";"83891406";"21922";"17";"1";"1";"7";"2";"1";"0";"1";"2";"0"
"21923";"83891406";"21923";"17";"1";"1";"1";"2";"0";"1";"1";"1";"0"
"21926";"83891407";"21926";"17";"1";"1";"7";"1";"0";"1";"1";"1";"0"
"21937";"83893501";"21937";"17";"1";"1";"7";"2";"0";"1";"1";"1";"0"
"21945";"83895203";"21945";"17";"1";"1";"1";"4";"0";"1";"1";"1";"0"
"21946";"83895203";"21946";"17";"1";"2";"2";"4";"1";"0";"1";"2";"0"
"21952";"83895204";"21952";"17";"1";"1";"7";"3";"0";"1";"1";"1";"0"
"21989";"83922105";"21989";"17";"1";"1";"7";"2";"0";"1";"1";"1";"0"
"21995";"83922301";"21995";"17";"1";"1";"7";"2";"0";"1";"1";"1";"0"
"22005";"83923402";"22005";"17";"1";"1";"7";"2";"1";"0";"1";"2";"0"
"22008";"83923403";"22008";"17";"3";"1";"7";"2";"0";"0";"1";"3";"0"
"22014";"83923503";"22014";"17";"3";"1";"7";"2";"1";"0";"1";"2";"0"
"22021";"83923506";"22021";"17";"1";"1";"7";"2";"1";"0";"1";"2";"0"
"22022";"83923506";"22022";"17";"1";"1";"7";"2";"0";"1";"1";"1";"0"
"22057";"83934104";"22057";"17";"3";"3";"1";"2";"1";"0";"1";"2";"0"
"22099";"84742309";"22099";"17";"1";"1";"7";"2";"0";"1";"1";"1";"0"
"22100";"84742309";"22100";"17";"1";"1";"7";"2";"0";"2";"1";"1";"0"
"22102";"84742311";"9078";"17";"3";"3";"1";"1";"0";"1";"1";"1";"0"
"22106";"84742505";"22106";"17";"1";"1";"7";"2";"1";"0";"1";"2";"0"
"22133";"84743401";"22133";"17";"2";"1";"1";"4";"0";"1";"1";"1";"0"
"22149";"84744315";"22149";"17";"1";"1";"7";"2";"0";"1";"1";"1";"0"
"22161";"84745411";"22161";"17";"3";"7";"7";"2";"1";"0";"1";"2";"0"
"22169";"84751108";"22169";"17";"3";"3";"1";"2";"0";"1";"1";"1";"0"
"22198";"84753301";"22198";"17";"1";"1";"7";"2";"0";"1";"1";"1";"0"
"22205";"84755307";"22205";"17";"1";"1";"2";"2";"0";"1";"1";"1";"0"
"22207";"84755307";"22207";"17";"1";"1";"7";"1";"0";"1";"1";"1";"0"
"22256";"84767111";"22256";"17";"1";"1";"7";"4";"1";"1";"1";"2";"0"
"22265";"84767404";"22265";"17";"1";"1";"7";"4";"0";"1";"1";"1";"0"
"22303";"84775505";"22303";"17";"1";"1";"7";"2";"0";"1";"1";"1";"0"
"22311";"84777103";"22311";"17";"1";"1";"7";"4";"1";"0";"1";"2";"0"
"22321";"84777212";"22321";"17";"1";"1";"7";"4";"0";"1";"1";"1";"0"
"22350";"84792105";"22350";"17";"1";"1";"7";"2";"0";"1";"1";"1";"0"
"22361";"84792205";"22361";"17";"1";"1";"7";"2";"1";"0";"1";"2";"0"
"22367";"84792501";"22367";"17";"1";"1";"7";"2";"1";"0";"1";"2";"0"
"22368";"84792502";"22368";"17";"1";"1";"7";"2";"0";"2";"0";"1";"0"
"22387";"84794503";"22387";"17";"1";"1";"7";"2";"1";"0";"1";"2";"0"
"22410";"84803505";"22410";"17";"1";"6";"1";"2";"0";"2";"1";"1";"0"
"22418";"84804504";"22418";"17";"1";"1";"7";"2";"0";"1";"1";"1";"0"
"22422";"84804505";"22422";"17";"3";"1";"7";"2";"0";"1";"2";"1";"0"
"22425";"84804507";"22425";"17";"1";"1";"7";"2";"0";"1";"1";"1";"0"
"22427";"84804507";"22427";"17";"1";"1";"7";"2";"1";"0";"1";"2";"0"
"22430";"84804507";"22430";"17";"3";"2";"1";"2";"0";"1";"1";"1";"0"
"22435";"84804507";"22435";"17";"1";"1";"7";"2";"0";"1";"1";"1";"0"
"22439";"84804507";"22439";"17";"1";"1";"1";"2";"0";"1";"1";"1";"0"
"22442";"84804513";"22442";"17";"1";"1";"7";"2";"0";"1";"1";"1";"0"
"22447";"84804513";"22447";"17";"1";"1";"7";"1";"0";"1";"1";"1";"0"
"22546";"84812106";"22546";"17";"2";"1";"7";"2";"0";"1";"1";"1";"0"
"22552";"84812202";"22552";"17";"1";"7";"7";"2";"0";"1";"1";"1";"0"
"22582";"84815112";"22582";"17";"1";"1";"7";"1";"0";"1";"1";"1";"0"
"22596";"84816202";"22596";"17";"1";"3";"1";"2";"0";"1";"1";"1";"0"
"22601";"84816211";"22601";"17";"3";"1";"7";"2";"1";"0";"1";"2";"0"
"22604";"84816309";"22604";"17";"1";"1";"7";"1";"0";"1";"2";"1";"0"
"22606";"84816309";"22606";"17";"1";"1";"7";"2";"0";"1";"1";"1";"0"
"22616";"84816403";"22616";"17";"1";"1";"7";"2";"0";"1";"1";"1";"0"
"22622";"84816509";"22622";"17";"1";"1";"7";"2";"1";"0";"1";"2";"0"
"22628";"84817309";"22628";"17";"1";"1";"1";"2";"0";"1";"1";"1";"0"
"22632";"84817315";"22632";"17";"1";"1";"7";"2";"0";"1";"1";"1";"0"
"22633";"84817315";"22633";"17";"1";"1";"7";"2";"0";"1";"1";"1";"0"
"22634";"84817315";"22634";"17";"1";"1";"7";"2";"0";"1";"1";"1";"0"
"22638";"84817512";"22638";"17";"1";"1";"7";"1";"0";"1";"1";"1";"0"
"22657";"84822211";"22657";"17";"3";"2";"2";"2";"0";"0";"1";"3";"0"
"22662";"84823207";"22662";"17";"1";"1";"7";"2";"0";"1";"1";"1";"0"
"22691";"84824305";"22691";"17";"1";"1";"7";"2";"0";"1";"1";"1";"0"
"22709";"84825402";"22709";"17";"2";"1";"7";"1";"0";"1";"1";"1";"0"
"22710";"84825402";"22710";"17";"3";"3";"1";"1";"0";"1";"1";"1";"0"
"22727";"84826109";"22727";"17";"1";"1";"7";"1";"0";"1";"1";"1";"0"
"22731";"84826501";"22731";"17";"1";"1";"7";"1";"0";"1";"1";"1";"0"
"22755";"84831405";"22755";"17";"3";"1";"7";"2";"1";"0";"1";"2";"0"
"22782";"84832302";"22782";"17";"1";"1";"7";"2";"0";"1";"1";"1";"0"
"22787";"84833203";"22787";"17";"3";"1";"7";"2";"1";"0";"1";"2";"0"
"22800";"84834202";"22800";"17";"1";"2";"1";"2";"0";"1";"1";"1";"0"
"22802";"84834202";"22802";"17";"1";"3";"1";"2";"0";"1";"1";"1";"0"
"22812";"84835201";"22812";"17";"3";"1";"7";"1";"0";"1";"1";"1";"0"
"22814";"84835203";"22814";"17";"2";"1";"7";"2";"0";"1";"1";"1";"0"
"22817";"84835203";"22817";"17";"1";"1";"7";"1";"0";"1";"2";"1";"0"
"22821";"84835205";"22821";"17";"1";"1";"7";"1";"1";"0";"1";"2";"0"
"22847";"84836202";"22847";"17";"2";"1";"7";"1";"0";"1";"1";"1";"0"
"22863";"84836303";"22863";"17";"3";"1";"7";"2";"1";"0";"1";"2";"0"
"22865";"84836303";"22865";"17";"1";"1";"7";"2";"0";"1";"1";"1";"0"
"22885";"84837104";"22885";"17";"1";"1";"7";"2";"0";"1";"1";"1";"0"
"22891";"84837202";"22891";"17";"1";"1";"1";"2";"0";"1";"1";"1";"0"
"22894";"84837413";"22894";"17";"1";"1";"7";"2";"0";"1";"1";"1";"0"
"22912";"84842105";"22912";"17";"1";"1";"7";"2";"0";"1";"1";"1";"0"
"22927";"84844102";"22927";"17";"1";"1";"7";"1";"1";"0";"1";"2";"0"
"22932";"84846101";"22932";"17";"1";"1";"7";"2";"0";"1";"1";"1";"0"
"22934";"84846102";"22934";"17";"1";"1";"7";"2";"1";"0";"1";"2";"0"
"22957";"84846502";"22957";"17";"1";"1";"7";"2";"1";"0";"1";"2";"0"
"23025";"84853502";"23025";"17";"1";"1";"7";"2";"0";"1";"1";"1";"0"
"23033";"84854106";"23033";"17";"1";"1";"7";"1";"0";"2";"1";"1";"0"
"23039";"84854402";"23039";"17";"1";"1";"1";"2";"0";"1";"1";"1";"0"
"23043";"84854403";"23043";"17";"3";"1";"1";"2";"0";"1";"1";"1";"0"
"23044";"84854403";"23044";"17";"1";"1";"7";"1";"0";"0";"1";"3";"0"
"23054";"84854405";"23054";"17";"3";"1";"7";"2";"0";"1";"1";"1";"0"
"23063";"84855401";"23063";"17";"3";"1";"7";"2";"1";"0";"1";"2";"0"
"23070";"84855403";"23070";"17";"2";"1";"7";"2";"1";"1";"1";"2";"0"
"23071";"84855403";"23071";"17";"2";"1";"7";"2";"0";"1";"1";"1";"0"
"23082";"84856404";"23082";"17";"1";"1";"7";"2";"1";"0";"1";"2";"0"
"23086";"84856501";"23086";"17";"1";"1";"7";"1";"0";"1";"1";"1";"0"
"23087";"84856501";"23087";"17";"1";"1";"7";"2";"0";"1";"1";"1";"0"
"23111";"84857404";"23111";"17";"1";"3";"2";"2";"1";"0";"1";"2";"0"
"23128";"84857501";"23128";"17";"3";"1";"7";"2";"0";"1";"1";"1";"0"
"23134";"84857507";"23134";"17";"1";"1";"7";"4";"0";"1";"1";"1";"0"
"23135";"84857507";"23135";"17";"1";"1";"7";"2";"0";"1";"1";"1";"0"
"23139";"84861104";"3464";"17";"1";"1";"1";"1";"0";"1";"1";"1";"0"
"23152";"84861501";"23152";"17";"1";"1";"7";"2";"1";"0";"1";"2";"0"
"23156";"84861501";"23156";"17";"2";"4";"4";"2";"0";"1";"1";"1";"0"
"23157";"84861501";"23157";"17";"1";"1";"7";"2";"0";"1";"1";"1";"0"
"23158";"84861501";"23158";"17";"1";"3";"1";"2";"1";"0";"1";"2";"0"
"23159";"84861501";"23159";"17";"1";"2";"1";"2";"0";"1";"1";"1";"0"
"23160";"84861501";"23160";"17";"1";"1";"1";"2";"1";"0";"1";"2";"0"
"23177";"84862101";"23177";"17";"1";"1";"7";"1";"0";"1";"1";"1";"0"
"23189";"84862102";"23189";"17";"1";"1";"7";"1";"0";"1";"1";"1";"0"
"23200";"84862206";"23200";"17";"3";"2";"1";"1";"1";"0";"1";"2";"0"
"23203";"84862403";"23203";"17";"1";"1";"7";"2";"1";"0";"1";"2";"0"
"23206";"84862405";"23206";"17";"1";"1";"2";"2";"0";"1";"1";"1";"0"
"23218";"84863206";"23218";"17";"1";"3";"2";"1";"0";"1";"1";"1";"0"
"23219";"84863206";"23219";"17";"3";"1";"1";"2";"0";"1";"1";"1";"0"
"23231";"84863303";"23231";"17";"1";"1";"7";"2";"0";"1";"1";"1";"0"
"23232";"84863303";"23232";"17";"1";"1";"7";"2";"0";"1";"1";"1";"0"
"23234";"84863303";"23234";"17";"1";"1";"7";"2";"0";"1";"1";"1";"0"
"23235";"84863303";"23235";"17";"1";"1";"7";"1";"1";"0";"1";"2";"0"
"23240";"84863401";"14726";"17";"1";"1";"7";"2";"0";"1";"1";"1";"0"
"23258";"84864305";"23258";"17";"3";"1";"2";"2";"0";"1";"1";"1";"0"
"23314";"84866203";"23314";"17";"1";"1";"7";"2";"0";"1";"1";"1";"0"
"23315";"84866203";"23315";"17";"2";"1";"7";"2";"1";"0";"1";"2";"0"
"23333";"84867107";"23333";"17";"1";"1";"7";"1";"0";"1";"1";"1";"0"
"23334";"84867201";"23334";"17";"1";"1";"7";"1";"0";"1";"1";"1";"0"
"23341";"84867206";"23341";"17";"1";"1";"7";"2";"0";"1";"1";"1";"0"
"23346";"84867306";"23346";"17";"1";"1";"7";"6";"0";"1";"1";"1";"0"
"23348";"84867306";"23348";"17";"1";"1";"7";"2";"0";"2";"0";"1";"0"
"23354";"84867308";"23354";"17";"1";"3";"1";"2";"1";"0";"1";"2";"0"
"23358";"84867318";"23358";"17";"1";"1";"7";"2";"0";"1";"1";"1";"0"
"23410";"84872205";"23410";"17";"1";"1";"7";"2";"0";"1";"1";"1";"0"
"23420";"84873103";"23420";"17";"4";"1";"7";"2";"0";"1";"1";"1";"0"
"23423";"84873103";"23423";"17";"1";"1";"7";"1";"1";"0";"1";"2";"0"
"23424";"84873103";"23424";"17";"1";"1";"1";"2";"0";"1";"1";"1";"0"
"23427";"84873103";"23427";"17";"1";"1";"7";"2";"0";"1";"1";"1";"0"
"23433";"84873303";"23433";"17";"1";"1";"7";"2";"0";"1";"1";"1";"0"
"23445";"84873303";"23445";"17";"1";"1";"7";"2";"0";"1";"1";"1";"0"
"23446";"84873303";"23446";"17";"1";"1";"7";"2";"0";"1";"1";"1";"0"
"23451";"84873303";"23451";"17";"2";"1";"1";"2";"1";"0";"1";"2";"0"
"23470";"84874402";"23470";"17";"1";"1";"7";"2";"1";"1";"1";"2";"0"
"23480";"84875103";"23480";"17";"1";"1";"7";"1";"0";"1";"1";"1";"0"
"23483";"84875204";"8598";"17";"1";"2";"2";"1";"0";"1";"1";"1";"0"
"23486";"84875209";"23486";"17";"1";"1";"7";"1";"1";"1";"1";"2";"0"
"23488";"84875210";"23488";"17";"1";"1";"7";"2";"0";"1";"1";"1";"0"
"23500";"84875501";"23500";"17";"1";"1";"7";"2";"0";"2";"1";"1";"0"
"23501";"84875501";"23501";"17";"1";"1";"7";"2";"0";"1";"1";"1";"0"
"23509";"84875502";"23509";"17";"3";"6";"1";"2";"0";"1";"1";"1";"0"
"23527";"84876506";"23527";"17";"1";"1";"7";"2";"0";"1";"1";"1";"0"
"23541";"84876507";"23541";"17";"1";"1";"1";"2";"0";"1";"1";"1";"0"
"23550";"84877208";"23550";"17";"1";"1";"7";"1";"0";"1";"1";"1";"0"
"23561";"84877213";"23561";"17";"1";"1";"7";"2";"0";"1";"1";"1";"0"
"23565";"84877301";"23565";"17";"1";"2";"1";"2";"0";"1";"1";"1";"0"
"23590";"84877506";"9101";"17";"1";"1";"7";"2";"0";"1";"1";"1";"0"
"23591";"84877506";"23591";"17";"5";"3";"1";"2";"0";"0";"1";"3";"0"
"23694";"84911401";"23694";"17";"5";"3";"1";"2";"1";"0";"1";"2";"0"
"23703";"85715307";"23703";"17";"1";"1";"7";"2";"1";"1";"1";"2";"0"
"23712";"85732506";"23712";"17";"1";"1";"7";"3";"0";"1";"1";"1";"0"
"23721";"85733510";"23721";"17";"1";"1";"1";"4";"0";"1";"1";"1";"0"
"23744";"85747401";"23744";"17";"1";"1";"7";"1";"0";"1";"1";"1";"0"
"23751";"85771308";"23751";"17";"3";"3";"2";"2";"1";"0";"1";"2";"0"
"23761";"85772405";"23761";"17";"5";"1";"1";"2";"0";"1";"1";"1";"0"
"23763";"85772405";"23763";"17";"1";"1";"7";"2";"0";"1";"1";"1";"0"
"23896";"85807502";"23896";"17";"3";"1";"7";"2";"1";"0";"1";"2";"0"
"23898";"85807502";"23898";"17";"3";"1";"7";"2";"0";"1";"1";"1";"0"
"23913";"85811405";"23913";"17";"3";"2";"2";"2";"0";"1";"1";"1";"0"
"23914";"85811405";"23914";"17";"1";"6";"1";"2";"1";"0";"1";"2";"0"
"23922";"85811509";"23922";"17";"1";"1";"7";"2";"0";"1";"1";"1";"0"
"23923";"85812203";"23923";"17";"3";"1";"7";"2";"0";"1";"1";"1";"0"
"9885";"72201";"9885";"17";"2";"1";"7";"4";"0";"1";"1";"1";"0"
"10031";"72477";"10031";"17";"1";"1";"7";"1";"0";"1";"1";"1";"0"
"10167";"72631";"10167";"17";"1";"1";"1";"2";"1";"1";"0";"2";"0"
"10195";"72644";"10195";"17";"3";"2";"1";"1";"0";"1";"1";"1";"0"
"11405";"80645";"11405";"17";"1";"1";"7";"6";"0";"1";"1";"1";"0"
"11838";"81983";"11838";"17";"1";"1";"7";"2";"0";"0";"1";"3";"0"
"12441";"67642304";"12441";"17";"1";"1";"7";"2";"1";"0";"4";"2";"0"
"12446";"67642401";"12446";"17";"1";"1";"7";"2";"1";"0";"1";"2";"0"
"12448";"67642403";"12448";"17";"1";"1";"7";"2";"1";"0";"1";"2";"0"
"12449";"67642403";"12449";"17";"3";"3";"1";"2";"0";"1";"2";"1";"0"
"12456";"67642513";"12456";"17";"1";"2";"1";"2";"1";"0";"1";"2";"0"
"12457";"67642513";"12457";"17";"3";"1";"1";"2";"1";"0";"1";"2";"0"
"12470";"67644507";"12470";"17";"3";"1";"7";"2";"1";"0";"1";"2";"0"
"12473";"67645503";"12473";"17";"1";"1";"7";"1";"1";"0";"1";"2";"0"
"12476";"67645503";"12476";"17";"1";"3";"2";"2";"0";"1";"1";"1";"0"
"12503";"68651502";"12503";"17";"1";"1";"7";"4";"1";"1";"0";"2";"0"
"12556";"69812106";"12556";"17";"3";"1";"7";"2";"1";"0";"1";"2";"0"
"12557";"69812106";"12557";"17";"1";"1";"2";"2";"1";"0";"1";"2";"0"
"12560";"69813207";"12560";"17";"1";"1";"7";"2";"0";"1";"1";"1";"0"
"12561";"69813207";"12561";"17";"1";"1";"7";"1";"1";"0";"1";"2";"0"
"12592";"70812508";"12592";"17";"1";"1";"7";"1";"0";"1";"1";"1";"0"
"12595";"70812510";"12595";"17";"1";"1";"7";"2";"0";"1";"1";"1";"0"
"12599";"70813404";"12599";"17";"3";"1";"1";"2";"0";"1";"1";"1";"0"
"12629";"70816303";"12629";"17";"3";"3";"2";"2";"0";"1";"1";"1";"0"
"12630";"70816303";"12630";"17";"3";"1";"7";"2";"1";"0";"1";"2";"0"
"12632";"70816303";"12632";"17";"3";"1";"7";"2";"0";"1";"1";"1";"0"