"accident_id";"lieu_id";"date_id";"cause_id";"lum_id";"intemp_id";"etat_surface_id";"impliq_id";"nb_blesses_graves";"nb_blesses_legers";"nb_indemnes";"gravite";"nb_morts"
"12633";"70816303";"12633";"17";"3";"1";"7";"2";"0";"1";"1";"1";"0"
"12637";"70816305";"12637";"17";"1";"3";"1";"2";"0";"1";"1";"1";"0"
"12648";"70817303";"12648";"17";"3";"1";"7";"2";"0";"1";"1";"1";"0"
"12649";"70817405";"12649";"17";"1";"1";"7";"2";"0";"1";"1";"1";"0"
"12650";"70817405";"12650";"17";"1";"1";"7";"1";"1";"0";"1";"2";"0"
"12657";"70817406";"12657";"17";"1";"1";"7";"2";"1";"0";"1";"2";"0"
"12660";"70817410";"12660";"17";"1";"1";"7";"2";"0";"1";"1";"1";"0"
"12686";"70825206";"12686";"17";"5";"3";"1";"2";"1";"0";"1";"2";"0"
"12688";"70825401";"12688";"17";"3";"3";"2";"2";"0";"1";"3";"1";"0"
"12695";"70825404";"12695";"17";"2";"1";"7";"2";"1";"0";"1";"2";"0"
"12705";"70826202";"12705";"17";"1";"1";"7";"1";"1";"0";"1";"2";"0"
"12719";"70826402";"12719";"17";"1";"1";"7";"2";"1";"0";"1";"2";"0"
"12721";"70826402";"12721";"17";"3";"3";"1";"2";"1";"0";"1";"2";"0"
"12723";"70826402";"12723";"17";"1";"1";"7";"2";"0";"1";"1";"1";"0"
"12738";"70827305";"12738";"17";"1";"1";"7";"2";"1";"0";"1";"2";"0"
"12741";"70827305";"12741";"17";"1";"1";"7";"2";"1";"0";"1";"2";"0"
"12761";"70827401";"12761";"17";"3";"1";"7";"2";"0";"1";"1";"1";"0"
"12762";"70827401";"12762";"17";"1";"1";"7";"2";"0";"0";"1";"3";"0"
"12765";"70827401";"12765";"17";"1";"1";"7";"2";"0";"1";"1";"1";"0"
"12795";"71806402";"12795";"17";"1";"1";"7";"4";"1";"0";"1";"2";"0"
"12798";"71806404";"12798";"17";"1";"1";"7";"4";"0";"1";"1";"1";"0"
"12800";"71806404";"12800";"17";"1";"3";"1";"2";"0";"1";"1";"1";"0"
"12801";"71806404";"12801";"17";"1";"1";"7";"4";"1";"0";"1";"2";"0"
"12810";"71811410";"12810";"17";"1";"3";"2";"2";"1";"0";"1";"2";"0"
"12817";"71811504";"12817";"17";"1";"1";"7";"2";"1";"0";"1";"2";"0"
"12826";"71812410";"12826";"17";"1";"1";"7";"2";"1";"0";"1";"2";"0"
"12827";"71812410";"12827";"17";"1";"3";"1";"2";"0";"1";"1";"1";"0"
"12829";"71812502";"12829";"17";"1";"1";"7";"2";"1";"0";"1";"2";"0"
"12837";"71813305";"12837";"17";"1";"1";"7";"4";"1";"1";"1";"2";"0"
"12840";"71813402";"12840";"17";"3";"1";"7";"2";"1";"0";"1";"2";"0"
"12860";"71814104";"12860";"17";"1";"1";"7";"2";"0";"1";"1";"1";"0"
"12863";"71814104";"12863";"17";"1";"1";"7";"2";"1";"0";"1";"2";"0"
"12865";"71814501";"12865";"17";"1";"1";"7";"2";"0";"1";"1";"1";"0"
"12866";"71814501";"6190";"17";"1";"1";"2";"1";"2";"0";"1";"2";"0"
"12867";"71814501";"12867";"17";"1";"1";"7";"1";"1";"0";"1";"2";"0"
"12876";"71814510";"12876";"17";"3";"1";"7";"2";"0";"1";"1";"1";"0"
"12877";"71814510";"12877";"17";"3";"3";"2";"2";"0";"2";"1";"1";"0"
"12878";"71814510";"12878";"17";"1";"1";"7";"2";"1";"0";"1";"2";"0"
"12890";"71821106";"12890";"17";"1";"1";"7";"2";"0";"2";"1";"1";"0"
"12891";"71821106";"12891";"17";"1";"1";"7";"2";"0";"1";"1";"1";"0"
"12894";"71821106";"12894";"17";"1";"1";"7";"2";"0";"1";"1";"1";"0"
"12898";"71821107";"12898";"17";"1";"3";"7";"2";"0";"1";"1";"1";"0"
"12900";"71821107";"12900";"17";"1";"1";"7";"2";"0";"1";"1";"1";"0"
"12901";"71821109";"12901";"17";"1";"1";"1";"2";"0";"0";"1";"3";"0"
"12903";"71821201";"12903";"17";"3";"1";"7";"2";"1";"0";"1";"2";"0"
"12905";"71821201";"12905";"17";"1";"1";"7";"1";"1";"0";"1";"2";"0"
"12906";"71821201";"12906";"17";"1";"3";"1";"2";"0";"1";"1";"1";"0"
"12913";"71821208";"12913";"17";"1";"1";"7";"2";"1";"1";"1";"2";"0"
"12915";"71821208";"12915";"17";"1";"6";"7";"2";"1";"0";"1";"2";"0"
"12925";"71822107";"12925";"17";"1";"1";"7";"1";"0";"1";"1";"1";"0"
"12927";"71822107";"12927";"17";"1";"1";"7";"2";"0";"1";"1";"1";"0"
"12928";"71822107";"12928";"17";"1";"1";"7";"2";"0";"1";"1";"1";"0"
"12929";"71822107";"12929";"17";"3";"1";"7";"2";"0";"1";"2";"1";"0"
"12938";"71823206";"12938";"17";"3";"1";"7";"1";"1";"0";"1";"2";"0"
"12944";"71823418";"12944";"17";"3";"1";"7";"2";"0";"0";"1";"3";"0"
"12946";"71823418";"12946";"17";"1";"1";"7";"2";"1";"0";"1";"2";"0"
"12947";"71823419";"12947";"17";"1";"1";"7";"2";"0";"1";"1";"1";"0"
"12948";"71823419";"12948";"17";"1";"1";"7";"2";"0";"1";"1";"1";"0"
"12956";"71824212";"12956";"17";"1";"1";"7";"2";"0";"1";"1";"1";"0"
"12957";"71824212";"12957";"17";"2";"2";"2";"2";"0";"1";"1";"1";"0"
"12958";"71824212";"12958";"17";"3";"1";"7";"2";"1";"0";"1";"2";"0"
"12967";"71824303";"12967";"17";"3";"2";"1";"2";"0";"1";"1";"3";"0"
"12978";"71825108";"12978";"17";"3";"1";"7";"2";"0";"1";"1";"1";"0"
"12983";"71825108";"12983";"17";"3";"2";"1";"2";"1";"0";"1";"2";"0"
"12989";"71826106";"12989";"17";"1";"1";"7";"2";"0";"2";"2";"1";"0"
"12991";"71826106";"12991";"17";"1";"1";"7";"2";"1";"0";"1";"2";"0"
"13022";"71833106";"13022";"17";"1";"6";"7";"2";"0";"1";"1";"1";"0"
"13027";"71833106";"13027";"17";"1";"1";"1";"2";"0";"1";"1";"1";"0"
"13038";"71842101";"13038";"17";"1";"1";"7";"1";"0";"1";"2";"1";"0"
"13046";"71842203";"13046";"17";"1";"1";"7";"2";"1";"0";"1";"2";"0"
"13050";"72681203";"13050";"17";"2";"1";"7";"1";"0";"1";"1";"1";"0"
"13055";"72683104";"13055";"17";"2";"1";"7";"2";"0";"1";"1";"1";"0"
"13071";"72802214";"13071";"17";"3";"1";"7";"2";"0";"1";"1";"1";"0"
"13085";"72822310";"13085";"17";"3";"2";"2";"2";"1";"0";"1";"2";"0"
"13095";"72823307";"13095";"17";"3";"1";"1";"2";"1";"0";"1";"2";"0"
"13102";"72823317";"13102";"17";"3";"3";"1";"2";"1";"1";"1";"2";"0"
"13114";"72835109";"13114";"17";"1";"1";"7";"1";"1";"0";"1";"2";"0"
"13115";"72836107";"13115";"17";"3";"2";"1";"1";"1";"0";"1";"2";"0"
"13116";"72836202";"13116";"17";"1";"1";"7";"2";"1";"0";"2";"2";"0"
"13117";"72836202";"11208";"17";"2";"3";"1";"2";"0";"2";"0";"1";"0"
"13120";"72836202";"13120";"17";"1";"1";"7";"1";"0";"1";"1";"1";"0"
"13149";"73791401";"13149";"17";"1";"1";"1";"4";"1";"0";"1";"2";"0"
"13155";"73794104";"13155";"17";"5";"1";"7";"2";"1";"0";"1";"2";"0"
"13176";"74691103";"13176";"17";"1";"1";"7";"1";"0";"1";"1";"1";"0"
"13178";"74692304";"13178";"17";"1";"1";"7";"2";"1";"0";"1";"2";"0"
"13179";"74692408";"13179";"17";"3";"3";"2";"2";"1";"0";"2";"2";"0"
"13181";"74694202";"13181";"17";"3";"1";"7";"1";"0";"1";"1";"1";"0"
"13242";"75711402";"13242";"17";"1";"1";"7";"2";"1";"0";"1";"2";"0"
"13253";"75733403";"13253";"17";"1";"3";"2";"2";"1";"0";"1";"2";"0"
"13254";"75733503";"13254";"17";"1";"1";"7";"2";"0";"0";"1";"3";"0"
"13264";"75736403";"13264";"17";"1";"1";"7";"2";"0";"1";"1";"1";"0"
"13277";"75737407";"13277";"17";"1";"1";"7";"2";"1";"0";"1";"2";"0"
"13284";"75743303";"13284";"17";"1";"1";"1";"2";"1";"0";"1";"2";"0"
"13286";"75743303";"13286";"17";"3";"2";"1";"2";"0";"1";"2";"1";"0"
"13292";"75747201";"13292";"17";"1";"1";"7";"1";"0";"1";"1";"1";"0"
"13325";"75776303";"13325";"17";"3";"3";"2";"2";"0";"1";"1";"1";"0"
"13329";"75776303";"13329";"17";"1";"1";"7";"2";"0";"1";"1";"1";"0"
"13331";"75776303";"1723";"17";"1";"1";"7";"2";"1";"0";"1";"2";"0"
"13381";"75796505";"13381";"17";"1";"1";"7";"2";"1";"0";"1";"2";"0"
"13409";"75805301";"13409";"17";"1";"1";"7";"2";"0";"1";"2";"1";"0"
"13410";"75806101";"13410";"17";"2";"3";"2";"2";"0";"1";"1";"1";"0"
"13411";"75806101";"13411";"17";"1";"1";"2";"2";"1";"0";"1";"2";"0"
"13422";"75807206";"13387";"17";"1";"1";"7";"1";"0";"1";"1";"1";"0"
"13448";"76724206";"13448";"17";"1";"1";"7";"2";"0";"1";"1";"1";"0"
"13464";"76731405";"13464";"17";"3";"1";"1";"2";"0";"1";"1";"1";"0"
"13477";"76732310";"13477";"17";"1";"1";"7";"2";"1";"0";"1";"2";"0"
"13479";"76732410";"13479";"17";"1";"1";"7";"2";"0";"1";"0";"1";"0"
"13494";"76733509";"13494";"17";"1";"1";"7";"1";"0";"1";"1";"1";"0"
"13525";"76737504";"13525";"17";"1";"1";"7";"2";"0";"1";"0";"1";"0"
"13527";"76737508";"13527";"17";"1";"1";"7";"2";"0";"1";"1";"1";"0"
"13546";"76753110";"13546";"17";"2";"1";"7";"2";"0";"1";"1";"1";"0"
"13550";"76753203";"13550";"17";"2";"2";"1";"2";"1";"0";"1";"2";"0"
"13551";"76753203";"13551";"17";"3";"3";"1";"2";"0";"1";"1";"1";"0"
"13591";"76771307";"13591";"17";"3";"1";"2";"1";"0";"1";"1";"1";"0"
"13615";"76773407";"13615";"17";"1";"1";"7";"2";"0";"1";"1";"1";"0"
"13616";"76773407";"13616";"17";"2";"1";"2";"2";"0";"1";"1";"1";"0"
"13617";"76773408";"13617";"17";"3";"3";"2";"2";"0";"1";"1";"1";"0"
"13632";"76774405";"13632";"17";"1";"3";"2";"2";"0";"1";"1";"1";"0"
"13633";"76774405";"13633";"17";"3";"1";"7";"2";"0";"1";"1";"1";"0"
"13643";"76774405";"13643";"17";"2";"1";"7";"2";"0";"1";"1";"1";"0"
"13646";"76774409";"13646";"17";"1";"1";"7";"2";"0";"1";"1";"1";"0"
"13650";"76774511";"13650";"17";"1";"3";"2";"1";"0";"2";"1";"1";"0"
"13658";"76775404";"13658";"17";"1";"1";"7";"2";"1";"0";"1";"2";"0"
"13688";"76817304";"13688";"17";"2";"1";"7";"1";"1";"0";"0";"2";"0"
"13692";"76847502";"7630";"17";"1";"3";"1";"2";"0";"1";"1";"1";"0"
"13771";"77723107";"13771";"17";"1";"1";"7";"4";"0";"1";"1";"1";"0"
"13792";"77731503";"13792";"17";"1";"1";"7";"2";"0";"1";"1";"1";"0"
"13806";"77732501";"13806";"17";"1";"1";"7";"2";"0";"1";"1";"1";"0"
"13842";"77736402";"13842";"17";"3";"1";"7";"2";"0";"1";"1";"1";"0"
"13844";"77736407";"13844";"17";"1";"1";"7";"2";"0";"1";"1";"1";"0"
"13848";"77736407";"13848";"17";"1";"1";"7";"2";"1";"0";"1";"2";"0"
"13862";"77737301";"13862";"17";"1";"1";"7";"2";"0";"1";"1";"1";"0"
"13899";"77743102";"13899";"17";"3";"1";"7";"2";"1";"1";"1";"2";"0"
"13905";"77744102";"13905";"17";"1";"1";"7";"1";"0";"1";"1";"1";"0"
"13917";"77745103";"13917";"17";"1";"1";"2";"2";"0";"1";"1";"1";"0"
"13921";"77745103";"13921";"17";"1";"1";"7";"2";"1";"0";"1";"2";"0"
"13924";"77745106";"13924";"17";"4";"1";"2";"2";"1";"0";"1";"2";"0"
"13935";"77745204";"2934";"17";"1";"1";"7";"2";"0";"1";"1";"1";"0"
"13939";"77745204";"13939";"17";"1";"1";"7";"2";"0";"1";"0";"1";"0"
"13946";"77746209";"13946";"17";"3";"1";"7";"2";"0";"1";"1";"1";"0"
"13962";"77747205";"13962";"17";"1";"1";"7";"2";"0";"1";"1";"1";"0"
"13963";"77747205";"13963";"17";"2";"1";"7";"2";"0";"1";"1";"1";"0"
"13965";"77747205";"13965";"17";"1";"1";"7";"2";"0";"1";"1";"1";"0"
"13967";"77747205";"13967";"17";"1";"1";"7";"2";"0";"1";"1";"1";"0"
"13970";"77747409";"12829";"17";"1";"1";"7";"1";"0";"1";"0";"1";"0"
"13988";"77754508";"13988";"17";"1";"1";"7";"2";"0";"1";"0";"1";"0"
"13993";"77755501";"13993";"17";"1";"1";"7";"1";"0";"1";"1";"1";"0"
"14022";"77763102";"14022";"17";"1";"1";"7";"2";"0";"1";"1";"1";"0"
"14043";"77763214";"14043";"17";"1";"1";"7";"2";"0";"1";"1";"1";"0"
"14048";"77764102";"14048";"17";"1";"1";"7";"2";"0";"1";"1";"1";"0"
"14056";"77764103";"14056";"17";"1";"1";"7";"1";"0";"1";"1";"1";"0"
"14063";"77764310";"14063";"17";"1";"1";"7";"2";"0";"1";"1";"1";"0"
"14077";"77765508";"14077";"17";"1";"1";"7";"1";"0";"1";"1";"1";"0"
"14078";"77766101";"14078";"17";"1";"1";"7";"1";"0";"1";"1";"1";"0"
"14082";"77766309";"14082";"17";"1";"1";"7";"2";"0";"1";"1";"1";"0"
"14084";"77766404";"14084";"17";"1";"3";"2";"2";"0";"1";"1";"1";"0"
"14090";"77766504";"14090";"17";"1";"1";"7";"2";"1";"0";"1";"2";"0"
"14094";"77766505";"14094";"17";"2";"1";"7";"2";"1";"0";"1";"2";"0"
"14095";"77766505";"14095";"17";"3";"1";"2";"2";"1";"0";"1";"2";"0"
"14096";"77766509";"14096";"17";"3";"3";"2";"2";"0";"1";"1";"1";"0"
"14100";"77767205";"14100";"17";"2";"1";"7";"6";"1";"0";"1";"2";"0"
"14127";"77767505";"14127";"17";"1";"3";"2";"2";"0";"1";"1";"1";"0"
"14132";"77771402";"14132";"17";"2";"1";"7";"2";"0";"1";"1";"1";"0"
"14141";"77771406";"14141";"17";"2";"2";"1";"2";"1";"0";"2";"2";"0"
"14175";"77774405";"14175";"17";"1";"3";"2";"2";"0";"1";"1";"1";"0"
"14176";"77774504";"14176";"17";"1";"1";"7";"2";"0";"1";"1";"1";"0"
"14196";"77776101";"14196";"17";"1";"1";"7";"2";"1";"0";"1";"2";"0"
"14205";"77776305";"14205";"17";"1";"1";"7";"1";"0";"1";"1";"1";"0"
"14232";"77776310";"14232";"17";"1";"1";"7";"1";"0";"1";"1";"1";"0"
"14233";"77776310";"14233";"17";"2";"1";"7";"2";"1";"0";"1";"2";"0"
"14243";"77777203";"14243";"17";"3";"1";"7";"2";"0";"1";"1";"1";"0"
"14245";"77777203";"14245";"17";"1";"1";"7";"2";"0";"1";"1";"1";"0"
"14248";"77777204";"14248";"17";"1";"3";"2";"2";"0";"1";"1";"1";"0"
"14249";"77777204";"14249";"17";"1";"1";"7";"2";"0";"1";"1";"1";"0"
"14254";"77777204";"14254";"17";"2";"1";"7";"2";"0";"1";"1";"1";"0"
"14260";"77777206";"14260";"17";"1";"3";"2";"2";"0";"1";"1";"1";"0"
"14271";"77777406";"14271";"17";"1";"3";"1";"2";"0";"3";"0";"1";"0"
"14275";"77783109";"14275";"17";"1";"1";"7";"1";"0";"1";"1";"1";"0"
"14285";"77786301";"14285";"17";"1";"1";"7";"2";"1";"0";"1";"2";"0"
"14289";"77786301";"14289";"17";"1";"1";"7";"1";"0";"1";"1";"1";"0"
"14314";"77851101";"14314";"17";"1";"1";"7";"2";"0";"1";"1";"1";"0"
"14324";"77877401";"14324";"17";"1";"1";"7";"1";"1";"0";"1";"2";"0"
"14334";"77895510";"14334";"17";"1";"1";"7";"1";"0";"1";"1";"1";"0"
"14337";"77901408";"14337";"17";"1";"1";"7";"2";"0";"1";"1";"1";"0"
"14350";"77902509";"14350";"17";"1";"1";"7";"2";"0";"1";"1";"1";"0"
"14351";"77902509";"14351";"17";"1";"1";"7";"2";"1";"0";"1";"2";"0"
"14355";"77902509";"14355";"17";"1";"1";"7";"2";"0";"1";"1";"1";"0"
"14356";"77902509";"14356";"17";"3";"1";"7";"2";"1";"0";"1";"2";"0"
"14366";"77903306";"14366";"17";"1";"1";"7";"2";"0";"1";"1";"1";"0"
"14370";"77903306";"14370";"17";"1";"1";"7";"1";"0";"2";"1";"1";"0"
"14378";"77903504";"14378";"17";"3";"1";"7";"2";"1";"0";"1";"2";"0"
"14385";"77903508";"14385";"17";"1";"1";"7";"2";"0";"1";"1";"1";"0"
"14386";"77903508";"14386";"17";"1";"1";"7";"2";"0";"1";"1";"1";"0"
"14387";"77903508";"14387";"17";"3";"3";"1";"2";"0";"1";"1";"1";"0"
"14388";"77903513";"14388";"17";"1";"1";"7";"2";"0";"2";"1";"1";"0"
"14394";"77904408";"14394";"17";"1";"1";"7";"1";"0";"1";"1";"1";"0"
"14396";"77904408";"14396";"17";"3";"1";"7";"2";"1";"0";"1";"2";"0"
"28719";"87802507";"28719";"17";"2";"1";"7";"2";"0";"1";"1";"1";"0"
"28751";"87803502";"28751";"17";"1";"3";"2";"2";"0";"1";"1";"1";"0"
"28756";"87803502";"28756";"17";"5";"1";"7";"2";"0";"1";"1";"1";"0"
"28767";"87804405";"28767";"17";"1";"1";"7";"2";"0";"2";"1";"1";"0"
"28768";"87804405";"28768";"17";"1";"1";"7";"2";"1";"0";"1";"2";"0"
"28769";"87804405";"28769";"17";"1";"1";"7";"2";"0";"1";"1";"1";"0"
"28772";"87804405";"28772";"17";"1";"1";"7";"1";"0";"1";"1";"1";"0"
"28780";"87805302";"28780";"17";"3";"3";"1";"2";"0";"1";"1";"1";"0"
"28781";"87805302";"28781";"17";"1";"1";"7";"1";"0";"1";"1";"1";"0"
"28786";"87805306";"28786";"17";"1";"3";"2";"2";"1";"0";"1";"2";"0"
"28791";"87805408";"28791";"17";"1";"1";"7";"1";"0";"1";"1";"1";"0"
"28796";"87806203";"28796";"17";"1";"1";"7";"2";"1";"0";"1";"2";"0"
"28797";"87806203";"28797";"17";"1";"1";"2";"2";"1";"0";"1";"2";"0"
"28799";"87806205";"28799";"17";"1";"1";"7";"2";"0";"1";"1";"1";"0"
"28804";"87806205";"28804";"17";"1";"1";"7";"2";"0";"1";"1";"1";"0"
"28816";"87807107";"27617";"17";"2";"3";"2";"1";"0";"1";"2";"1";"0"
"28829";"87807401";"26488";"17";"3";"3";"1";"1";"0";"1";"1";"1";"0"
"28834";"87811102";"28834";"17";"3";"1";"7";"2";"0";"1";"1";"1";"0"
"28859";"87811202";"28859";"17";"1";"1";"7";"2";"0";"1";"1";"1";"0"
"28897";"87811202";"28897";"17";"1";"1";"4";"2";"0";"1";"1";"1";"0"
"28910";"87811405";"28910";"17";"1";"1";"7";"1";"0";"1";"1";"1";"0"
"28932";"87811501";"28164";"17";"1";"1";"7";"2";"1";"0";"1";"2";"0"
"28937";"87811501";"7785";"17";"1";"2";"1";"2";"0";"1";"1";"1";"0"
"28948";"87812102";"28948";"17";"4";"1";"7";"2";"1";"0";"1";"2";"0"
"28950";"87812102";"28950";"17";"3";"1";"7";"2";"1";"0";"1";"2";"0"
"28951";"87812102";"28951";"17";"1";"1";"7";"2";"0";"1";"1";"1";"0"
"28955";"87812201";"28955";"17";"3";"1";"7";"2";"0";"1";"1";"1";"0"
"28960";"87812304";"19216";"17";"1";"3";"1";"2";"1";"0";"1";"2";"0"
"28977";"87813102";"28977";"17";"1";"1";"7";"1";"0";"1";"1";"1";"0"
"28982";"87813102";"28982";"17";"1";"1";"7";"2";"0";"1";"1";"1";"0"
"29078";"87815109";"29078";"17";"2";"1";"7";"2";"0";"1";"1";"1";"0"
"29092";"87821105";"29092";"17";"2";"1";"7";"2";"0";"1";"1";"1";"0"
"29097";"87821202";"29097";"17";"3";"1";"7";"2";"0";"1";"1";"1";"0"
"29109";"87821303";"29109";"17";"1";"1";"7";"1";"0";"1";"2";"1";"0"
"29129";"87821501";"29129";"17";"2";"1";"7";"2";"1";"1";"0";"2";"0"
"29132";"87821501";"29132";"17";"1";"1";"7";"2";"0";"1";"1";"1";"0"
"29137";"87821501";"29137";"17";"3";"1";"1";"2";"0";"1";"1";"1";"0"
"29138";"87821501";"29138";"17";"1";"1";"7";"2";"0";"1";"1";"1";"0"
"29142";"87821502";"29142";"17";"1";"3";"2";"1";"0";"1";"1";"1";"0"
"29146";"87821502";"29146";"17";"3";"3";"1";"2";"0";"1";"1";"1";"0"
"29189";"87822501";"29189";"17";"3";"1";"1";"2";"0";"1";"1";"1";"0"
"29198";"87822501";"29198";"17";"1";"1";"7";"4";"0";"1";"0";"1";"0"
"29268";"87827303";"29268";"17";"1";"1";"7";"1";"0";"1";"1";"1";"0"
"29277";"87832218";"29277";"17";"1";"1";"7";"2";"0";"1";"1";"1";"0"
"29288";"87833313";"29288";"17";"1";"1";"7";"2";"1";"0";"1";"2";"0"
"29289";"87833313";"29289";"17";"1";"1";"7";"1";"0";"1";"2";"1";"0"
"29304";"87834207";"29304";"17";"3";"3";"2";"2";"0";"1";"1";"1";"0"
"29305";"87834207";"29305";"17";"3";"1";"7";"1";"0";"1";"1";"1";"0"
"29306";"87834207";"29306";"17";"1";"1";"7";"1";"0";"1";"0";"1";"0"
"29317";"87834305";"28834";"17";"2";"1";"7";"2";"0";"1";"1";"1";"0"
"29323";"87834405";"29323";"17";"3";"1";"7";"2";"0";"1";"1";"1";"0"
"29328";"87834409";"29328";"17";"1";"1";"2";"2";"2";"0";"1";"2";"0"
"29350";"87835217";"12649";"17";"3";"3";"2";"2";"1";"0";"1";"2";"0"
"29356";"87836401";"29356";"17";"1";"1";"7";"2";"0";"1";"1";"1";"0"
"29360";"87836401";"29360";"17";"3";"1";"7";"2";"0";"1";"1";"1";"0"
"29370";"87836503";"29370";"17";"1";"1";"7";"2";"0";"1";"1";"1";"0"
"29371";"87836503";"29371";"17";"1";"1";"7";"2";"0";"1";"1";"1";"0"
"29372";"87836503";"29372";"17";"1";"1";"7";"2";"1";"0";"1";"2";"0"
"29399";"87841207";"29399";"17";"1";"1";"7";"1";"0";"1";"1";"1";"0"
"29421";"87842304";"29421";"17";"3";"2";"1";"2";"0";"1";"1";"1";"0"
"29426";"87843210";"29426";"17";"3";"1";"7";"2";"1";"1";"0";"2";"0"
"29457";"87846101";"29457";"17";"1";"3";"2";"2";"0";"1";"1";"1";"0"
"29484";"87847104";"29484";"17";"3";"3";"1";"2";"0";"2";"1";"1";"0"
"29497";"87847112";"29497";"17";"1";"1";"7";"2";"0";"1";"1";"1";"0"
"29501";"87847207";"29501";"17";"1";"3";"2";"2";"0";"1";"1";"1";"0"
"29505";"88736503";"29505";"17";"1";"1";"7";"1";"0";"1";"1";"1";"0"
"29512";"88784201";"29512";"17";"1";"1";"7";"1";"1";"0";"1";"2";"0"
"29526";"88791405";"29526";"17";"1";"1";"7";"2";"0";"1";"1";"1";"0"
"29529";"88792202";"29529";"17";"1";"1";"7";"4";"0";"1";"1";"1";"0"
"29531";"88793301";"29531";"17";"1";"1";"1";"2";"0";"1";"1";"1";"0"
"29533";"88795304";"29533";"17";"1";"1";"7";"2";"0";"1";"1";"1";"0"
"29544";"88801207";"29544";"17";"1";"1";"7";"1";"0";"1";"1";"1";"0"
"29545";"88801304";"29545";"17";"1";"3";"1";"1";"1";"0";"1";"2";"0"
"29547";"88801304";"29547";"17";"1";"1";"7";"2";"1";"0";"1";"2";"0"
"29556";"88801413";"29556";"17";"1";"1";"7";"2";"1";"0";"1";"2";"0"
"29567";"88802404";"29567";"17";"1";"1";"7";"1";"0";"1";"1";"1";"0"
"29575";"88804504";"29575";"17";"3";"1";"7";"2";"0";"1";"2";"1";"0"
"29612";"88831302";"29612";"17";"1";"1";"7";"3";"0";"1";"2";"1";"0"
"29656";"88841107";"29656";"17";"1";"1";"7";"2";"0";"1";"2";"1";"0"
"29687";"88843301";"29687";"17";"1";"1";"7";"2";"0";"1";"1";"1";"0"
"29690";"88843309";"29690";"17";"1";"1";"7";"1";"0";"1";"1";"1";"0"
"29691";"88843309";"29691";"17";"3";"1";"2";"1";"0";"1";"1";"1";"0"
"29692";"88843309";"29692";"17";"1";"1";"7";"2";"0";"1";"1";"1";"0"
"29694";"88843409";"29694";"17";"1";"1";"7";"2";"0";"1";"1";"1";"0"
"29695";"88843409";"29695";"17";"3";"3";"1";"2";"0";"1";"1";"1";"0"
"29700";"88844202";"29700";"17";"2";"1";"1";"2";"0";"1";"1";"1";"0"
"29725";"88845302";"29725";"17";"1";"1";"7";"2";"0";"1";"1";"1";"0"
"29727";"88845506";"29727";"17";"1";"2";"1";"2";"0";"1";"1";"1";"0"
"29756";"89812406";"29756";"17";"3";"2";"2";"2";"0";"1";"1";"1";"0"
"29762";"89813320";"29762";"17";"2";"7";"2";"2";"0";"1";"1";"1";"0"
"29766";"89814307";"29766";"17";"1";"1";"7";"2";"0";"1";"1";"1";"0"
"29776";"89816509";"19976";"17";"1";"1";"7";"2";"1";"0";"1";"2";"0"
"29777";"89816509";"29777";"17";"1";"1";"7";"2";"0";"1";"1";"1";"0"
"28733";"87803309";"28733";"18";"1";"1";"7";"4";"0";"1";"1";"1";"0"
"28735";"87803309";"28735";"18";"1";"1";"7";"6";"1";"0";"1";"2";"0"
"28783";"87805306";"28783";"18";"1";"1";"7";"4";"0";"1";"1";"1";"0"
"28843";"87811201";"28843";"18";"1";"1";"7";"4";"1";"0";"1";"2";"0"
"28923";"87811406";"28923";"18";"1";"1";"7";"4";"0";"1";"1";"1";"0"
"28947";"87812102";"28947";"18";"2";"1";"7";"4";"0";"1";"1";"1";"0"
"28952";"87812102";"28952";"18";"1";"3";"1";"4";"0";"1";"1";"1";"0"
"28958";"87812304";"28958";"18";"2";"1";"7";"4";"0";"1";"1";"1";"0"
"29017";"87813401";"29017";"18";"3";"1";"7";"6";"1";"0";"1";"2";"0"
"29040";"87813401";"29040";"18";"1";"1";"7";"5";"0";"2";"1";"1";"0"
"29090";"87817316";"29090";"18";"1";"1";"7";"6";"0";"1";"1";"1";"0"
"29136";"87821501";"29136";"18";"3";"1";"7";"6";"1";"0";"2";"3";"1"
"29160";"87822201";"29160";"18";"1";"1";"7";"6";"0";"1";"2";"1";"0"
"29162";"87822201";"29162";"18";"3";"1";"7";"4";"0";"2";"2";"1";"0"
"29164";"87822204";"29164";"18";"1";"1";"7";"6";"0";"1";"1";"1";"0"
"29173";"87822402";"29173";"18";"1";"3";"1";"5";"0";"1";"1";"1";"0"
"29238";"87826101";"29238";"18";"1";"1";"7";"7";"0";"2";"1";"1";"0"
"29394";"87837512";"29394";"18";"4";"1";"7";"4";"1";"1";"0";"2";"0"
"29407";"87841503";"18483";"18";"1";"1";"7";"6";"0";"2";"1";"1";"0"
"29436";"87844205";"29436";"18";"1";"3";"1";"4";"0";"1";"2";"1";"0"