"accident_id";"lieu_id";"date_id";"cause_id";"lum_id";"intemp_id";"etat_surface_id";"impliq_id";"nb_blesses_graves";"nb_blesses_legers";"nb_indemnes";"gravite";"nb_morts"
"29468";"87846206";"29468";"18";"3";"1";"7";"6";"0";"1";"1";"1";"0"
"29518";"88791402";"29518";"18";"1";"1";"7";"4";"0";"1";"1";"1";"0"
"29521";"88791402";"29521";"18";"2";"1";"7";"4";"0";"1";"1";"1";"0"
"29600";"88825102";"29600";"18";"1";"1";"7";"6";"1";"0";"1";"2";"0"
"29618";"88831509";"29618";"18";"3";"1";"7";"6";"0";"1";"1";"1";"0"
"29634";"88833403";"29634";"18";"1";"1";"7";"6";"0";"1";"1";"1";"0"
"29661";"88842103";"29661";"18";"1";"1";"7";"6";"0";"1";"1";"1";"0"
"29755";"89812309";"29755";"18";"1";"1";"7";"4";"0";"1";"2";"1";"0"
"14416";"77906404";"14416";"18";"1";"1";"7";"6";"0";"1";"1";"1";"0"
"14466";"78665505";"14466";"18";"1";"1";"7";"3";"1";"0";"1";"2";"0"
"14590";"78732401";"14590";"18";"1";"1";"7";"5";"0";"1";"1";"1";"0"
"14621";"78734408";"14621";"18";"1";"1";"7";"6";"0";"1";"1";"1";"0"
"14670";"78744101";"14670";"18";"1";"1";"7";"5";"0";"1";"1";"1";"0"
"14671";"78744101";"14671";"18";"1";"1";"7";"6";"0";"1";"1";"1";"0"
"14719";"78746306";"14719";"18";"1";"1";"7";"3";"0";"1";"1";"1";"0"
"14737";"78746416";"14737";"18";"3";"1";"7";"4";"0";"1";"1";"1";"0"
"14791";"78754201";"14791";"18";"1";"1";"7";"6";"0";"1";"4";"1";"0"
"14792";"78754201";"14792";"18";"1";"1";"7";"6";"0";"1";"1";"1";"0"
"14858";"78761303";"14858";"18";"1";"1";"7";"4";"0";"2";"0";"1";"0"
"15023";"78767402";"15023";"18";"1";"3";"1";"4";"1";"0";"1";"2";"0"
"15329";"78787410";"15329";"18";"1";"1";"1";"6";"0";"1";"1";"1";"0"
"15462";"79705305";"15462";"18";"3";"1";"7";"6";"0";"1";"1";"1";"0"
"15517";"79721103";"15517";"18";"1";"1";"7";"5";"0";"1";"1";"1";"0"
"15550";"79725405";"15550";"18";"1";"1";"1";"6";"1";"0";"1";"2";"0"
"15593";"79726407";"15593";"18";"1";"1";"7";"6";"0";"1";"2";"1";"0"
"15623";"79731409";"15623";"18";"2";"1";"7";"5";"0";"1";"3";"1";"0"
"15663";"79733203";"15663";"18";"3";"1";"7";"6";"0";"2";"1";"1";"0"
"15738";"79737101";"15738";"18";"3";"2";"2";"6";"1";"0";"1";"2";"0"
"15845";"79745402";"15845";"18";"1";"1";"7";"5";"0";"1";"1";"1";"0"
"15924";"79747403";"15924";"18";"3";"1";"7";"6";"0";"2";"1";"1";"0"
"15926";"79747403";"15926";"18";"5";"1";"7";"6";"0";"2";"1";"1";"0"
"15945";"79747502";"15945";"18";"2";"1";"2";"6";"0";"1";"1";"1";"0"
"15967";"79751303";"15967";"18";"1";"1";"7";"5";"1";"1";"1";"2";"0"
"16035";"79752301";"16035";"18";"1";"1";"7";"5";"1";"0";"1";"2";"0"
"16039";"79752301";"16039";"18";"3";"1";"7";"6";"0";"1";"2";"1";"0"
"16138";"79753105";"16138";"18";"1";"1";"2";"6";"0";"1";"1";"1";"0"
"16215";"79753502";"16215";"18";"1";"1";"7";"5";"0";"2";"0";"1";"0"
"16249";"79753504";"16249";"18";"1";"1";"7";"6";"0";"1";"1";"1";"0"
"16308";"79754508";"16308";"18";"1";"1";"7";"6";"0";"1";"2";"1";"0"
"16445";"79757505";"16445";"18";"1";"1";"7";"6";"0";"1";"1";"1";"0"
"16446";"79757505";"16446";"18";"3";"1";"7";"6";"0";"1";"1";"1";"0"
"16454";"79757508";"16454";"18";"1";"1";"7";"4";"0";"1";"1";"1";"0"
"16576";"79764301";"16576";"18";"1";"1";"7";"5";"0";"1";"1";"1";"0"
"16581";"79764301";"16581";"18";"2";"3";"2";"6";"0";"1";"1";"1";"0"
"16604";"79765101";"16604";"18";"1";"1";"7";"4";"1";"0";"1";"2";"0"
"16641";"79766201";"16641";"18";"3";"1";"7";"6";"0";"1";"1";"1";"0"
"16644";"79766201";"16644";"18";"1";"1";"7";"6";"0";"1";"1";"1";"0"
"16656";"79766201";"16656";"18";"1";"1";"7";"4";"0";"1";"2";"1";"0"
"16659";"79766201";"16659";"18";"1";"1";"7";"6";"0";"1";"1";"1";"0"
"16753";"79767301";"16753";"18";"2";"1";"7";"2";"0";"1";"2";"1";"0"
"16754";"79767301";"16754";"18";"1";"1";"7";"6";"0";"2";"1";"1";"0"
"16762";"79767301";"16762";"18";"1";"1";"1";"6";"0";"1";"2";"1";"0"
"16763";"79767301";"16763";"18";"1";"1";"7";"5";"0";"1";"1";"1";"0"
"16768";"79767301";"16768";"18";"1";"3";"2";"6";"1";"0";"1";"2";"0"
"16778";"79767301";"16778";"18";"3";"1";"7";"5";"0";"1";"1";"1";"0"
"16791";"79767301";"16791";"18";"1";"7";"1";"6";"0";"2";"1";"1";"0"
"16806";"79767301";"16806";"18";"1";"1";"7";"8";"1";"1";"2";"2";"0"
"16814";"79767301";"16814";"18";"1";"1";"7";"6";"0";"1";"2";"1";"0"
"16829";"79767303";"16829";"18";"1";"1";"7";"4";"0";"1";"1";"1";"0"
"16831";"79767303";"16831";"18";"1";"3";"2";"6";"0";"1";"1";"1";"0"
"16832";"79767303";"16832";"18";"1";"3";"2";"6";"0";"1";"1";"1";"0"
"16835";"79767303";"16835";"18";"1";"1";"7";"6";"1";"0";"1";"2";"0"
"16848";"79767304";"16848";"18";"1";"1";"7";"6";"0";"2";"1";"1";"0"
"16849";"79767304";"16849";"18";"1";"1";"7";"5";"0";"2";"1";"1";"0"
"16870";"79771405";"16870";"18";"1";"3";"2";"6";"0";"2";"1";"1";"0"
"16873";"79771405";"16873";"18";"1";"1";"7";"6";"0";"1";"1";"1";"0"
"16896";"79774403";"16896";"18";"3";"1";"7";"6";"0";"2";"1";"1";"0"
"16908";"79775303";"16908";"18";"1";"3";"2";"6";"0";"1";"1";"1";"0"
"16925";"79776103";"16925";"18";"1";"1";"7";"6";"1";"0";"2";"2";"0"
"17117";"79797307";"17117";"18";"1";"1";"7";"6";"0";"1";"1";"1";"0"
"17300";"80731210";"17300";"18";"1";"1";"7";"5";"0";"1";"1";"1";"0"
"17462";"80742107";"17462";"18";"1";"1";"7";"5";"0";"1";"1";"1";"0"
"17470";"80742107";"17470";"18";"1";"3";"2";"6";"0";"2";"1";"1";"0"
"17509";"80742307";"17509";"18";"1";"1";"7";"7";"0";"1";"2";"1";"0"
"17572";"80743401";"17572";"18";"1";"1";"7";"4";"0";"1";"1";"1";"0"
"17730";"80747103";"17730";"18";"1";"1";"7";"6";"0";"1";"1";"1";"0"
"17809";"80751502";"17809";"18";"5";"1";"7";"6";"0";"1";"3";"1";"0"
"17833";"80752101";"17833";"18";"1";"7";"7";"6";"0";"1";"3";"1";"0"
"17883";"80752417";"17883";"18";"3";"1";"7";"6";"0";"2";"0";"1";"0"
"18048";"80755307";"18048";"18";"1";"1";"7";"6";"0";"2";"1";"1";"0"
"18057";"80755406";"18057";"18";"1";"1";"7";"6";"0";"1";"1";"1";"0"
"18071";"80755407";"18071";"18";"2";"1";"7";"6";"0";"2";"1";"1";"0"
"18081";"80755504";"18081";"18";"1";"1";"7";"6";"0";"1";"1";"1";"0"
"18106";"80756501";"18106";"18";"1";"1";"7";"6";"0";"1";"2";"1";"0"
"18107";"80756501";"18107";"18";"1";"1";"7";"6";"0";"2";"1";"1";"0"
"18109";"80756501";"18109";"18";"1";"1";"7";"6";"0";"2";"0";"1";"0"
"18111";"80756501";"18111";"18";"1";"1";"7";"6";"0";"1";"1";"1";"0"
"18127";"80757501";"18127";"18";"1";"6";"2";"5";"0";"1";"1";"1";"0"
"18131";"80757510";"18131";"18";"3";"1";"7";"6";"0";"4";"2";"1";"0"
"18159";"80761201";"18159";"18";"3";"1";"7";"6";"0";"1";"1";"1";"0"
"18161";"80761201";"18161";"18";"1";"1";"2";"5";"0";"1";"1";"1";"0"
"18167";"80761201";"18167";"18";"1";"1";"7";"6";"0";"1";"1";"1";"0"
"18170";"80761201";"18170";"18";"1";"1";"7";"5";"0";"1";"1";"1";"0"
"18179";"80761202";"18179";"18";"1";"1";"7";"5";"0";"1";"1";"1";"0"
"18180";"80761202";"18180";"18";"3";"1";"2";"6";"0";"1";"3";"1";"0"
"18181";"80761202";"18181";"18";"5";"1";"7";"6";"0";"1";"1";"1";"0"
"18222";"80761306";"18222";"18";"1";"1";"7";"6";"0";"1";"1";"1";"0"
"18223";"80761306";"18223";"18";"1";"1";"7";"7";"0";"1";"1";"1";"0"
"18254";"80762103";"18254";"18";"1";"1";"7";"6";"0";"2";"0";"1";"0"
"18256";"80762104";"18256";"18";"3";"1";"7";"6";"0";"1";"1";"1";"0"
"18261";"80762104";"18261";"18";"1";"1";"7";"6";"0";"1";"1";"1";"0"
"18263";"80762105";"18263";"18";"1";"1";"7";"6";"0";"2";"2";"1";"0"
"18264";"80762105";"18264";"18";"1";"1";"7";"6";"0";"1";"2";"1";"0"
"18265";"80762105";"18265";"18";"1";"1";"1";"6";"0";"1";"3";"1";"0"
"18275";"80762108";"18275";"18";"5";"1";"7";"6";"0";"2";"0";"1";"0"
"18280";"80762108";"18280";"18";"1";"1";"7";"5";"0";"1";"1";"1";"0"
"18287";"80762109";"18287";"18";"1";"1";"7";"6";"0";"1";"1";"1";"0"
"18330";"80763101";"18330";"18";"1";"1";"7";"6";"0";"4";"2";"1";"0"
"18338";"80763207";"18338";"18";"1";"1";"7";"5";"0";"1";"2";"1";"0"
"18362";"80764102";"18362";"18";"1";"1";"1";"6";"0";"3";"1";"1";"0"
"18444";"80764512";"18444";"18";"1";"1";"7";"5";"0";"1";"1";"1";"0"
"18458";"80765201";"18458";"18";"1";"1";"7";"5";"0";"2";"1";"1";"0"
"18493";"80765402";"18493";"18";"5";"1";"7";"5";"0";"1";"1";"1";"0"
"18700";"80775101";"18700";"18";"1";"1";"7";"5";"0";"2";"1";"1";"0"
"18701";"80775101";"18701";"18";"1";"1";"7";"8";"0";"5";"2";"1";"0"
"18722";"80776206";"18722";"18";"1";"1";"7";"4";"0";"1";"1";"1";"0"
"18761";"80781410";"18761";"18";"1";"1";"7";"6";"0";"1";"1";"1";"0"
"18823";"80784407";"18823";"18";"1";"1";"7";"6";"0";"1";"1";"1";"0"
"18834";"80785102";"18834";"18";"1";"3";"1";"6";"0";"2";"2";"1";"0"
"18836";"80785102";"18836";"18";"1";"1";"7";"6";"0";"1";"2";"1";"0"
"18838";"80785102";"18838";"18";"1";"3";"2";"6";"0";"1";"1";"1";"0"
"18867";"80785405";"18867";"18";"1";"1";"7";"6";"0";"1";"1";"1";"0"
"19021";"80797508";"19021";"18";"3";"1";"7";"6";"0";"1";"1";"1";"0"
"19056";"80804503";"19056";"18";"1";"1";"7";"6";"0";"1";"1";"1";"0"
"19126";"80834302";"19126";"18";"1";"1";"7";"6";"0";"1";"0";"1";"0"
"19129";"80837506";"19129";"18";"1";"1";"7";"8";"0";"0";"1";"3";"0"
"307";"1232";"307";"18";"1";"1";"7";"6";"0";"1";"1";"1";"0"
"381";"1494";"381";"18";"3";"1";"7";"6";"0";"1";"1";"1";"0"
"1097";"13197";"1097";"18";"1";"1";"7";"6";"0";"1";"1";"1";"0"
"1286";"13772";"1286";"18";"1";"1";"2";"6";"0";"1";"1";"1";"0"
"1288";"13773";"1288";"18";"1";"1";"7";"6";"0";"1";"1";"1";"0"
"1352";"15984";"1352";"18";"1";"1";"7";"5";"0";"1";"1";"1";"0"
"1364";"16696";"1364";"18";"1";"1";"7";"6";"0";"1";"1";"1";"0"
"1377";"16735";"1377";"18";"1";"1";"7";"4";"0";"1";"1";"1";"0"
"1542";"22694";"1542";"18";"1";"1";"7";"8";"0";"0";"1";"3";"0"
"1861";"27127";"1861";"18";"2";"1";"7";"4";"0";"2";"0";"1";"0"
"2045";"28991";"2045";"18";"1";"3";"2";"5";"0";"2";"1";"1";"0"
"2062";"29038";"2062";"18";"1";"1";"7";"6";"0";"1";"1";"1";"0"
"2216";"29255";"2216";"18";"3";"1";"7";"6";"1";"0";"1";"2";"0"
"2323";"31149";"2323";"18";"1";"1";"7";"6";"1";"0";"1";"2";"0"
"2735";"36456";"2735";"18";"1";"1";"7";"3";"1";"0";"1";"2";"0"
"3048";"38595";"3048";"18";"2";"3";"2";"6";"0";"1";"1";"1";"0"
"3164";"38955";"3164";"18";"3";"1";"1";"6";"0";"2";"1";"1";"0"
"3191";"38994";"3191";"18";"1";"1";"7";"6";"0";"1";"1";"1";"0"
"3343";"39206";"3343";"18";"1";"1";"7";"4";"0";"1";"1";"1";"0"
"3444";"39533";"3444";"18";"1";"1";"7";"6";"0";"1";"1";"1";"0"
"3561";"39659";"3561";"18";"1";"1";"7";"5";"0";"2";"1";"1";"0"
"3592";"39695";"3592";"18";"1";"1";"7";"5";"0";"1";"1";"1";"0"
"3594";"39695";"3594";"18";"3";"1";"2";"6";"0";"1";"0";"1";"0"
"3642";"39776";"3642";"18";"3";"2";"2";"6";"0";"3";"2";"1";"0"
"3846";"40097";"3846";"18";"1";"1";"7";"5";"0";"1";"1";"1";"0"
"3854";"40099";"3854";"18";"3";"3";"2";"5";"1";"0";"1";"2";"0"
"3856";"40100";"3856";"18";"1";"1";"7";"5";"0";"2";"1";"1";"0"
"3859";"40101";"3859";"18";"1";"1";"7";"4";"0";"1";"1";"1";"0"
"3890";"40162";"3890";"18";"1";"2";"2";"6";"0";"1";"1";"1";"0"
"4053";"40391";"4053";"18";"1";"1";"7";"5";"0";"1";"1";"1";"0"
"4085";"40479";"4085";"18";"1";"1";"7";"6";"0";"1";"2";"1";"0"
"4088";"40479";"4088";"18";"1";"1";"7";"6";"0";"2";"1";"1";"0"
"4094";"40487";"4094";"18";"1";"1";"7";"6";"0";"1";"1";"1";"0"
"4255";"40853";"4255";"18";"1";"3";"1";"4";"0";"1";"2";"1";"0"
"4288";"40934";"4288";"18";"1";"1";"7";"6";"0";"1";"2";"1";"0"
"4332";"41014";"4332";"18";"1";"1";"7";"6";"0";"1";"1";"1";"0"
"4336";"41014";"4336";"18";"2";"1";"1";"6";"0";"2";"2";"1";"0"
"4337";"41014";"4337";"18";"3";"1";"7";"6";"0";"1";"2";"1";"0"
"4355";"41031";"4355";"18";"1";"3";"1";"6";"0";"1";"1";"1";"0"
"4368";"41084";"4368";"18";"1";"1";"7";"3";"0";"1";"1";"1";"0"
"4387";"41145";"4387";"18";"1";"1";"7";"4";"0";"1";"1";"1";"0"
"4455";"41254";"4455";"18";"1";"1";"7";"7";"0";"1";"2";"1";"0"
"4473";"41307";"4473";"18";"1";"1";"7";"7";"0";"1";"2";"1";"0"
"4509";"41422";"4509";"18";"1";"1";"7";"5";"0";"1";"1";"1";"0"
"4579";"41599";"4579";"18";"3";"1";"7";"6";"0";"3";"1";"1";"0"
"4582";"41599";"4582";"18";"1";"1";"7";"6";"0";"1";"1";"1";"0"
"4585";"41599";"4585";"18";"1";"1";"7";"7";"0";"1";"2";"1";"0"
"4598";"41617";"4598";"18";"1";"1";"7";"6";"0";"1";"1";"1";"0"
"4607";"41617";"4607";"18";"1";"1";"7";"7";"0";"1";"1";"1";"0"
"4627";"41646";"4627";"18";"1";"1";"7";"5";"0";"0";"1";"3";"0"
"4638";"41670";"4638";"18";"3";"1";"7";"6";"0";"1";"1";"1";"0"
"4641";"41672";"4641";"18";"1";"1";"7";"5";"0";"1";"1";"1";"0"
"4647";"41676";"4647";"18";"3";"1";"7";"6";"0";"1";"1";"1";"0"
"4660";"41683";"4660";"18";"2";"3";"2";"6";"0";"2";"1";"1";"0"
"4662";"41683";"4662";"18";"1";"1";"7";"7";"0";"1";"1";"1";"0"
"4672";"41690";"4672";"18";"1";"1";"7";"7";"0";"1";"3";"1";"0"
"4673";"41690";"4673";"18";"1";"1";"7";"7";"0";"1";"2";"1";"0"
"4860";"43117";"4860";"18";"3";"1";"7";"4";"0";"1";"2";"1";"0"
"4978";"43417";"4978";"18";"3";"1";"7";"4";"0";"1";"1";"1";"0"
"5373";"46317";"5373";"18";"1";"1";"7";"3";"0";"1";"1";"1";"0"
"5375";"46317";"5375";"18";"1";"1";"7";"6";"0";"1";"1";"1";"0"
"5487";"46525";"5487";"18";"3";"1";"7";"5";"0";"1";"1";"1";"0"
"5696";"47619";"5696";"18";"1";"1";"7";"6";"0";"1";"2";"1";"0"
"5854";"48628";"5854";"18";"2";"3";"1";"6";"0";"1";"1";"1";"0"
"6101";"49252";"6101";"18";"1";"1";"4";"6";"2";"0";"0";"2";"0"
"6345";"52011";"6345";"18";"3";"1";"7";"6";"1";"1";"1";"2";"0"
"6383";"52221";"6383";"18";"2";"1";"7";"6";"0";"3";"1";"1";"0"
"6556";"54237";"6556";"18";"1";"1";"7";"6";"0";"1";"1";"1";"0"
"6617";"55714";"6617";"18";"1";"1";"7";"6";"0";"1";"1";"1";"0"
"6959";"60093";"6959";"18";"1";"1";"7";"6";"0";"1";"1";"1";"0"
"6995";"60220";"6995";"18";"1";"1";"7";"3";"1";"0";"1";"2";"0"
"7006";"60273";"7006";"18";"1";"1";"7";"6";"0";"1";"1";"1";"0"
"7021";"60822";"7021";"18";"1";"1";"7";"4";"0";"1";"1";"1";"0"
"7040";"60827";"7040";"18";"1";"1";"7";"5";"0";"1";"1";"1";"0"
"7104";"60868";"7104";"18";"1";"1";"7";"4";"3";"0";"1";"2";"0"
"7636";"61477";"7636";"18";"3";"2";"1";"6";"0";"3";"4";"1";"0"
"7871";"61733";"7871";"18";"1";"1";"7";"6";"0";"1";"3";"1";"0"
"7986";"61800";"7986";"18";"1";"1";"7";"3";"0";"1";"1";"1";"0"
"8072";"61858";"8072";"18";"1";"1";"1";"4";"0";"1";"1";"1";"0"
"8428";"62212";"8428";"18";"1";"1";"7";"5";"0";"2";"0";"1";"0"
"8544";"62286";"8544";"18";"1";"1";"7";"4";"0";"2";"0";"1";"0"
"8736";"62496";"8736";"18";"1";"1";"7";"6";"0";"1";"2";"1";"0"
"8740";"62497";"8740";"18";"1";"1";"7";"6";"0";"1";"1";"1";"0"
"8915";"62702";"8915";"18";"1";"1";"7";"6";"0";"1";"1";"1";"0"
"9056";"63019";"9056";"18";"1";"1";"7";"6";"0";"2";"2";"1";"0"
"9093";"63041";"9093";"18";"1";"1";"7";"3";"0";"1";"1";"1";"0"
"9101";"63061";"9101";"18";"1";"1";"7";"6";"0";"1";"1";"1";"0"
"9422";"68517";"9422";"18";"1";"1";"7";"6";"0";"1";"1";"1";"0"
"9633";"71123";"9633";"18";"1";"1";"7";"6";"0";"1";"1";"1";"0"
"9688";"71856";"9688";"18";"1";"1";"7";"6";"0";"1";"1";"1";"0"
"9755";"72028";"9755";"18";"1";"1";"7";"3";"0";"1";"1";"1";"0"
"9966";"72372";"9966";"18";"2";"1";"7";"6";"0";"1";"1";"1";"0"
"9984";"72379";"9984";"18";"1";"1";"7";"6";"0";"1";"1";"1";"0"
"10067";"72535";"10067";"18";"1";"1";"7";"6";"0";"1";"1";"1";"0"
"10165";"72631";"10165";"18";"2";"6";"5";"5";"0";"1";"1";"1";"0"
"10416";"73056";"10416";"18";"1";"1";"7";"6";"0";"1";"1";"1";"0"
"10694";"73495";"10694";"18";"1";"1";"7";"3";"1";"0";"1";"2";"0"
"10844";"73972";"10844";"18";"1";"1";"7";"7";"0";"1";"1";"1";"0"
"11190";"78543";"11190";"18";"3";"2";"1";"6";"0";"1";"1";"1";"0"
"11216";"78673";"11216";"18";"1";"1";"7";"6";"0";"1";"1";"1";"0"
"11249";"78837";"11249";"18";"1";"1";"7";"6";"0";"1";"1";"1";"0"
"11578";"81099";"11578";"18";"1";"1";"7";"5";"0";"1";"1";"1";"0"
"11585";"81115";"11585";"18";"1";"1";"7";"6";"0";"1";"1";"1";"0"
"12081";"90251";"11065";"18";"1";"1";"7";"3";"0";"1";"1";"1";"0"
"12143";"90305";"12143";"18";"1";"1";"7";"6";"1";"0";"1";"2";"0"
"12197";"90333";"12197";"18";"3";"3";"1";"6";"0";"2";"0";"1";"0"
"12395";"90801";"12395";"18";"2";"3";"1";"3";"0";"1";"1";"1";"0"
"12452";"67642512";"12452";"18";"1";"1";"7";"6";"1";"0";"1";"2";"0"
"12499";"67657105";"12499";"18";"1";"1";"7";"6";"0";"1";"1";"1";"0"
"12574";"70706103";"12574";"18";"3";"1";"7";"6";"0";"3";"4";"1";"0"
"12693";"70825404";"12693";"18";"1";"1";"7";"5";"1";"0";"1";"2";"0"
"12740";"70827305";"12740";"18";"1";"1";"7";"6";"0";"1";"1";"1";"0"
"12841";"71813406";"12841";"18";"3";"1";"7";"6";"0";"4";"2";"1";"0"
"13077";"72817503";"13077";"18";"1";"1";"7";"6";"1";"0";"1";"2";"0"
"13259";"75734404";"13259";"18";"1";"3";"1";"6";"0";"1";"1";"1";"0"
"13275";"75737403";"13275";"18";"1";"1";"7";"6";"0";"1";"1";"1";"0"
"13288";"75745102";"13288";"18";"1";"1";"7";"7";"1";"0";"1";"2";"0"
"13299";"75753508";"13299";"18";"1";"3";"1";"4";"1";"0";"1";"2";"0"
"13371";"75794511";"13371";"18";"1";"1";"7";"4";"0";"1";"1";"1";"0"
"13512";"76734503";"13512";"18";"1";"1";"7";"6";"0";"1";"1";"1";"0"
"13523";"76737401";"13523";"18";"1";"1";"7";"6";"0";"2";"1";"1";"0"
"13579";"76765315";"13579";"18";"1";"1";"7";"6";"0";"1";"1";"1";"0"
"13602";"76772205";"13602";"18";"1";"1";"7";"6";"0";"1";"1";"1";"0"
"13639";"76774405";"13639";"18";"3";"3";"1";"4";"0";"1";"1";"1";"0"
"13799";"77732501";"13799";"18";"3";"1";"7";"6";"0";"1";"1";"1";"0"
"13877";"77737308";"13877";"18";"1";"1";"7";"6";"0";"2";"1";"1";"0"
"13932";"77745107";"13932";"18";"1";"1";"7";"5";"0";"1";"1";"1";"0"
"13972";"77751501";"13972";"18";"3";"1";"7";"5";"0";"1";"1";"1";"0"
"14038";"77763108";"14038";"18";"1";"1";"7";"3";"0";"1";"1";"1";"0"
"14167";"77773404";"14167";"18";"1";"1";"7";"6";"0";"1";"1";"1";"0"
"23991";"85814405";"23991";"18";"1";"1";"7";"6";"1";"0";"3";"2";"0"
"24016";"85814501";"24016";"18";"1";"1";"7";"4";"0";"1";"1";"1";"0"
"24064";"85815502";"24064";"18";"1";"1";"7";"6";"0";"2";"1";"1";"0"
"24108";"85817501";"24108";"18";"1";"1";"7";"6";"0";"1";"1";"1";"0"
"24239";"85823303";"24239";"18";"1";"1";"7";"5";"1";"1";"1";"2";"0"
"24250";"85823402";"24250";"18";"1";"1";"7";"3";"0";"1";"1";"1";"0"
"24293";"85824203";"24293";"18";"3";"3";"1";"6";"0";"1";"1";"1";"0"
"24299";"85824302";"24299";"18";"1";"1";"7";"5";"0";"1";"1";"1";"0"
"24303";"85824302";"24303";"18";"1";"1";"7";"3";"0";"1";"1";"1";"0"
"24374";"85825506";"24374";"18";"1";"1";"7";"4";"0";"1";"2";"1";"0"
"24434";"85826403";"24434";"18";"1";"1";"7";"3";"0";"1";"0";"1";"0"
"24436";"85826403";"24436";"18";"1";"1";"7";"4";"0";"1";"1";"1";"0"
"24490";"85827305";"24490";"18";"3";"3";"2";"4";"0";"1";"1";"1";"0"
"24494";"85827405";"24494";"18";"1";"1";"7";"6";"0";"1";"4";"1";"0"
"24558";"85833205";"24558";"18";"1";"1";"7";"6";"0";"1";"1";"1";"0"
"24585";"85833301";"24585";"18";"1";"1";"7";"4";"0";"1";"1";"1";"0"
"24595";"85833401";"24595";"18";"1";"1";"7";"4";"0";"1";"1";"1";"0"
"24609";"85834104";"24609";"18";"1";"1";"7";"5";"0";"2";"0";"1";"0"
"24637";"85834210";"24637";"18";"2";"1";"7";"4";"0";"1";"0";"1";"0"
"24646";"85834308";"24646";"18";"1";"1";"7";"6";"0";"1";"1";"1";"0"
"24677";"85834407";"24677";"18";"1";"1";"7";"5";"0";"2";"0";"1";"0"
"24697";"85835212";"24697";"18";"1";"1";"7";"6";"0";"1";"2";"1";"0"
"24728";"85835212";"24728";"18";"1";"1";"7";"6";"0";"2";"1";"1";"0"
"24747";"85835401";"24747";"18";"1";"1";"7";"6";"0";"1";"1";"1";"0"
"24773";"85835506";"24773";"18";"1";"1";"7";"6";"0";"1";"1";"1";"0"
"24840";"85837402";"24840";"18";"1";"1";"7";"6";"0";"2";"5";"1";"0"
"24940";"85842211";"24940";"18";"1";"1";"7";"4";"0";"1";"1";"1";"0"
"24942";"85842212";"24942";"18";"1";"1";"7";"6";"0";"1";"1";"1";"0"
"25030";"85845203";"25030";"18";"3";"1";"7";"4";"1";"1";"1";"2";"0"
"25032";"85845301";"25032";"18";"1";"1";"7";"6";"0";"1";"1";"1";"0"
"25036";"85845302";"2361";"18";"2";"1";"7";"6";"0";"1";"2";"1";"0"
"25058";"85845307";"25058";"18";"1";"1";"7";"5";"0";"1";"1";"1";"0"
"25282";"85852403";"25282";"18";"1";"1";"7";"3";"1";"0";"1";"2";"0"
"25293";"85852410";"25293";"18";"1";"1";"7";"6";"0";"1";"1";"1";"0"
"25404";"85856116";"25404";"18";"1";"1";"7";"6";"0";"1";"1";"1";"0"
"25451";"85861102";"25451";"18";"1";"1";"7";"5";"0";"1";"1";"1";"0"
"25458";"85861107";"25458";"18";"1";"1";"7";"3";"0";"1";"1";"1";"0"
"25474";"85861205";"25474";"18";"1";"1";"7";"4";"0";"1";"1";"1";"0"
"25674";"85864504";"25674";"18";"3";"1";"7";"5";"0";"1";"1";"1";"0"
"25690";"85865305";"25690";"18";"1";"1";"7";"6";"0";"1";"1";"1";"0"
"25887";"85874104";"25887";"18";"1";"1";"1";"6";"0";"1";"1";"1";"0"
"25918";"85874508";"25918";"18";"3";"1";"1";"6";"0";"3";"0";"1";"0"
"26020";"85877404";"26020";"18";"1";"1";"7";"6";"0";"1";"1";"1";"0"
"26023";"85877514";"26023";"18";"1";"1";"7";"3";"0";"1";"1";"1";"0"
"26193";"86781504";"26193";"18";"1";"1";"7";"4";"1";"0";"1";"2";"0"
"26223";"86792506";"26223";"18";"1";"1";"7";"6";"0";"3";"0";"1";"0"
"26278";"86801409";"26278";"18";"1";"1";"7";"3";"0";"1";"2";"1";"0"
"26298";"86802401";"26298";"18";"1";"1";"7";"6";"0";"1";"1";"1";"0"
"26304";"86802402";"26304";"18";"1";"1";"7";"4";"0";"1";"1";"1";"0"
"26322";"86803204";"26322";"18";"1";"3";"1";"6";"0";"1";"0";"1";"0"
"26455";"86805404";"26455";"18";"1";"1";"1";"6";"0";"1";"2";"1";"0"
"26465";"86806201";"26465";"18";"1";"1";"7";"4";"0";"1";"1";"1";"0"
"26487";"86806504";"26487";"18";"1";"1";"7";"5";"0";"1";"1";"1";"0"
"26494";"86807104";"26494";"18";"1";"1";"7";"5";"0";"1";"1";"1";"0"
"26496";"86807104";"26496";"18";"1";"1";"7";"6";"0";"1";"1";"1";"0"
"26642";"86813107";"26642";"18";"2";"1";"7";"3";"0";"1";"1";"1";"0"
"26643";"86813107";"26643";"18";"1";"1";"7";"4";"0";"1";"1";"1";"0"
"26694";"86814201";"26694";"18";"1";"1";"7";"4";"0";"1";"1";"1";"0"
"26725";"86814504";"26725";"18";"1";"1";"7";"6";"0";"1";"1";"1";"0"
"26747";"86814508";"26747";"18";"1";"1";"7";"6";"0";"1";"1";"1";"0"
"26805";"86816502";"26805";"18";"1";"1";"7";"4";"0";"1";"1";"1";"0"