"accident_id";"lieu_id";"date_id";"cause_id";"lum_id";"intemp_id";"etat_surface_id";"impliq_id";"nb_blesses_graves";"nb_blesses_legers";"nb_indemnes";"gravite";"nb_morts"
"26812";"86816504";"26812";"18";"3";"1";"7";"4";"0";"1";"1";"1";"0"
"26826";"86817101";"26826";"18";"1";"1";"7";"5";"0";"1";"1";"1";"0"
"26846";"86817101";"26846";"18";"1";"1";"7";"6";"0";"2";"2";"1";"0"
"26872";"86817304";"26872";"18";"1";"1";"7";"6";"0";"1";"1";"1";"0"
"26893";"86817501";"26893";"18";"1";"1";"7";"6";"0";"1";"1";"1";"0"
"26937";"86821402";"26937";"18";"1";"1";"7";"4";"0";"1";"1";"1";"0"
"27020";"86822301";"27020";"18";"1";"1";"7";"3";"0";"1";"1";"1";"0"
"27032";"86822502";"27032";"18";"1";"1";"7";"6";"0";"1";"2";"1";"0"
"27176";"86823503";"27176";"18";"1";"1";"7";"4";"0";"2";"1";"1";"0"
"27201";"86823503";"27201";"18";"1";"1";"7";"3";"1";"0";"1";"2";"0"
"27274";"86824407";"27274";"18";"1";"1";"7";"6";"0";"1";"1";"1";"0"
"27287";"86824502";"27287";"18";"1";"1";"7";"4";"0";"1";"1";"1";"0"
"27292";"86824502";"27292";"18";"1";"1";"7";"4";"0";"1";"1";"1";"0"
"27293";"86824502";"27293";"18";"1";"1";"7";"6";"0";"1";"0";"1";"0"
"27296";"86824502";"27296";"18";"1";"1";"7";"7";"0";"1";"1";"1";"0"
"27304";"86824505";"27304";"18";"1";"1";"7";"3";"0";"1";"1";"1";"0"
"27308";"86825101";"27308";"18";"1";"1";"7";"4";"0";"1";"1";"1";"0"
"27330";"86825303";"27330";"18";"3";"1";"7";"4";"0";"1";"1";"1";"0"
"27451";"86826501";"27451";"18";"3";"1";"7";"4";"0";"1";"0";"1";"0"
"27487";"86827503";"27487";"18";"1";"1";"7";"7";"0";"1";"1";"1";"0"
"27491";"86827503";"27491";"18";"1";"3";"1";"6";"0";"1";"2";"1";"0"
"27499";"86831205";"27499";"18";"1";"1";"7";"6";"0";"1";"1";"1";"0"
"27609";"86832206";"27609";"18";"1";"1";"7";"4";"0";"1";"1";"1";"0"
"27630";"86832402";"27630";"18";"3";"1";"1";"4";"0";"1";"1";"1";"0"
"27640";"86832503";"27640";"18";"1";"1";"7";"6";"0";"1";"1";"1";"0"
"27641";"86832503";"27641";"18";"1";"1";"7";"3";"0";"1";"1";"1";"0"
"27657";"86833103";"27657";"18";"1";"1";"7";"4";"0";"1";"1";"1";"0"
"27662";"86833103";"27662";"18";"1";"1";"7";"4";"0";"1";"1";"1";"0"
"27666";"86833103";"27666";"18";"1";"1";"7";"6";"0";"1";"1";"1";"0"
"27668";"86833103";"27668";"18";"3";"1";"1";"3";"0";"1";"1";"1";"0"
"27673";"86833103";"27673";"18";"2";"3";"1";"6";"0";"1";"1";"1";"0"
"27704";"86833407";"27704";"18";"3";"1";"7";"6";"2";"0";"1";"2";"0"
"27706";"86833407";"27320";"18";"1";"1";"7";"5";"0";"1";"1";"1";"0"
"27721";"86833503";"27721";"18";"1";"1";"7";"3";"0";"1";"1";"1";"0"
"27813";"86834301";"27813";"18";"1";"1";"1";"4";"0";"1";"1";"1";"0"
"27840";"86835101";"27840";"18";"1";"1";"7";"6";"0";"2";"1";"1";"0"
"27847";"86835101";"27847";"18";"1";"6";"7";"6";"0";"1";"1";"1";"0"
"27852";"86835101";"27852";"18";"3";"1";"7";"6";"0";"1";"1";"1";"0"
"27853";"86835101";"27853";"18";"1";"1";"7";"4";"0";"1";"1";"1";"0"
"27877";"86835105";"27877";"18";"1";"1";"7";"6";"0";"1";"1";"1";"0"
"27895";"86835503";"25072";"18";"1";"1";"7";"6";"0";"1";"1";"1";"0"
"28100";"86844406";"28100";"18";"1";"3";"1";"6";"0";"1";"2";"1";"0"
"28109";"86844406";"28109";"18";"1";"1";"7";"4";"0";"1";"1";"1";"0"
"28134";"86845103";"28134";"18";"1";"1";"7";"6";"0";"1";"2";"1";"0"
"28158";"86845505";"28158";"18";"1";"1";"7";"4";"0";"1";"1";"1";"0"
"28160";"86846101";"28160";"18";"1";"6";"7";"4";"0";"1";"1";"1";"0"
"28181";"86846505";"28181";"18";"1";"1";"7";"6";"0";"1";"1";"1";"0"
"28243";"86852301";"28243";"18";"1";"3";"1";"6";"0";"1";"1";"1";"0"
"28292";"86856205";"28292";"18";"1";"1";"7";"6";"0";"1";"1";"1";"0"
"28299";"86857103";"28299";"18";"1";"1";"7";"5";"0";"3";"0";"1";"0"
"28319";"86857110";"28319";"18";"1";"1";"7";"6";"0";"1";"2";"1";"0"
"28323";"86857403";"28323";"18";"1";"1";"7";"4";"0";"1";"2";"1";"0"
"28342";"86862302";"28342";"18";"3";"1";"7";"6";"0";"1";"2";"1";"0"
"28470";"86872303";"28470";"18";"1";"1";"7";"6";"0";"1";"1";"1";"0"
"28504";"86873303";"28504";"18";"3";"1";"7";"5";"1";"0";"1";"2";"0"
"28538";"86876202";"28538";"18";"1";"1";"7";"6";"0";"1";"1";"1";"0"
"28542";"86876206";"28542";"18";"1";"1";"7";"5";"0";"1";"1";"1";"0"
"28677";"87802106";"28677";"18";"1";"1";"7";"6";"0";"1";"1";"1";"0"
"19278";"81726501";"19278";"18";"1";"1";"1";"6";"1";"0";"1";"2";"0"
"19412";"81756205";"19412";"18";"5";"1";"7";"6";"0";"1";"2";"1";"0"
"19441";"81761307";"19441";"18";"1";"1";"7";"6";"0";"3";"2";"1";"0"
"19589";"81765304";"19589";"18";"5";"1";"7";"6";"0";"1";"1";"1";"0"
"19695";"81772501";"19695";"18";"4";"1";"7";"6";"0";"2";"1";"1";"0"
"19863";"81791503";"19863";"18";"1";"1";"7";"6";"1";"0";"1";"2";"0"
"19885";"81793407";"19885";"18";"1";"1";"7";"3";"0";"1";"2";"1";"0"
"20039";"81823210";"20039";"18";"1";"1";"7";"6";"1";"0";"1";"2";"0"
"20088";"81871201";"20088";"18";"2";"1";"7";"6";"1";"0";"1";"2";"0"
"20124";"81885403";"20124";"18";"1";"1";"7";"6";"1";"0";"1";"2";"0"
"20245";"82743411";"20245";"18";"1";"3";"2";"6";"0";"1";"1";"1";"0"
"20256";"82743423";"20256";"18";"3";"1";"7";"6";"0";"1";"2";"1";"0"
"20264";"82745401";"20264";"18";"1";"1";"7";"6";"0";"2";"1";"1";"0"
"20301";"82752301";"20301";"18";"2";"1";"7";"6";"0";"1";"1";"1";"0"
"20307";"82752502";"20307";"18";"1";"1";"7";"6";"0";"1";"1";"1";"0"
"20409";"82761303";"20409";"18";"3";"1";"7";"6";"0";"1";"2";"1";"0"
"20425";"82762303";"20425";"18";"1";"1";"7";"6";"1";"0";"1";"2";"0"
"20660";"82797504";"20660";"18";"1";"1";"7";"6";"0";"1";"1";"1";"0"
"20686";"82797507";"20686";"18";"1";"1";"7";"5";"0";"1";"1";"1";"0"
"20929";"83725205";"20929";"18";"1";"1";"7";"5";"0";"2";"0";"1";"0"
"20974";"83745102";"20974";"18";"1";"1";"7";"6";"0";"1";"1";"1";"0"
"21012";"83747312";"21012";"18";"1";"1";"7";"6";"0";"4";"0";"1";"0"
"21013";"83747312";"21013";"18";"2";"1";"7";"6";"0";"1";"2";"1";"0"
"21022";"83747520";"21022";"18";"1";"1";"7";"5";"1";"0";"1";"2";"0"
"21027";"83747521";"21027";"18";"1";"1";"7";"6";"0";"1";"1";"1";"0"
"21219";"83777502";"21219";"18";"2";"1";"7";"4";"0";"2";"0";"1";"0"
"21237";"83784204";"21237";"18";"1";"1";"7";"3";"0";"1";"1";"1";"0"
"21317";"83795404";"20731";"18";"1";"2";"2";"6";"0";"2";"1";"1";"0"
"21345";"83797306";"21345";"18";"1";"1";"7";"6";"0";"1";"1";"1";"0"
"21379";"83806211";"21379";"18";"1";"1";"7";"4";"1";"0";"1";"2";"0"
"21401";"83811503";"21401";"18";"1";"1";"7";"6";"0";"1";"1";"1";"0"
"21481";"83817205";"21481";"18";"1";"3";"1";"6";"0";"4";"1";"1";"0"
"21661";"83866307";"21661";"18";"1";"1";"7";"6";"0";"1";"1";"1";"0"
"21669";"83866307";"21669";"18";"1";"1";"7";"5";"0";"1";"1";"1";"0"
"21710";"83867503";"21710";"18";"1";"1";"7";"6";"0";"1";"1";"1";"0"
"21712";"83867503";"21712";"18";"1";"1";"7";"6";"0";"1";"2";"1";"0"
"21720";"83867504";"21720";"18";"1";"1";"7";"6";"0";"1";"1";"1";"0"
"21745";"83867509";"21720";"18";"1";"1";"7";"6";"0";"1";"1";"1";"0"
"21775";"83874503";"21775";"18";"1";"1";"7";"6";"0";"1";"2";"1";"0"
"21862";"83881103";"21862";"18";"1";"1";"6";"5";"0";"1";"1";"1";"0"
"21902";"83887503";"21902";"18";"1";"1";"7";"6";"0";"1";"1";"1";"0"
"21906";"83891101";"21906";"18";"1";"7";"2";"6";"1";"0";"1";"2";"0"
"21908";"83891104";"21908";"18";"1";"1";"7";"6";"0";"1";"2";"1";"0"
"22174";"84751320";"22174";"18";"1";"1";"7";"6";"0";"1";"2";"1";"0"
"22204";"84754305";"22204";"18";"1";"1";"7";"6";"0";"1";"1";"1";"0"
"22225";"84762210";"22225";"18";"1";"3";"1";"6";"0";"1";"1";"1";"0"
"22284";"84773307";"22284";"18";"3";"1";"7";"6";"0";"2";"2";"1";"0"
"22388";"84794503";"22388";"18";"1";"1";"7";"4";"1";"0";"1";"2";"0"
"22486";"84806207";"22486";"18";"1";"1";"7";"5";"0";"1";"1";"1";"0"
"22498";"84806213";"22498";"18";"1";"3";"1";"6";"0";"1";"1";"1";"0"
"22503";"84807309";"22503";"18";"1";"1";"7";"6";"0";"1";"1";"1";"0"
"22535";"84811104";"22535";"18";"1";"1";"7";"6";"0";"1";"1";"1";"0"
"22588";"84815115";"22588";"18";"1";"1";"7";"4";"0";"1";"1";"1";"0"
"22630";"84817309";"12096";"18";"1";"1";"7";"6";"0";"1";"1";"1";"0"
"22639";"84821202";"22639";"18";"1";"1";"7";"6";"0";"1";"1";"1";"0"
"22744";"84827220";"22744";"18";"1";"1";"7";"6";"0";"1";"1";"1";"0"
"22887";"84837104";"22887";"18";"1";"1";"7";"5";"0";"1";"1";"1";"0"
"22935";"84846201";"22935";"18";"1";"3";"2";"6";"0";"1";"1";"1";"0"
"23387";"84871108";"23387";"18";"1";"1";"7";"3";"0";"1";"1";"1";"0"
"23405";"84872205";"23405";"18";"1";"1";"7";"6";"0";"2";"1";"1";"0"
"23468";"84874402";"23468";"18";"1";"1";"7";"4";"0";"1";"1";"1";"0"
"23601";"84877513";"23601";"18";"1";"1";"7";"6";"0";"1";"1";"1";"0"
"23715";"85732506";"23715";"18";"3";"1";"7";"6";"0";"1";"1";"1";"0"
"23851";"85786503";"23851";"18";"3";"1";"7";"6";"0";"1";"1";"1";"0"
"19169";"80911503";"19169";"19";"1";"3";"1";"6";"0";"1";"1";"1";"0"
"19188";"81691507";"19188";"19";"1";"1";"7";"7";"1";"0";"1";"2";"0"
"19191";"81703107";"19191";"19";"3";"1";"7";"6";"1";"0";"1";"2";"0"
"19192";"81703107";"19192";"19";"1";"1";"7";"6";"0";"2";"1";"1";"0"
"19193";"81703107";"19193";"19";"3";"6";"1";"6";"0";"1";"0";"1";"0"
"19194";"81704303";"19194";"19";"1";"1";"7";"4";"1";"0";"1";"2";"0"
"19195";"81704303";"19195";"19";"3";"1";"7";"4";"0";"1";"1";"1";"0"
"19196";"81704303";"2634";"19";"1";"1";"7";"3";"0";"1";"1";"1";"0"
"19344";"81751202";"19344";"19";"1";"1";"7";"5";"0";"1";"1";"1";"0"
"19353";"81752204";"19353";"19";"3";"1";"2";"6";"0";"1";"1";"1";"0"
"19395";"81755305";"19395";"19";"3";"1";"1";"6";"0";"1";"1";"1";"0"
"19418";"81757113";"19418";"19";"1";"3";"2";"6";"0";"1";"2";"1";"0"
"19419";"81757113";"19419";"19";"1";"1";"7";"6";"0";"2";"0";"1";"0"
"19420";"81757113";"19420";"19";"1";"1";"7";"6";"0";"1";"1";"1";"0"
"19424";"81757207";"19424";"19";"5";"3";"1";"4";"0";"1";"1";"1";"0"
"19435";"81761307";"19435";"19";"1";"1";"7";"6";"0";"1";"2";"1";"0"
"19450";"81762201";"19450";"19";"1";"3";"2";"8";"0";"2";"1";"1";"0"
"19454";"81762201";"19454";"19";"2";"3";"1";"6";"0";"2";"0";"1";"0"
"19457";"81762201";"19457";"19";"1";"1";"7";"6";"0";"2";"2";"1";"0"
"19458";"81762201";"19458";"19";"3";"1";"2";"6";"0";"3";"0";"1";"0"
"19459";"81762201";"19459";"19";"1";"3";"2";"6";"0";"1";"1";"1";"0"
"19460";"81762201";"19460";"19";"1";"1";"7";"6";"0";"1";"1";"1";"0"
"19483";"81763213";"19483";"19";"3";"1";"2";"7";"0";"1";"1";"1";"0"
"19484";"81763213";"19484";"19";"1";"1";"7";"6";"0";"2";"0";"1";"0"
"19485";"81763213";"10581";"19";"1";"1";"7";"6";"0";"1";"2";"1";"0"
"19486";"81763213";"19486";"19";"1";"1";"7";"6";"0";"1";"1";"1";"0"
"19487";"81763213";"19487";"19";"1";"1";"7";"6";"0";"1";"1";"1";"0"
"19488";"81763213";"19488";"19";"3";"1";"2";"6";"0";"1";"2";"1";"0"
"19489";"81763213";"19489";"19";"1";"1";"2";"4";"1";"0";"1";"2";"0"
"19490";"81763213";"19490";"19";"3";"1";"7";"6";"0";"3";"0";"1";"0"
"19491";"81763213";"19491";"19";"1";"1";"7";"8";"0";"5";"0";"1";"0"
"19492";"81763213";"19492";"19";"1";"1";"7";"6";"0";"1";"1";"1";"0"
"19493";"81763213";"19493";"19";"1";"1";"7";"6";"0";"1";"2";"1";"0"
"19494";"81763213";"19494";"19";"1";"1";"7";"5";"0";"1";"1";"1";"0"
"19495";"81763213";"19495";"19";"1";"1";"7";"6";"0";"1";"1";"1";"0"
"19507";"81763302";"19507";"19";"1";"1";"7";"4";"0";"1";"1";"1";"0"
"19508";"81763302";"19508";"19";"1";"2";"1";"6";"0";"1";"1";"1";"0"
"19529";"81763405";"19529";"19";"1";"1";"7";"4";"0";"1";"1";"1";"0"
"19533";"81763406";"19533";"19";"1";"3";"2";"6";"0";"1";"1";"1";"0"
"19542";"81764204";"19542";"19";"1";"3";"2";"6";"0";"3";"1";"1";"0"
"19543";"81764204";"19543";"19";"1";"1";"7";"6";"0";"1";"1";"1";"0"
"19544";"81764204";"19544";"19";"1";"3";"1";"6";"0";"1";"1";"1";"0"
"19545";"81764204";"19545";"19";"1";"1";"7";"6";"0";"2";"1";"1";"0"
"19546";"81764204";"19546";"19";"5";"1";"7";"6";"0";"1";"1";"1";"0"
"19547";"81764204";"19547";"19";"5";"1";"7";"7";"0";"2";"2";"1";"0"
"19548";"81764204";"19548";"19";"1";"1";"7";"6";"0";"2";"1";"1";"0"
"19549";"81764204";"19549";"19";"1";"1";"7";"6";"1";"1";"1";"2";"0"
"19550";"81764204";"19550";"19";"1";"1";"7";"6";"0";"1";"1";"1";"0"
"19569";"81764507";"19569";"19";"1";"1";"7";"4";"0";"1";"1";"1";"0"
"19616";"81766204";"19616";"19";"1";"1";"7";"6";"1";"0";"1";"2";"0"
"19619";"81766204";"19619";"19";"1";"1";"7";"4";"1";"0";"1";"2";"0"
"19626";"81766302";"19626";"19";"1";"1";"7";"6";"0";"1";"2";"1";"0"
"19627";"81766302";"19627";"19";"1";"3";"2";"6";"0";"2";"1";"1";"0"
"19628";"81766302";"19628";"19";"1";"1";"7";"6";"0";"2";"1";"1";"0"
"19631";"81766302";"19631";"19";"1";"1";"7";"6";"0";"1";"1";"1";"0"
"19642";"81766406";"19642";"19";"1";"1";"2";"6";"0";"3";"1";"1";"0"
"19666";"81767106";"19666";"19";"1";"1";"7";"6";"0";"1";"2";"1";"0"
"19698";"81773102";"19698";"19";"1";"1";"7";"6";"0";"2";"1";"1";"0"
"19699";"81773102";"19699";"19";"1";"3";"2";"6";"0";"3";"1";"1";"0"
"19700";"81773102";"19700";"19";"1";"1";"7";"6";"0";"1";"1";"1";"0"
"19701";"81773102";"19701";"19";"1";"1";"7";"6";"0";"1";"1";"1";"0"
"19702";"81773102";"15199";"19";"1";"1";"7";"6";"1";"0";"1";"2";"0"
"19731";"81774203";"19731";"19";"1";"2";"2";"4";"0";"1";"1";"1";"0"
"19733";"81774203";"19733";"19";"1";"1";"7";"4";"0";"1";"1";"1";"0"
"19734";"81774203";"19734";"19";"1";"1";"7";"5";"0";"1";"1";"1";"0"
"19735";"81774203";"19735";"19";"5";"1";"7";"4";"0";"1";"2";"1";"0"
"19784";"81782206";"19784";"19";"1";"3";"1";"6";"0";"1";"2";"1";"0"
"19790";"81782213";"19790";"19";"1";"1";"7";"6";"0";"1";"1";"1";"0"
"20044";"81826203";"20044";"19";"2";"1";"7";"6";"0";"2";"1";"1";"0"
"20045";"81826203";"20045";"19";"1";"1";"7";"3";"1";"1";"0";"2";"0"
"20237";"82735406";"20237";"19";"1";"1";"7";"3";"0";"1";"1";"1";"0"
"20239";"82741401";"20239";"19";"1";"6";"1";"6";"0";"1";"2";"1";"0"
"20271";"82747401";"20271";"19";"1";"1";"2";"6";"0";"2";"0";"1";"0"
"20288";"82751209";"20288";"19";"5";"1";"7";"6";"0";"3";"0";"1";"0"
"20289";"82751209";"20289";"19";"5";"3";"1";"3";"0";"1";"1";"1";"0"
"20290";"82751305";"20290";"19";"1";"1";"7";"3";"0";"1";"1";"1";"0"
"20291";"82751408";"20291";"19";"1";"1";"7";"5";"1";"0";"1";"2";"0"
"20321";"82753501";"20321";"19";"3";"1";"7";"6";"0";"1";"1";"1";"0"
"20323";"82753503";"20323";"19";"1";"1";"2";"6";"0";"1";"2";"1";"0"
"20347";"82755504";"20347";"19";"1";"1";"7";"6";"0";"1";"2";"1";"0"
"20348";"82755504";"20348";"19";"1";"1";"7";"6";"0";"1";"1";"1";"0"
"20349";"82755504";"20349";"19";"3";"1";"7";"6";"0";"2";"0";"1";"0"
"20350";"82755504";"20350";"19";"3";"1";"7";"6";"0";"1";"1";"1";"0"
"20351";"82755504";"20351";"19";"1";"1";"7";"6";"0";"1";"3";"1";"0"
"20352";"82755504";"20352";"19";"1";"1";"7";"5";"0";"1";"1";"1";"0"
"20353";"82755504";"20353";"19";"1";"1";"7";"6";"0";"3";"1";"1";"0"
"20354";"82755504";"20354";"19";"3";"1";"7";"4";"1";"1";"1";"2";"0"
"20355";"82755504";"20355";"19";"3";"1";"7";"8";"0";"4";"0";"1";"0"
"20357";"82756302";"20357";"19";"1";"1";"7";"4";"0";"2";"1";"1";"0"
"20361";"82756306";"20361";"19";"1";"1";"2";"5";"0";"1";"1";"1";"0"
"20366";"82756309";"20366";"19";"1";"3";"1";"6";"0";"5";"0";"1";"0"
"20389";"82757402";"20389";"19";"1";"1";"7";"6";"0";"1";"1";"1";"0"
"20392";"82761101";"20392";"19";"1";"1";"7";"3";"0";"1";"1";"1";"0"
"20400";"82761203";"20400";"19";"1";"1";"7";"4";"0";"1";"1";"1";"0"
"20401";"82761203";"20401";"19";"3";"1";"7";"6";"0";"1";"1";"1";"0"
"20402";"82761203";"20402";"19";"1";"2";"1";"6";"0";"2";"1";"1";"0"
"20403";"82761203";"20403";"19";"1";"1";"7";"6";"0";"1";"1";"1";"0"
"20414";"82761404";"20414";"19";"1";"1";"7";"6";"0";"1";"1";"1";"0"
"20418";"82762209";"20418";"19";"1";"1";"7";"6";"0";"1";"1";"1";"0"
"20420";"82762210";"20420";"19";"5";"1";"7";"6";"1";"0";"2";"2";"0"
"20429";"82762309";"20429";"19";"5";"1";"7";"6";"0";"1";"1";"1";"0"
"20440";"82763313";"20440";"19";"1";"1";"7";"5";"0";"1";"1";"1";"0"
"20442";"82763313";"20442";"19";"1";"3";"2";"6";"1";"0";"1";"2";"0"
"20456";"82764305";"20456";"19";"1";"1";"7";"6";"0";"1";"1";"1";"0"
"20457";"82764305";"20457";"19";"1";"1";"7";"4";"0";"1";"1";"1";"0"
"20458";"82764305";"20458";"19";"1";"3";"2";"6";"0";"1";"2";"1";"0"
"20460";"82764305";"20460";"19";"1";"1";"7";"6";"0";"2";"1";"1";"0"
"20462";"82764305";"20462";"19";"3";"1";"7";"4";"0";"1";"1";"1";"0"
"20467";"82764412";"20467";"19";"3";"3";"2";"3";"0";"1";"1";"1";"0"
"20475";"82766208";"20475";"19";"1";"3";"2";"5";"0";"1";"1";"1";"0"
"20481";"82766301";"20481";"19";"3";"1";"1";"6";"0";"1";"1";"1";"0"
"20484";"82766301";"20484";"19";"1";"4";"3";"6";"0";"2";"1";"1";"0"
"20486";"82766301";"20486";"19";"3";"1";"7";"5";"0";"1";"1";"1";"0"
"20510";"82772102";"20510";"19";"1";"1";"7";"4";"1";"0";"1";"2";"0"
"20559";"82776510";"20559";"19";"1";"1";"7";"6";"0";"2";"0";"1";"0"
"20573";"82785209";"20573";"19";"1";"3";"1";"6";"0";"1";"1";"1";"0"
"20577";"82785309";"20577";"19";"2";"1";"7";"6";"2";"4";"0";"2";"0"
"20787";"82816303";"20787";"19";"1";"7";"7";"6";"0";"1";"1";"1";"0"
"20788";"82816303";"20788";"19";"1";"1";"7";"6";"0";"2";"0";"1";"0"
"20789";"82816303";"20789";"19";"3";"1";"7";"6";"2";"0";"0";"2";"0"
"20819";"82827304";"20819";"19";"1";"1";"7";"3";"0";"1";"2";"1";"0"
"20836";"82844504";"20836";"19";"1";"1";"7";"5";"1";"0";"1";"2";"0"
"20861";"82877503";"20861";"19";"1";"3";"1";"6";"0";"1";"1";"1";"0"
"20886";"82907110";"20886";"19";"1";"1";"1";"6";"0";"1";"1";"1";"0"
"20887";"82907110";"20887";"19";"1";"1";"7";"6";"0";"1";"1";"1";"0"
"20971";"83744502";"20971";"19";"1";"2";"2";"4";"1";"0";"1";"2";"0"
"20979";"83746411";"20979";"19";"1";"1";"7";"5";"1";"0";"2";"2";"0"
"20990";"83747304";"20990";"19";"1";"3";"1";"4";"0";"1";"1";"1";"0"
"21001";"83747312";"21001";"19";"1";"1";"3";"6";"0";"2";"3";"1";"0"
"21006";"83747312";"21006";"19";"1";"1";"7";"6";"0";"2";"2";"1";"0"
"21007";"83747312";"21007";"19";"2";"1";"7";"6";"0";"3";"0";"1";"0"
"21035";"83751204";"21035";"19";"1";"3";"2";"6";"0";"1";"1";"1";"0"
"21036";"83751204";"21036";"19";"5";"2";"1";"6";"0";"1";"1";"1";"0"
"21052";"83753324";"21052";"19";"3";"1";"2";"6";"1";"1";"1";"2";"0"
"21053";"83753324";"21053";"19";"1";"1";"7";"6";"0";"1";"1";"1";"0"
"21054";"83753324";"21054";"19";"3";"1";"7";"3";"0";"1";"1";"1";"0"
"21055";"83753324";"21055";"19";"1";"1";"7";"6";"0";"1";"1";"1";"0"
"21056";"83753326";"21056";"19";"1";"1";"7";"5";"0";"1";"1";"1";"0"
"21067";"83755102";"21067";"19";"1";"1";"7";"6";"0";"1";"1";"1";"0"
"21070";"83755105";"21070";"19";"1";"1";"7";"3";"1";"0";"1";"2";"0"
"21071";"83755105";"21071";"19";"3";"1";"7";"4";"1";"0";"1";"2";"0"
"21072";"83755105";"21072";"19";"1";"1";"7";"3";"0";"1";"1";"1";"0"
"21074";"83756203";"21074";"19";"1";"1";"7";"6";"0";"2";"1";"1";"0"
"21079";"83756414";"21079";"19";"2";"1";"7";"6";"0";"2";"3";"1";"0"
"21080";"83756414";"21080";"19";"1";"1";"7";"6";"2";"0";"1";"2";"0"
"21081";"83756414";"21081";"19";"1";"1";"7";"6";"0";"1";"1";"1";"0"
"21082";"83756414";"21082";"19";"1";"1";"7";"6";"0";"1";"1";"1";"0"
"21083";"83756414";"21083";"19";"3";"3";"2";"6";"0";"1";"2";"1";"0"
"21084";"83756414";"21084";"19";"2";"1";"7";"6";"0";"2";"0";"1";"0"
"21091";"83761213";"21091";"19";"4";"3";"1";"4";"0";"1";"1";"1";"0"
"21150";"83764405";"21150";"19";"3";"1";"2";"5";"1";"0";"1";"2";"0"
"21151";"83764405";"21151";"19";"1";"1";"1";"3";"1";"0";"1";"2";"0"
"21154";"83765105";"21154";"19";"1";"3";"1";"4";"1";"0";"1";"2";"0"
"21167";"83767402";"21167";"19";"1";"1";"7";"3";"0";"1";"1";"1";"0"
"21168";"83767402";"21168";"19";"1";"1";"7";"5";"0";"1";"1";"1";"0"
"21171";"83771310";"21171";"19";"1";"1";"7";"6";"1";"1";"2";"2";"0"
"21174";"83772201";"21174";"19";"1";"1";"7";"6";"0";"1";"1";"1";"0"
"21175";"83772201";"21175";"19";"1";"1";"7";"6";"0";"1";"1";"1";"0"
"21177";"83772201";"21177";"19";"1";"1";"2";"6";"0";"1";"1";"1";"0"
"21178";"83772201";"21178";"19";"1";"3";"1";"6";"0";"1";"1";"1";"0"
"21180";"83772206";"21180";"19";"1";"1";"1";"6";"1";"1";"2";"2";"0"
"21181";"83773101";"21181";"19";"1";"3";"2";"3";"1";"0";"1";"2";"0"
"21183";"83773101";"21183";"19";"1";"1";"7";"6";"0";"2";"1";"1";"0"
"21186";"83773101";"21186";"19";"3";"1";"1";"6";"0";"1";"2";"1";"0"
"21188";"83773101";"3237";"19";"2";"1";"2";"5";"0";"1";"1";"1";"0"
"21206";"83774301";"21206";"19";"2";"3";"2";"6";"0";"1";"1";"1";"0"
"21210";"83776104";"21210";"19";"1";"1";"7";"3";"0";"1";"1";"1";"0"
"21211";"83776104";"21211";"19";"1";"1";"7";"3";"0";"1";"1";"1";"0"
"21212";"83777103";"21212";"19";"1";"1";"7";"3";"0";"1";"1";"1";"0"
"21213";"83777307";"21213";"19";"3";"1";"7";"6";"0";"1";"1";"1";"0"
"21215";"83777307";"21215";"19";"1";"1";"7";"3";"0";"1";"1";"1";"0"
"21220";"83777502";"21220";"19";"1";"1";"7";"6";"0";"1";"2";"1";"0"
"21222";"83777502";"21222";"19";"3";"3";"1";"4";"0";"1";"1";"1";"0"
"21242";"83785201";"21242";"19";"1";"1";"7";"6";"0";"1";"1";"1";"0"
"21302";"83794402";"21302";"19";"3";"2";"1";"6";"0";"1";"2";"1";"0"
"21332";"83795404";"21332";"19";"3";"3";"1";"6";"0";"2";"1";"1";"0"
"21348";"83802304";"21348";"19";"1";"3";"1";"6";"0";"1";"1";"1";"0"
"21372";"83806211";"21372";"19";"1";"1";"7";"7";"0";"1";"1";"1";"0"
"21374";"83806211";"21374";"19";"1";"4";"2";"6";"0";"1";"1";"1";"0"
"21375";"83806211";"21375";"19";"1";"1";"7";"4";"0";"1";"1";"1";"0"
"21376";"83806211";"21376";"19";"1";"1";"7";"6";"0";"1";"4";"1";"0"
"21378";"83806211";"21378";"19";"1";"1";"7";"6";"0";"1";"2";"1";"0"
"21383";"83806211";"21383";"19";"1";"1";"7";"6";"0";"1";"3";"1";"0"
"21391";"83811503";"21391";"19";"1";"1";"7";"5";"1";"0";"1";"2";"0"
"21393";"83811503";"21393";"19";"1";"1";"7";"6";"0";"1";"1";"1";"0"
"21431";"83811503";"21431";"19";"1";"1";"7";"6";"0";"1";"1";"1";"0"
"21437";"83811503";"21437";"19";"1";"1";"1";"6";"0";"2";"0";"1";"0"
"21493";"83817302";"21493";"19";"1";"1";"7";"6";"0";"1";"2";"1";"0"