"accident_id";"lieu_id";"date_id";"cause_id";"lum_id";"intemp_id";"etat_surface_id";"impliq_id";"nb_blesses_graves";"nb_blesses_legers";"nb_indemnes";"gravite";"nb_morts"
"21500";"83817408";"21500";"19";"3";"3";"1";"4";"0";"1";"1";"1";"0"
"21502";"83817408";"21502";"19";"1";"1";"7";"7";"0";"1";"1";"1";"0"
"21535";"83826308";"21535";"19";"1";"1";"7";"6";"0";"1";"1";"1";"0"
"21548";"83836103";"21548";"19";"1";"1";"7";"6";"0";"2";"0";"1";"0"
"21553";"83836103";"21553";"19";"3";"6";"1";"6";"1";"0";"0";"3";"0"
"21572";"83836401";"21572";"19";"1";"1";"7";"4";"0";"1";"1";"1";"0"
"21590";"83837504";"21590";"19";"3";"1";"7";"6";"0";"2";"0";"1";"0"
"21596";"83844401";"21596";"19";"1";"1";"7";"4";"1";"0";"1";"2";"0"
"21606";"83847202";"21606";"19";"1";"1";"7";"6";"0";"1";"2";"1";"0"
"21610";"83847202";"21610";"19";"2";"1";"7";"4";"0";"1";"1";"1";"0"
"21611";"83847202";"21611";"19";"1";"1";"1";"6";"0";"5";"0";"1";"0"
"21617";"83847401";"21617";"19";"3";"1";"7";"4";"0";"1";"1";"1";"0"
"21644";"83856207";"21644";"19";"1";"1";"7";"4";"0";"1";"1";"1";"0"
"21653";"83857311";"21653";"19";"3";"1";"1";"4";"0";"1";"1";"1";"0"
"21664";"83866307";"21664";"19";"1";"1";"1";"6";"0";"1";"1";"1";"0"
"21678";"83866402";"21678";"19";"1";"1";"7";"6";"0";"1";"1";"1";"0"
"21768";"83874409";"21768";"19";"3";"3";"1";"4";"0";"1";"1";"1";"0"
"21887";"83885315";"21887";"19";"1";"1";"1";"6";"1";"0";"1";"2";"0"
"21979";"83912101";"21979";"19";"3";"1";"1";"6";"0";"1";"1";"1";"0"
"22000";"83923302";"22000";"19";"1";"1";"7";"3";"0";"1";"1";"1";"0"
"22002";"83923402";"22002";"19";"1";"1";"2";"3";"0";"1";"1";"1";"0"
"22051";"83933203";"22051";"19";"1";"1";"7";"6";"1";"1";"0";"2";"0"
"22052";"83933205";"22052";"19";"1";"1";"7";"4";"0";"1";"1";"1";"0"
"22053";"83933205";"22053";"19";"3";"3";"1";"4";"0";"1";"1";"1";"0"
"22083";"84721505";"22083";"19";"3";"1";"7";"6";"0";"2";"1";"1";"0"
"22086";"84731209";"22086";"19";"5";"3";"1";"6";"0";"1";"1";"1";"0"
"22118";"84743202";"22118";"19";"1";"1";"7";"6";"0";"1";"1";"1";"0"
"22119";"84743202";"22119";"19";"1";"1";"7";"6";"0";"2";"2";"1";"0"
"22121";"84743202";"22121";"19";"1";"3";"1";"6";"0";"2";"1";"1";"0"
"22122";"84743202";"22122";"19";"1";"1";"2";"6";"0";"1";"2";"1";"0"
"22123";"84743202";"22123";"19";"1";"1";"7";"5";"0";"1";"1";"1";"0"
"22263";"84767404";"22263";"19";"1";"1";"7";"6";"0";"1";"1";"1";"0"
"22316";"84777201";"22316";"19";"1";"3";"1";"6";"0";"1";"1";"1";"0"
"22354";"84792105";"22354";"19";"1";"1";"7";"6";"0";"1";"1";"1";"0"
"22404";"84803404";"22404";"19";"1";"1";"7";"5";"0";"2";"1";"1";"0"
"22414";"84803518";"22414";"19";"1";"1";"7";"5";"0";"1";"1";"1";"0"
"22445";"84804513";"22445";"19";"1";"1";"7";"6";"0";"1";"1";"1";"0"
"22448";"84804513";"22448";"19";"1";"1";"7";"4";"0";"1";"1";"1";"0"
"22483";"84806207";"22483";"19";"1";"1";"7";"6";"0";"3";"1";"1";"0"
"22499";"84806314";"22499";"19";"1";"1";"7";"3";"0";"1";"1";"1";"0"
"22558";"84812204";"22558";"19";"1";"1";"7";"6";"0";"1";"1";"1";"0"
"22559";"84812204";"7488";"19";"1";"1";"7";"4";"0";"1";"2";"1";"0"
"22577";"84815110";"22577";"19";"1";"1";"7";"4";"0";"1";"1";"1";"0"
"22583";"84815112";"22583";"19";"1";"1";"7";"3";"0";"1";"1";"1";"0"
"22589";"84815115";"22589";"19";"1";"1";"7";"5";"0";"0";"1";"3";"0"
"22625";"84817204";"22625";"19";"1";"3";"1";"4";"0";"1";"1";"1";"0"
"22648";"84822103";"22648";"19";"1";"3";"2";"6";"0";"1";"2";"1";"0"
"22649";"84822103";"22649";"19";"2";"3";"2";"6";"1";"3";"0";"2";"0"
"22659";"84823203";"22659";"19";"1";"1";"7";"6";"0";"1";"1";"1";"0"
"22667";"84823308";"22667";"19";"3";"3";"2";"3";"0";"1";"1";"1";"0"
"22668";"84823308";"22668";"19";"1";"1";"7";"6";"0";"3";"0";"1";"0"
"22670";"84823308";"22670";"19";"1";"1";"7";"8";"0";"1";"1";"1";"0"
"22671";"84823308";"22671";"19";"1";"1";"7";"6";"0";"1";"1";"1";"0"
"22699";"84825107";"22699";"19";"1";"1";"7";"4";"0";"1";"1";"1";"0"
"22777";"84831412";"22777";"19";"1";"3";"2";"6";"0";"1";"1";"1";"0"
"22857";"84836301";"22857";"19";"1";"1";"1";"6";"0";"1";"1";"1";"0"
"22888";"84837106";"22888";"19";"3";"1";"1";"3";"0";"1";"1";"1";"0"
"22892";"84837204";"22892";"19";"1";"1";"7";"4";"1";"0";"1";"2";"0"
"22893";"84837204";"22893";"19";"3";"1";"7";"6";"0";"1";"1";"1";"0"
"22900";"84837413";"22900";"19";"1";"1";"7";"7";"0";"1";"1";"1";"0"
"22946";"84846501";"22946";"19";"3";"1";"7";"6";"1";"2";"0";"2";"0"
"22996";"84851409";"22996";"19";"3";"1";"7";"4";"0";"1";"2";"1";"0"
"22997";"84851409";"22997";"19";"1";"1";"7";"6";"0";"1";"1";"1";"0"
"23014";"84853502";"23014";"19";"1";"3";"1";"6";"0";"1";"1";"1";"0"
"23015";"84853502";"23015";"19";"1";"1";"7";"4";"0";"1";"1";"1";"0"
"23016";"84853502";"23016";"19";"1";"1";"7";"6";"0";"2";"0";"1";"0"
"23017";"84853502";"23017";"19";"1";"1";"7";"6";"0";"1";"1";"1";"0"
"23018";"84853502";"23018";"19";"1";"1";"7";"6";"0";"2";"1";"1";"0"
"23019";"84853502";"23019";"19";"1";"1";"7";"6";"0";"1";"1";"1";"0"
"23020";"84853502";"23020";"19";"1";"1";"7";"4";"0";"2";"0";"1";"0"
"23021";"84853502";"23021";"19";"1";"1";"7";"6";"0";"1";"0";"1";"0"
"23022";"84853502";"23022";"19";"1";"1";"2";"4";"0";"1";"1";"1";"0"
"23024";"84853502";"23024";"19";"1";"1";"7";"6";"1";"0";"1";"2";"0"
"23026";"84853502";"23026";"19";"1";"1";"7";"6";"0";"1";"2";"1";"0"
"23027";"84853502";"23027";"19";"1";"1";"7";"6";"0";"1";"1";"1";"0"
"23029";"84853502";"23029";"19";"1";"3";"1";"8";"0";"1";"1";"1";"0"
"23042";"84854403";"23042";"19";"3";"1";"1";"6";"0";"3";"0";"1";"0"
"23046";"84854405";"23046";"19";"1";"1";"7";"6";"0";"3";"0";"1";"0"
"23048";"84854405";"23048";"19";"1";"1";"7";"6";"0";"1";"1";"1";"0"
"23051";"84854405";"23051";"19";"1";"1";"7";"4";"1";"0";"1";"2";"0"
"23052";"84854405";"23052";"19";"1";"1";"1";"6";"0";"1";"1";"1";"0"
"23053";"84854405";"23053";"19";"1";"1";"7";"6";"0";"1";"1";"1";"0"
"23055";"84854501";"23055";"19";"1";"1";"1";"4";"0";"1";"1";"1";"0"
"23131";"84857505";"22052";"19";"1";"3";"2";"4";"1";"0";"1";"2";"0"
"23136";"84857507";"23136";"19";"1";"1";"7";"4";"0";"1";"1";"1";"0"
"23166";"84862101";"23166";"19";"1";"1";"7";"4";"0";"1";"1";"1";"0"
"23167";"84862101";"23167";"19";"3";"1";"7";"4";"1";"0";"1";"2";"0"
"23169";"84862101";"2413";"19";"1";"1";"7";"4";"0";"1";"1";"1";"0"
"23172";"84862101";"23172";"19";"1";"6";"1";"6";"0";"1";"1";"1";"0"
"23174";"84862101";"23174";"19";"3";"3";"2";"4";"1";"0";"1";"2";"0"
"23176";"84862101";"23176";"19";"1";"1";"7";"4";"0";"1";"1";"1";"0"
"23178";"84862101";"13159";"19";"1";"3";"1";"4";"0";"1";"1";"1";"0"
"23179";"84862101";"23179";"19";"1";"1";"7";"6";"0";"1";"1";"1";"0"
"23180";"84862101";"23180";"19";"1";"1";"7";"4";"0";"1";"1";"1";"0"
"23181";"84862101";"23181";"19";"1";"1";"1";"3";"1";"0";"1";"2";"0"
"23182";"84862101";"23182";"19";"1";"3";"1";"4";"0";"1";"2";"1";"0"
"23183";"84862101";"23183";"19";"2";"1";"7";"4";"0";"1";"1";"1";"0"
"23184";"84862101";"23184";"19";"3";"1";"4";"6";"0";"3";"0";"1";"0"
"23185";"84862101";"23185";"19";"1";"1";"7";"4";"0";"1";"1";"1";"0"
"23186";"84862101";"23186";"19";"3";"1";"7";"4";"0";"1";"1";"1";"0"
"23188";"84862102";"23188";"19";"3";"1";"1";"4";"1";"0";"1";"2";"0"
"23197";"84862206";"23197";"19";"3";"1";"7";"6";"0";"3";"0";"1";"0"
"23198";"84862206";"23198";"19";"3";"1";"7";"4";"0";"1";"1";"1";"0"
"23199";"84862206";"23199";"19";"2";"1";"7";"6";"0";"1";"1";"1";"0"
"23201";"84862206";"23201";"19";"1";"3";"1";"6";"0";"2";"0";"1";"0"
"23215";"84863203";"23215";"19";"1";"1";"7";"4";"0";"1";"1";"1";"0"
"23216";"84863203";"23216";"19";"2";"1";"7";"6";"0";"1";"1";"1";"0"
"23217";"84863206";"21897";"19";"1";"1";"7";"6";"0";"1";"1";"1";"0"
"23220";"84863206";"23220";"19";"1";"1";"1";"4";"0";"1";"1";"1";"0"
"23266";"84864305";"23266";"19";"3";"3";"1";"6";"0";"4";"0";"1";"0"
"23267";"84864305";"23267";"19";"1";"1";"7";"4";"0";"1";"1";"1";"0"
"23285";"84864514";"23285";"19";"1";"1";"7";"6";"0";"1";"1";"1";"0"
"23303";"84865302";"23303";"19";"3";"3";"1";"6";"0";"6";"0";"1";"0"
"23322";"84866402";"23322";"19";"3";"1";"7";"6";"0";"1";"1";"1";"0"
"23370";"84871108";"23370";"19";"1";"1";"7";"6";"0";"1";"1";"1";"0"
"23454";"84873303";"23454";"19";"3";"2";"1";"6";"0";"2";"0";"1";"0"
"23465";"84874402";"23465";"19";"1";"1";"7";"7";"2";"3";"1";"2";"0"
"23481";"84875105";"23481";"19";"1";"1";"7";"6";"0";"0";"2";"0";"0"
"23607";"84882104";"23607";"19";"1";"1";"7";"6";"0";"1";"1";"1";"0"
"23609";"84882104";"23609";"19";"1";"1";"7";"6";"0";"3";"1";"1";"0"
"23610";"84882104";"23610";"19";"3";"3";"1";"4";"0";"1";"1";"1";"0"
"23611";"84882104";"23611";"19";"1";"1";"1";"6";"0";"2";"2";"1";"0"
"23612";"84882104";"23612";"19";"1";"1";"7";"6";"0";"2";"3";"1";"0"
"23613";"84882104";"23613";"19";"1";"1";"7";"6";"0";"1";"1";"1";"0"
"23614";"84882104";"23614";"19";"1";"1";"7";"6";"0";"2";"0";"1";"0"
"23615";"84882104";"23615";"19";"1";"1";"7";"6";"0";"1";"2";"1";"0"
"23616";"84882104";"23616";"19";"1";"1";"7";"6";"0";"1";"1";"1";"0"
"23617";"84882104";"23617";"19";"1";"1";"7";"6";"0";"1";"1";"1";"0"
"23626";"84883202";"23626";"19";"1";"1";"7";"3";"0";"1";"1";"1";"0"
"23637";"84884301";"23637";"19";"1";"1";"7";"3";"0";"1";"1";"1";"0"
"23651";"84885402";"23651";"19";"1";"1";"7";"7";"0";"1";"1";"1";"0"
"23699";"85714514";"23699";"19";"5";"1";"7";"6";"0";"3";"2";"1";"0"
"23700";"85714514";"23700";"19";"1";"1";"7";"6";"0";"1";"1";"1";"0"
"23723";"85735407";"19288";"19";"1";"1";"7";"3";"0";"1";"1";"1";"0"
"23736";"85743405";"23736";"19";"1";"1";"7";"5";"1";"0";"1";"2";"0"
"23738";"85744101";"23738";"19";"1";"1";"7";"6";"1";"0";"1";"2";"0"
"23739";"85744101";"23739";"19";"5";"1";"7";"6";"0";"2";"2";"1";"0"
"23740";"85744101";"23740";"19";"1";"1";"7";"6";"0";"1";"1";"1";"0"
"23742";"85744408";"23742";"19";"1";"4";"2";"6";"0";"1";"2";"1";"0"
"23753";"85771308";"23753";"19";"3";"1";"7";"6";"0";"1";"1";"1";"0"
"23756";"85771423";"23756";"19";"1";"1";"2";"6";"0";"1";"1";"1";"0"
"23757";"85771423";"23757";"19";"1";"1";"7";"6";"0";"0";"1";"3";"0"
"23758";"85771423";"23758";"19";"1";"3";"2";"6";"0";"1";"1";"1";"0"
"23774";"85772501";"6033";"19";"1";"1";"7";"7";"1";"0";"1";"2";"0"
"23805";"85782103";"23805";"19";"1";"1";"7";"5";"1";"0";"1";"2";"0"
"23809";"85784225";"23809";"19";"3";"1";"1";"6";"0";"2";"1";"1";"0"
"23818";"85785203";"23818";"19";"2";"1";"1";"6";"0";"1";"0";"1";"0"
"23821";"85785203";"23821";"19";"2";"1";"7";"6";"0";"1";"1";"1";"0"
"23823";"85785203";"23823";"19";"1";"1";"7";"6";"0";"4";"2";"1";"0"
"23836";"85786503";"23836";"19";"1";"1";"7";"7";"1";"0";"1";"2";"0"
"23839";"85786503";"23839";"19";"1";"3";"2";"6";"0";"3";"1";"1";"0"
"23844";"85786503";"23844";"19";"1";"1";"7";"7";"0";"1";"3";"1";"0"
"23848";"85786503";"23848";"19";"2";"2";"1";"6";"1";"1";"2";"2";"0"
"23868";"85806402";"23868";"19";"1";"1";"7";"4";"0";"1";"1";"1";"0"
"23908";"85811105";"23908";"19";"1";"1";"7";"6";"0";"1";"1";"1";"0"
"298";"1199";"298";"19";"1";"1";"7";"6";"0";"1";"1";"1";"0"
"369";"1456";"369";"19";"3";"1";"7";"6";"0";"1";"1";"1";"0"
"411";"1824";"411";"19";"1";"1";"7";"6";"0";"1";"1";"1";"0"
"873";"8303";"873";"19";"1";"1";"7";"6";"1";"0";"1";"2";"0"
"2683";"35634";"2683";"19";"1";"3";"1";"6";"0";"1";"2";"1";"0"
"2695";"35638";"2695";"19";"1";"1";"7";"6";"0";"1";"1";"1";"0"
"28697";"87802501";"28697";"19";"2";"1";"7";"6";"0";"1";"1";"1";"0"
"28698";"87802501";"28698";"19";"3";"1";"7";"6";"0";"3";"1";"1";"0"
"28699";"87802501";"28699";"19";"1";"1";"7";"6";"0";"4";"1";"1";"0"
"28700";"87802501";"28700";"19";"1";"1";"7";"6";"0";"3";"1";"1";"0"
"28701";"87802501";"28701";"19";"1";"1";"7";"6";"0";"1";"3";"1";"0"
"28703";"87802501";"28703";"19";"1";"1";"7";"6";"0";"1";"1";"1";"0"
"28704";"87802501";"28704";"19";"1";"1";"7";"6";"0";"2";"0";"1";"0"
"28706";"87802501";"28706";"19";"2";"1";"7";"6";"0";"2";"0";"1";"0"
"28707";"87802501";"16358";"19";"1";"1";"7";"6";"0";"2";"1";"1";"0"
"28708";"87802501";"24136";"19";"1";"1";"7";"6";"0";"1";"1";"1";"0"
"28709";"87802501";"28709";"19";"3";"1";"1";"6";"0";"1";"1";"1";"0"
"28710";"87802501";"28710";"19";"1";"1";"7";"6";"0";"3";"0";"1";"0"
"28711";"87802501";"28711";"19";"1";"1";"7";"6";"0";"1";"1";"1";"0"
"28712";"87802501";"28712";"19";"1";"1";"7";"6";"0";"1";"1";"1";"0"
"28722";"87803103";"28722";"19";"1";"1";"7";"3";"1";"0";"1";"2";"0"
"28723";"87803103";"28723";"19";"1";"1";"7";"6";"0";"1";"1";"1";"0"
"28724";"87803105";"28724";"19";"1";"1";"1";"6";"0";"1";"0";"1";"0"
"28725";"87803105";"28725";"19";"1";"1";"7";"4";"1";"0";"1";"2";"0"
"28731";"87803305";"28731";"19";"1";"1";"7";"3";"1";"0";"1";"2";"0"
"28734";"87803309";"28734";"19";"1";"1";"7";"6";"0";"1";"1";"1";"0"
"28737";"87803403";"28737";"19";"1";"1";"7";"6";"0";"4";"0";"1";"0"
"28738";"87803403";"28738";"19";"1";"1";"7";"6";"0";"1";"1";"1";"0"
"28739";"87803403";"28739";"19";"3";"1";"7";"6";"0";"2";"1";"1";"0"
"28740";"87803403";"28740";"19";"1";"1";"7";"6";"0";"1";"1";"1";"0"
"28741";"87803403";"28741";"19";"3";"1";"7";"3";"0";"1";"1";"1";"0"
"28742";"87803403";"28742";"19";"1";"1";"7";"6";"0";"2";"0";"1";"0"
"28743";"87803403";"28743";"19";"1";"1";"7";"6";"0";"1";"1";"1";"0"
"28744";"87803403";"28744";"19";"3";"1";"7";"6";"0";"1";"2";"1";"0"
"28745";"87803408";"28745";"19";"1";"3";"2";"4";"0";"1";"1";"1";"0"
"28746";"87803408";"28746";"19";"1";"1";"7";"4";"0";"1";"1";"1";"0"
"28774";"87804414";"28774";"19";"1";"1";"7";"4";"0";"1";"0";"1";"0"
"28776";"87805110";"28776";"19";"1";"1";"7";"4";"0";"1";"1";"1";"0"
"28777";"87805301";"26185";"19";"2";"1";"7";"4";"0";"2";"0";"1";"0"
"28784";"87805306";"28784";"19";"3";"6";"1";"4";"0";"1";"1";"1";"0"
"28788";"87805306";"28788";"19";"3";"1";"7";"4";"0";"1";"1";"1";"0"
"28789";"87805306";"28789";"19";"1";"1";"7";"4";"0";"1";"1";"1";"0"
"28807";"87806210";"28807";"19";"1";"1";"7";"6";"0";"1";"1";"1";"0"
"28810";"87806504";"28810";"19";"1";"1";"7";"4";"0";"1";"1";"1";"0"
"28815";"87807107";"28815";"19";"3";"1";"7";"8";"0";"1";"1";"1";"0"
"28821";"87807309";"28821";"19";"3";"1";"7";"6";"0";"1";"2";"1";"0"
"28822";"87807401";"28822";"19";"1";"1";"7";"6";"2";"0";"1";"2";"0"
"28825";"87807401";"28825";"19";"3";"1";"7";"6";"1";"2";"0";"2";"0"
"28826";"87807401";"28826";"19";"1";"3";"1";"6";"0";"1";"1";"1";"0"
"28828";"87807401";"28828";"19";"1";"1";"7";"4";"0";"1";"1";"1";"0"
"28830";"87807401";"11266";"19";"3";"1";"7";"6";"0";"2";"1";"1";"0"
"28903";"87811301";"28903";"19";"1";"1";"7";"6";"0";"1";"2";"1";"0"
"28904";"87811301";"28904";"19";"1";"3";"1";"6";"0";"1";"3";"1";"0"
"28905";"87811301";"28905";"19";"1";"1";"7";"6";"0";"2";"0";"1";"0"
"28914";"87811405";"28914";"19";"1";"1";"7";"6";"0";"1";"0";"1";"0"
"28942";"87812101";"28942";"19";"3";"1";"7";"6";"0";"2";"2";"1";"0"
"29052";"87813501";"29052";"19";"3";"1";"7";"6";"0";"3";"2";"1";"0"
"29074";"87815106";"29074";"19";"1";"1";"7";"6";"0";"1";"1";"1";"0"
"29080";"87817207";"29080";"19";"2";"1";"2";"3";"1";"0";"1";"2";"0"
"29083";"87817310";"29083";"19";"1";"1";"7";"6";"0";"1";"1";"1";"0"
"29094";"87821105";"29094";"19";"3";"1";"7";"6";"0";"2";"0";"1";"0"
"29095";"87821105";"29095";"19";"1";"1";"7";"6";"0";"1";"0";"1";"0"
"29124";"87821501";"29124";"19";"3";"1";"7";"6";"0";"1";"2";"1";"0"
"29128";"87821501";"29128";"19";"1";"1";"7";"6";"0";"1";"2";"1";"0"
"29130";"87821501";"29130";"19";"3";"1";"7";"6";"0";"1";"1";"1";"0"
"29135";"87821501";"29135";"19";"1";"3";"1";"6";"0";"2";"1";"1";"0"
"29167";"87822303";"29167";"19";"1";"1";"7";"4";"0";"1";"1";"1";"0"
"29177";"87822404";"29177";"19";"3";"3";"2";"6";"0";"1";"3";"3";"1"
"29180";"87822404";"29180";"19";"1";"1";"1";"6";"0";"1";"1";"1";"0"
"29183";"87822404";"29183";"19";"1";"1";"7";"4";"0";"1";"1";"1";"0"
"29203";"87823303";"29203";"19";"1";"1";"7";"4";"0";"1";"3";"1";"0"
"29274";"87832218";"29274";"19";"1";"3";"2";"6";"0";"1";"0";"1";"0"
"29276";"87832218";"29276";"19";"1";"1";"7";"5";"0";"1";"1";"1";"0"
"29351";"87835402";"29351";"19";"3";"3";"1";"6";"0";"1";"1";"1";"0"
"29352";"87835402";"29352";"19";"1";"1";"7";"6";"0";"1";"1";"1";"0"
"29354";"87835402";"29354";"19";"1";"3";"1";"4";"0";"2";"1";"1";"0"
"29362";"87836411";"29362";"19";"3";"3";"2";"6";"0";"2";"0";"1";"0"
"29376";"87837203";"29376";"19";"1";"1";"7";"6";"0";"2";"0";"1";"0"
"29377";"87837203";"29377";"19";"1";"1";"7";"6";"0";"1";"1";"1";"0"
"29379";"87837203";"29379";"19";"3";"1";"7";"6";"0";"6";"0";"1";"0"
"29380";"87837203";"29380";"19";"1";"1";"1";"6";"0";"1";"1";"1";"0"
"29381";"87837203";"29381";"19";"1";"1";"7";"6";"0";"2";"2";"1";"0"
"29430";"87843407";"29430";"19";"1";"1";"1";"5";"0";"1";"1";"1";"0"
"29448";"87844505";"29448";"19";"1";"1";"7";"6";"0";"1";"2";"1";"0"
"29455";"87845405";"29455";"19";"1";"1";"7";"5";"0";"1";"1";"1";"0"
"29461";"87846206";"29461";"19";"1";"3";"2";"6";"0";"2";"0";"1";"0"
"29470";"87846208";"29470";"19";"1";"1";"7";"3";"0";"1";"1";"1";"0"
"29507";"88747404";"29507";"19";"1";"1";"7";"6";"0";"1";"1";"1";"0"
"29508";"88747404";"29508";"19";"1";"1";"7";"4";"0";"1";"1";"1";"0"
"29516";"88791310";"29516";"19";"1";"1";"1";"3";"0";"1";"1";"1";"0"
"29517";"88791310";"29517";"19";"1";"1";"7";"6";"0";"1";"0";"1";"0"
"29534";"88795314";"29534";"19";"1";"1";"7";"6";"0";"1";"1";"1";"0"
"29535";"88795314";"29535";"19";"1";"1";"7";"6";"1";"0";"1";"2";"0"
"29536";"88795321";"29536";"19";"1";"1";"7";"3";"0";"1";"1";"1";"0"
"29538";"88795321";"29538";"19";"1";"1";"7";"6";"0";"1";"1";"1";"0"
"29539";"88795403";"29539";"19";"3";"3";"1";"4";"2";"0";"1";"2";"0"
"29549";"88801308";"29549";"19";"1";"1";"7";"6";"0";"1";"1";"1";"0"
"29550";"88801308";"29550";"19";"1";"1";"7";"6";"0";"3";"0";"1";"0"
"29551";"88801308";"29551";"19";"1";"1";"7";"6";"0";"2";"1";"1";"0"
"29552";"88801308";"29552";"19";"1";"1";"7";"6";"0";"1";"1";"1";"0"
"29553";"88801308";"29553";"19";"1";"1";"7";"6";"0";"1";"1";"1";"0"
"29554";"88801309";"29554";"19";"1";"1";"7";"6";"0";"3";"3";"1";"0"
"29555";"88801309";"29555";"19";"1";"1";"7";"4";"0";"1";"1";"1";"0"
"29560";"88801415";"29560";"19";"2";"3";"2";"6";"1";"2";"1";"2";"0"
"29561";"88801509";"29561";"19";"1";"1";"7";"6";"0";"1";"1";"1";"0"
"29572";"88804504";"29572";"19";"1";"1";"7";"5";"1";"0";"1";"2";"0"
"29578";"88805402";"29578";"19";"1";"1";"7";"4";"1";"0";"1";"2";"0"
"29585";"88814304";"29585";"19";"3";"3";"1";"4";"0";"1";"2";"1";"0"
"29586";"88814304";"29586";"19";"1";"1";"7";"5";"0";"1";"1";"1";"0"
"29587";"88815104";"29587";"19";"1";"3";"2";"6";"0";"1";"0";"1";"0"
"29589";"88815104";"29589";"19";"3";"1";"7";"4";"1";"0";"1";"2";"0"
"29593";"88817302";"29593";"19";"3";"4";"2";"6";"0";"4";"0";"1";"0"
"29610";"88831302";"29610";"19";"3";"3";"1";"6";"0";"1";"1";"1";"0"
"29611";"88831302";"29611";"19";"1";"1";"7";"6";"0";"1";"1";"1";"0"
"29623";"88833403";"14998";"19";"1";"1";"7";"6";"0";"1";"1";"1";"0"
"29626";"88833403";"29626";"19";"1";"1";"7";"6";"0";"2";"3";"1";"0"
"29627";"88833403";"29627";"19";"1";"1";"7";"6";"1";"1";"0";"2";"0"
"29628";"88833403";"29628";"19";"1";"1";"7";"6";"0";"1";"0";"1";"0"
"29629";"88833403";"29629";"19";"1";"1";"7";"6";"0";"3";"0";"1";"0"
"29630";"88833403";"29630";"19";"1";"1";"7";"6";"0";"6";"1";"1";"0"
"29647";"88835203";"29647";"19";"1";"1";"7";"6";"0";"1";"1";"1";"0"
"29649";"88835502";"29645";"19";"3";"1";"7";"6";"0";"1";"1";"1";"0"
"29657";"88841107";"29657";"19";"1";"1";"7";"6";"0";"1";"1";"1";"0"
"29667";"88842204";"29667";"19";"1";"1";"7";"7";"1";"0";"1";"2";"0"
"29668";"88842204";"29668";"19";"2";"1";"7";"6";"3";"1";"0";"2";"0"
"29669";"88842204";"29669";"19";"1";"1";"7";"5";"0";"1";"1";"1";"0"
"29686";"88843301";"29686";"19";"1";"1";"7";"3";"0";"1";"1";"1";"0"
"29726";"88845506";"29726";"19";"1";"6";"1";"6";"0";"1";"1";"1";"0"
"29731";"88846503";"29731";"19";"3";"3";"1";"6";"0";"1";"1";"1";"0"
"29732";"88846503";"29732";"19";"3";"3";"2";"4";"0";"1";"1";"1";"0"
"29736";"89734403";"29736";"19";"1";"3";"2";"6";"0";"2";"2";"1";"0"
"29740";"89745102";"2479";"19";"1";"1";"7";"6";"0";"4";"2";"1";"0"
"29741";"89746101";"29741";"19";"1";"3";"1";"6";"1";"0";"1";"2";"0"
"29752";"89811413";"29752";"19";"1";"1";"7";"4";"0";"1";"2";"1";"0"
"29753";"89811413";"29753";"19";"1";"1";"7";"4";"0";"1";"1";"1";"0"
"29770";"89814504";"29770";"19";"1";"1";"7";"6";"0";"1";"2";"1";"0"
"29771";"89815403";"29771";"19";"1";"1";"7";"6";"0";"1";"1";"1";"0"
"29783";"89821303";"29783";"19";"1";"1";"7";"4";"1";"0";"1";"2";"0"
"29784";"89821303";"29784";"19";"1";"3";"2";"6";"0";"3";"2";"1";"0"
"29786";"89821303";"29786";"19";"1";"1";"7";"6";"0";"2";"1";"1";"0"
"29787";"89821303";"29787";"19";"3";"1";"2";"6";"0";"2";"0";"1";"0"
"29788";"89821303";"29788";"19";"3";"1";"7";"6";"0";"3";"0";"1";"0"
"29789";"89821303";"29789";"19";"1";"1";"7";"6";"3";"0";"1";"2";"0"
"29790";"89821303";"29790";"19";"3";"3";"2";"6";"0";"2";"5";"1";"0"
"29791";"89821303";"29791";"19";"1";"3";"1";"6";"0";"1";"1";"1";"0"
"29792";"89821303";"29792";"19";"3";"1";"7";"6";"0";"1";"1";"1";"0"
"29793";"89821303";"29793";"19";"1";"1";"7";"3";"0";"1";"1";"1";"0"
"29795";"89821303";"29795";"19";"1";"1";"7";"6";"0";"1";"1";"1";"0"
"14456";"78664405";"14456";"19";"1";"2";"2";"7";"1";"1";"1";"2";"0"
"14467";"78665505";"14467";"19";"1";"1";"7";"5";"0";"2";"1";"1";"0"
"14470";"78665505";"14470";"19";"3";"1";"1";"6";"0";"1";"1";"1";"0"
"14490";"78676204";"14490";"19";"3";"1";"7";"5";"0";"1";"1";"1";"0"
"14506";"78685203";"14506";"19";"5";"1";"7";"6";"0";"1";"1";"1";"0"
"14571";"78731401";"14571";"19";"1";"1";"7";"4";"0";"1";"1";"1";"0"
"14607";"78734104";"14607";"19";"1";"1";"7";"6";"0";"3";"0";"1";"0"
"14610";"78734104";"14610";"19";"1";"1";"7";"6";"0";"3";"0";"1";"0"