"accident_id";"lieu_id";"date_id";"cause_id";"lum_id";"intemp_id";"etat_surface_id";"impliq_id";"nb_blesses_graves";"nb_blesses_legers";"nb_indemnes";"gravite";"nb_morts"
"14612";"78734104";"14612";"19";"2";"1";"7";"5";"0";"1";"1";"1";"0"
"14614";"78734104";"14614";"19";"3";"1";"1";"6";"0";"1";"2";"1";"0"
"14615";"78734104";"14615";"19";"1";"1";"7";"6";"0";"1";"1";"1";"0"
"14616";"78734104";"14616";"19";"1";"1";"7";"6";"0";"2";"1";"3";"2"
"14617";"78734104";"14617";"19";"3";"3";"1";"6";"0";"3";"0";"1";"0"
"14618";"78734104";"14618";"19";"2";"3";"2";"6";"0";"1";"1";"1";"0"
"14623";"78735309";"14623";"19";"3";"1";"7";"6";"0";"5";"1";"1";"0"
"14772";"78751504";"14772";"19";"1";"1";"7";"6";"1";"0";"1";"2";"0"
"14773";"78751504";"14773";"19";"1";"1";"7";"6";"0";"1";"1";"1";"0"
"14775";"78751504";"14775";"19";"3";"1";"7";"6";"0";"1";"0";"1";"0"
"14779";"78751504";"14779";"19";"1";"1";"7";"6";"0";"1";"0";"1";"0"
"14780";"78751504";"14780";"19";"3";"1";"7";"5";"0";"2";"0";"1";"0"
"14851";"78761302";"14851";"19";"1";"1";"7";"6";"0";"3";"0";"1";"0"
"14852";"78761302";"14852";"19";"1";"1";"7";"8";"0";"4";"1";"1";"0"
"14853";"78761302";"14853";"19";"1";"1";"7";"8";"0";"1";"1";"1";"0"
"14854";"78761302";"14854";"19";"1";"1";"7";"6";"0";"2";"0";"1";"0"
"14855";"78761302";"5004";"19";"1";"1";"7";"6";"0";"3";"2";"1";"0"
"14856";"78761302";"14856";"19";"1";"1";"7";"4";"0";"1";"1";"1";"0"
"14857";"78761302";"14857";"19";"1";"1";"7";"6";"0";"2";"2";"1";"0"
"14931";"78764107";"14931";"19";"1";"1";"7";"4";"1";"0";"1";"2";"0"
"15237";"78781402";"15237";"19";"1";"3";"1";"6";"0";"1";"1";"1";"0"
"15289";"78784105";"15289";"19";"2";"1";"1";"6";"0";"2";"0";"1";"0"
"15404";"79664404";"15404";"19";"1";"1";"7";"7";"0";"2";"0";"1";"0"
"15405";"79664404";"15405";"19";"1";"1";"7";"5";"1";"0";"1";"2";"0"
"15406";"79664404";"15406";"19";"3";"1";"7";"6";"0";"2";"0";"1";"0"
"15421";"79671216";"15421";"19";"1";"1";"7";"3";"1";"0";"1";"2";"0"
"15423";"79672107";"15423";"19";"3";"3";"2";"6";"0";"1";"2";"1";"0"
"15430";"79672109";"15430";"19";"1";"3";"2";"6";"0";"2";"0";"1";"0"
"15598";"79727403";"15598";"19";"2";"1";"2";"6";"0";"1";"1";"1";"0"
"15724";"79735201";"15724";"19";"1";"1";"7";"6";"0";"2";"0";"1";"0"
"15834";"79745401";"15834";"19";"1";"1";"7";"6";"1";"0";"1";"2";"0"
"15846";"79745402";"15846";"19";"1";"1";"7";"3";"0";"1";"1";"1";"0"
"15848";"79745403";"15848";"19";"2";"1";"1";"5";"0";"1";"1";"1";"0"
"15858";"79745406";"15858";"19";"3";"1";"2";"3";"0";"1";"1";"1";"0"
"16010";"79751504";"16010";"19";"1";"1";"7";"5";"0";"1";"1";"1";"0"
"16011";"79751504";"16011";"19";"1";"1";"7";"6";"0";"2";"1";"1";"0"
"16012";"79751504";"16012";"19";"1";"3";"2";"6";"0";"1";"1";"1";"0"
"16013";"79751504";"16013";"19";"1";"1";"7";"6";"0";"1";"1";"1";"0"
"16014";"79751504";"16014";"19";"1";"1";"7";"6";"0";"2";"1";"1";"0"
"16015";"79751504";"16015";"19";"1";"1";"7";"6";"0";"1";"1";"1";"0"
"16259";"79754101";"16259";"19";"1";"1";"7";"6";"0";"1";"2";"1";"0"
"16260";"79754101";"16260";"19";"3";"1";"7";"6";"0";"7";"0";"1";"0"
"16264";"79754103";"16264";"19";"1";"1";"7";"6";"0";"1";"1";"1";"0"
"16265";"79754103";"16265";"19";"1";"3";"2";"6";"0";"1";"1";"1";"0"
"16267";"79754103";"16267";"19";"1";"1";"7";"6";"0";"1";"1";"1";"0"
"16268";"79754103";"16268";"19";"1";"1";"7";"6";"0";"1";"1";"1";"0"
"16309";"79754508";"16309";"19";"1";"1";"7";"5";"0";"2";"0";"1";"0"
"16324";"79755305";"16324";"19";"3";"2";"2";"6";"0";"2";"2";"1";"0"
"16352";"79756104";"16352";"19";"1";"1";"7";"4";"0";"1";"1";"1";"0"
"16355";"79756107";"16355";"19";"3";"1";"7";"6";"0";"1";"1";"1";"0"
"16475";"79762101";"16475";"19";"1";"1";"7";"6";"1";"0";"1";"2";"0"
"16476";"79762101";"16476";"19";"1";"1";"2";"6";"0";"2";"1";"1";"0"
"16477";"79762101";"16477";"19";"3";"3";"2";"6";"0";"2";"0";"1";"0"
"16478";"79762101";"16478";"19";"1";"1";"7";"6";"0";"2";"1";"1";"0"
"16479";"79762101";"16479";"19";"3";"1";"7";"6";"0";"1";"1";"1";"0"
"16480";"79762101";"16480";"19";"1";"1";"7";"6";"0";"1";"1";"1";"0"
"16481";"79762101";"16481";"19";"3";"1";"7";"6";"0";"1";"2";"1";"0"
"16482";"79762101";"16482";"19";"1";"1";"2";"6";"0";"1";"2";"1";"0"
"16483";"79762101";"16483";"19";"3";"1";"7";"6";"0";"2";"0";"1";"0"
"16484";"79762101";"16484";"19";"1";"1";"7";"4";"0";"1";"1";"1";"0"
"16485";"79762101";"16485";"19";"1";"1";"7";"6";"0";"1";"1";"1";"0"
"16486";"79762101";"16486";"19";"1";"1";"7";"6";"0";"2";"2";"1";"0"
"16487";"79762101";"16487";"19";"1";"1";"7";"6";"0";"3";"2";"1";"0"
"16488";"79762101";"16488";"19";"3";"3";"1";"4";"0";"1";"1";"1";"0"
"16489";"79762101";"16489";"19";"1";"3";"1";"6";"0";"3";"2";"1";"0"
"16490";"79762101";"16490";"19";"5";"2";"1";"6";"0";"5";"2";"1";"0"
"16491";"79762101";"16491";"19";"5";"1";"7";"6";"0";"1";"2";"1";"0"
"16492";"79762101";"16492";"19";"2";"1";"7";"6";"0";"2";"2";"1";"0"
"16493";"79762101";"16493";"19";"1";"1";"7";"6";"0";"4";"2";"1";"0"
"16494";"79762101";"16494";"19";"3";"1";"7";"6";"0";"2";"2";"1";"0"
"16495";"79762101";"16495";"19";"1";"1";"7";"6";"0";"2";"0";"1";"0"
"16496";"79762101";"16496";"19";"3";"2";"1";"6";"0";"1";"1";"1";"0"
"16497";"79762101";"16497";"19";"1";"1";"7";"6";"0";"2";"1";"1";"0"
"16512";"79762302";"16512";"19";"1";"1";"7";"6";"0";"1";"1";"1";"0"
"16513";"79762302";"16513";"19";"3";"1";"7";"4";"0";"1";"1";"1";"0"
"16520";"79763204";"16520";"19";"1";"1";"7";"6";"0";"1";"2";"1";"0"
"16521";"79763204";"16521";"19";"1";"3";"2";"4";"1";"0";"1";"2";"0"
"16522";"79763204";"16522";"19";"3";"1";"7";"6";"0";"1";"1";"1";"0"
"16523";"79763204";"16523";"19";"1";"3";"1";"6";"0";"2";"0";"1";"0"
"16524";"79763204";"16524";"19";"1";"1";"7";"5";"0";"1";"1";"1";"0"
"16525";"79763204";"16525";"19";"2";"1";"7";"3";"0";"1";"1";"1";"0"
"16526";"79763204";"411";"19";"1";"1";"7";"6";"0";"1";"1";"1";"0"
"16529";"79763307";"16529";"19";"1";"1";"7";"5";"0";"1";"1";"1";"0"
"16530";"79763307";"16530";"19";"1";"2";"1";"6";"0";"1";"1";"1";"0"
"16556";"79764102";"16556";"19";"2";"1";"7";"4";"0";"1";"2";"1";"0"
"16949";"79776301";"16949";"19";"1";"1";"7";"6";"1";"0";"1";"2";"0"
"17157";"79825502";"17157";"19";"1";"1";"7";"6";"0";"1";"2";"1";"0"
"17158";"79825502";"17158";"19";"1";"1";"7";"6";"0";"1";"0";"1";"0"
"17159";"79825502";"17159";"19";"1";"1";"7";"6";"1";"0";"1";"2";"0"
"17160";"79825502";"17160";"19";"1";"1";"7";"4";"0";"1";"1";"1";"0"
"17161";"79825502";"17161";"19";"3";"1";"7";"4";"1";"0";"1";"2";"0"
"17162";"79825502";"17162";"19";"1";"1";"7";"3";"0";"1";"1";"1";"0"
"17163";"79825502";"17163";"19";"1";"1";"7";"6";"0";"1";"2";"1";"0"
"17164";"79825502";"17164";"19";"1";"1";"7";"3";"0";"1";"1";"1";"0"
"17201";"79913209";"17201";"19";"1";"3";"1";"3";"0";"1";"1";"1";"0"
"17235";"80681506";"17235";"19";"1";"1";"7";"3";"0";"1";"1";"1";"0"
"17247";"80682505";"17247";"19";"1";"1";"7";"3";"0";"1";"1";"1";"0"
"17249";"80685402";"17249";"19";"1";"1";"7";"3";"0";"1";"1";"1";"0"
"17401";"80741105";"17401";"19";"1";"1";"7";"4";"0";"2";"1";"1";"0"
"17402";"80741105";"17402";"19";"3";"1";"7";"4";"0";"1";"1";"1";"0"
"17406";"80741201";"17406";"19";"1";"1";"7";"6";"0";"1";"2";"1";"0"
"17407";"80741201";"17407";"19";"1";"1";"7";"6";"0";"2";"1";"1";"0"
"17409";"80741201";"17409";"19";"1";"3";"1";"6";"0";"1";"3";"1";"0"
"17510";"80742307";"17510";"19";"1";"1";"7";"4";"0";"1";"1";"1";"0"
"17511";"80742309";"17511";"19";"1";"1";"7";"3";"0";"1";"1";"1";"0"
"17513";"80742314";"17513";"19";"1";"1";"7";"3";"0";"1";"1";"1";"0"
"17514";"80742314";"17514";"19";"3";"1";"7";"4";"0";"1";"1";"1";"0"
"17517";"80742402";"17517";"19";"1";"1";"7";"4";"0";"1";"1";"1";"0"
"17576";"80743403";"17576";"19";"1";"1";"7";"6";"0";"1";"1";"1";"0"
"17577";"80743403";"17577";"19";"5";"1";"7";"6";"0";"2";"1";"1";"0"
"17578";"80743403";"17578";"19";"3";"1";"7";"6";"0";"1";"1";"1";"0"
"18038";"80755205";"18038";"19";"1";"1";"7";"8";"1";"0";"1";"2";"0"
"18634";"80774402";"18634";"19";"1";"1";"7";"6";"0";"1";"1";"1";"0"
"18635";"80774402";"18635";"19";"4";"1";"7";"6";"0";"2";"1";"1";"0"
"18636";"80774402";"18636";"19";"1";"4";"3";"6";"0";"1";"1";"1";"0"
"18637";"80774402";"18637";"19";"1";"1";"7";"6";"0";"1";"2";"1";"0"
"18639";"80774402";"18639";"19";"1";"1";"7";"6";"0";"1";"1";"1";"0"
"18753";"80777512";"18753";"19";"1";"1";"7";"6";"0";"1";"1";"1";"0"
"18768";"80782109";"18768";"19";"1";"1";"7";"6";"2";"0";"1";"2";"0"
"18769";"80782109";"18769";"19";"1";"1";"7";"6";"0";"2";"0";"1";"0"
"18777";"80782303";"18777";"19";"3";"1";"7";"5";"1";"0";"1";"2";"0"
"19034";"80803302";"19034";"19";"1";"1";"7";"4";"1";"1";"1";"2";"0"
"19064";"80805210";"19064";"19";"4";"1";"7";"4";"0";"1";"1";"1";"0"
"19065";"80805303";"19065";"19";"1";"2";"2";"6";"0";"3";"0";"1";"0"
"19069";"80805401";"19069";"19";"1";"1";"7";"6";"1";"0";"1";"2";"0"
"19070";"80805401";"19070";"19";"3";"1";"7";"6";"0";"1";"1";"1";"0"
"19072";"80805401";"19072";"19";"1";"1";"7";"6";"0";"4";"3";"1";"0"
"19128";"80837506";"19128";"19";"1";"1";"7";"7";"0";"0";"1";"3";"0"
"19147";"80877407";"19147";"19";"3";"1";"7";"7";"1";"0";"1";"2";"0"
"23949";"85813205";"23949";"19";"1";"1";"7";"4";"0";"1";"1";"1";"0"
"23972";"85814103";"23972";"19";"1";"1";"7";"5";"0";"1";"1";"1";"0"
"24025";"85815302";"24025";"19";"1";"1";"7";"6";"0";"1";"1";"1";"0"
"24026";"85815302";"24026";"19";"1";"3";"1";"6";"0";"2";"0";"1";"0"
"24027";"85815302";"24027";"19";"1";"1";"7";"4";"0";"1";"1";"1";"0"
"24031";"85815302";"24031";"19";"1";"1";"7";"6";"0";"1";"2";"1";"0"
"24032";"85815302";"24032";"19";"1";"1";"7";"6";"0";"2";"0";"1";"0"
"24034";"85815302";"24034";"19";"1";"1";"1";"4";"0";"1";"3";"1";"0"
"24035";"85815302";"24035";"19";"1";"1";"7";"6";"0";"1";"1";"1";"0"
"24041";"85815401";"24041";"19";"1";"1";"7";"6";"0";"2";"2";"1";"0"
"24042";"85815401";"24042";"19";"1";"1";"7";"5";"1";"0";"1";"2";"0"
"24043";"85815401";"24043";"19";"1";"1";"7";"5";"0";"1";"1";"1";"0"
"24045";"85815401";"24045";"19";"1";"1";"7";"4";"0";"1";"1";"1";"0"
"24046";"85815401";"24046";"19";"1";"1";"1";"6";"0";"1";"0";"1";"0"
"24087";"85816401";"24087";"19";"1";"1";"7";"6";"0";"1";"1";"1";"0"
"24088";"85816401";"24088";"19";"2";"3";"2";"6";"0";"3";"0";"1";"0"
"24094";"85817201";"24094";"19";"2";"2";"1";"4";"0";"1";"1";"1";"0"
"24098";"85817402";"24098";"19";"1";"1";"7";"6";"0";"1";"1";"1";"0"
"24099";"85817402";"24099";"19";"1";"1";"7";"6";"0";"2";"1";"1";"0"
"24100";"85817402";"24100";"19";"1";"1";"7";"6";"0";"4";"0";"1";"0"
"24104";"85817402";"24104";"19";"3";"1";"7";"6";"0";"1";"1";"1";"0"
"24125";"85817507";"24125";"19";"1";"1";"7";"6";"0";"2";"1";"1";"0"
"24162";"85821505";"24162";"19";"1";"3";"1";"6";"0";"1";"2";"1";"0"
"24165";"85822107";"24165";"19";"1";"1";"7";"6";"0";"1";"0";"1";"0"
"24166";"85822107";"24166";"19";"3";"1";"7";"6";"0";"1";"0";"1";"0"
"24168";"85822107";"24168";"19";"3";"1";"1";"6";"0";"1";"1";"1";"0"
"24169";"85822107";"24169";"19";"1";"1";"7";"6";"0";"1";"3";"1";"0"
"24170";"85822107";"24170";"19";"1";"1";"7";"6";"0";"1";"1";"1";"0"
"24210";"85822507";"24210";"19";"1";"1";"7";"6";"0";"1";"1";"1";"0"
"24211";"85822507";"24211";"19";"1";"1";"7";"6";"0";"1";"1";"1";"0"
"24212";"85822507";"24212";"19";"1";"1";"7";"6";"0";"2";"1";"1";"0"
"24213";"85822507";"24213";"19";"1";"3";"1";"6";"0";"1";"0";"1";"0"
"24224";"85823201";"24224";"19";"1";"1";"7";"4";"0";"1";"1";"1";"0"
"24225";"85823201";"24225";"19";"1";"1";"7";"6";"0";"1";"2";"1";"0"
"24226";"85823201";"24226";"19";"1";"1";"7";"6";"0";"1";"1";"1";"0"
"24227";"85823201";"24227";"19";"1";"1";"7";"6";"0";"2";"0";"1";"0"
"24229";"85823201";"24229";"19";"3";"1";"7";"6";"0";"2";"2";"1";"0"
"24230";"85823201";"24230";"19";"1";"1";"7";"6";"0";"2";"2";"1";"0"
"24231";"85823201";"24231";"19";"1";"1";"7";"6";"1";"2";"0";"2";"0"
"24233";"85823301";"24233";"19";"1";"1";"7";"6";"0";"1";"1";"1";"0"
"24234";"85823301";"24234";"19";"1";"1";"7";"6";"0";"1";"1";"1";"0"
"24235";"85823301";"24235";"19";"1";"1";"7";"6";"0";"1";"1";"1";"0"
"24236";"85823301";"24236";"19";"1";"1";"7";"6";"0";"5";"3";"1";"0"
"24237";"85823301";"24237";"19";"2";"1";"7";"6";"0";"1";"1";"1";"0"
"24238";"85823301";"24238";"19";"1";"1";"7";"6";"0";"1";"2";"1";"0"
"24243";"85823304";"24243";"19";"1";"1";"7";"3";"0";"1";"1";"1";"0"
"24244";"85823304";"24244";"19";"3";"1";"7";"4";"0";"1";"2";"1";"0"
"24245";"85823304";"24245";"19";"3";"3";"1";"3";"0";"1";"1";"1";"0"
"24266";"85824101";"24266";"19";"1";"1";"7";"4";"0";"1";"1";"1";"0"
"24268";"85824103";"24268";"19";"1";"1";"7";"4";"0";"1";"1";"1";"0"
"24269";"85824103";"24269";"19";"3";"3";"2";"6";"0";"1";"3";"1";"0"
"24279";"85824202";"24279";"19";"1";"1";"7";"6";"0";"1";"1";"1";"0"
"24280";"85824202";"24280";"19";"1";"1";"7";"6";"0";"1";"1";"1";"0"
"24281";"85824202";"24281";"19";"1";"1";"7";"6";"0";"1";"1";"1";"0"
"24283";"85824202";"24283";"19";"1";"1";"7";"6";"0";"1";"1";"1";"0"
"24284";"85824202";"24284";"19";"1";"1";"1";"6";"0";"1";"1";"1";"0"
"24285";"85824202";"24285";"19";"3";"1";"7";"6";"0";"1";"1";"1";"0"
"24286";"85824202";"24286";"19";"3";"1";"7";"6";"0";"1";"2";"1";"0"
"24287";"85824202";"24287";"19";"1";"1";"7";"6";"0";"1";"2";"1";"0"
"24288";"85824202";"24288";"19";"1";"1";"7";"6";"0";"2";"2";"1";"0"
"24289";"85824203";"24289";"19";"3";"3";"2";"6";"0";"1";"2";"1";"0"
"24290";"85824203";"24290";"19";"1";"1";"7";"6";"0";"4";"0";"1";"0"
"24291";"85824203";"24291";"19";"1";"1";"7";"4";"1";"0";"1";"2";"0"
"24292";"85824203";"24292";"19";"3";"1";"7";"6";"0";"1";"1";"1";"0"
"24322";"85825401";"24322";"19";"3";"1";"7";"6";"1";"0";"1";"2";"0"
"24323";"85825401";"24323";"19";"1";"3";"2";"6";"0";"3";"1";"1";"0"
"24324";"85825401";"24324";"19";"1";"3";"2";"6";"0";"1";"1";"1";"0"
"24326";"85825401";"24326";"19";"1";"1";"2";"6";"0";"2";"2";"1";"0"
"24327";"85825401";"24327";"19";"1";"1";"7";"6";"0";"2";"1";"1";"0"
"24328";"85825401";"24328";"19";"1";"1";"7";"6";"0";"1";"2";"1";"0"
"24329";"85825401";"24329";"19";"1";"1";"7";"6";"0";"1";"0";"1";"0"
"24331";"85825401";"24331";"19";"3";"1";"7";"6";"0";"1";"1";"1";"0"
"24332";"85825401";"24332";"19";"2";"2";"1";"6";"0";"2";"3";"1";"0"
"24333";"85825401";"24333";"19";"1";"1";"7";"3";"0";"1";"1";"1";"0"
"24334";"85825401";"24334";"19";"1";"1";"7";"6";"0";"1";"2";"1";"0"
"24336";"85825401";"24336";"19";"1";"1";"7";"3";"0";"1";"0";"1";"0"
"24337";"85825401";"24337";"19";"1";"1";"1";"6";"0";"1";"1";"1";"0"
"24338";"85825401";"24338";"19";"1";"3";"1";"3";"0";"1";"1";"1";"0"
"24339";"85825401";"24339";"19";"1";"1";"7";"6";"0";"1";"4";"1";"0"
"24340";"85825401";"24340";"19";"1";"1";"7";"6";"0";"3";"1";"1";"0"
"24343";"85825401";"24343";"19";"1";"1";"7";"6";"0";"1";"1";"1";"0"
"24344";"85825401";"24344";"19";"3";"1";"7";"4";"1";"0";"1";"2";"0"
"24345";"85825401";"24345";"19";"1";"3";"1";"6";"0";"2";"1";"1";"0"
"24349";"85825403";"24349";"19";"1";"1";"7";"6";"0";"1";"1";"1";"0"
"24350";"85825403";"24350";"19";"1";"1";"7";"6";"0";"1";"1";"1";"0"
"24351";"85825403";"24351";"19";"3";"1";"7";"6";"0";"1";"1";"1";"0"
"24402";"85826201";"24402";"19";"1";"1";"7";"6";"0";"1";"2";"1";"0"
"24406";"85826205";"24406";"19";"1";"1";"7";"4";"0";"1";"1";"1";"0"
"24408";"85826205";"24408";"19";"1";"1";"7";"4";"0";"1";"1";"1";"0"
"24410";"85826205";"24410";"19";"1";"1";"7";"4";"0";"1";"1";"1";"0"
"24424";"85826303";"12321";"19";"1";"1";"7";"6";"0";"0";"1";"3";"0"
"24430";"85826303";"24430";"19";"3";"1";"7";"4";"0";"1";"1";"1";"0"
"24455";"85827107";"24455";"19";"3";"1";"7";"6";"0";"1";"4";"1";"0"
"24456";"85827107";"24456";"19";"3";"1";"7";"5";"0";"3";"1";"1";"0"
"24483";"85827304";"24483";"19";"1";"1";"7";"6";"0";"1";"1";"1";"0"
"24499";"85827506";"24499";"19";"1";"1";"7";"4";"0";"1";"1";"1";"0"
"24523";"85831303";"24523";"19";"1";"1";"7";"4";"0";"1";"1";"1";"0"
"24528";"85831304";"24528";"19";"1";"1";"7";"6";"0";"1";"1";"1";"0"
"24530";"85831402";"24530";"19";"1";"1";"7";"6";"0";"1";"0";"1";"0"
"24531";"85831402";"24531";"19";"1";"1";"7";"6";"0";"3";"2";"1";"0"
"24533";"85831402";"24533";"19";"1";"3";"1";"6";"0";"2";"0";"1";"0"
"24545";"85832203";"24545";"19";"3";"1";"7";"6";"0";"2";"0";"1";"0"
"24546";"85832203";"24546";"19";"1";"1";"7";"4";"0";"1";"1";"1";"0"
"24556";"85833103";"24556";"19";"3";"1";"1";"6";"0";"1";"0";"1";"0"
"24594";"85833308";"24594";"19";"1";"1";"7";"4";"0";"1";"1";"1";"0"
"24600";"85834102";"24600";"19";"1";"1";"1";"4";"0";"1";"1";"1";"0"
"24623";"85834106";"24623";"19";"1";"1";"7";"6";"0";"1";"0";"1";"0"
"24639";"85834302";"24639";"19";"1";"1";"7";"4";"0";"1";"0";"1";"0"
"24679";"85834407";"24679";"19";"1";"1";"7";"6";"0";"1";"2";"1";"0"
"24686";"85835104";"24686";"19";"3";"1";"7";"3";"0";"1";"0";"1";"0"
"24689";"85835109";"24689";"19";"1";"1";"1";"6";"0";"2";"1";"1";"0"
"24690";"85835109";"24690";"19";"3";"1";"7";"6";"0";"1";"1";"1";"0"
"24695";"85835212";"24695";"19";"1";"1";"7";"6";"0";"2";"0";"1";"0"
"24696";"85835212";"24696";"19";"1";"1";"7";"4";"0";"1";"1";"1";"0"
"24698";"85835212";"24698";"19";"3";"1";"7";"4";"0";"1";"1";"1";"0"
"24699";"85835212";"24699";"19";"1";"3";"1";"6";"0";"3";"2";"1";"0"
"24700";"85835212";"24700";"19";"1";"1";"7";"4";"0";"1";"1";"1";"0"
"24701";"85835212";"24701";"19";"3";"1";"7";"4";"0";"1";"1";"1";"0"
"24702";"85835212";"24702";"19";"1";"4";"3";"3";"0";"1";"1";"1";"0"
"24703";"85835212";"22374";"19";"1";"1";"7";"4";"0";"1";"1";"1";"0"
"24704";"85835212";"24704";"19";"1";"1";"7";"6";"0";"1";"0";"1";"0"
"24705";"85835212";"24705";"19";"1";"1";"7";"6";"0";"2";"2";"1";"0"
"24706";"85835212";"24706";"19";"1";"1";"7";"6";"0";"1";"2";"1";"0"
"24710";"85835212";"24710";"19";"1";"1";"7";"4";"0";"1";"2";"1";"0"
"24711";"85835212";"24711";"19";"3";"1";"1";"4";"1";"0";"2";"2";"0"
"24712";"85835212";"24712";"19";"1";"1";"7";"6";"0";"1";"3";"1";"0"
"24713";"85835212";"24713";"19";"1";"1";"7";"6";"0";"5";"1";"1";"0"
"24714";"85835212";"24714";"19";"1";"3";"2";"4";"0";"1";"1";"1";"0"
"24715";"85835212";"24715";"19";"1";"1";"7";"3";"0";"1";"1";"1";"0"
"24717";"85835212";"24717";"19";"2";"1";"7";"5";"0";"1";"1";"1";"0"
"24718";"85835212";"24718";"19";"1";"3";"2";"6";"0";"1";"1";"1";"0"
"24719";"85835212";"24719";"19";"3";"3";"2";"4";"0";"1";"0";"1";"0"
"24720";"85835212";"24720";"19";"1";"1";"7";"6";"0";"2";"1";"1";"0"
"24721";"85835212";"24721";"19";"1";"3";"2";"6";"0";"2";"4";"1";"0"
"24722";"85835212";"24722";"19";"1";"1";"7";"4";"0";"1";"1";"1";"0"
"24723";"85835212";"24723";"19";"1";"1";"7";"3";"0";"1";"1";"1";"0"
"24724";"85835212";"24724";"19";"1";"1";"7";"6";"0";"3";"2";"1";"0"
"24725";"85835212";"24725";"19";"3";"1";"1";"4";"0";"1";"1";"1";"0"
"24729";"85835212";"24729";"19";"1";"1";"1";"4";"0";"1";"2";"1";"0"
"24730";"85835212";"24730";"19";"2";"3";"1";"6";"0";"3";"1";"1";"0"
"24754";"85835405";"24754";"19";"3";"2";"2";"4";"0";"1";"1";"1";"0"
"24757";"85835405";"24757";"19";"3";"1";"7";"5";"0";"4";"0";"1";"0"
"24758";"85835405";"24758";"19";"1";"1";"7";"6";"0";"1";"1";"1";"0"
"24808";"85836303";"24808";"19";"1";"1";"7";"6";"1";"0";"1";"2";"0"
"24809";"85836303";"24809";"19";"1";"1";"7";"6";"0";"2";"0";"1";"0"
"24826";"85836503";"24826";"19";"1";"3";"1";"4";"0";"1";"1";"1";"0"
"24836";"85837103";"23621";"19";"1";"1";"7";"3";"0";"1";"1";"1";"0"
"24839";"85837402";"24839";"19";"3";"1";"7";"3";"0";"1";"1";"1";"0"
"24847";"85837402";"24847";"19";"1";"1";"7";"4";"0";"1";"1";"1";"0"
"24867";"85837508";"24867";"19";"2";"1";"7";"6";"0";"1";"1";"1";"0"
"24959";"85842212";"24959";"19";"1";"1";"7";"6";"0";"1";"1";"1";"0"
"24966";"85843212";"24966";"19";"1";"1";"7";"6";"0";"1";"2";"1";"0"
"24968";"85844104";"24968";"19";"1";"1";"7";"6";"0";"1";"1";"1";"0"
"24970";"85844104";"24970";"19";"2";"2";"1";"6";"0";"1";"1";"1";"0"
"25008";"85845102";"25008";"19";"2";"1";"7";"6";"0";"2";"1";"1";"0"
"25009";"85845102";"25009";"19";"1";"1";"7";"6";"0";"2";"1";"1";"0"
"25010";"85845102";"25010";"19";"1";"1";"7";"4";"0";"1";"1";"1";"0"
"25011";"85845102";"25011";"19";"3";"1";"7";"4";"0";"2";"1";"1";"0"
"25013";"85845102";"25013";"19";"3";"1";"7";"4";"0";"1";"1";"1";"0"
"25014";"85845102";"25014";"19";"1";"1";"7";"6";"0";"2";"1";"1";"0"
"25015";"85845102";"25015";"19";"1";"1";"7";"6";"0";"1";"1";"1";"0"
"25016";"85845102";"25016";"19";"1";"1";"7";"6";"0";"1";"1";"1";"0"
"25027";"85845203";"25027";"19";"1";"3";"2";"4";"0";"1";"1";"1";"0"
"25029";"85845203";"25029";"19";"1";"1";"7";"6";"1";"1";"1";"2";"0"
"25033";"85845301";"25033";"19";"1";"1";"7";"4";"0";"1";"1";"1";"0"
"25080";"85846101";"25080";"19";"1";"1";"7";"3";"0";"1";"1";"1";"0"
"25081";"85846101";"25081";"19";"3";"1";"7";"6";"0";"1";"4";"1";"0"
"25082";"85846101";"25082";"19";"3";"1";"4";"4";"0";"1";"1";"1";"0"
"25084";"85846101";"25084";"19";"1";"1";"7";"6";"0";"3";"0";"1";"0"
"25087";"85846101";"25087";"19";"3";"1";"7";"4";"0";"1";"1";"1";"0"
"25091";"85846101";"25091";"19";"1";"1";"7";"4";"0";"1";"1";"1";"0"
"25094";"85846102";"25094";"19";"3";"1";"7";"6";"0";"1";"3";"1";"0"
"25096";"85846102";"24871";"19";"1";"1";"7";"4";"0";"2";"0";"1";"0"
"25234";"85851406";"25234";"19";"1";"1";"7";"6";"0";"1";"1";"1";"0"
"25283";"85852403";"25283";"19";"3";"1";"1";"6";"0";"1";"0";"1";"0"
"25362";"85854401";"25362";"19";"3";"1";"4";"3";"0";"1";"1";"1";"0"
"25363";"85854401";"25363";"19";"1";"1";"7";"4";"0";"1";"1";"1";"0"
"25365";"85854401";"25365";"19";"1";"1";"2";"3";"0";"1";"1";"1";"0"
"25366";"85854401";"25366";"19";"3";"1";"1";"3";"0";"1";"1";"1";"0"
"25367";"85854401";"25367";"19";"1";"3";"2";"6";"0";"1";"1";"1";"0"
"25368";"85854401";"21915";"19";"3";"3";"1";"6";"0";"2";"0";"1";"0"