"accident_id";"lieu_id";"date_id";"cause_id";"lum_id";"intemp_id";"etat_surface_id";"impliq_id";"nb_blesses_graves";"nb_blesses_legers";"nb_indemnes";"gravite";"nb_morts"
"25369";"85854401";"25369";"19";"1";"1";"7";"6";"1";"0";"1";"2";"0"
"25370";"85854401";"25370";"19";"1";"3";"1";"3";"0";"1";"1";"1";"0"
"25371";"85854401";"25371";"19";"1";"1";"7";"3";"0";"1";"1";"1";"0"
"25373";"85854402";"25373";"19";"1";"1";"5";"4";"0";"1";"1";"1";"0"
"25508";"85861401";"25508";"19";"1";"1";"7";"6";"0";"1";"1";"1";"0"
"25510";"85861401";"25510";"19";"1";"1";"7";"6";"0";"1";"1";"1";"0"
"25530";"85862101";"25530";"19";"1";"1";"7";"6";"0";"2";"1";"1";"0"
"25544";"85862101";"25544";"19";"1";"1";"7";"6";"0";"4";"2";"1";"0"
"25616";"85863502";"25616";"19";"1";"1";"7";"6";"0";"1";"1";"1";"0"
"25617";"85863502";"25617";"19";"1";"1";"7";"6";"1";"2";"0";"2";"0"
"25618";"85863502";"25618";"19";"1";"1";"7";"5";"0";"1";"1";"1";"0"
"25619";"85863502";"25619";"19";"1";"1";"7";"3";"0";"1";"1";"1";"0"
"25620";"85863502";"25620";"19";"3";"1";"7";"6";"0";"1";"0";"1";"0"
"25621";"85863502";"25621";"19";"3";"1";"7";"4";"0";"1";"1";"1";"0"
"25623";"85864102";"25623";"19";"1";"2";"1";"6";"0";"1";"1";"1";"0"
"25632";"85864201";"25632";"19";"1";"1";"7";"6";"0";"1";"1";"1";"0"
"25633";"85864201";"25633";"19";"1";"2";"1";"6";"1";"0";"1";"2";"0"
"25634";"85864204";"25634";"19";"3";"1";"7";"4";"0";"1";"1";"1";"0"
"25635";"85864204";"19399";"19";"1";"1";"7";"4";"0";"1";"1";"1";"0"
"25637";"85864204";"25637";"19";"1";"2";"2";"6";"0";"1";"2";"1";"0"
"25639";"85864204";"25639";"19";"1";"1";"7";"6";"0";"5";"0";"1";"0"
"25640";"85864204";"25640";"19";"3";"2";"1";"6";"0";"1";"1";"1";"0"
"25642";"85864204";"25642";"19";"3";"1";"7";"6";"0";"2";"0";"1";"0"
"25661";"85864503";"25661";"19";"1";"1";"7";"6";"0";"1";"1";"1";"0"
"25664";"85864503";"25664";"19";"1";"3";"1";"3";"0";"1";"1";"1";"0"
"25665";"85864503";"25665";"19";"1";"1";"7";"4";"0";"1";"1";"1";"0"
"25736";"85866304";"25736";"19";"1";"1";"7";"4";"0";"1";"1";"1";"0"
"25739";"85866304";"25739";"19";"2";"1";"7";"6";"0";"1";"1";"1";"0"
"25740";"85866304";"25740";"19";"3";"3";"1";"6";"0";"1";"1";"1";"0"
"25741";"85866304";"13833";"19";"3";"1";"7";"6";"0";"2";"0";"1";"0"
"25742";"85866304";"25742";"19";"1";"1";"7";"6";"0";"1";"2";"1";"0"
"25743";"85866304";"25743";"19";"1";"1";"7";"6";"0";"1";"3";"1";"0"
"25744";"85866304";"25744";"19";"1";"1";"7";"7";"0";"2";"0";"1";"0"
"25761";"85867407";"25761";"19";"1";"1";"7";"6";"0";"1";"1";"1";"0"
"25808";"85871308";"25808";"19";"3";"3";"1";"6";"0";"4";"0";"1";"0"
"25809";"85871308";"25809";"19";"1";"1";"7";"6";"0";"1";"0";"1";"0"
"25847";"85873104";"25847";"19";"1";"1";"7";"6";"0";"1";"1";"1";"0"
"25848";"85873104";"25848";"19";"3";"1";"7";"6";"1";"0";"1";"2";"0"
"25850";"85873104";"25850";"19";"3";"1";"7";"4";"0";"1";"1";"1";"0"
"25852";"85873104";"25852";"19";"1";"1";"1";"4";"0";"1";"1";"1";"0"
"25854";"85873104";"25854";"19";"1";"1";"1";"6";"0";"2";"0";"1";"0"
"25856";"85873105";"12615";"19";"1";"1";"7";"3";"0";"1";"1";"1";"0"
"25859";"85873106";"25859";"19";"1";"1";"1";"6";"0";"1";"1";"1";"0"
"25907";"85874402";"25907";"19";"1";"1";"7";"4";"1";"0";"1";"2";"0"
"25914";"85874508";"25914";"19";"2";"3";"2";"6";"0";"2";"0";"1";"0"
"25965";"85875502";"25965";"19";"1";"1";"1";"6";"0";"1";"3";"1";"0"
"26096";"85886102";"26096";"19";"1";"7";"1";"6";"0";"3";"0";"1";"0"
"26097";"85886102";"26097";"19";"3";"1";"7";"6";"0";"2";"0";"1";"0"
"26125";"85887504";"26125";"19";"3";"1";"7";"6";"0";"3";"0";"1";"0"
"26151";"85901304";"26151";"19";"1";"1";"7";"6";"0";"2";"0";"1";"0"
"26152";"85901304";"14041";"19";"3";"1";"7";"4";"0";"1";"1";"1";"0"
"26154";"85901304";"26154";"19";"1";"1";"7";"6";"0";"3";"0";"1";"0"
"26155";"85901304";"26155";"19";"1";"1";"7";"6";"0";"1";"1";"1";"0"
"26160";"85902104";"26160";"19";"1";"1";"1";"6";"0";"2";"1";"1";"0"
"26175";"86732405";"26175";"19";"1";"1";"7";"6";"1";"0";"1";"2";"0"
"26176";"86732405";"26176";"19";"1";"3";"1";"8";"0";"1";"1";"1";"0"
"26218";"86786205";"26218";"19";"1";"1";"7";"6";"0";"1";"0";"1";"0"
"26227";"86793209";"26227";"19";"3";"1";"7";"6";"0";"1";"1";"1";"0"
"26239";"86793305";"26239";"19";"1";"1";"7";"6";"0";"1";"1";"1";"0"
"26240";"86793305";"26240";"19";"3";"6";"1";"5";"0";"1";"1";"1";"0"
"26243";"86794408";"26243";"19";"1";"1";"7";"4";"0";"2";"1";"1";"0"
"26256";"86797205";"26256";"19";"1";"1";"7";"6";"2";"1";"0";"2";"0"
"26257";"86797205";"26257";"19";"1";"1";"7";"6";"0";"2";"0";"1";"0"
"26259";"86797205";"26259";"19";"3";"3";"1";"6";"0";"1";"1";"1";"0"
"26260";"86797205";"26260";"19";"1";"1";"7";"6";"0";"2";"0";"1";"0"
"26261";"86797205";"26261";"19";"1";"3";"2";"6";"0";"1";"0";"1";"0"
"26262";"86797205";"26262";"19";"1";"1";"7";"4";"1";"0";"0";"2";"0"
"26264";"86797205";"26264";"19";"1";"1";"7";"6";"0";"1";"1";"1";"0"
"26265";"86797205";"26265";"19";"3";"1";"7";"6";"0";"4";"1";"1";"0"
"26266";"86797205";"26266";"19";"1";"1";"7";"7";"0";"0";"1";"3";"0"
"26270";"86797514";"26270";"19";"1";"1";"7";"3";"0";"0";"1";"0";"0"
"26289";"86802101";"26289";"19";"1";"1";"7";"6";"0";"1";"1";"1";"0"
"26296";"86802103";"26296";"19";"1";"1";"7";"6";"0";"3";"1";"1";"0"
"26312";"86802503";"26312";"19";"3";"3";"2";"6";"0";"2";"1";"1";"0"
"26313";"86802504";"26313";"19";"1";"1";"7";"6";"0";"1";"1";"1";"0"
"26314";"86802504";"26314";"19";"3";"1";"7";"6";"0";"3";"0";"1";"0"
"26315";"86802504";"26315";"19";"1";"1";"7";"3";"0";"1";"1";"1";"0"
"26317";"86802504";"26317";"19";"1";"1";"7";"6";"0";"1";"2";"1";"0"
"26318";"86802504";"26318";"19";"1";"1";"1";"6";"1";"0";"1";"2";"0"
"26352";"86803502";"26352";"19";"2";"1";"7";"4";"0";"1";"1";"1";"0"
"26361";"86803506";"26361";"19";"3";"7";"1";"6";"0";"3";"2";"1";"0"
"26372";"86804302";"26372";"19";"2";"1";"7";"3";"0";"1";"1";"1";"0"
"26374";"86804302";"26374";"19";"1";"1";"7";"5";"0";"1";"2";"1";"0"
"26375";"86804302";"26375";"19";"1";"1";"7";"4";"0";"1";"1";"1";"0"
"26376";"86804302";"26376";"19";"3";"3";"1";"4";"0";"1";"1";"1";"0"
"26377";"86804302";"26377";"19";"1";"1";"7";"4";"0";"1";"1";"1";"0"
"26381";"86804302";"26381";"19";"1";"1";"2";"5";"0";"1";"1";"1";"0"
"26382";"86804302";"26382";"19";"2";"2";"2";"4";"0";"2";"0";"1";"0"
"26383";"86804302";"26383";"19";"1";"1";"7";"4";"0";"1";"1";"1";"0"
"26384";"86804302";"26384";"19";"1";"1";"7";"4";"1";"0";"1";"2";"0"
"26385";"86804302";"26385";"19";"1";"1";"7";"4";"0";"1";"0";"1";"0"
"26386";"86804302";"26386";"19";"1";"1";"7";"3";"0";"1";"2";"1";"0"
"26387";"86804302";"26387";"19";"3";"1";"7";"4";"0";"1";"1";"1";"0"
"26388";"86804302";"26388";"19";"1";"1";"7";"3";"1";"0";"1";"2";"0"
"26391";"86804302";"26391";"19";"1";"1";"7";"4";"0";"1";"1";"1";"0"
"26394";"86804402";"26394";"19";"1";"1";"7";"6";"0";"1";"1";"1";"0"
"26395";"86804414";"26395";"19";"1";"3";"1";"6";"0";"1";"2";"1";"0"
"26397";"86804502";"26397";"19";"3";"1";"7";"6";"0";"1";"1";"1";"0"
"26398";"86804502";"26398";"19";"1";"1";"7";"6";"0";"1";"1";"1";"0"
"26408";"86804507";"26408";"19";"1";"1";"7";"6";"0";"1";"3";"1";"0"
"26409";"86804507";"26409";"19";"3";"1";"7";"6";"0";"1";"1";"1";"0"
"26410";"86804507";"26410";"19";"1";"1";"7";"6";"0";"1";"3";"1";"0"
"26411";"86804507";"26411";"19";"1";"1";"7";"6";"0";"1";"2";"1";"0"
"26412";"86804507";"26412";"19";"2";"1";"7";"6";"1";"1";"1";"2";"0"
"26414";"86804507";"26414";"19";"3";"1";"7";"6";"0";"1";"1";"1";"0"
"26415";"86804507";"26415";"19";"1";"3";"1";"6";"0";"3";"0";"1";"0"
"26416";"86804507";"26416";"19";"3";"1";"7";"6";"0";"1";"2";"1";"0"
"26430";"86805213";"26430";"19";"1";"1";"7";"6";"0";"2";"0";"1";"0"
"26431";"86805302";"26431";"19";"3";"1";"7";"6";"0";"3";"0";"1";"0"
"26432";"86805302";"26432";"19";"3";"1";"7";"6";"0";"2";"0";"1";"0"
"26433";"86805307";"26433";"19";"1";"1";"7";"8";"0";"2";"1";"1";"0"
"26435";"86805307";"26435";"19";"1";"1";"7";"6";"0";"1";"2";"1";"0"
"26442";"86805402";"26442";"19";"3";"3";"1";"6";"0";"2";"1";"1";"0"
"26467";"86806206";"26467";"19";"3";"1";"7";"6";"0";"1";"1";"1";"0"
"26483";"86806504";"26483";"19";"3";"1";"1";"6";"0";"2";"0";"1";"0"
"26485";"86806504";"26485";"19";"3";"1";"7";"6";"0";"2";"1";"1";"0"
"26486";"86806504";"26486";"19";"3";"1";"7";"6";"0";"1";"3";"1";"0"
"26515";"86811104";"26515";"19";"1";"1";"7";"4";"0";"1";"1";"1";"0"
"26516";"86811105";"26516";"19";"1";"1";"7";"6";"0";"2";"2";"1";"0"
"26517";"86811105";"26517";"19";"1";"1";"7";"3";"0";"1";"1";"1";"0"
"26518";"86811105";"26518";"19";"1";"1";"7";"6";"0";"2";"0";"1";"0"
"26519";"86811105";"26519";"19";"2";"1";"7";"6";"0";"1";"0";"1";"0"
"26520";"86811105";"26520";"19";"3";"1";"7";"6";"0";"2";"0";"1";"0"
"26521";"86811105";"26521";"19";"1";"3";"1";"6";"0";"2";"0";"1";"0"
"26522";"86811105";"26522";"19";"1";"1";"7";"6";"0";"2";"0";"1";"0"
"26523";"86811105";"17182";"19";"3";"3";"1";"6";"0";"3";"0";"1";"0"
"26524";"86811105";"26524";"19";"1";"1";"7";"6";"0";"1";"1";"1";"0"
"26525";"86811201";"26525";"19";"3";"1";"7";"4";"1";"0";"1";"2";"0"
"26526";"86811201";"26526";"19";"2";"1";"1";"4";"0";"1";"1";"1";"0"
"26528";"86811201";"26528";"19";"3";"2";"1";"3";"0";"1";"1";"1";"0"
"26529";"86811201";"26529";"19";"1";"1";"7";"4";"0";"1";"1";"1";"0"
"26530";"86811201";"26530";"19";"2";"3";"1";"5";"0";"1";"1";"1";"0"
"26532";"86811201";"26532";"19";"1";"1";"7";"3";"0";"1";"1";"1";"0"
"26533";"86811201";"26533";"19";"3";"3";"1";"5";"0";"1";"2";"1";"0"
"26534";"86811201";"26534";"19";"1";"1";"7";"4";"0";"1";"1";"1";"0"
"26535";"86811206";"26535";"19";"1";"1";"7";"3";"0";"1";"1";"1";"0"
"26537";"86811207";"26537";"19";"1";"1";"7";"4";"0";"1";"1";"1";"0"
"26538";"86811207";"26538";"19";"1";"1";"7";"4";"0";"1";"2";"1";"0"
"26539";"86811207";"26539";"19";"1";"3";"1";"3";"0";"1";"1";"1";"0"
"26540";"86811207";"26540";"19";"1";"1";"7";"3";"0";"1";"1";"1";"0"
"26542";"86811207";"18472";"19";"1";"1";"7";"3";"0";"1";"1";"1";"0"
"26543";"86811207";"23218";"19";"1";"1";"1";"6";"0";"1";"1";"1";"0"
"26544";"86811207";"26544";"19";"3";"1";"7";"8";"0";"3";"0";"1";"0"
"26545";"86811207";"26545";"19";"2";"1";"7";"4";"0";"1";"1";"1";"0"
"26546";"86811207";"26546";"19";"3";"1";"7";"3";"0";"1";"1";"1";"0"
"26549";"86811302";"26549";"19";"1";"7";"1";"3";"0";"1";"1";"1";"0"
"26554";"86811308";"26554";"19";"1";"1";"7";"6";"0";"2";"2";"1";"0"
"26555";"86811308";"26555";"19";"1";"1";"7";"6";"0";"1";"1";"1";"0"
"26556";"86811308";"26556";"19";"3";"7";"7";"6";"0";"1";"2";"1";"0"
"26557";"86811308";"26557";"19";"1";"1";"7";"6";"1";"0";"2";"2";"0"
"26558";"86811308";"26558";"19";"1";"1";"7";"6";"0";"1";"1";"1";"0"
"26559";"86811403";"26559";"19";"3";"1";"1";"6";"0";"1";"1";"1";"0"
"26562";"86811404";"26562";"19";"1";"1";"7";"6";"0";"1";"2";"1";"0"
"26563";"86811405";"26563";"19";"3";"1";"1";"6";"0";"1";"1";"1";"0"
"26568";"86812102";"26568";"19";"1";"1";"7";"4";"0";"1";"2";"1";"0"
"26570";"86812202";"26570";"19";"1";"1";"7";"4";"0";"1";"1";"1";"0"
"26573";"86812202";"26573";"19";"2";"3";"1";"6";"0";"1";"2";"1";"0"
"26575";"86812203";"26575";"19";"1";"2";"1";"6";"0";"2";"4";"1";"0"
"26579";"86812207";"26579";"19";"3";"1";"7";"4";"0";"1";"1";"1";"0"
"26600";"86812501";"26600";"19";"3";"3";"2";"6";"0";"1";"1";"1";"0"
"26611";"86812502";"26611";"19";"2";"1";"1";"4";"0";"1";"1";"1";"0"
"26613";"86812504";"26613";"19";"1";"1";"7";"6";"0";"1";"1";"1";"0"
"26620";"86813101";"26620";"19";"3";"1";"1";"6";"0";"5";"0";"1";"0"
"26623";"86813101";"26623";"19";"3";"1";"7";"6";"0";"2";"1";"1";"0"
"26629";"86813104";"26629";"19";"3";"1";"7";"6";"0";"2";"1";"1";"0"
"26630";"86813104";"26630";"19";"2";"1";"7";"5";"0";"1";"2";"1";"0"
"26633";"86813104";"26633";"19";"1";"1";"1";"6";"0";"1";"1";"1";"0"
"26634";"86813104";"26634";"19";"1";"1";"7";"4";"0";"1";"1";"1";"0"
"26637";"86813104";"26637";"19";"1";"3";"1";"6";"0";"1";"2";"1";"0"
"26657";"86813405";"26657";"19";"1";"1";"7";"6";"0";"2";"0";"1";"0"
"26658";"86813405";"26658";"19";"3";"1";"7";"6";"0";"1";"1";"1";"0"
"26659";"86813405";"26659";"19";"1";"1";"7";"6";"0";"1";"0";"1";"0"
"26660";"86813405";"26660";"19";"1";"1";"7";"6";"0";"2";"0";"1";"0"
"26661";"86813405";"26661";"19";"1";"1";"7";"6";"0";"1";"1";"1";"0"
"26662";"86813405";"26662";"19";"1";"1";"7";"6";"0";"1";"1";"1";"0"
"26663";"86813405";"26663";"19";"1";"3";"1";"6";"0";"1";"2";"1";"0"
"26664";"86813405";"26664";"19";"1";"1";"1";"6";"0";"1";"3";"1";"0"
"26665";"86813405";"26665";"19";"1";"1";"7";"6";"0";"2";"0";"1";"0"
"26691";"86814103";"26691";"19";"1";"3";"2";"6";"0";"2";"0";"1";"0"
"26700";"86814204";"26700";"19";"3";"1";"1";"6";"0";"1";"2";"1";"0"
"26720";"86814401";"26720";"19";"1";"1";"7";"6";"0";"1";"1";"1";"0"
"26721";"86814401";"26721";"19";"1";"3";"1";"6";"0";"3";"1";"1";"0"
"26758";"86815212";"26758";"19";"1";"1";"4";"6";"0";"1";"1";"1";"0"
"26762";"86815304";"26762";"19";"3";"1";"1";"6";"0";"1";"2";"1";"0"
"26785";"86816208";"26785";"19";"1";"1";"7";"6";"0";"1";"1";"1";"0"
"26786";"86816208";"26786";"19";"1";"1";"7";"6";"0";"1";"2";"1";"0"
"26787";"86816208";"26787";"19";"1";"1";"7";"6";"0";"1";"1";"1";"0"
"26788";"86816208";"534";"19";"3";"1";"1";"4";"0";"1";"1";"1";"0"
"26789";"86816208";"26789";"19";"1";"1";"7";"6";"0";"1";"1";"1";"0"
"26790";"86816208";"26790";"19";"3";"1";"7";"4";"0";"1";"1";"1";"0"
"26809";"86816503";"26809";"19";"1";"1";"7";"4";"0";"1";"1";"1";"0"
"26811";"86816504";"26811";"19";"3";"6";"1";"6";"1";"3";"0";"2";"0"
"26822";"86817101";"26822";"19";"1";"1";"7";"6";"0";"1";"1";"1";"0"
"26833";"86817101";"26833";"19";"3";"1";"7";"6";"3";"2";"0";"2";"0"
"26839";"86817101";"26839";"19";"3";"1";"7";"6";"0";"1";"1";"1";"0"
"26861";"86817304";"26861";"19";"2";"1";"7";"6";"0";"1";"1";"1";"0"
"26863";"86817304";"26863";"19";"1";"3";"2";"6";"0";"1";"1";"1";"0"
"26864";"86817304";"26864";"19";"1";"1";"7";"6";"0";"1";"1";"1";"0"
"26865";"86817304";"26865";"19";"1";"1";"7";"4";"0";"1";"1";"1";"0"
"26866";"86817304";"26866";"19";"1";"1";"1";"6";"0";"5";"1";"1";"0"
"26867";"86817304";"26867";"19";"1";"1";"7";"3";"0";"1";"1";"1";"0"
"26868";"86817304";"26868";"19";"1";"1";"7";"6";"0";"1";"1";"1";"0"
"26870";"86817304";"26870";"19";"1";"3";"1";"4";"0";"1";"1";"1";"0"
"26873";"86817304";"26873";"19";"1";"1";"7";"4";"0";"1";"1";"1";"0"
"26874";"86817401";"26874";"19";"2";"3";"1";"6";"0";"2";"1";"1";"0"
"26875";"86817401";"26875";"19";"2";"1";"7";"4";"0";"1";"2";"1";"0"
"26876";"86817401";"26876";"19";"1";"1";"7";"4";"0";"1";"1";"1";"0"
"26877";"86817401";"26877";"19";"3";"1";"1";"4";"1";"0";"2";"2";"0"
"26878";"86817401";"26878";"19";"2";"1";"1";"3";"0";"1";"1";"1";"0"
"26880";"86817401";"6632";"19";"1";"3";"1";"4";"0";"1";"1";"1";"0"
"26882";"86817401";"26882";"19";"1";"1";"7";"6";"0";"1";"0";"1";"0"
"26884";"86817402";"26884";"19";"3";"1";"7";"5";"0";"1";"1";"1";"0"
"26888";"86817402";"26888";"19";"1";"1";"7";"6";"0";"1";"1";"1";"0"
"26892";"86817501";"26892";"19";"3";"6";"1";"6";"0";"1";"1";"1";"0"
"26894";"86817501";"26894";"19";"1";"3";"2";"6";"0";"1";"0";"1";"0"
"26896";"86817501";"26896";"19";"1";"1";"7";"6";"0";"1";"1";"1";"0"
"26898";"86817501";"26898";"19";"3";"3";"1";"6";"0";"1";"1";"1";"0"
"26927";"86821303";"26927";"19";"1";"1";"7";"6";"0";"1";"2";"1";"0"
"26942";"86821406";"26942";"19";"1";"1";"7";"9";"0";"1";"3";"1";"0"
"27065";"86823108";"27065";"19";"1";"1";"7";"6";"0";"1";"1";"1";"0"
"27069";"86823108";"27069";"19";"1";"1";"7";"6";"0";"3";"0";"1";"0"
"27070";"86823112";"27070";"19";"1";"1";"7";"4";"0";"1";"1";"1";"0"
"27071";"86823112";"27071";"19";"1";"1";"7";"4";"0";"1";"1";"1";"0"
"27072";"86823112";"27072";"19";"1";"1";"7";"6";"0";"1";"1";"1";"0"
"27089";"86823301";"27089";"19";"1";"2";"2";"6";"0";"1";"0";"1";"0"
"27092";"86823301";"27092";"19";"1";"1";"7";"3";"1";"0";"1";"2";"0"
"27097";"86823304";"27097";"19";"1";"1";"7";"6";"0";"1";"1";"1";"0"
"27098";"86823304";"4355";"19";"1";"1";"7";"6";"0";"1";"1";"1";"0"
"27105";"86823305";"27105";"19";"3";"1";"7";"5";"0";"1";"1";"1";"0"
"27117";"86823307";"27117";"19";"1";"1";"7";"6";"0";"1";"1";"1";"0"
"27118";"86823307";"27118";"19";"1";"1";"7";"4";"0";"1";"1";"1";"0"
"27119";"86823307";"27119";"19";"3";"3";"2";"6";"0";"2";"1";"1";"0"
"27121";"86823307";"4909";"19";"3";"3";"2";"4";"0";"1";"2";"1";"0"
"27122";"86823307";"27122";"19";"3";"1";"4";"6";"0";"2";"2";"1";"0"
"27124";"86823307";"27124";"19";"3";"1";"7";"4";"0";"1";"1";"1";"0"
"27127";"86823307";"19154";"19";"2";"2";"2";"6";"0";"1";"2";"1";"0"
"27130";"86823307";"27130";"19";"1";"1";"7";"4";"0";"2";"1";"1";"0"
"27131";"86823307";"27131";"19";"1";"1";"7";"6";"0";"2";"1";"1";"0"
"27136";"86823307";"27136";"19";"1";"2";"1";"6";"1";"1";"0";"2";"0"
"27138";"86823307";"27138";"19";"2";"1";"7";"4";"0";"1";"0";"1";"0"
"27139";"86823307";"27139";"19";"3";"1";"7";"6";"0";"2";"2";"1";"0"
"27141";"86823307";"27141";"19";"3";"1";"4";"6";"0";"1";"1";"1";"0"
"27142";"86823307";"27142";"19";"3";"1";"7";"6";"0";"1";"1";"1";"0"
"27156";"86823406";"27156";"19";"1";"1";"7";"6";"0";"1";"1";"1";"0"
"27227";"86824207";"27227";"19";"1";"1";"7";"4";"0";"1";"1";"1";"0"
"27234";"86824301";"27234";"19";"1";"1";"7";"4";"0";"2";"2";"1";"0"
"27235";"86824301";"27235";"19";"1";"1";"7";"6";"0";"1";"2";"1";"0"
"27236";"86824301";"27236";"19";"3";"3";"1";"6";"1";"0";"1";"2";"0"
"27237";"86824301";"13307";"19";"1";"1";"7";"6";"0";"3";"1";"1";"0"
"27238";"86824301";"27238";"19";"1";"1";"1";"3";"0";"1";"2";"1";"0"
"27239";"86824301";"27239";"19";"3";"3";"1";"6";"0";"1";"1";"1";"0"
"27240";"86824301";"27240";"19";"1";"1";"7";"6";"0";"2";"4";"1";"0"
"27241";"86824301";"27241";"19";"1";"1";"7";"6";"0";"1";"1";"1";"0"
"27242";"86824301";"27242";"19";"1";"1";"7";"6";"0";"1";"2";"1";"0"
"27243";"86824301";"27243";"19";"1";"3";"1";"6";"0";"1";"2";"1";"0"
"27278";"86824407";"9329";"19";"1";"1";"7";"4";"0";"1";"1";"1";"0"
"27301";"86824504";"27301";"19";"1";"1";"7";"6";"0";"1";"1";"1";"0"
"27305";"86824505";"27305";"19";"2";"2";"1";"3";"0";"1";"1";"1";"0"
"27309";"86825101";"27309";"19";"1";"1";"7";"4";"0";"1";"1";"1";"0"
"27314";"86825101";"27314";"19";"1";"1";"7";"4";"0";"1";"1";"1";"0"
"27316";"86825101";"27316";"19";"3";"1";"7";"6";"0";"1";"4";"1";"0"
"27319";"86825102";"27319";"19";"1";"1";"7";"6";"0";"1";"1";"1";"0"
"27320";"86825102";"27320";"19";"1";"3";"1";"6";"0";"1";"0";"1";"0"
"27359";"86825306";"27359";"19";"2";"1";"1";"4";"0";"1";"1";"1";"0"
"27360";"86825307";"27360";"19";"1";"1";"7";"3";"0";"2";"1";"1";"0"
"27361";"86825307";"27361";"19";"3";"1";"7";"6";"0";"2";"1";"1";"0"
"27362";"86825307";"27362";"19";"3";"1";"7";"6";"0";"1";"1";"1";"0"
"27363";"86825307";"27363";"19";"1";"1";"7";"6";"0";"1";"2";"1";"0"
"27365";"86825403";"27365";"19";"3";"1";"7";"6";"0";"1";"1";"1";"0"
"27443";"86826306";"27443";"19";"1";"1";"7";"3";"0";"1";"1";"1";"0"
"27454";"86826505";"27454";"19";"3";"1";"7";"6";"0";"1";"4";"1";"0"
"27457";"86827210";"27457";"19";"1";"1";"7";"6";"0";"1";"1";"1";"0"
"27462";"86827301";"27462";"19";"1";"1";"7";"4";"0";"1";"0";"1";"0"
"27480";"86827503";"27480";"19";"1";"3";"1";"4";"0";"1";"1";"1";"0"
"27482";"86827503";"27482";"19";"1";"1";"7";"4";"0";"1";"1";"1";"0"
"27483";"86827503";"27483";"19";"1";"1";"7";"5";"0";"1";"1";"1";"0"
"27486";"86827503";"27486";"19";"3";"1";"1";"6";"0";"3";"0";"1";"0"
"27488";"86827503";"27488";"19";"3";"3";"2";"6";"0";"1";"2";"1";"0"
"27489";"86827503";"27489";"19";"1";"1";"7";"4";"0";"2";"0";"1";"0"
"27492";"86827503";"11099";"19";"3";"3";"1";"6";"0";"1";"0";"1";"0"
"27530";"86831304";"27530";"19";"1";"1";"7";"6";"0";"1";"2";"1";"0"
"27531";"86831304";"27531";"19";"1";"3";"2";"6";"0";"4";"1";"1";"0"
"27532";"86831304";"27532";"19";"1";"1";"7";"6";"0";"1";"4";"1";"0"
"27533";"86831304";"27533";"19";"1";"1";"7";"6";"0";"1";"1";"1";"0"
"27534";"86831304";"27534";"19";"2";"3";"2";"6";"0";"2";"0";"1";"0"
"27535";"86831304";"27535";"19";"3";"3";"1";"6";"0";"3";"1";"1";"0"
"27536";"86831304";"27536";"19";"1";"3";"1";"4";"0";"1";"1";"1";"0"
"27537";"86831304";"27537";"19";"1";"1";"7";"6";"0";"1";"1";"1";"0"
"27538";"86831304";"27538";"19";"3";"1";"7";"6";"0";"1";"2";"1";"0"
"27539";"86831304";"27539";"19";"1";"1";"7";"6";"0";"2";"2";"1";"0"
"27540";"86831304";"27540";"19";"1";"1";"7";"6";"0";"2";"2";"1";"0"
"27541";"86831304";"27541";"19";"2";"1";"7";"6";"0";"1";"2";"1";"0"
"27555";"86831503";"27555";"19";"1";"1";"7";"4";"0";"1";"1";"1";"0"
"27556";"86831503";"27556";"19";"2";"1";"1";"4";"0";"1";"1";"1";"0"
"27558";"86831503";"27558";"19";"1";"1";"7";"6";"0";"1";"1";"1";"0"
"27559";"86831503";"27559";"19";"1";"1";"7";"6";"0";"1";"2";"1";"0"
"27560";"86831503";"27560";"19";"3";"1";"7";"3";"0";"1";"1";"1";"0"
"27561";"86831503";"27561";"19";"1";"3";"1";"3";"0";"1";"2";"1";"0"
"27563";"86831503";"27563";"19";"1";"1";"7";"3";"0";"1";"1";"1";"0"
"27564";"86831503";"27564";"19";"1";"1";"7";"6";"0";"2";"0";"1";"0"
"27565";"86831503";"27565";"19";"1";"1";"7";"6";"0";"1";"1";"1";"0"
"27571";"86831506";"27571";"19";"1";"1";"7";"4";"0";"1";"1";"1";"0"
"27572";"86831506";"27572";"19";"1";"1";"7";"6";"0";"3";"1";"1";"0"
"27573";"86831506";"27573";"19";"1";"1";"7";"6";"0";"1";"2";"1";"0"
"27574";"86831506";"27574";"19";"1";"1";"7";"4";"0";"1";"1";"1";"0"
"27592";"86832107";"27592";"19";"2";"1";"7";"4";"0";"1";"1";"1";"0"
"27600";"86832204";"27600";"19";"2";"1";"1";"4";"0";"1";"1";"1";"0"
"27601";"86832204";"27601";"19";"3";"1";"7";"6";"0";"1";"1";"1";"0"
"27602";"86832204";"27602";"19";"1";"1";"7";"6";"0";"2";"1";"1";"0"
"27603";"86832204";"27603";"19";"3";"1";"7";"6";"0";"3";"1";"1";"0"