"accident_id";"lieu_id";"date_id";"cause_id";"lum_id";"intemp_id";"etat_surface_id";"impliq_id";"nb_blesses_graves";"nb_blesses_legers";"nb_indemnes";"gravite";"nb_morts"
"27604";"86832204";"27604";"19";"1";"1";"7";"6";"0";"1";"0";"1";"0"
"27632";"86832403";"27632";"19";"1";"1";"7";"8";"0";"1";"1";"1";"0"
"27654";"86833103";"27654";"19";"1";"3";"1";"4";"0";"1";"2";"1";"0"
"27678";"86833203";"27678";"19";"3";"1";"7";"6";"0";"1";"2";"1";"0"
"27697";"86833401";"27697";"19";"1";"1";"7";"6";"0";"1";"1";"1";"0"
"27698";"86833401";"27698";"19";"1";"1";"7";"6";"0";"2";"1";"1";"0"
"27699";"86833401";"27699";"19";"1";"1";"7";"6";"0";"2";"1";"1";"0"
"27748";"86834102";"27748";"19";"1";"1";"7";"6";"0";"1";"1";"1";"0"
"27802";"86834202";"27802";"19";"1";"1";"7";"4";"0";"1";"1";"1";"0"
"27880";"86835204";"27880";"19";"1";"1";"7";"6";"0";"1";"1";"1";"0"
"27884";"86835501";"27884";"19";"1";"1";"7";"6";"1";"0";"1";"2";"0"
"27892";"86835503";"27892";"19";"1";"3";"2";"4";"0";"1";"1";"1";"0"
"27902";"86836204";"27902";"19";"1";"3";"2";"6";"0";"2";"1";"1";"0"
"27903";"86836204";"27903";"19";"1";"3";"1";"6";"0";"4";"1";"1";"0"
"27904";"86836204";"27904";"19";"3";"1";"7";"4";"0";"1";"1";"1";"0"
"27905";"86836204";"27905";"19";"3";"1";"7";"6";"0";"1";"1";"1";"0"
"27906";"86836204";"27906";"19";"3";"1";"7";"6";"0";"1";"1";"1";"0"
"27907";"86836204";"27907";"19";"1";"1";"7";"5";"0";"1";"1";"1";"0"
"27908";"86836204";"27908";"19";"3";"1";"7";"6";"0";"1";"1";"1";"0"
"27909";"86836204";"27909";"19";"1";"1";"7";"6";"0";"2";"0";"1";"0"
"27910";"86836204";"27910";"19";"1";"1";"2";"6";"0";"1";"1";"1";"0"
"27911";"86836204";"27911";"19";"3";"1";"7";"6";"0";"1";"2";"1";"0"
"27913";"86836204";"27913";"19";"1";"1";"7";"5";"0";"2";"1";"1";"0"
"27914";"86836204";"27914";"19";"1";"1";"7";"4";"0";"1";"1";"1";"0"
"27915";"86836502";"27915";"19";"3";"7";"2";"4";"1";"0";"1";"2";"0"
"27917";"86836502";"27917";"19";"3";"1";"7";"6";"0";"1";"2";"1";"0"
"27919";"86836502";"27919";"19";"1";"1";"7";"6";"0";"1";"1";"1";"0"
"27930";"86837202";"27930";"19";"2";"1";"7";"6";"0";"1";"2";"1";"0"
"27931";"86837202";"27931";"19";"1";"3";"1";"6";"0";"2";"3";"1";"0"
"27932";"86837202";"27932";"19";"1";"1";"7";"4";"0";"1";"1";"1";"0"
"27934";"86837202";"27934";"19";"1";"1";"7";"4";"0";"1";"1";"1";"0"
"27936";"86837202";"27936";"19";"1";"1";"7";"4";"0";"1";"1";"1";"0"
"27939";"86837202";"27939";"19";"3";"1";"7";"4";"0";"1";"1";"1";"0"
"27947";"86841205";"27947";"19";"2";"1";"7";"4";"0";"1";"1";"1";"0"
"27948";"86841205";"27948";"19";"1";"1";"7";"6";"0";"1";"1";"1";"0"
"28005";"86842310";"28005";"19";"1";"1";"7";"6";"0";"5";"1";"1";"0"
"28007";"86842310";"28007";"19";"1";"1";"7";"6";"0";"1";"1";"1";"0"
"28008";"86842310";"28008";"19";"1";"1";"7";"6";"0";"1";"1";"1";"0"
"28018";"86843209";"24993";"19";"1";"1";"7";"6";"0";"3";"3";"1";"0"
"28036";"86843302";"28036";"19";"1";"1";"7";"6";"0";"1";"0";"1";"0"
"28037";"86843302";"28037";"19";"1";"3";"1";"6";"0";"1";"1";"1";"0"
"28038";"86843302";"28038";"19";"1";"1";"7";"6";"0";"1";"1";"1";"0"
"28039";"86843302";"28039";"19";"1";"1";"7";"6";"0";"2";"0";"1";"0"
"28047";"86844102";"28047";"19";"1";"1";"2";"6";"0";"1";"2";"1";"0"
"28048";"86844102";"28048";"19";"1";"1";"1";"6";"0";"2";"0";"1";"0"
"28051";"86844102";"28051";"19";"1";"1";"7";"4";"0";"1";"1";"1";"0"
"28076";"86844302";"28076";"19";"1";"1";"7";"6";"0";"1";"1";"1";"0"
"28078";"86844302";"28078";"19";"1";"1";"7";"3";"0";"1";"2";"1";"0"
"28079";"86844302";"28079";"19";"1";"1";"7";"6";"0";"2";"4";"1";"0"
"28080";"86844302";"28080";"19";"1";"1";"7";"4";"1";"0";"1";"2";"0"
"28081";"86844302";"28081";"19";"1";"1";"7";"6";"0";"2";"1";"1";"0"
"28082";"86844302";"28082";"19";"1";"1";"7";"6";"0";"4";"1";"1";"0"
"28084";"86844302";"28084";"19";"1";"1";"7";"4";"0";"1";"1";"1";"0"
"28135";"86845105";"28135";"19";"1";"1";"7";"6";"0";"5";"2";"1";"0"
"28136";"86845105";"28136";"19";"1";"3";"7";"6";"0";"2";"2";"1";"0"
"28138";"86845105";"28138";"19";"1";"1";"7";"6";"0";"1";"1";"1";"0"
"28161";"86846101";"28161";"19";"1";"1";"7";"4";"0";"1";"1";"1";"0"
"28163";"86846201";"28163";"19";"1";"1";"7";"6";"0";"1";"1";"1";"0"
"28164";"86846201";"28164";"19";"1";"1";"7";"4";"0";"1";"1";"1";"0"
"28165";"86846201";"28165";"19";"1";"1";"7";"4";"0";"1";"1";"1";"0"
"28166";"86846201";"28166";"19";"3";"1";"7";"6";"0";"1";"0";"1";"0"
"28167";"86846201";"28167";"19";"1";"1";"7";"3";"0";"1";"1";"1";"0"
"28168";"86846201";"28168";"19";"1";"1";"7";"6";"0";"1";"1";"1";"0"
"28170";"86846201";"28170";"19";"3";"1";"7";"6";"1";"2";"0";"2";"0"
"28171";"86846201";"11025";"19";"1";"1";"7";"6";"0";"2";"1";"1";"0"
"28172";"86846201";"28172";"19";"1";"1";"7";"6";"0";"1";"1";"1";"0"
"28173";"86846203";"28173";"19";"3";"1";"1";"6";"0";"1";"2";"1";"0"
"28174";"86846205";"28174";"19";"1";"3";"1";"4";"0";"1";"1";"1";"0"
"28189";"86847403";"28189";"19";"3";"7";"2";"6";"0";"1";"1";"1";"0"
"28239";"86852205";"9903";"19";"1";"1";"7";"3";"0";"1";"1";"1";"0"
"28255";"86854206";"28255";"19";"1";"1";"7";"6";"0";"1";"2";"1";"0"
"28260";"86855106";"28260";"19";"1";"1";"7";"6";"1";"0";"1";"2";"0"
"28261";"86855106";"28261";"19";"3";"1";"1";"3";"1";"0";"1";"2";"0"
"28262";"86855106";"28262";"19";"1";"1";"7";"6";"0";"2";"0";"1";"0"
"28264";"86855106";"28264";"19";"1";"4";"3";"6";"0";"1";"1";"1";"0"
"28297";"86857102";"28297";"19";"1";"1";"7";"6";"1";"0";"1";"2";"0"
"28300";"86857107";"28300";"19";"1";"1";"7";"4";"0";"1";"1";"1";"0"
"28307";"86857110";"28307";"19";"4";"1";"7";"6";"0";"2";"0";"1";"0"
"28309";"86857110";"28309";"19";"3";"1";"7";"7";"0";"1";"5";"1";"0"
"28310";"86857110";"28310";"19";"1";"1";"7";"6";"0";"2";"1";"1";"0"
"28311";"86857110";"28311";"19";"3";"1";"7";"6";"0";"1";"2";"1";"0"
"28312";"86857110";"28312";"19";"3";"3";"1";"6";"0";"1";"1";"1";"0"
"28313";"86857110";"28313";"19";"3";"1";"7";"6";"0";"3";"0";"1";"0"
"28314";"86857110";"28314";"19";"1";"1";"7";"5";"0";"1";"2";"1";"0"
"28315";"86857110";"28315";"19";"2";"1";"7";"6";"0";"1";"2";"1";"0"
"28316";"86857110";"28316";"19";"1";"1";"7";"6";"0";"1";"0";"1";"0"
"28317";"86857110";"28317";"19";"1";"1";"7";"4";"0";"1";"1";"1";"0"
"28318";"86857110";"28318";"19";"3";"1";"7";"6";"0";"1";"1";"1";"0"
"28388";"86863401";"28388";"19";"1";"1";"7";"7";"0";"2";"0";"1";"0"
"28390";"86863401";"28390";"19";"1";"1";"7";"6";"1";"0";"1";"2";"0"
"28391";"86863401";"28391";"19";"1";"1";"7";"6";"0";"1";"1";"1";"0"
"28392";"86863401";"28392";"19";"1";"1";"7";"6";"0";"2";"1";"1";"0"
"28393";"86863401";"28393";"19";"3";"1";"7";"6";"0";"6";"0";"1";"0"
"28394";"86863401";"28394";"19";"2";"3";"1";"3";"0";"1";"1";"1";"0"
"28395";"86863401";"28395";"19";"1";"1";"7";"6";"0";"2";"0";"1";"0"
"28396";"86863401";"28396";"19";"3";"1";"1";"6";"0";"1";"1";"1";"0"
"28397";"86863401";"28397";"19";"1";"1";"1";"6";"0";"1";"1";"1";"0"
"28399";"86863401";"28399";"19";"1";"1";"7";"6";"0";"1";"1";"1";"0"
"28400";"86863401";"28400";"19";"1";"1";"7";"6";"0";"3";"1";"1";"0"
"28401";"86863401";"28401";"19";"3";"3";"1";"6";"0";"1";"1";"1";"0"
"28402";"86863401";"28402";"19";"1";"3";"1";"4";"0";"1";"1";"1";"0"
"28410";"86865104";"28410";"19";"3";"1";"7";"6";"0";"1";"1";"1";"0"
"28412";"86865202";"28412";"19";"1";"1";"7";"6";"0";"1";"1";"1";"0"
"28439";"86871303";"28439";"19";"1";"1";"7";"6";"0";"2";"0";"1";"0"
"28440";"86871303";"28440";"19";"1";"1";"7";"6";"0";"1";"1";"1";"0"
"28441";"86871303";"28441";"19";"2";"1";"7";"6";"0";"2";"0";"1";"0"
"28442";"86871303";"28442";"19";"1";"1";"1";"6";"0";"2";"0";"1";"0"
"28444";"86871303";"28444";"19";"1";"1";"7";"6";"0";"1";"1";"1";"0"
"28445";"86871303";"28445";"19";"1";"1";"7";"6";"0";"1";"1";"1";"0"
"28446";"86871303";"28446";"19";"1";"3";"2";"6";"0";"2";"0";"1";"0"
"28448";"86871303";"28448";"19";"1";"1";"7";"6";"0";"1";"1";"1";"0"
"28449";"86871303";"28449";"19";"1";"1";"7";"6";"0";"1";"1";"1";"0"
"28450";"86871303";"28450";"19";"1";"1";"7";"6";"0";"1";"1";"1";"0"
"28531";"86875506";"28531";"19";"1";"3";"2";"3";"0";"1";"1";"1";"0"
"28532";"86875506";"28532";"19";"1";"2";"1";"6";"2";"1";"0";"2";"0"
"28533";"86875506";"28533";"19";"1";"1";"7";"6";"0";"1";"0";"1";"0"
"28539";"86876206";"28539";"19";"1";"1";"7";"6";"0";"1";"1";"1";"0"
"28540";"86876206";"5964";"19";"1";"1";"1";"6";"0";"1";"1";"1";"0"
"28541";"86876206";"28541";"19";"1";"1";"7";"6";"0";"2";"0";"1";"0"
"28543";"86876303";"28543";"19";"2";"1";"7";"6";"0";"1";"1";"1";"0"
"28544";"86876303";"28544";"19";"3";"1";"1";"4";"0";"1";"1";"1";"0"
"28605";"87791507";"28605";"19";"1";"1";"7";"6";"0";"1";"1";"1";"0"
"28622";"87792412";"28622";"19";"1";"1";"7";"6";"0";"1";"1";"1";"0"
"28638";"87794506";"28638";"19";"1";"1";"7";"4";"0";"1";"1";"1";"0"
"28639";"87794506";"28639";"19";"1";"3";"2";"4";"1";"0";"1";"2";"0"
"28641";"87794506";"28641";"19";"3";"1";"7";"4";"1";"0";"1";"2";"0"
"28642";"87794506";"28642";"19";"3";"6";"1";"3";"0";"1";"1";"1";"0"
"28643";"87794506";"28643";"19";"1";"1";"7";"1";"0";"1";"1";"1";"0"
"28644";"87794506";"28644";"19";"2";"1";"7";"6";"0";"1";"1";"1";"0"
"28645";"87794506";"28645";"19";"1";"1";"7";"4";"0";"1";"1";"1";"0"
"28646";"87794506";"28646";"19";"1";"1";"1";"3";"0";"1";"1";"1";"0"
"28662";"87801504";"28662";"19";"3";"1";"7";"4";"0";"1";"1";"1";"0"
"28664";"87801504";"28664";"19";"1";"1";"7";"6";"0";"1";"2";"1";"0"
"28666";"87801504";"28666";"19";"3";"1";"7";"6";"0";"2";"2";"1";"0"
"28668";"87801504";"28668";"19";"1";"1";"7";"6";"0";"1";"0";"1";"0"
"28669";"87801504";"28669";"19";"1";"1";"7";"4";"0";"1";"1";"1";"0"
"28671";"87801504";"28671";"19";"3";"1";"7";"6";"0";"2";"1";"1";"0"
"28672";"87801504";"28672";"19";"1";"1";"7";"6";"0";"2";"0";"1";"0"
"28686";"87802501";"28686";"19";"1";"1";"7";"6";"0";"1";"2";"1";"0"
"28687";"87802501";"28687";"19";"1";"3";"1";"6";"0";"2";"1";"1";"0"
"28688";"87802501";"28688";"19";"1";"3";"1";"6";"0";"1";"1";"1";"0"
"28689";"87802501";"28689";"19";"1";"1";"7";"6";"0";"2";"3";"1";"0"
"28690";"87802501";"28690";"19";"1";"1";"1";"6";"0";"1";"1";"1";"0"
"28691";"87802501";"28691";"19";"1";"1";"7";"6";"0";"1";"2";"1";"0"
"28692";"87802501";"28692";"19";"1";"1";"7";"4";"0";"1";"1";"1";"0"
"28693";"87802501";"28487";"19";"3";"1";"7";"6";"0";"3";"1";"1";"0"
"28694";"87802501";"28694";"19";"1";"1";"7";"6";"0";"1";"0";"1";"0"
"28696";"87802501";"28696";"19";"1";"1";"7";"6";"0";"2";"1";"1";"0"
"5315";"45650";"5315";"19";"1";"1";"7";"4";"0";"1";"1";"1";"0"
"7663";"61481";"7663";"19";"1";"1";"7";"3";"0";"1";"1";"1";"0"
"8992";"62919";"8992";"19";"1";"1";"7";"6";"0";"1";"1";"1";"0"
"8994";"62920";"8994";"19";"1";"1";"7";"7";"0";"1";"1";"1";"0"
"12445";"67642401";"12445";"19";"3";"1";"2";"6";"1";"0";"1";"2";"0"
"12489";"67653304";"12489";"19";"1";"1";"7";"3";"0";"1";"1";"1";"0"
"12505";"68655505";"12505";"19";"5";"1";"7";"5";"2";"0";"1";"2";"0"
"12528";"68662402";"12528";"19";"3";"1";"7";"6";"1";"1";"0";"2";"0"
"12571";"70692310";"12571";"19";"1";"1";"7";"6";"0";"0";"1";"3";"0"
"12580";"70706103";"12580";"19";"1";"1";"7";"6";"0";"1";"1";"1";"0"
"12628";"70816201";"12628";"19";"1";"1";"7";"6";"0";"2";"2";"1";"0"
"12674";"70824402";"12674";"19";"1";"1";"7";"6";"0";"0";"1";"3";"0"
"12676";"70824501";"12676";"19";"1";"1";"7";"4";"1";"0";"1";"2";"0"
"12694";"70825404";"12694";"19";"3";"1";"7";"5";"1";"0";"3";"2";"0"
"12697";"70825404";"12697";"19";"1";"1";"7";"4";"1";"0";"1";"2";"0"
"12708";"70826301";"12708";"19";"5";"1";"7";"5";"0";"1";"1";"1";"0"
"12709";"70826301";"12709";"19";"1";"1";"7";"4";"0";"1";"1";"1";"0"
"12745";"70827307";"12745";"19";"1";"3";"2";"4";"0";"1";"1";"1";"0"
"12766";"70827403";"12766";"19";"1";"1";"7";"5";"1";"0";"1";"2";"0"
"12785";"71797204";"12785";"19";"1";"1";"7";"6";"3";"1";"0";"2";"0"
"12786";"71797213";"12786";"19";"1";"1";"7";"6";"1";"0";"3";"2";"0"
"12832";"71812505";"12832";"19";"1";"1";"7";"4";"1";"0";"1";"2";"0"
"12835";"71813305";"12835";"19";"1";"3";"1";"6";"1";"0";"1";"2";"0"
"12839";"71813401";"12839";"19";"1";"1";"7";"5";"0";"1";"1";"1";"0"
"12844";"71813406";"12844";"19";"2";"1";"7";"6";"0";"1";"1";"1";"0"
"12845";"71813406";"12845";"19";"1";"1";"7";"4";"1";"0";"1";"2";"0"
"12846";"71813406";"12846";"19";"1";"1";"7";"6";"0";"1";"1";"1";"0"
"12847";"71813406";"12847";"19";"1";"1";"7";"4";"1";"0";"1";"2";"0"
"12848";"71813406";"12848";"19";"1";"1";"7";"4";"0";"1";"1";"1";"0"
"12851";"71813406";"12851";"19";"1";"1";"7";"4";"1";"0";"1";"2";"0"
"12852";"71813406";"12852";"19";"1";"1";"7";"4";"1";"0";"1";"2";"0"
"12853";"71813406";"12853";"19";"1";"1";"7";"3";"0";"1";"1";"1";"0"
"12854";"71813406";"3430";"19";"2";"1";"7";"4";"0";"1";"1";"1";"0"
"12855";"71813406";"12855";"19";"3";"1";"7";"4";"0";"1";"1";"1";"0"
"12856";"71813406";"12856";"19";"1";"1";"7";"3";"0";"1";"1";"1";"0"
"12857";"71813406";"12857";"19";"3";"1";"7";"6";"0";"1";"0";"1";"0"
"12868";"71814506";"12868";"19";"1";"1";"7";"6";"1";"0";"1";"2";"0"
"12924";"71822101";"12924";"19";"3";"3";"1";"4";"0";"1";"1";"1";"0"
"12926";"71822107";"12926";"19";"1";"1";"7";"3";"1";"0";"1";"2";"0"
"12931";"71822111";"12931";"19";"1";"1";"7";"3";"0";"1";"1";"1";"0"
"12968";"71824303";"12968";"19";"1";"1";"7";"4";"1";"0";"1";"2";"0"
"13010";"71832202";"13010";"19";"1";"1";"7";"5";"1";"0";"1";"2";"0"
"13057";"72703405";"13057";"19";"2";"1";"7";"7";"0";"1";"2";"1";"0"
"13060";"72705504";"13060";"19";"1";"1";"7";"6";"0";"0";"1";"3";"0"
"13192";"74733104";"13192";"19";"1";"1";"7";"6";"2";"0";"2";"2";"0"
"13193";"74733104";"13193";"19";"5";"1";"7";"7";"0";"0";"1";"3";"0"
"13195";"74733104";"13195";"19";"5";"1";"7";"6";"0";"2";"1";"1";"0"
"13196";"74733104";"13196";"19";"5";"1";"7";"6";"1";"1";"0";"2";"0"
"13201";"74734101";"13201";"19";"1";"1";"1";"6";"1";"1";"0";"2";"0"
"13210";"74737303";"13210";"19";"1";"3";"2";"6";"1";"0";"1";"2";"0"
"13213";"74746102";"13213";"19";"3";"2";"2";"6";"1";"1";"0";"2";"0"
"13382";"75797201";"13382";"19";"1";"1";"7";"6";"0";"4";"0";"1";"0"
"13386";"75797401";"13386";"19";"1";"1";"7";"4";"0";"1";"1";"1";"0"
"13389";"75797410";"13389";"19";"3";"1";"7";"6";"0";"4";"0";"1";"0"
"13392";"75797412";"13392";"19";"1";"1";"7";"8";"0";"1";"1";"1";"0"
"13393";"75797412";"13393";"19";"1";"2";"1";"6";"0";"2";"1";"1";"0"
"13394";"75797412";"13394";"19";"1";"1";"7";"6";"0";"1";"1";"1";"0"
"13395";"75797412";"13395";"19";"1";"3";"1";"6";"0";"1";"2";"1";"0"
"13396";"75797412";"13396";"19";"3";"3";"2";"6";"0";"1";"1";"1";"0"
"13397";"75797412";"13397";"19";"1";"1";"7";"6";"0";"1";"3";"1";"0"
"13398";"75797412";"13398";"19";"1";"1";"7";"6";"0";"4";"1";"1";"0"
"13399";"75797412";"13399";"19";"1";"6";"2";"6";"0";"5";"0";"1";"0"
"13400";"75797412";"13400";"19";"3";"3";"2";"6";"0";"1";"1";"1";"0"
"13401";"75797412";"13401";"19";"3";"1";"7";"6";"0";"2";"1";"1";"0"
"13440";"76721302";"13440";"19";"1";"1";"7";"6";"0";"2";"2";"1";"0"
"13441";"76721302";"13441";"19";"1";"1";"7";"6";"0";"0";"1";"3";"0"
"13442";"76721306";"13442";"19";"2";"1";"7";"6";"0";"1";"2";"1";"0"
"13445";"76724206";"13445";"19";"1";"1";"7";"4";"1";"0";"1";"2";"0"
"13446";"76724206";"13446";"19";"1";"1";"7";"6";"0";"2";"0";"1";"0"
"13447";"76724206";"13447";"19";"1";"1";"7";"6";"0";"3";"0";"1";"0"
"13449";"76724206";"13449";"19";"1";"3";"2";"6";"0";"2";"0";"1";"0"
"13451";"76724206";"13451";"19";"1";"3";"1";"6";"0";"1";"1";"1";"0"
"13453";"76724206";"13453";"19";"1";"1";"7";"6";"0";"1";"1";"1";"0"
"13454";"76724206";"13454";"19";"1";"1";"7";"6";"0";"1";"1";"1";"0"
"13459";"76727320";"13459";"19";"2";"3";"1";"6";"1";"0";"1";"2";"0"
"13597";"76771506";"13597";"19";"1";"1";"7";"6";"0";"3";"0";"1";"0"
"13603";"76772205";"13603";"19";"1";"1";"7";"6";"0";"1";"1";"1";"0"
"13604";"76772205";"13604";"19";"1";"1";"7";"6";"0";"3";"0";"1";"0"
"13605";"76772205";"13605";"19";"1";"1";"7";"6";"0";"2";"0";"1";"0"
"13606";"76772205";"13606";"19";"1";"1";"7";"6";"0";"6";"0";"1";"0"
"13607";"76772205";"13607";"19";"1";"1";"7";"6";"0";"2";"0";"1";"0"
"13608";"76772205";"13608";"19";"1";"1";"7";"6";"0";"1";"1";"1";"0"
"13609";"76772205";"13609";"19";"1";"2";"2";"6";"0";"2";"0";"1";"0"
"13610";"76772205";"13610";"19";"1";"1";"7";"6";"0";"1";"2";"1";"0"
"13611";"76772205";"13611";"19";"1";"3";"2";"6";"0";"2";"1";"1";"0"
"13682";"76783114";"13682";"19";"1";"3";"2";"6";"0";"2";"0";"1";"0"
"13699";"76892203";"13699";"19";"1";"1";"7";"6";"0";"1";"1";"1";"0"
"13746";"77721502";"13746";"19";"1";"1";"7";"6";"0";"1";"1";"1";"0"
"13747";"77721502";"13747";"19";"1";"1";"7";"6";"0";"2";"0";"1";"0"
"13748";"77721502";"13748";"19";"3";"1";"7";"5";"0";"1";"1";"1";"0"
"13749";"77721502";"4732";"19";"1";"1";"7";"6";"0";"1";"1";"1";"0"
"13750";"77721502";"13750";"19";"3";"1";"1";"5";"0";"0";"1";"3";"0"
"13751";"77721502";"13751";"19";"1";"1";"7";"6";"0";"1";"2";"1";"0"
"13752";"77721502";"13752";"19";"1";"1";"7";"6";"0";"1";"1";"1";"0"
"13753";"77721502";"13753";"19";"4";"1";"7";"6";"0";"1";"0";"1";"0"
"13754";"77721502";"13754";"19";"1";"1";"7";"6";"0";"3";"1";"1";"0"
"13755";"77721502";"13755";"19";"1";"1";"7";"7";"0";"1";"1";"1";"0"
"13756";"77721502";"13756";"19";"1";"1";"7";"6";"0";"2";"3";"1";"0"
"13757";"77721502";"13757";"19";"1";"1";"7";"6";"0";"3";"0";"1";"0"
"13758";"77721502";"13758";"19";"1";"1";"7";"6";"0";"1";"1";"1";"0"
"13759";"77721502";"13759";"19";"1";"1";"7";"6";"0";"2";"1";"1";"0"
"13760";"77721502";"13760";"19";"2";"1";"7";"4";"0";"1";"1";"1";"0"
"13762";"77721502";"13762";"19";"3";"1";"2";"6";"0";"1";"1";"1";"0"
"13770";"77723107";"13770";"19";"1";"2";"1";"6";"0";"1";"1";"1";"0"
"13772";"77723301";"13772";"19";"1";"1";"7";"6";"0";"1";"1";"1";"0"
"13773";"77723301";"13773";"19";"1";"1";"7";"6";"0";"1";"1";"1";"0"
"13775";"77723301";"13775";"19";"1";"1";"7";"6";"0";"1";"1";"1";"0"
"13914";"77745103";"13914";"19";"1";"1";"7";"3";"1";"0";"1";"2";"0"
"13915";"77745103";"13915";"19";"1";"1";"7";"4";"0";"1";"1";"1";"0"
"13944";"77746108";"13944";"19";"1";"1";"7";"5";"0";"1";"2";"1";"0"
"13951";"77747101";"13951";"19";"1";"1";"7";"6";"1";"2";"1";"2";"0"
"13952";"77747101";"13952";"19";"1";"1";"2";"6";"0";"2";"1";"1";"0"
"14081";"77766305";"14081";"19";"1";"1";"7";"6";"0";"1";"1";"1";"0"
"14197";"77776115";"14197";"19";"1";"1";"7";"6";"0";"1";"1";"1";"0"
"14198";"77776116";"14198";"19";"1";"1";"7";"4";"1";"0";"1";"2";"0"
"14372";"77903306";"14372";"19";"3";"1";"1";"6";"0";"2";"0";"1";"0"
"9867";"72173";"9867";"20";"1";"1";"7";"2";"0";"1";"1";"1";"0"
"10001";"72432";"10001";"20";"3";"1";"4";"2";"0";"1";"1";"1";"0"
"10008";"72440";"10008";"20";"1";"1";"7";"6";"0";"1";"1";"1";"0"
"10018";"72460";"10018";"20";"1";"1";"7";"6";"0";"2";"1";"1";"0"
"10063";"72531";"10063";"20";"1";"1";"7";"2";"0";"1";"2";"1";"0"
"10084";"72546";"10084";"20";"1";"1";"4";"2";"0";"1";"1";"1";"0"
"10166";"72631";"10166";"20";"1";"1";"7";"2";"0";"1";"1";"1";"0"
"10232";"72687";"10232";"20";"1";"1";"2";"2";"0";"1";"1";"1";"0"
"10339";"72932";"10339";"20";"1";"1";"7";"2";"1";"0";"1";"2";"0"
"10455";"73099";"10455";"20";"1";"1";"7";"1";"0";"2";"1";"1";"0"
"10710";"73508";"10710";"20";"1";"1";"7";"2";"1";"0";"1";"2";"0"
"10856";"74018";"10856";"20";"1";"1";"7";"1";"1";"1";"1";"2";"0"
"11270";"78913";"11270";"20";"2";"1";"7";"2";"0";"1";"1";"1";"0"
"11302";"79453";"11302";"20";"1";"1";"7";"1";"0";"1";"2";"3";"1"
"11715";"81387";"11715";"20";"1";"3";"1";"6";"0";"1";"1";"1";"0"
"12195";"90333";"12195";"20";"1";"1";"7";"6";"1";"0";"1";"2";"0"
"12834";"71813305";"12834";"20";"1";"1";"7";"3";"0";"1";"2";"1";"0"
"12836";"71813305";"12836";"20";"1";"1";"7";"2";"0";"1";"1";"1";"0"
"13791";"77731503";"13791";"20";"3";"1";"7";"2";"0";"1";"0";"1";"0"
"29113";"87821303";"29113";"20";"1";"1";"7";"2";"0";"1";"1";"1";"0"
"29734";"88847507";"29734";"20";"1";"3";"1";"2";"0";"2";"1";"1";"0"
"19742";"81774505";"19742";"20";"1";"1";"7";"6";"0";"1";"1";"1";"0"
"20585";"82791207";"20585";"20";"4";"1";"7";"6";"0";"1";"1";"1";"0"
"21359";"83805201";"21359";"20";"1";"1";"7";"2";"0";"1";"1";"1";"0"
"21677";"83866402";"21677";"20";"2";"3";"1";"3";"0";"1";"1";"1";"0"
"22067";"84686101";"22067";"20";"1";"1";"7";"6";"0";"1";"1";"1";"0"
"22619";"84816501";"22619";"20";"1";"1";"7";"6";"0";"1";"1";"1";"0"
"22890";"84837202";"22890";"20";"1";"1";"7";"6";"0";"1";"1";"1";"0"
"236";"910";"236";"20";"1";"1";"7";"6";"1";"0";"1";"2";"0"
"264";"993";"264";"20";"1";"1";"7";"6";"0";"1";"1";"1";"0"
"548";"3663";"548";"20";"1";"3";"1";"2";"1";"0";"1";"2";"0"
"894";"9657";"894";"20";"3";"1";"7";"2";"0";"0";"1";"3";"0"
"1281";"13715";"1281";"20";"1";"1";"7";"2";"0";"1";"1";"1";"0"
"1287";"13772";"1287";"20";"1";"1";"7";"2";"0";"1";"1";"1";"0"
"1459";"19642";"1459";"20";"1";"1";"7";"6";"0";"1";"1";"1";"0"
"1659";"25218";"1659";"20";"1";"1";"7";"2";"0";"2";"0";"1";"0"
"1761";"26854";"1761";"20";"1";"1";"7";"2";"0";"1";"1";"1";"0"
"1828";"27091";"1828";"20";"3";"1";"7";"7";"0";"1";"1";"1";"0"
"1935";"28043";"1935";"20";"4";"1";"7";"2";"0";"1";"1";"1";"0"
"2111";"29113";"2111";"20";"1";"1";"7";"1";"1";"0";"1";"2";"0"
"2209";"29241";"2209";"20";"1";"1";"7";"6";"1";"0";"1";"2";"0"
"2252";"29499";"2252";"20";"1";"1";"7";"6";"0";"1";"1";"1";"0"
"2412";"33399";"2412";"20";"1";"1";"7";"2";"0";"1";"1";"1";"0"
"2519";"33675";"2519";"20";"1";"1";"7";"2";"0";"1";"1";"1";"0"
"2823";"38066";"2823";"20";"2";"1";"7";"2";"0";"1";"1";"1";"0"
"3109";"38826";"3109";"20";"1";"1";"7";"6";"0";"1";"1";"1";"0"
"3122";"38889";"3122";"20";"1";"2";"2";"2";"0";"1";"1";"1";"0"
"3368";"39312";"3368";"20";"1";"1";"7";"7";"0";"1";"1";"1";"0"
"3465";"39550";"3465";"20";"1";"1";"7";"6";"0";"1";"1";"1";"0"