"accident_id";"lieu_id";"date_id";"cause_id";"lum_id";"intemp_id";"etat_surface_id";"impliq_id";"nb_blesses_graves";"nb_blesses_legers";"nb_indemnes";"gravite";"nb_morts"
"3496";"39601";"3496";"20";"1";"1";"7";"2";"0";"1";"1";"1";"0"
"3511";"39629";"3511";"20";"1";"1";"7";"2";"0";"1";"1";"1";"0"
"3513";"39629";"3513";"20";"1";"1";"7";"2";"0";"1";"1";"1";"0"
"3589";"39695";"3589";"20";"1";"1";"7";"6";"1";"0";"1";"2";"0"
"3889";"40162";"3889";"20";"1";"1";"7";"6";"0";"1";"2";"1";"0"
"3903";"40189";"3903";"20";"1";"1";"7";"2";"0";"1";"1";"1";"0"
"3978";"40309";"3978";"20";"1";"1";"7";"6";"0";"1";"1";"1";"0"
"3982";"40310";"3982";"20";"1";"1";"7";"2";"0";"1";"1";"1";"0"
"3983";"40310";"3983";"20";"3";"1";"7";"6";"0";"1";"0";"1";"0"
"4128";"40561";"4128";"20";"1";"1";"2";"1";"0";"1";"1";"1";"0"
"4153";"40676";"4153";"20";"1";"1";"7";"2";"0";"1";"1";"1";"0"
"4204";"40752";"4204";"20";"1";"1";"7";"1";"0";"1";"0";"1";"0"
"4541";"41531";"4541";"20";"1";"1";"7";"6";"0";"1";"1";"1";"0"
"4712";"41777";"4712";"20";"3";"1";"7";"2";"0";"2";"1";"1";"0"
"5204";"45394";"5204";"20";"1";"1";"7";"1";"1";"1";"1";"2";"0"
"5387";"46323";"5387";"20";"1";"1";"7";"1";"1";"0";"1";"2";"0"
"5960";"48920";"5960";"20";"1";"3";"2";"2";"1";"0";"1";"2";"0"
"5998";"49048";"5998";"20";"1";"1";"7";"6";"0";"1";"1";"1";"0"
"6066";"49122";"658";"20";"3";"1";"7";"2";"0";"1";"0";"1";"0"
"6194";"50214";"6194";"20";"1";"1";"7";"2";"0";"1";"1";"1";"0"
"6513";"53341";"6513";"20";"1";"1";"7";"0";"0";"2";"0";"1";"0"
"7027";"60824";"7027";"20";"3";"1";"7";"1";"0";"1";"1";"1";"0"
"7178";"60930";"7178";"20";"1";"1";"7";"2";"0";"2";"1";"1";"0"
"7179";"60937";"7179";"20";"1";"3";"2";"2";"0";"1";"1";"1";"0"
"7214";"60970";"7214";"20";"1";"1";"7";"2";"0";"1";"1";"1";"0"
"7217";"60971";"7217";"20";"1";"1";"7";"2";"0";"1";"1";"1";"0"
"7293";"61080";"7293";"20";"1";"1";"7";"2";"0";"1";"1";"1";"0"
"7299";"61093";"7299";"20";"1";"1";"7";"1";"0";"1";"1";"1";"0"
"7504";"61349";"7504";"20";"1";"1";"7";"1";"0";"1";"1";"1";"0"
"7753";"61553";"7753";"20";"1";"1";"7";"2";"0";"1";"1";"1";"0"
"7863";"61730";"7863";"20";"2";"1";"7";"2";"0";"1";"1";"1";"0"
"7954";"61781";"7954";"20";"3";"1";"7";"2";"0";"1";"1";"1";"0"
"8099";"61873";"8099";"20";"5";"1";"7";"2";"0";"1";"1";"1";"0"
"8118";"61889";"8118";"20";"1";"3";"2";"2";"1";"2";"1";"2";"0"
"8289";"62034";"8289";"20";"1";"1";"7";"2";"0";"2";"0";"1";"0"
"8410";"62178";"8410";"20";"1";"1";"7";"6";"0";"1";"3";"1";"0"
"8492";"62244";"8492";"20";"1";"1";"7";"2";"0";"1";"1";"1";"0"
"8495";"62246";"8495";"20";"1";"1";"7";"1";"0";"1";"1";"1";"0"
"8668";"62377";"8668";"20";"1";"1";"1";"6";"0";"1";"2";"1";"0"
"8699";"62449";"8699";"20";"1";"1";"7";"1";"0";"1";"0";"1";"0"
"8775";"62573";"8775";"20";"3";"1";"7";"6";"0";"1";"1";"1";"0"
"8831";"62612";"8831";"20";"1";"1";"7";"6";"0";"1";"1";"1";"0"
"9007";"62946";"9007";"20";"1";"1";"7";"6";"0";"1";"1";"1";"0"
"9017";"62949";"9017";"20";"1";"3";"1";"6";"0";"1";"1";"1";"0"
"9256";"65992";"9256";"20";"1";"1";"7";"2";"1";"0";"1";"2";"0"
"9282";"66067";"9282";"20";"1";"1";"7";"2";"0";"1";"1";"1";"0"
"14919";"78763404";"14919";"20";"1";"1";"7";"2";"1";"0";"0";"2";"0"
"15322";"78787105";"15322";"20";"1";"1";"7";"2";"0";"1";"1";"1";"0"
"16449";"79757505";"16449";"20";"3";"3";"1";"2";"0";"1";"1";"1";"0"
"18309";"80762403";"18309";"20";"3";"1";"7";"2";"0";"1";"1";"1";"0"
"18472";"80765305";"18472";"20";"1";"1";"7";"2";"0";"1";"1";"1";"0"
"18559";"80771109";"18559";"20";"1";"1";"2";"2";"0";"1";"1";"1";"0"
"24403";"85826204";"24403";"20";"1";"1";"7";"6";"0";"1";"1";"1";"0"
"24848";"85837402";"24848";"20";"3";"1";"7";"2";"0";"1";"1";"1";"0"
"24916";"85842101";"24916";"20";"1";"1";"7";"6";"0";"1";"1";"1";"0"
"25572";"85863101";"25572";"20";"1";"1";"7";"6";"0";"1";"1";"1";"0"
"26242";"86793504";"26242";"20";"1";"1";"7";"6";"0";"1";"1";"1";"0"
"26308";"86802404";"26308";"20";"1";"1";"7";"6";"0";"2";"0";"1";"0"
"26712";"86814205";"26712";"20";"1";"3";"1";"6";"0";"1";"1";"1";"0"
"26891";"86817501";"26891";"20";"1";"3";"2";"2";"0";"1";"1";"1";"0"
"27009";"86822203";"27009";"20";"1";"1";"7";"1";"0";"1";"1";"1";"0"
"27590";"86832101";"27590";"20";"1";"1";"7";"1";"0";"1";"1";"1";"0"
"27998";"86842203";"27998";"20";"1";"1";"7";"6";"0";"1";"1";"1";"0"
"28233";"86851502";"28233";"20";"1";"1";"7";"6";"0";"1";"1";"1";"0"
"23957";"85813303";"23957";"21";"1";"1";"7";"6";"0";"6";"0";"1";"0"
"24023";"85814504";"24023";"21";"1";"3";"2";"4";"0";"1";"1";"1";"0"
"24070";"85815502";"24070";"21";"3";"1";"7";"4";"0";"1";"1";"1";"0"
"24090";"85816401";"24090";"21";"2";"3";"1";"6";"0";"1";"1";"1";"0"
"24176";"85822301";"24176";"21";"1";"1";"7";"6";"0";"1";"1";"1";"0"
"24207";"85822504";"24207";"21";"1";"1";"7";"6";"0";"1";"1";"1";"0"
"24256";"85823504";"24256";"21";"1";"3";"1";"3";"0";"1";"1";"1";"0"
"24278";"85824201";"24278";"21";"1";"1";"7";"3";"0";"1";"0";"1";"0"
"24314";"85824501";"24314";"21";"1";"1";"7";"4";"0";"2";"0";"1";"0"
"24315";"85824501";"24315";"21";"3";"1";"7";"6";"0";"1";"3";"1";"0"
"24627";"85834107";"24627";"21";"3";"3";"2";"6";"0";"1";"1";"1";"0"
"24682";"85834504";"24682";"21";"1";"1";"7";"6";"0";"2";"1";"1";"0"
"24751";"85835401";"24751";"21";"3";"1";"7";"6";"0";"1";"3";"1";"0"
"24770";"85835407";"24770";"21";"1";"1";"7";"6";"0";"5";"0";"1";"0"
"25101";"85846506";"25101";"21";"1";"3";"2";"6";"0";"1";"1";"1";"0"
"25288";"85852403";"25288";"21";"1";"1";"7";"6";"0";"1";"1";"1";"0"
"25314";"85853404";"25314";"21";"1";"1";"7";"3";"0";"1";"1";"1";"0"
"25317";"85853404";"25317";"21";"2";"1";"7";"6";"0";"1";"0";"1";"0"
"25395";"85855503";"25395";"21";"1";"3";"1";"6";"0";"1";"1";"1";"0"
"25415";"85856306";"3638";"21";"1";"1";"7";"6";"0";"1";"1";"1";"0"
"25551";"85862203";"25551";"21";"3";"3";"5";"5";"0";"1";"1";"1";"0"
"25552";"85862204";"25552";"21";"1";"1";"1";"6";"0";"1";"1";"1";"0"
"25719";"85865502";"25719";"21";"1";"1";"7";"6";"0";"1";"1";"1";"0"
"25746";"85866307";"25746";"21";"3";"1";"7";"6";"0";"1";"1";"1";"0"
"25749";"85866402";"25749";"21";"1";"1";"1";"6";"0";"2";"1";"1";"0"
"25751";"85866502";"25751";"21";"1";"1";"1";"6";"0";"1";"1";"1";"0"
"25754";"85866515";"25754";"21";"1";"1";"7";"3";"0";"1";"1";"1";"0"
"25765";"85867502";"25765";"21";"1";"1";"7";"6";"0";"1";"1";"1";"0"
"25769";"85867502";"25769";"21";"1";"1";"7";"3";"0";"1";"1";"1";"0"
"25789";"85871202";"25789";"21";"1";"1";"7";"8";"0";"1";"1";"1";"0"
"25813";"85872113";"25813";"21";"3";"1";"7";"6";"0";"4";"0";"1";"0"
"25814";"85872113";"25814";"21";"1";"1";"7";"6";"1";"1";"1";"2";"0"
"25815";"85872301";"2444";"21";"1";"3";"1";"6";"0";"2";"0";"1";"0"
"25816";"85872301";"25816";"21";"1";"1";"1";"6";"0";"1";"1";"1";"0"
"25826";"85872304";"25826";"21";"2";"1";"5";"3";"1";"0";"1";"2";"0"
"25968";"85876201";"25968";"21";"1";"3";"2";"4";"0";"1";"1";"1";"0"
"26122";"85887504";"26122";"21";"1";"1";"1";"6";"0";"4";"0";"1";"0"
"26167";"86701301";"26167";"21";"3";"1";"7";"6";"3";"4";"0";"2";"0"
"26169";"86701301";"26169";"21";"3";"1";"4";"6";"1";"1";"2";"2";"0"
"26172";"86705208";"26172";"21";"1";"1";"7";"6";"1";"0";"1";"2";"0"
"26173";"86706305";"26173";"21";"2";"1";"7";"6";"1";"0";"2";"2";"0"
"26174";"86732405";"26174";"21";"1";"1";"7";"8";"1";"0";"1";"2";"0"
"26187";"86746305";"26187";"21";"1";"3";"2";"6";"0";"1";"1";"1";"0"
"26189";"86766203";"26189";"21";"1";"1";"7";"6";"0";"3";"0";"1";"0"
"26216";"86786205";"26216";"21";"3";"1";"7";"6";"0";"5";"0";"1";"0"
"26279";"86801409";"26279";"21";"1";"1";"7";"6";"0";"1";"1";"1";"0"
"26425";"86805108";"26425";"21";"3";"3";"2";"3";"0";"1";"1";"1";"0"
"26426";"86805108";"26426";"21";"1";"1";"7";"6";"2";"0";"0";"2";"0"
"26428";"86805111";"26428";"21";"1";"1";"7";"6";"1";"0";"1";"2";"0"
"26553";"86811303";"26553";"21";"1";"1";"1";"6";"0";"1";"6";"1";"0"
"26564";"86812101";"26564";"21";"1";"1";"7";"6";"0";"1";"1";"1";"0"
"26692";"86814103";"26692";"21";"3";"3";"2";"4";"0";"1";"1";"1";"0"
"26757";"86815103";"26757";"21";"3";"1";"7";"6";"0";"2";"2";"1";"0"
"26887";"86817402";"26887";"21";"3";"3";"1";"6";"0";"1";"1";"1";"0"
"27061";"86823104";"27061";"21";"1";"1";"7";"3";"0";"1";"0";"1";"0"
"27328";"86825203";"27328";"21";"3";"1";"7";"6";"0";"1";"1";"1";"0"
"27368";"86825404";"27368";"21";"3";"1";"7";"6";"0";"1";"2";"1";"0"
"27370";"86825504";"27370";"21";"1";"1";"7";"4";"0";"1";"1";"1";"0"
"27464";"86827302";"27464";"21";"1";"1";"7";"6";"0";"1";"2";"1";"0"
"27493";"86827503";"27493";"21";"1";"1";"7";"6";"0";"1";"2";"1";"0"
"27677";"86833107";"27677";"21";"3";"1";"7";"6";"0";"1";"0";"1";"0"
"27703";"86833403";"27703";"21";"3";"1";"7";"4";"0";"2";"0";"1";"0"
"27742";"86833507";"27742";"21";"1";"1";"7";"6";"1";"0";"1";"2";"0"
"27863";"86835103";"27863";"21";"1";"3";"2";"4";"0";"1";"2";"1";"0"
"27916";"86836502";"27916";"21";"1";"1";"7";"6";"1";"1";"0";"2";"0"
"28044";"86843502";"28044";"21";"1";"1";"1";"3";"0";"1";"0";"1";"0"
"28085";"86844302";"28085";"21";"1";"1";"7";"6";"0";"1";"1";"1";"0"
"28183";"86847113";"28183";"21";"3";"1";"7";"6";"1";"0";"1";"2";"0"
"28217";"86851206";"28217";"21";"1";"1";"7";"4";"1";"0";"1";"2";"0"
"28284";"86855202";"5572";"21";"1";"1";"7";"6";"0";"1";"1";"1";"0"
"28330";"86862201";"28330";"21";"1";"1";"7";"4";"0";"1";"1";"1";"0"
"28386";"86863401";"28386";"21";"1";"1";"7";"4";"0";"1";"1";"1";"0"
"28416";"86865308";"28416";"21";"1";"1";"7";"6";"0";"2";"0";"1";"0"
"28458";"86872108";"28458";"21";"1";"1";"7";"6";"0";"1";"1";"1";"0"
"28487";"86872503";"28487";"21";"3";"1";"1";"5";"1";"0";"1";"2";"0"
"28515";"86874203";"28515";"21";"1";"1";"7";"6";"0";"1";"1";"1";"0"
"28518";"86874307";"28518";"21";"2";"2";"1";"6";"0";"2";"4";"1";"0"
"28526";"86875402";"28526";"21";"1";"1";"7";"4";"0";"1";"1";"1";"0"
"28580";"86883201";"28580";"21";"1";"1";"7";"6";"0";"1";"2";"1";"0"
"28593";"87721508";"6718";"21";"1";"1";"7";"3";"0";"1";"1";"1";"0"
"28603";"87791507";"28603";"21";"1";"1";"7";"6";"1";"0";"1";"2";"0"
"28648";"87796302";"28648";"21";"1";"1";"7";"6";"0";"1";"1";"1";"0"
"28659";"87801108";"28659";"21";"3";"1";"7";"6";"0";"2";"0";"1";"0"
"19173";"80915302";"19173";"21";"1";"1";"7";"6";"0";"4";"1";"1";"0"
"19183";"80917402";"19183";"21";"3";"6";"7";"6";"0";"6";"1";"1";"0"
"19190";"81703107";"19190";"21";"3";"1";"7";"6";"0";"4";"0";"1";"0"
"19233";"81721304";"19233";"21";"1";"1";"7";"6";"0";"1";"1";"1";"0"
"19286";"81732303";"727";"21";"1";"1";"7";"6";"1";"0";"1";"2";"0"
"19321";"81743503";"19321";"21";"1";"1";"7";"6";"0";"1";"2";"1";"0"
"19326";"81744515";"19326";"21";"1";"1";"7";"6";"0";"2";"1";"1";"0"
"19346";"81751207";"19346";"21";"3";"1";"7";"6";"0";"1";"1";"1";"0"
"19364";"81753201";"19364";"21";"1";"1";"7";"5";"0";"2";"1";"1";"0"
"19427";"81757401";"19427";"21";"1";"1";"1";"6";"0";"1";"2";"1";"0"
"19524";"81763402";"19524";"21";"1";"1";"7";"6";"0";"1";"1";"1";"0"
"19603";"81766202";"19603";"21";"3";"1";"7";"6";"0";"1";"1";"1";"0"
"19612";"81766203";"19612";"21";"1";"1";"7";"4";"0";"1";"1";"1";"0"
"19670";"81767302";"19670";"21";"3";"1";"7";"8";"0";"4";"2";"1";"0"
"19682";"81767403";"19682";"21";"1";"1";"7";"6";"0";"2";"0";"1";"0"
"19714";"81773203";"19714";"21";"1";"1";"7";"6";"0";"1";"2";"1";"0"
"19732";"81774203";"19732";"21";"3";"3";"2";"5";"0";"1";"1";"1";"0"
"19755";"81776505";"19755";"21";"1";"1";"7";"6";"0";"1";"1";"1";"0"
"19761";"81777504";"19761";"21";"1";"1";"7";"6";"0";"1";"1";"1";"0"
"19780";"81781402";"19780";"21";"3";"1";"7";"4";"0";"1";"1";"1";"0"
"19781";"81781504";"19781";"21";"2";"1";"7";"6";"1";"0";"1";"2";"0"
"19816";"81785103";"19816";"21";"1";"1";"7";"3";"0";"1";"1";"1";"0"
"19837";"81786302";"19837";"21";"2";"1";"7";"6";"0";"1";"1";"1";"0"
"19847";"81787203";"19847";"21";"1";"1";"7";"4";"0";"1";"1";"1";"0"
"19965";"81802105";"19965";"21";"3";"1";"7";"6";"1";"1";"0";"2";"0"
"19981";"81805311";"19981";"21";"3";"1";"7";"6";"0";"2";"0";"1";"0"
"20035";"81816402";"20035";"21";"1";"1";"1";"6";"0";"2";"0";"1";"0"
"20047";"81831403";"20047";"21";"1";"3";"1";"6";"0";"3";"0";"1";"0"
"20299";"82751511";"20299";"21";"3";"1";"2";"6";"0";"2";"1";"1";"0"
"20319";"82753407";"20319";"21";"1";"1";"7";"4";"0";"1";"1";"1";"0"
"20370";"82756320";"20370";"21";"1";"3";"2";"6";"0";"1";"1";"1";"0"
"20412";"82761305";"20412";"21";"3";"1";"2";"6";"0";"1";"2";"1";"0"
"20463";"82764306";"20463";"21";"5";"1";"7";"6";"0";"2";"1";"1";"0"
"20469";"82765208";"20469";"21";"3";"1";"7";"4";"1";"0";"1";"2";"0"
"20473";"82766102";"20473";"21";"1";"1";"7";"6";"1";"0";"1";"2";"0"
"20480";"82766301";"20480";"21";"3";"3";"1";"6";"0";"3";"1";"1";"0"
"20488";"82766306";"20488";"21";"1";"1";"7";"6";"0";"1";"2";"1";"0"
"20495";"82767402";"20495";"21";"1";"1";"7";"6";"0";"1";"1";"1";"0"
"20594";"82792304";"20594";"21";"1";"1";"7";"3";"0";"1";"1";"1";"0"
"20633";"82794208";"20633";"21";"1";"3";"2";"6";"0";"1";"0";"1";"0"
"20719";"82804402";"20719";"21";"1";"1";"7";"6";"0";"1";"2";"1";"0"
"20921";"83686102";"20921";"21";"1";"1";"7";"6";"0";"1";"1";"1";"0"
"21160";"83766111";"21160";"21";"3";"3";"1";"6";"0";"1";"1";"1";"0"
"21170";"83771307";"21170";"21";"1";"1";"7";"6";"0";"1";"1";"1";"0"
"21208";"83776104";"21208";"21";"3";"1";"2";"6";"0";"2";"0";"1";"0"
"21260";"83791308";"21260";"21";"1";"1";"7";"6";"0";"1";"1";"1";"0"
"21261";"83791308";"21261";"21";"1";"7";"1";"6";"0";"1";"1";"1";"0"
"21266";"83791503";"21266";"21";"1";"3";"2";"6";"1";"0";"1";"2";"0"
"21349";"83803206";"21349";"21";"1";"1";"7";"6";"1";"1";"1";"2";"0"
"21354";"83804212";"21354";"21";"1";"4";"3";"6";"0";"1";"1";"1";"0"
"21355";"83804212";"21355";"21";"1";"3";"2";"6";"0";"1";"1";"1";"0"
"21369";"83806101";"17387";"21";"1";"3";"1";"6";"0";"1";"2";"1";"0"
"21499";"83817408";"21499";"21";"1";"3";"2";"6";"0";"3";"2";"1";"0"
"21536";"83826501";"21536";"21";"1";"1";"7";"6";"0";"3";"0";"1";"0"
"21576";"83836407";"21576";"21";"1";"1";"7";"2";"0";"1";"1";"1";"0"
"21623";"83851301";"21623";"21";"1";"1";"7";"6";"0";"3";"0";"1";"0"
"21688";"83867303";"21688";"21";"1";"1";"7";"6";"0";"1";"1";"1";"0"
"21698";"83867401";"21698";"21";"2";"1";"1";"6";"0";"2";"0";"1";"0"
"21853";"83877208";"21853";"21";"1";"1";"7";"4";"0";"1";"1";"1";"0"
"21856";"83877304";"21856";"21";"1";"1";"7";"4";"0";"1";"1";"1";"0"
"21859";"83877404";"21859";"21";"1";"1";"7";"6";"0";"1";"1";"1";"0"
"21873";"83885201";"21873";"21";"1";"1";"7";"6";"0";"1";"1";"1";"0"
"21875";"83885206";"21875";"21";"3";"6";"4";"6";"0";"1";"2";"1";"0"
"21983";"83921303";"21983";"21";"1";"1";"7";"3";"1";"0";"1";"2";"0"
"22047";"83931203";"22047";"21";"1";"1";"7";"6";"0";"1";"1";"1";"0"
"22066";"84673509";"22066";"21";"1";"2";"2";"6";"0";"2";"0";"1";"0"
"22172";"84751301";"22172";"21";"1";"1";"7";"6";"0";"1";"1";"1";"0"
"22192";"84752213";"22192";"21";"1";"1";"7";"3";"0";"1";"0";"1";"0"
"22195";"84753213";"22195";"21";"1";"1";"7";"6";"0";"1";"1";"1";"0"
"22199";"84754102";"22199";"21";"1";"1";"7";"6";"0";"1";"1";"1";"0"
"22202";"84754302";"22202";"21";"1";"1";"7";"6";"0";"1";"1";"1";"0"
"22214";"84757502";"22214";"21";"1";"1";"7";"6";"0";"1";"1";"1";"0"
"22301";"84775203";"22301";"21";"1";"1";"7";"6";"0";"1";"1";"1";"0"
"22520";"84807405";"22520";"21";"1";"3";"1";"6";"0";"3";"1";"1";"0"
"22698";"84824503";"22698";"21";"1";"1";"7";"6";"0";"2";"2";"1";"0"
"22739";"84827203";"22739";"21";"1";"1";"7";"6";"0";"1";"1";"1";"0"
"22740";"84827203";"22740";"21";"1";"1";"7";"6";"0";"1";"1";"1";"0"
"22747";"84827305";"22747";"21";"1";"1";"7";"6";"0";"1";"1";"1";"0"
"22778";"84832103";"22778";"21";"1";"1";"7";"6";"0";"2";"0";"1";"0"
"22779";"84832103";"22779";"21";"1";"1";"7";"6";"0";"2";"0";"1";"0"
"22783";"84832304";"22783";"21";"1";"1";"7";"7";"0";"2";"1";"1";"0"
"22794";"84834150";"22794";"21";"1";"1";"7";"6";"0";"1";"4";"1";"0"
"22819";"84835204";"22819";"21";"1";"1";"7";"6";"0";"1";"2";"1";"0"
"22922";"84842302";"22922";"21";"1";"1";"7";"4";"0";"1";"1";"1";"0"
"22969";"84847316";"22969";"21";"1";"1";"7";"4";"1";"0";"1";"2";"0"
"23036";"84854402";"23036";"21";"1";"1";"7";"6";"0";"1";"1";"1";"0"
"23058";"84855105";"23058";"21";"1";"1";"1";"6";"0";"4";"0";"1";"0"
"23212";"84862502";"23212";"21";"1";"1";"7";"6";"0";"1";"1";"1";"0"
"23264";"84864305";"23264";"21";"1";"2";"1";"6";"0";"1";"1";"1";"0"
"23291";"84865103";"23291";"21";"1";"1";"7";"8";"0";"1";"1";"1";"0"
"23429";"84873202";"23429";"21";"2";"1";"1";"6";"0";"3";"0";"1";"0"
"23494";"84875302";"23494";"21";"1";"1";"7";"7";"0";"1";"1";"1";"0"
"23608";"84882104";"23608";"21";"1";"1";"2";"6";"0";"2";"0";"1";"0"
"23735";"85743305";"23735";"21";"1";"1";"7";"6";"0";"1";"1";"1";"0"
"23754";"85771308";"23754";"21";"3";"6";"2";"6";"0";"3";"1";"1";"0"
"23915";"85811505";"23915";"21";"1";"1";"7";"6";"0";"3";"2";"1";"0"
"9634";"71124";"9634";"21";"1";"1";"7";"6";"0";"1";"1";"1";"0"
"9660";"71251";"9660";"21";"3";"1";"7";"4";"1";"0";"1";"2";"0"
"9675";"71831";"5931";"21";"2";"1";"7";"6";"0";"2";"0";"1";"0"
"9726";"71941";"9726";"21";"1";"1";"7";"6";"0";"1";"2";"1";"0"
"9763";"72045";"9763";"21";"1";"1";"7";"6";"0";"2";"0";"1";"0"
"9806";"72090";"9806";"21";"3";"1";"1";"6";"0";"5";"0";"1";"0"
"9838";"72130";"9838";"21";"1";"1";"7";"6";"0";"1";"1";"1";"0"
"9846";"72148";"9846";"21";"1";"1";"7";"6";"0";"1";"1";"1";"0"
"9847";"72148";"9847";"21";"1";"1";"7";"7";"0";"1";"1";"1";"0"
"9904";"72256";"9904";"21";"3";"1";"7";"6";"0";"1";"1";"1";"0"
"9910";"72264";"9910";"21";"1";"1";"7";"6";"0";"2";"0";"1";"0"
"9923";"72339";"9923";"21";"1";"1";"7";"6";"0";"1";"1";"1";"0"
"9929";"72342";"9929";"21";"3";"1";"7";"4";"0";"1";"1";"1";"0"
"9998";"72429";"9998";"21";"1";"1";"7";"6";"0";"1";"1";"1";"0"
"10050";"72519";"10050";"21";"1";"1";"7";"6";"0";"1";"2";"1";"0"
"10077";"72541";"10077";"21";"1";"1";"7";"6";"0";"1";"1";"1";"0"
"10079";"72541";"10079";"21";"1";"1";"7";"6";"1";"0";"1";"2";"0"
"10107";"72574";"10107";"21";"1";"1";"7";"4";"0";"1";"1";"1";"0"
"10108";"72574";"10108";"21";"1";"1";"7";"6";"0";"1";"1";"1";"0"
"10151";"72631";"10151";"21";"1";"4";"4";"6";"0";"2";"0";"1";"0"
"10192";"72641";"10192";"21";"1";"1";"7";"6";"0";"1";"1";"1";"0"
"10205";"72648";"10205";"21";"1";"1";"7";"8";"0";"1";"1";"1";"0"
"10207";"72650";"10207";"21";"1";"3";"1";"6";"0";"1";"1";"1";"0"
"10221";"72661";"10221";"21";"1";"1";"7";"6";"1";"0";"1";"2";"0"
"10234";"72687";"10234";"21";"1";"1";"1";"6";"0";"1";"1";"1";"0"
"10265";"72725";"10265";"21";"1";"1";"7";"6";"0";"1";"0";"1";"0"
"10314";"72822";"10314";"21";"3";"1";"1";"6";"0";"1";"1";"1";"0"
"10341";"72953";"10341";"21";"3";"1";"1";"6";"0";"1";"1";"1";"0"
"10347";"72953";"10347";"21";"1";"1";"1";"6";"0";"3";"1";"1";"0"
"10372";"72974";"10372";"21";"1";"1";"7";"6";"1";"0";"1";"2";"0"
"10393";"73029";"10393";"21";"1";"1";"7";"6";"0";"1";"2";"1";"0"
"10394";"73029";"10394";"21";"1";"1";"7";"6";"0";"1";"1";"1";"0"
"10404";"73034";"10404";"21";"1";"1";"7";"6";"0";"1";"1";"1";"0"
"10435";"73078";"10435";"21";"2";"2";"1";"6";"0";"2";"3";"1";"0"
"10445";"73080";"10445";"21";"1";"1";"7";"4";"0";"1";"1";"1";"0"
"10452";"73096";"10452";"21";"3";"1";"1";"6";"0";"2";"1";"1";"0"
"10457";"73101";"10457";"21";"3";"3";"2";"6";"3";"0";"0";"2";"0"
"10461";"73104";"10461";"21";"1";"1";"7";"4";"0";"2";"0";"1";"0"
"10466";"73104";"10466";"21";"3";"1";"1";"4";"0";"1";"0";"3";"0"
"10524";"73220";"10524";"21";"5";"1";"7";"3";"0";"1";"1";"1";"0"
"10532";"73250";"10532";"21";"1";"1";"7";"6";"0";"1";"2";"1";"0"
"10581";"73331";"10581";"21";"1";"1";"7";"6";"0";"1";"1";"1";"0"
"10639";"73453";"10639";"21";"3";"1";"7";"6";"0";"1";"1";"1";"0"
"10656";"73465";"10656";"21";"3";"3";"2";"6";"0";"2";"0";"1";"0"
"10682";"73493";"10682";"21";"3";"1";"7";"6";"0";"3";"0";"1";"0"
"10705";"73499";"10705";"21";"3";"3";"2";"6";"0";"3";"0";"1";"0"
"10707";"73499";"10707";"21";"3";"1";"7";"6";"0";"2";"3";"1";"0"
"10719";"73567";"10719";"21";"1";"1";"7";"6";"1";"0";"1";"2";"0"
"10736";"73601";"10736";"21";"1";"1";"7";"6";"0";"1";"1";"1";"0"
"10750";"73658";"10750";"21";"3";"1";"7";"8";"0";"1";"1";"1";"0"
"10825";"73803";"10825";"21";"3";"1";"1";"6";"0";"1";"1";"1";"0"
"10911";"75248";"10911";"21";"1";"1";"7";"6";"1";"1";"0";"2";"0"
"10914";"75286";"10914";"21";"1";"1";"7";"6";"1";"1";"0";"2";"0"
"10936";"75963";"10936";"21";"1";"1";"7";"6";"0";"1";"1";"1";"0"
"10964";"76696";"10964";"21";"1";"1";"7";"4";"1";"0";"1";"2";"0"
"10970";"76736";"10970";"21";"1";"1";"7";"6";"0";"1";"0";"1";"0"
"10988";"76751";"10988";"21";"5";"1";"7";"6";"0";"1";"1";"3";"0"
"11021";"76781";"11021";"21";"5";"1";"7";"3";"0";"0";"2";"3";"0"
"11027";"76785";"11027";"21";"1";"1";"7";"6";"0";"1";"1";"1";"0"
"11044";"76836";"11044";"21";"1";"3";"1";"6";"1";"2";"0";"2";"0"
"11047";"76836";"11047";"21";"3";"3";"1";"6";"1";"1";"0";"2";"0"
"11050";"76836";"11050";"21";"1";"3";"1";"7";"0";"3";"0";"1";"0"
"11052";"76846";"11052";"21";"5";"1";"7";"4";"0";"1";"0";"3";"0"
"11065";"76983";"11065";"21";"1";"1";"7";"5";"1";"0";"1";"2";"0"
"11068";"76987";"11068";"21";"1";"1";"7";"7";"0";"1";"1";"3";"0"
"11135";"78397";"11135";"21";"1";"1";"7";"6";"1";"1";"1";"2";"0"
"11137";"78398";"11137";"21";"1";"1";"7";"6";"0";"2";"1";"1";"0"
"11138";"78398";"11138";"21";"1";"1";"7";"6";"0";"1";"1";"1";"0"
"11139";"78398";"11139";"21";"1";"1";"7";"6";"0";"1";"1";"1";"0"
"11152";"78447";"11152";"21";"1";"1";"7";"6";"0";"2";"0";"1";"0"
"11153";"78447";"11153";"21";"3";"1";"4";"6";"0";"2";"0";"1";"0"
"11161";"78485";"11161";"21";"1";"1";"7";"4";"0";"1";"1";"1";"0"
"11170";"78501";"11170";"21";"3";"1";"7";"6";"0";"1";"2";"1";"0"
"11176";"78519";"11176";"21";"1";"1";"7";"6";"0";"1";"1";"1";"0"