"accident_id";"lieu_id";"date_id";"cause_id";"lum_id";"intemp_id";"etat_surface_id";"impliq_id";"nb_blesses_graves";"nb_blesses_legers";"nb_indemnes";"gravite";"nb_morts"
"11177";"78519";"11177";"21";"3";"3";"2";"6";"0";"2";"0";"1";"0"
"11181";"78528";"11181";"21";"1";"1";"7";"6";"0";"1";"1";"1";"0"
"11193";"78544";"11193";"21";"1";"1";"7";"6";"0";"1";"1";"1";"0"
"11205";"78620";"11205";"21";"1";"1";"7";"5";"0";"1";"2";"1";"0"
"11218";"78675";"11218";"21";"1";"1";"7";"4";"0";"2";"0";"1";"0"
"11219";"78675";"11219";"21";"1";"1";"7";"4";"0";"2";"0";"1";"0"
"11236";"78796";"11236";"21";"3";"1";"7";"6";"0";"2";"1";"1";"0"
"11240";"78830";"11240";"21";"1";"3";"2";"6";"0";"3";"0";"1";"0"
"11265";"78872";"11265";"21";"1";"1";"1";"6";"0";"1";"1";"1";"0"
"11330";"79585";"11330";"21";"1";"1";"7";"6";"1";"0";"1";"2";"0"
"11333";"79616";"11333";"21";"2";"1";"7";"6";"0";"1";"1";"1";"0"
"11342";"79717";"11342";"21";"1";"3";"2";"6";"0";"3";"1";"1";"0"
"11360";"79833";"11360";"21";"2";"1";"7";"3";"0";"1";"1";"1";"0"
"11367";"80450";"11367";"21";"1";"1";"7";"6";"1";"0";"1";"2";"0"
"11397";"80547";"11397";"21";"1";"1";"7";"6";"0";"1";"1";"1";"0"
"11418";"80651";"11418";"21";"3";"2";"2";"6";"0";"2";"0";"1";"0"
"11448";"80687";"11448";"21";"1";"1";"7";"6";"0";"1";"1";"1";"0"
"11480";"80849";"11480";"21";"1";"1";"7";"4";"0";"1";"1";"1";"0"
"11484";"80862";"11484";"21";"3";"1";"7";"6";"1";"0";"1";"2";"0"
"11489";"80873";"11489";"21";"1";"1";"7";"6";"0";"3";"0";"1";"0"
"11499";"80910";"11499";"21";"2";"1";"7";"6";"0";"2";"0";"1";"0"
"11500";"80913";"11500";"21";"2";"4";"3";"6";"0";"1";"1";"1";"0"
"11509";"80954";"11509";"21";"1";"1";"7";"6";"1";"0";"1";"2";"0"
"11512";"80957";"11512";"21";"1";"1";"7";"6";"0";"1";"1";"1";"0"
"11533";"81016";"11533";"21";"3";"1";"7";"6";"0";"1";"1";"1";"0"
"11536";"81017";"11536";"21";"3";"3";"1";"6";"0";"1";"2";"1";"0"
"11560";"81057";"11560";"21";"1";"1";"7";"6";"0";"2";"0";"1";"0"
"11562";"81059";"11562";"21";"1";"3";"2";"6";"0";"1";"1";"1";"0"
"11563";"81075";"11563";"21";"1";"1";"7";"4";"1";"0";"1";"2";"0"
"11577";"81099";"11577";"21";"1";"1";"7";"6";"1";"1";"0";"2";"0"
"11607";"81135";"11607";"21";"5";"1";"7";"6";"1";"0";"1";"2";"0"
"11623";"81183";"11623";"21";"3";"1";"7";"6";"0";"3";"0";"1";"0"
"11628";"81196";"11628";"21";"1";"1";"7";"6";"0";"1";"1";"1";"0"
"11634";"81202";"11634";"21";"1";"1";"1";"5";"0";"1";"2";"1";"0"
"11640";"81227";"11640";"21";"1";"1";"7";"6";"1";"0";"1";"2";"0"
"11643";"81232";"11643";"21";"3";"3";"2";"6";"0";"1";"1";"1";"0"
"11683";"81302";"11683";"21";"3";"3";"1";"6";"0";"1";"0";"1";"0"
"11692";"81328";"11692";"21";"1";"1";"1";"6";"0";"1";"1";"1";"0"
"11699";"81359";"11699";"21";"3";"1";"7";"4";"0";"1";"1";"1";"0"
"11718";"81411";"11718";"21";"1";"1";"7";"5";"0";"2";"1";"1";"0"
"11720";"81412";"11720";"21";"1";"1";"7";"6";"0";"1";"0";"1";"0"
"11738";"81504";"11738";"21";"1";"1";"7";"7";"1";"0";"1";"2";"0"
"11748";"81523";"11748";"21";"1";"1";"7";"2";"0";"1";"1";"1";"0"
"11763";"81590";"11763";"21";"3";"3";"1";"6";"0";"1";"1";"1";"0"
"11771";"81603";"1400";"21";"2";"3";"1";"6";"0";"4";"0";"1";"0"
"11772";"81606";"11772";"21";"1";"3";"1";"6";"0";"1";"0";"1";"0"
"11788";"81620";"11788";"21";"1";"1";"7";"6";"1";"0";"1";"2";"0"
"11790";"81623";"11790";"21";"1";"1";"7";"6";"0";"1";"1";"1";"0"
"11791";"81669";"11791";"21";"1";"1";"7";"6";"0";"1";"1";"1";"0"
"11793";"81670";"11793";"21";"1";"1";"7";"6";"0";"1";"0";"1";"0"
"11800";"81749";"11800";"21";"1";"1";"7";"6";"1";"1";"0";"3";"0"
"11806";"81828";"11806";"21";"1";"1";"7";"6";"0";"1";"1";"1";"0"
"11809";"81838";"11809";"21";"1";"1";"7";"6";"0";"2";"0";"1";"0"
"11813";"81872";"11813";"21";"3";"1";"7";"6";"1";"2";"0";"2";"0"
"11842";"81997";"11842";"21";"3";"1";"7";"6";"0";"2";"1";"1";"0"
"11851";"82434";"11851";"21";"1";"1";"7";"6";"0";"2";"0";"1";"0"
"11857";"82492";"11857";"21";"1";"1";"7";"6";"1";"0";"1";"2";"0"
"11863";"82520";"11863";"21";"3";"1";"7";"6";"1";"0";"2";"2";"0"
"11866";"82548";"7215";"21";"5";"1";"7";"6";"1";"1";"0";"2";"0"
"11878";"82629";"11878";"21";"1";"1";"7";"4";"1";"0";"1";"2";"0"
"11887";"82791";"11887";"21";"1";"1";"7";"6";"3";"2";"0";"2";"0"
"11889";"82791";"11889";"21";"1";"1";"1";"4";"1";"1";"0";"2";"0"
"11908";"83422";"11908";"21";"1";"1";"7";"6";"0";"3";"1";"1";"0"
"11925";"83464";"11925";"21";"3";"1";"1";"6";"1";"1";"0";"2";"0"
"11939";"84168";"11939";"21";"5";"1";"7";"7";"0";"3";"2";"1";"0"
"11949";"84836";"11949";"21";"1";"1";"7";"6";"0";"2";"1";"1";"0"
"11951";"84859";"11951";"21";"3";"1";"7";"6";"0";"1";"3";"1";"0"
"11952";"84859";"11952";"21";"1";"1";"7";"6";"0";"1";"1";"1";"0"
"11962";"84955";"11962";"21";"1";"1";"7";"6";"1";"0";"1";"2";"0"
"11963";"85552";"11963";"21";"1";"1";"7";"4";"0";"1";"1";"1";"0"
"11968";"90012";"11968";"21";"5";"2";"2";"6";"0";"2";"0";"1";"0"
"11971";"90013";"11971";"21";"1";"1";"7";"6";"3";"1";"0";"2";"0"
"11985";"90062";"11985";"21";"1";"1";"7";"4";"2";"1";"0";"2";"0"
"12005";"90101";"12005";"21";"2";"1";"7";"6";"1";"2";"0";"2";"0"
"12008";"90101";"12008";"21";"1";"1";"7";"6";"0";"2";"0";"1";"0"
"12036";"90162";"7044";"21";"1";"3";"1";"6";"0";"2";"0";"1";"0"
"12044";"90188";"12044";"21";"1";"1";"7";"6";"0";"1";"1";"1";"0"
"12128";"90291";"12128";"21";"3";"1";"7";"6";"1";"0";"0";"3";"0"
"12134";"90296";"12134";"21";"1";"3";"2";"6";"0";"4";"1";"1";"0"
"12137";"90297";"12137";"21";"1";"1";"1";"6";"0";"2";"2";"1";"0"
"12176";"90332";"12176";"21";"1";"1";"7";"6";"1";"0";"1";"2";"0"
"12216";"90361";"12216";"21";"3";"1";"7";"6";"1";"0";"1";"2";"0"
"12234";"90416";"12234";"21";"1";"3";"1";"6";"0";"1";"2";"1";"0"
"12235";"90419";"12235";"21";"1";"4";"4";"6";"1";"1";"2";"2";"0"
"12262";"90463";"12262";"21";"1";"1";"7";"6";"0";"1";"1";"1";"0"
"12289";"90519";"12289";"21";"1";"1";"2";"6";"1";"0";"1";"2";"0"
"12316";"90616";"12316";"21";"3";"1";"7";"4";"0";"1";"1";"1";"0"
"12322";"90620";"12322";"21";"3";"1";"7";"6";"0";"1";"0";"1";"0"
"12329";"90631";"12329";"21";"1";"1";"7";"7";"1";"0";"1";"2";"0"
"12343";"90696";"12343";"21";"1";"1";"7";"6";"0";"1";"1";"1";"0"
"12348";"90699";"12348";"21";"1";"1";"1";"6";"0";"2";"1";"1";"0"
"12384";"90783";"12384";"21";"1";"1";"7";"6";"0";"2";"0";"1";"0"
"12386";"90786";"12386";"21";"1";"1";"7";"6";"0";"2";"2";"1";"0"
"12404";"90810";"12404";"21";"5";"6";"7";"6";"0";"0";"1";"3";"0"
"12535";"68802303";"12535";"21";"5";"3";"2";"6";"1";"1";"0";"2";"0"
"12651";"70817405";"12651";"21";"1";"1";"7";"6";"0";"1";"1";"1";"0"
"12767";"70827404";"12767";"21";"3";"1";"7";"3";"0";"1";"1";"1";"0"
"12773";"71695104";"12773";"21";"1";"1";"7";"7";"0";"1";"1";"1";"0"
"12780";"71706404";"12780";"21";"2";"1";"7";"6";"0";"1";"1";"1";"0"
"12816";"71811504";"12816";"21";"1";"1";"7";"6";"0";"1";"1";"1";"0"
"12825";"71812409";"12825";"21";"3";"3";"2";"6";"1";"0";"1";"2";"0"
"12972";"71825101";"12972";"21";"1";"1";"7";"6";"0";"1";"2";"1";"0"
"13041";"71842111";"13041";"21";"1";"1";"7";"6";"0";"1";"1";"1";"0"
"13056";"72702406";"13056";"21";"1";"6";"1";"6";"1";"1";"0";"2";"0"
"13066";"72791405";"13066";"21";"2";"1";"7";"3";"0";"1";"1";"1";"0"
"13107";"72825504";"13107";"21";"1";"1";"7";"6";"0";"1";"1";"1";"0"
"13191";"74726201";"13191";"21";"1";"7";"7";"6";"0";"1";"1";"1";"0"
"13215";"74746102";"13215";"21";"3";"1";"7";"6";"0";"3";"1";"1";"0"
"13252";"75731504";"13252";"21";"2";"1";"7";"6";"0";"1";"1";"1";"0"
"13362";"75787501";"13362";"21";"1";"1";"7";"7";"1";"1";"1";"3";"1"
"13403";"75803205";"13403";"21";"1";"1";"7";"6";"0";"2";"2";"1";"0"
"13418";"75806315";"13418";"21";"1";"1";"7";"4";"0";"1";"1";"1";"0"
"13461";"76727507";"13461";"21";"1";"1";"7";"6";"0";"2";"2";"1";"0"
"13493";"76733509";"13493";"21";"1";"1";"7";"6";"0";"2";"0";"1";"0"
"13521";"76736510";"13521";"21";"1";"1";"7";"6";"0";"1";"1";"1";"0"
"13545";"76752407";"13545";"21";"1";"1";"7";"6";"1";"0";"1";"2";"0"
"13572";"76765202";"13572";"21";"3";"1";"7";"6";"0";"1";"1";"1";"0"
"13675";"76777204";"13675";"21";"3";"1";"7";"3";"0";"1";"1";"1";"0"
"13684";"76791402";"13684";"21";"5";"3";"2";"6";"0";"2";"2";"1";"0"
"13697";"76857502";"13697";"21";"1";"1";"7";"6";"0";"1";"2";"1";"0"
"13818";"77735302";"13818";"21";"1";"1";"7";"6";"0";"1";"1";"1";"0"
"13824";"77735411";"13824";"21";"1";"1";"7";"4";"0";"1";"1";"1";"0"
"13869";"77737308";"13869";"21";"3";"1";"1";"6";"0";"2";"1";"1";"0"
"13884";"77737505";"13884";"21";"1";"1";"7";"6";"0";"2";"1";"1";"0"
"13913";"77745103";"13913";"21";"3";"3";"2";"6";"0";"1";"2";"1";"0"
"14001";"77756403";"14001";"21";"3";"1";"2";"5";"0";"1";"1";"1";"0"
"14174";"77774405";"14174";"21";"1";"1";"7";"6";"0";"1";"1";"1";"0"
"14257";"77777206";"14257";"21";"1";"1";"7";"6";"0";"2";"1";"1";"0"
"14342";"77902203";"14342";"21";"1";"1";"7";"6";"0";"1";"1";"1";"0"
"14382";"77903508";"14382";"21";"3";"1";"7";"6";"0";"1";"1";"1";"0"
"14383";"77903508";"14383";"21";"1";"1";"7";"3";"0";"1";"1";"1";"0"
"14384";"77903508";"14384";"21";"1";"1";"7";"6";"0";"3";"0";"1";"0"
"28764";"87804404";"28764";"21";"3";"1";"7";"4";"0";"1";"1";"1";"0"
"28792";"87805506";"28792";"21";"1";"1";"7";"6";"0";"1";"1";"1";"0"
"28835";"87811102";"28835";"21";"1";"1";"7";"6";"0";"1";"1";"1";"0"
"28984";"87813102";"28984";"21";"3";"1";"1";"6";"0";"1";"2";"1";"0"
"29059";"87814105";"29059";"21";"1";"1";"7";"6";"0";"1";"1";"1";"0"
"29075";"87815106";"29075";"21";"1";"1";"7";"6";"0";"1";"1";"1";"0"
"29131";"87821501";"29131";"21";"1";"1";"1";"6";"0";"2";"1";"1";"0"
"29207";"87824101";"29207";"21";"1";"1";"7";"6";"0";"1";"1";"1";"0"
"29253";"87826203";"29253";"21";"1";"1";"7";"7";"0";"0";"1";"3";"0"
"29271";"87831201";"29271";"21";"1";"1";"7";"6";"0";"1";"1";"1";"0"
"29275";"87832218";"29275";"21";"1";"1";"7";"4";"0";"1";"1";"1";"0"
"29302";"87833509";"29302";"21";"1";"1";"7";"6";"0";"1";"2";"1";"0"
"29349";"87835217";"29349";"21";"3";"3";"2";"6";"0";"1";"0";"1";"0"
"29433";"87844106";"29433";"21";"1";"1";"7";"6";"1";"0";"1";"2";"0"
"29471";"87847104";"29471";"21";"1";"1";"7";"3";"1";"0";"1";"2";"0"
"29504";"87854108";"29504";"21";"1";"1";"7";"8";"0";"1";"2";"1";"0"
"29510";"88756307";"29510";"21";"1";"1";"7";"6";"1";"0";"1";"2";"0"
"29582";"88811201";"29582";"21";"1";"1";"7";"6";"0";"1";"1";"1";"0"
"29584";"88813423";"29584";"21";"3";"1";"7";"6";"0";"1";"1";"1";"0"
"29615";"88831502";"29615";"21";"3";"1";"7";"4";"1";"0";"1";"2";"0"
"29646";"88835102";"29646";"21";"1";"1";"1";"4";"0";"1";"1";"1";"0"
"29650";"88837101";"29650";"21";"2";"1";"7";"6";"0";"3";"0";"1";"0"
"29651";"88837205";"29651";"21";"1";"1";"7";"6";"0";"1";"0";"1";"0"
"29681";"88842506";"29681";"21";"1";"1";"7";"6";"0";"1";"1";"1";"0"
"29721";"88845103";"29721";"21";"1";"6";"1";"4";"0";"1";"1";"1";"0"
"29722";"88845205";"29722";"21";"2";"3";"1";"6";"0";"1";"1";"1";"0"
"29738";"89737303";"29738";"21";"1";"1";"7";"6";"1";"1";"2";"2";"0"
"29750";"89811410";"29750";"21";"3";"1";"7";"6";"0";"1";"1";"1";"0"
"29754";"89812309";"29754";"21";"1";"1";"7";"6";"0";"1";"1";"1";"0"
"29760";"89812407";"429";"21";"3";"1";"7";"6";"0";"1";"1";"1";"0"
"29778";"89817403";"29778";"21";"1";"1";"7";"6";"1";"0";"1";"2";"0"
"29796";"89821317";"29796";"21";"1";"3";"2";"6";"0";"1";"0";"1";"0"
"29799";"89837411";"29799";"21";"1";"1";"1";"6";"0";"1";"1";"1";"0"
"29806";"89842218";"29806";"21";"1";"1";"7";"6";"0";"2";"1";"1";"0"
"29809";"90811501";"29809";"21";"1";"1";"1";"6";"1";"0";"1";"2";"0"
"14399";"77904410";"14399";"21";"1";"1";"7";"6";"0";"1";"1";"1";"0"
"14404";"77905206";"12008";"21";"1";"1";"7";"6";"0";"1";"1";"1";"0"
"14408";"77905405";"14408";"21";"1";"1";"7";"7";"0";"1";"1";"1";"0"
"14486";"78675204";"14486";"21";"1";"1";"7";"5";"1";"0";"1";"2";"0"
"14531";"78695502";"14531";"21";"1";"1";"7";"6";"1";"3";"0";"2";"0"
"14559";"78707302";"14559";"21";"1";"1";"7";"9";"1";"1";"1";"3";"2"
"14562";"78717103";"14562";"21";"3";"3";"1";"6";"2";"0";"1";"2";"0"
"14643";"78741307";"14643";"21";"3";"1";"7";"3";"0";"1";"1";"1";"0"
"14713";"78745307";"14713";"21";"3";"3";"1";"6";"0";"3";"2";"1";"0"
"14832";"78757502";"14832";"21";"1";"1";"7";"3";"0";"1";"1";"1";"0"
"14920";"78763510";"14920";"21";"1";"1";"7";"6";"0";"2";"0";"1";"0"
"15072";"78771406";"15072";"21";"3";"1";"7";"4";"0";"1";"1";"1";"0"
"15081";"78772102";"15081";"21";"1";"1";"7";"4";"0";"1";"1";"1";"0"
"15202";"78776301";"15202";"21";"3";"1";"1";"6";"0";"1";"1";"1";"0"
"15272";"78782401";"15272";"21";"1";"1";"7";"6";"0";"1";"1";"1";"0"
"15273";"78782404";"15273";"21";"3";"1";"7";"6";"0";"1";"1";"1";"0"
"15287";"78784105";"15287";"21";"3";"1";"7";"3";"1";"0";"1";"2";"0"
"15324";"78787105";"15324";"21";"1";"1";"7";"6";"0";"3";"1";"1";"0"
"15356";"78797210";"15356";"21";"1";"1";"7";"6";"0";"2";"2";"1";"0"
"15364";"78804101";"15364";"21";"3";"1";"7";"6";"1";"0";"1";"2";"0"
"15368";"78827103";"15368";"21";"1";"1";"7";"7";"0";"1";"1";"1";"0"
"15374";"78832104";"15374";"21";"1";"1";"7";"6";"0";"2";"2";"1";"0"
"15549";"79725113";"15549";"21";"1";"1";"7";"6";"0";"1";"1";"1";"0"
"15555";"79725503";"15555";"21";"1";"1";"7";"6";"0";"1";"1";"1";"0"
"15556";"79725503";"15556";"21";"5";"1";"7";"6";"0";"1";"2";"1";"0"
"15610";"79727509";"15610";"21";"1";"1";"7";"6";"0";"1";"1";"1";"0"
"15637";"79732507";"15637";"21";"1";"1";"7";"4";"0";"1";"1";"1";"0"
"15673";"79733306";"15673";"21";"1";"1";"7";"6";"0";"1";"1";"1";"0"
"15685";"79734202";"15685";"21";"1";"1";"7";"6";"0";"1";"1";"1";"0"
"15752";"79737204";"15752";"21";"1";"1";"7";"6";"0";"1";"1";"1";"0"
"15761";"79742503";"15761";"21";"4";"3";"2";"6";"0";"1";"1";"1";"0"
"15888";"79746201";"15888";"21";"1";"1";"7";"6";"0";"2";"1";"1";"0"
"15915";"79747102";"15915";"21";"1";"1";"7";"6";"0";"1";"1";"1";"0"
"15949";"79751102";"15949";"21";"1";"1";"7";"6";"0";"2";"0";"1";"0"
"16188";"79753302";"16188";"21";"1";"1";"2";"6";"0";"1";"1";"1";"0"
"16196";"79753304";"16196";"21";"1";"1";"7";"3";"0";"1";"1";"1";"0"
"16382";"79757102";"16382";"21";"1";"1";"7";"6";"1";"0";"1";"2";"0"
"16498";"79762101";"16498";"21";"1";"1";"7";"6";"0";"2";"2";"1";"0"
"16610";"79765202";"16610";"21";"1";"1";"7";"6";"0";"1";"1";"1";"0"
"16899";"79774523";"16899";"21";"3";"3";"1";"6";"0";"1";"1";"1";"0"
"16901";"79774523";"16901";"21";"1";"1";"7";"6";"0";"2";"1";"1";"0"
"16915";"79775405";"16915";"21";"5";"3";"1";"4";"0";"1";"1";"1";"0"
"17009";"79785405";"17009";"21";"4";"1";"7";"3";"0";"2";"0";"1";"0"
"17011";"79786305";"17011";"21";"3";"1";"7";"6";"0";"1";"1";"1";"0"
"17153";"79821401";"17153";"21";"1";"1";"7";"6";"0";"1";"1";"1";"0"
"17155";"79823104";"17155";"21";"3";"1";"7";"6";"2";"1";"0";"2";"0"
"17282";"80731101";"17282";"21";"1";"3";"2";"6";"0";"1";"1";"1";"0"
"17330";"80733307";"17330";"21";"1";"1";"7";"4";"0";"1";"1";"1";"0"
"17344";"80734501";"17344";"21";"1";"1";"7";"6";"0";"1";"2";"1";"0"
"17345";"80734501";"17345";"21";"1";"7";"2";"6";"0";"1";"1";"1";"0"
"17466";"80742107";"17466";"21";"5";"1";"7";"6";"0";"2";"0";"1";"0"
"17534";"80742502";"17534";"21";"3";"1";"7";"6";"0";"1";"1";"1";"0"
"17609";"80744501";"17609";"21";"1";"1";"7";"6";"0";"3";"2";"1";"0"
"17610";"80744503";"17610";"21";"1";"1";"7";"6";"0";"1";"1";"1";"0"
"17696";"80746409";"17696";"21";"1";"1";"7";"6";"0";"1";"2";"1";"0"
"17798";"80751303";"17798";"21";"1";"1";"2";"6";"0";"1";"3";"1";"0"
"17805";"80751405";"17805";"21";"1";"1";"7";"6";"0";"3";"0";"1";"0"
"18486";"80765402";"18486";"21";"3";"1";"7";"6";"0";"1";"1";"1";"0"
"18619";"80774107";"18619";"21";"3";"1";"7";"6";"0";"2";"1";"1";"0"
"18762";"80781506";"18762";"21";"2";"1";"7";"1";"0";"1";"1";"1";"0"
"18808";"80783508";"18808";"21";"3";"1";"7";"4";"0";"1";"1";"1";"0"
"18813";"80784303";"18813";"21";"1";"1";"7";"6";"0";"1";"2";"1";"0"
"18815";"80784401";"18815";"21";"2";"3";"1";"6";"0";"1";"1";"1";"0"
"18881";"80786204";"18881";"21";"1";"1";"7";"6";"0";"1";"1";"1";"0"
"18924";"80787207";"18924";"21";"1";"1";"7";"6";"0";"1";"1";"1";"0"
"18930";"80793104";"18930";"21";"1";"1";"7";"6";"0";"1";"1";"1";"0"
"18946";"80794102";"18946";"21";"1";"1";"7";"6";"0";"1";"1";"1";"0"
"18947";"80794109";"18947";"21";"1";"1";"7";"6";"0";"1";"2";"1";"0"
"18951";"80794110";"18951";"21";"1";"1";"7";"6";"0";"1";"1";"1";"0"
"18980";"80796303";"18980";"21";"1";"1";"7";"6";"0";"1";"1";"1";"0"
"19053";"80804503";"19053";"21";"3";"1";"1";"4";"1";"0";"1";"2";"0"
"19054";"80804503";"19054";"21";"3";"1";"7";"8";"0";"1";"1";"1";"0"
"19135";"80873405";"19135";"21";"1";"1";"7";"6";"0";"2";"1";"1";"0"
"19151";"80883301";"19151";"21";"1";"1";"7";"6";"0";"3";"1";"1";"0"
"130";"696";"130";"21";"3";"1";"7";"4";"1";"0";"1";"2";"0"
"141";"702";"141";"21";"5";"1";"7";"4";"0";"2";"0";"1";"0"
"157";"792";"157";"21";"3";"1";"7";"6";"0";"1";"1";"1";"0"
"164";"796";"164";"21";"3";"1";"1";"8";"0";"1";"1";"1";"0"
"235";"910";"235";"21";"1";"1";"7";"6";"0";"1";"1";"1";"0"
"270";"1046";"270";"21";"4";"3";"2";"6";"1";"1";"0";"2";"0"
"272";"1057";"272";"21";"1";"1";"7";"6";"1";"0";"1";"2";"0"
"312";"1242";"312";"21";"3";"3";"2";"6";"0";"1";"3";"1";"0"
"313";"1243";"313";"21";"5";"1";"7";"4";"0";"0";"1";"3";"0"
"321";"1320";"321";"21";"1";"1";"7";"3";"0";"2";"0";"1";"0"
"348";"1405";"348";"21";"3";"1";"7";"7";"1";"0";"1";"2";"0"
"365";"1456";"365";"21";"1";"1";"7";"4";"0";"1";"1";"1";"0"
"399";"1607";"399";"21";"3";"1";"7";"4";"1";"1";"0";"2";"0"
"400";"1607";"400";"21";"3";"3";"1";"6";"0";"2";"1";"1";"0"
"426";"2083";"426";"21";"1";"1";"7";"6";"0";"2";"0";"1";"0"
"442";"2223";"442";"21";"1";"1";"7";"6";"0";"1";"1";"1";"0"
"445";"2254";"445";"21";"1";"1";"7";"3";"0";"1";"1";"1";"0"
"458";"3378";"458";"21";"1";"1";"7";"6";"0";"5";"0";"1";"0"
"492";"3534";"492";"21";"3";"3";"2";"6";"0";"1";"1";"1";"0"
"554";"3681";"554";"21";"1";"1";"7";"6";"0";"1";"1";"1";"0"
"565";"3756";"565";"21";"1";"1";"7";"4";"0";"1";"1";"1";"0"
"630";"4857";"630";"21";"5";"1";"7";"6";"0";"1";"5";"1";"0"
"632";"4859";"632";"21";"1";"1";"7";"6";"0";"3";"2";"1";"0"
"637";"4873";"637";"21";"2";"1";"7";"6";"1";"0";"2";"2";"0"
"639";"4875";"639";"21";"3";"3";"1";"6";"1";"2";"1";"2";"0"
"640";"4880";"640";"21";"1";"1";"7";"7";"3";"1";"0";"2";"0"
"649";"4880";"649";"21";"1";"1";"7";"6";"2";"2";"0";"2";"0"
"652";"4886";"652";"21";"3";"3";"1";"6";"0";"4";"4";"1";"0"
"694";"6290";"694";"21";"1";"3";"5";"6";"1";"1";"0";"2";"0"
"705";"6959";"705";"21";"1";"6";"7";"4";"1";"0";"1";"2";"0"
"711";"6998";"711";"21";"1";"1";"7";"3";"0";"2";"1";"1";"0"
"728";"7068";"728";"21";"1";"1";"1";"6";"0";"3";"3";"1";"0"
"753";"7172";"753";"21";"1";"1";"7";"6";"0";"1";"1";"1";"0"
"759";"7174";"759";"21";"1";"1";"7";"7";"0";"1";"1";"1";"0"
"768";"7179";"768";"21";"1";"1";"7";"6";"0";"3";"1";"1";"0"
"773";"7179";"773";"21";"3";"1";"1";"6";"0";"3";"0";"1";"0"
"779";"7213";"779";"21";"5";"1";"7";"6";"1";"2";"0";"2";"0"
"789";"7341";"789";"21";"1";"1";"7";"6";"0";"1";"1";"1";"0"
"791";"7454";"791";"21";"1";"1";"7";"6";"1";"0";"1";"2";"0"
"807";"7681";"807";"21";"5";"1";"7";"6";"0";"1";"2";"3";"0"
"810";"7689";"810";"21";"1";"1";"4";"7";"0";"0";"1";"3";"0"
"819";"8181";"819";"21";"1";"1";"7";"6";"0";"1";"1";"1";"0"
"830";"8235";"830";"21";"3";"1";"7";"6";"0";"1";"0";"3";"0"
"854";"8256";"373";"21";"1";"1";"7";"6";"1";"0";"1";"2";"0"
"855";"8260";"855";"21";"1";"1";"7";"4";"0";"2";"0";"1";"0"
"857";"8282";"857";"21";"1";"1";"7";"6";"0";"1";"1";"1";"0"
"859";"8288";"859";"21";"1";"3";"1";"6";"0";"2";"0";"1";"0"
"862";"8299";"862";"21";"3";"1";"7";"4";"0";"1";"1";"1";"0"
"874";"8304";"874";"21";"1";"1";"7";"6";"0";"1";"1";"1";"0"
"878";"8305";"878";"21";"2";"1";"7";"7";"0";"0";"1";"3";"0"
"884";"8989";"884";"21";"1";"1";"7";"6";"0";"2";"1";"1";"0"
"886";"8989";"886";"21";"1";"1";"7";"6";"0";"1";"5";"1";"0"
"899";"9678";"899";"21";"3";"1";"1";"6";"0";"2";"3";"1";"0"
"911";"10428";"911";"21";"1";"2";"1";"6";"2";"1";"0";"2";"0"
"919";"10449";"919";"21";"5";"1";"7";"6";"1";"0";"3";"2";"0"
"920";"10456";"920";"21";"1";"3";"1";"6";"0";"1";"1";"1";"0"
"936";"10470";"936";"21";"1";"1";"7";"6";"1";"1";"1";"2";"0"
"952";"10488";"952";"21";"1";"1";"7";"6";"1";"4";"0";"2";"0"
"986";"12022";"986";"21";"1";"1";"7";"7";"0";"1";"1";"1";"0"
"1003";"12156";"1003";"21";"1";"1";"7";"6";"1";"0";"1";"2";"0"
"1005";"12156";"1005";"21";"1";"1";"1";"6";"0";"1";"1";"1";"0"
"1007";"12170";"1007";"21";"1";"1";"1";"6";"0";"2";"1";"1";"0"
"1029";"12294";"1029";"21";"1";"3";"1";"6";"0";"1";"1";"1";"0"
"1036";"12337";"1036";"21";"1";"1";"7";"6";"0";"3";"0";"1";"0"
"1054";"12485";"1054";"21";"3";"1";"7";"6";"3";"1";"0";"2";"0"
"1082";"13132";"1082";"21";"3";"1";"7";"6";"1";"1";"0";"2";"0"
"1091";"13137";"1091";"21";"1";"1";"7";"6";"0";"1";"2";"1";"0"
"1094";"13177";"1094";"21";"1";"1";"7";"6";"0";"2";"1";"1";"0"
"1119";"13312";"1119";"21";"1";"1";"7";"3";"0";"2";"0";"1";"0"
"1137";"13334";"1137";"21";"1";"1";"7";"6";"0";"1";"1";"1";"0"
"1155";"13358";"1155";"21";"1";"1";"7";"6";"0";"2";"1";"1";"0"
"1188";"13428";"1188";"21";"1";"3";"1";"6";"0";"2";"0";"1";"0"
"1239";"13603";"1239";"21";"1";"1";"7";"5";"0";"1";"1";"1";"0"
"1264";"13667";"1264";"21";"3";"1";"7";"4";"1";"0";"1";"2";"0"
"1289";"13776";"1289";"21";"1";"3";"2";"6";"1";"0";"1";"2";"0"
"1295";"13777";"1295";"21";"1";"3";"1";"6";"0";"1";"1";"1";"0"
"1310";"14443";"1310";"21";"1";"1";"7";"6";"3";"0";"0";"3";"2"
"1317";"15159";"1317";"21";"1";"1";"7";"6";"2";"0";"0";"2";"0"
"1325";"15234";"1325";"21";"1";"3";"2";"3";"0";"2";"1";"1";"0"
"1330";"15237";"1330";"21";"1";"1";"7";"6";"0";"1";"1";"1";"0"
"1334";"15239";"1334";"21";"5";"1";"7";"5";"1";"0";"0";"2";"0"
"1338";"15263";"1338";"21";"1";"3";"2";"8";"0";"2";"0";"1";"0"