"accident_id";"lieu_id";"date_id";"cause_id";"lum_id";"intemp_id";"etat_surface_id";"impliq_id";"nb_blesses_graves";"nb_blesses_legers";"nb_indemnes";"gravite";"nb_morts"
"1343";"15298";"1343";"21";"1";"3";"2";"6";"1";"1";"0";"2";"0"
"1344";"15315";"1344";"21";"1";"3";"2";"6";"0";"1";"1";"1";"0"
"1370";"16733";"1370";"21";"5";"1";"7";"6";"0";"2";"0";"1";"0"
"1387";"17958";"1387";"21";"3";"1";"7";"6";"0";"2";"6";"1";"0"
"1389";"17960";"1389";"21";"5";"1";"7";"7";"0";"1";"1";"3";"0"
"1401";"17966";"1401";"21";"2";"3";"1";"7";"1";"0";"1";"2";"0"
"1433";"19381";"1433";"21";"1";"1";"7";"6";"0";"1";"1";"1";"0"
"1454";"19618";"1454";"21";"1";"1";"7";"6";"0";"3";"1";"1";"0"
"1471";"19697";"1471";"21";"1";"1";"7";"6";"0";"3";"0";"1";"0"
"1483";"19927";"1483";"21";"1";"3";"1";"6";"0";"2";"0";"1";"0"
"1514";"21908";"1514";"21";"1";"1";"7";"7";"0";"0";"2";"3";"0"
"1531";"21952";"1531";"21";"3";"1";"7";"6";"1";"1";"0";"2";"0"
"1536";"22063";"1536";"21";"2";"1";"7";"6";"1";"1";"0";"2";"0"
"1541";"22679";"1541";"21";"1";"2";"2";"6";"0";"1";"1";"1";"0"
"1545";"22719";"1545";"21";"1";"3";"1";"6";"2";"1";"0";"3";"0"
"1550";"22750";"1550";"21";"1";"1";"7";"6";"1";"1";"1";"2";"0"
"1563";"22787";"1563";"21";"3";"1";"2";"6";"1";"1";"0";"2";"0"
"1564";"22787";"1564";"21";"1";"2";"2";"6";"2";"1";"0";"2";"0"
"1567";"22787";"1567";"21";"1";"1";"7";"4";"1";"1";"0";"2";"0"
"1574";"22875";"1574";"21";"1";"1";"7";"6";"3";"0";"0";"3";"2"
"1575";"22875";"1575";"21";"1";"1";"7";"7";"1";"0";"1";"2";"0"
"1596";"24249";"1596";"21";"1";"1";"7";"6";"0";"1";"1";"1";"0"
"1602";"24283";"1602";"21";"1";"1";"7";"6";"3";"0";"1";"2";"0"
"1616";"24971";"1616";"21";"1";"1";"7";"6";"0";"1";"1";"1";"0"
"1638";"25205";"1638";"21";"1";"1";"7";"6";"0";"2";"0";"1";"0"
"1648";"25209";"1648";"21";"1";"1";"7";"6";"0";"2";"0";"3";"0"
"1657";"25213";"1657";"21";"1";"1";"7";"6";"1";"1";"0";"2";"0"
"1672";"25248";"1672";"21";"1";"1";"7";"6";"0";"6";"0";"1";"0"
"1673";"25248";"1673";"21";"3";"4";"1";"6";"0";"1";"1";"1";"0"
"1675";"25251";"1675";"21";"1";"2";"2";"6";"1";"0";"1";"2";"0"
"1676";"25251";"1676";"21";"1";"1";"7";"6";"1";"0";"1";"2";"0"
"1680";"25262";"1680";"21";"1";"1";"1";"6";"0";"2";"0";"1";"0"
"1695";"25279";"1695";"21";"3";"3";"1";"6";"0";"2";"0";"3";"0"
"1709";"25356";"1709";"21";"1";"1";"7";"6";"0";"2";"0";"1";"0"
"1718";"25448";"1718";"21";"1";"1";"7";"6";"0";"1";"1";"1";"0"
"1721";"25561";"1721";"21";"1";"2";"1";"6";"0";"1";"1";"1";"0"
"1732";"25630";"1732";"21";"1";"1";"7";"5";"1";"0";"1";"2";"0"
"1739";"26161";"1739";"21";"1";"1";"7";"6";"0";"1";"1";"1";"0"
"1760";"26844";"1760";"21";"1";"1";"7";"6";"0";"1";"1";"1";"0"
"1764";"26857";"1764";"21";"1";"1";"7";"4";"1";"2";"0";"2";"0"
"1768";"26895";"1768";"21";"3";"3";"2";"6";"0";"2";"1";"1";"0"
"1839";"27109";"1839";"21";"1";"1";"7";"5";"0";"1";"2";"1";"0"
"1868";"27148";"1868";"21";"3";"1";"7";"6";"0";"1";"1";"1";"0"
"1886";"27298";"1886";"21";"1";"1";"7";"6";"0";"2";"0";"1";"0"
"1890";"27299";"1890";"21";"3";"1";"7";"4";"1";"0";"1";"2";"0"
"1916";"27967";"1916";"21";"5";"1";"7";"6";"0";"3";"2";"1";"0"
"1934";"28033";"1934";"21";"1";"1";"7";"6";"0";"1";"1";"1";"0"
"1939";"28048";"1939";"21";"1";"1";"7";"6";"0";"1";"1";"1";"0"
"1962";"28168";"1962";"21";"4";"2";"1";"6";"0";"2";"2";"1";"0"
"1965";"28179";"1965";"21";"1";"1";"7";"7";"0";"1";"1";"1";"0"
"1973";"28179";"1973";"21";"1";"1";"1";"6";"0";"3";"2";"1";"0"
"2003";"28315";"2003";"21";"3";"1";"7";"4";"0";"1";"1";"1";"0"
"2024";"28343";"2024";"21";"5";"6";"1";"6";"0";"2";"1";"1";"0"
"2025";"28355";"2025";"21";"3";"1";"7";"6";"0";"1";"1";"1";"0"
"2038";"28985";"2038";"21";"1";"1";"7";"6";"0";"1";"1";"1";"0"
"2066";"29038";"2066";"21";"1";"1";"7";"6";"0";"1";"2";"1";"0"
"2069";"29040";"2069";"21";"3";"1";"7";"6";"0";"1";"0";"1";"0"
"2079";"29049";"2079";"21";"1";"1";"7";"6";"0";"1";"0";"1";"0"
"2092";"29067";"2092";"21";"3";"3";"2";"6";"0";"1";"1";"1";"0"
"2098";"29076";"2098";"21";"1";"1";"7";"6";"0";"1";"1";"1";"0"
"2109";"29101";"2109";"21";"3";"1";"7";"6";"0";"1";"1";"1";"0"
"2126";"29122";"2126";"21";"1";"3";"2";"6";"1";"0";"0";"2";"0"
"2131";"29126";"2131";"21";"1";"1";"7";"6";"1";"0";"1";"2";"0"
"2139";"29146";"2139";"21";"3";"1";"7";"6";"0";"1";"1";"1";"0"
"2145";"29152";"2145";"21";"1";"1";"7";"6";"0";"2";"1";"1";"0"
"2164";"29210";"2164";"21";"1";"1";"7";"6";"1";"0";"1";"2";"0"
"2169";"29215";"2169";"21";"1";"1";"7";"6";"1";"0";"1";"2";"0"
"2186";"29222";"2186";"21";"1";"1";"7";"3";"1";"0";"1";"2";"0"
"2221";"29259";"2221";"21";"1";"1";"7";"4";"0";"1";"1";"1";"0"
"2234";"29354";"2234";"21";"1";"1";"7";"6";"0";"2";"0";"1";"0"
"2249";"29484";"2249";"21";"1";"1";"1";"6";"0";"1";"1";"1";"0"
"2254";"29502";"2254";"21";"1";"1";"7";"6";"0";"1";"1";"1";"0"
"2259";"29522";"2259";"21";"1";"1";"7";"7";"0";"1";"1";"1";"0"
"2268";"29523";"2268";"21";"1";"2";"1";"6";"1";"1";"0";"2";"0"
"2284";"29607";"2284";"21";"3";"1";"7";"4";"0";"1";"1";"1";"0"
"2306";"29828";"2306";"21";"1";"3";"2";"6";"0";"1";"1";"1";"0"
"2315";"31042";"2315";"21";"1";"1";"7";"6";"1";"2";"4";"2";"0"
"2348";"31877";"2348";"21";"5";"1";"7";"6";"2";"0";"0";"2";"0"
"2364";"31962";"2364";"21";"1";"1";"7";"6";"0";"4";"2";"1";"0"
"2387";"32709";"2387";"21";"1";"1";"7";"4";"0";"1";"2";"1";"0"
"2398";"32712";"2398";"21";"2";"1";"7";"6";"1";"3";"3";"2";"0"
"2399";"32712";"2399";"21";"5";"1";"3";"6";"2";"1";"0";"2";"0"
"2429";"33441";"2429";"21";"3";"3";"2";"6";"0";"6";"0";"1";"0"
"2457";"33471";"2457";"21";"1";"1";"7";"6";"0";"2";"0";"1";"0"
"2538";"33763";"2538";"21";"3";"1";"7";"6";"1";"0";"1";"2";"0"
"2558";"33905";"2558";"21";"3";"1";"7";"4";"0";"1";"1";"1";"0"
"2562";"33906";"2562";"21";"1";"1";"7";"6";"0";"3";"0";"1";"0"
"2589";"34119";"2589";"21";"1";"3";"2";"6";"0";"1";"1";"1";"0"
"2594";"34121";"2594";"21";"1";"1";"7";"6";"1";"1";"1";"2";"0"
"2597";"34128";"2597";"21";"1";"1";"7";"6";"0";"2";"0";"1";"0"
"2626";"35420";"2626";"21";"1";"3";"1";"6";"0";"2";"0";"1";"0"
"2627";"35420";"2627";"21";"2";"3";"1";"6";"0";"1";"0";"1";"0"
"2636";"35474";"2636";"21";"1";"3";"2";"6";"0";"4";"0";"1";"0"
"2642";"35494";"2642";"21";"1";"1";"7";"6";"0";"5";"0";"1";"0"
"2645";"35499";"2645";"21";"3";"3";"1";"6";"0";"2";"0";"1";"0"
"2654";"35530";"2654";"21";"1";"1";"7";"6";"0";"1";"1";"1";"0"
"2668";"35604";"2668";"21";"3";"1";"7";"6";"0";"1";"2";"1";"0"
"2671";"35609";"2671";"21";"3";"1";"7";"4";"1";"0";"0";"2";"0"
"2682";"35634";"2682";"21";"1";"1";"7";"6";"0";"2";"2";"1";"0"
"2702";"35723";"2702";"21";"5";"3";"1";"6";"0";"2";"1";"1";"0"
"2706";"35823";"2706";"21";"1";"3";"1";"7";"0";"1";"1";"1";"0"
"2708";"35823";"2708";"21";"1";"1";"7";"6";"0";"1";"1";"1";"0"
"2715";"35842";"2715";"21";"1";"1";"7";"6";"0";"1";"1";"1";"0"
"2717";"35843";"2717";"21";"1";"1";"1";"6";"0";"1";"1";"1";"0"
"2725";"36417";"2725";"21";"1";"3";"1";"6";"0";"0";"1";"3";"0"
"2772";"37280";"2772";"21";"1";"1";"7";"6";"1";"0";"1";"2";"0"
"2788";"37323";"2788";"21";"2";"1";"7";"6";"0";"3";"0";"1";"0"
"2793";"37346";"2793";"21";"5";"1";"7";"6";"0";"2";"1";"1";"0"
"2795";"37360";"2795";"21";"1";"1";"7";"6";"0";"2";"0";"1";"0"
"2799";"37967";"2799";"21";"1";"1";"7";"4";"0";"1";"1";"1";"0"
"2800";"37969";"2800";"21";"1";"1";"7";"6";"0";"1";"2";"1";"0"
"2886";"38134";"2886";"21";"1";"3";"2";"6";"0";"1";"1";"1";"0"
"2950";"38414";"2950";"21";"1";"1";"7";"6";"0";"1";"2";"1";"0"
"3063";"38689";"3063";"21";"1";"1";"7";"6";"0";"1";"1";"1";"0"
"3075";"38738";"3075";"21";"1";"1";"7";"6";"0";"1";"1";"1";"0"
"3143";"38936";"3143";"21";"4";"1";"7";"6";"0";"1";"3";"1";"0"
"3178";"38984";"3178";"21";"1";"2";"2";"6";"0";"1";"1";"1";"0"
"3213";"39019";"3213";"21";"1";"1";"7";"2";"0";"1";"1";"1";"0"
"3249";"39047";"3249";"21";"3";"2";"2";"7";"1";"0";"1";"2";"0"
"3257";"39047";"3257";"21";"3";"3";"1";"6";"0";"4";"0";"1";"0"
"3265";"39049";"3265";"21";"3";"1";"7";"4";"0";"1";"1";"1";"0"
"3299";"39113";"3299";"21";"5";"1";"7";"6";"0";"1";"1";"1";"0"
"3302";"39117";"3302";"21";"5";"1";"7";"6";"0";"1";"1";"1";"0"
"3309";"39136";"3309";"21";"3";"3";"2";"6";"0";"1";"1";"1";"0"
"3478";"39580";"3478";"21";"3";"1";"7";"6";"1";"0";"1";"2";"0"
"3499";"39610";"3499";"21";"1";"1";"7";"2";"0";"1";"1";"1";"0"
"3510";"39628";"3510";"21";"1";"3";"1";"6";"1";"0";"1";"2";"0"
"3660";"39808";"3660";"21";"1";"1";"7";"6";"0";"1";"1";"1";"0"
"3788";"40055";"3788";"21";"3";"3";"2";"6";"0";"2";"2";"1";"0"
"3892";"40165";"3892";"21";"1";"1";"1";"6";"0";"1";"2";"1";"0"
"3940";"40263";"3940";"21";"1";"1";"7";"6";"0";"1";"1";"1";"0"
"3941";"40264";"3941";"21";"1";"1";"7";"4";"0";"1";"2";"1";"0"
"3999";"40348";"3999";"21";"1";"1";"7";"6";"0";"1";"1";"1";"0"
"4068";"40416";"4068";"21";"1";"1";"7";"6";"0";"1";"1";"1";"0"
"4113";"40517";"4113";"21";"1";"1";"7";"6";"0";"1";"1";"1";"0"
"4115";"40524";"4115";"21";"3";"1";"7";"4";"0";"1";"1";"1";"0"
"4187";"40751";"4187";"21";"1";"1";"1";"6";"0";"1";"1";"1";"0"
"4233";"40816";"4233";"21";"1";"1";"7";"6";"1";"0";"1";"2";"0"
"4236";"40816";"4236";"21";"1";"1";"7";"5";"0";"1";"1";"1";"0"
"4316";"40995";"4316";"21";"1";"1";"7";"6";"0";"1";"1";"1";"0"
"4342";"41019";"4342";"21";"3";"3";"2";"6";"0";"1";"1";"1";"0"
"4449";"41241";"4449";"21";"1";"1";"7";"4";"0";"2";"0";"1";"0"
"4476";"41321";"4476";"21";"3";"1";"7";"6";"0";"1";"2";"1";"0"
"4480";"41360";"4480";"21";"1";"4";"3";"6";"0";"1";"1";"1";"0"
"4489";"41383";"4489";"21";"3";"3";"1";"7";"0";"1";"2";"1";"0"
"4493";"41403";"4493";"21";"3";"2";"1";"6";"0";"2";"0";"1";"0"
"4499";"41421";"4499";"21";"2";"3";"1";"6";"0";"2";"0";"1";"0"
"4501";"41422";"4501";"21";"1";"1";"2";"6";"1";"3";"0";"2";"0"
"4507";"41422";"4507";"21";"2";"1";"7";"6";"0";"1";"2";"1";"0"
"4616";"41632";"4616";"21";"3";"3";"2";"6";"0";"2";"0";"1";"0"
"4633";"41659";"4633";"21";"1";"1";"7";"4";"0";"2";"0";"1";"0"
"4685";"41701";"4685";"21";"3";"1";"7";"6";"0";"1";"1";"1";"0"
"4700";"41744";"4700";"21";"1";"1";"7";"6";"0";"2";"0";"1";"0"
"4702";"41745";"4702";"21";"5";"1";"7";"4";"0";"1";"1";"1";"0"
"4715";"42002";"4715";"21";"1";"1";"7";"4";"0";"0";"1";"3";"0"
"4735";"42139";"4735";"21";"1";"1";"7";"6";"1";"0";"1";"2";"0"
"4739";"42141";"4739";"21";"1";"1";"1";"6";"0";"2";"0";"1";"0"
"4744";"42175";"4744";"21";"1";"1";"1";"6";"0";"1";"1";"1";"0"
"4757";"42254";"4757";"21";"1";"3";"5";"6";"0";"1";"1";"1";"0"
"4758";"42254";"4758";"21";"1";"1";"1";"6";"0";"1";"1";"1";"0"
"4767";"42947";"4767";"21";"1";"1";"7";"6";"1";"1";"1";"2";"0"
"4806";"43038";"4806";"21";"1";"1";"7";"6";"0";"1";"3";"1";"0"
"4851";"43110";"4851";"21";"1";"1";"7";"6";"0";"1";"1";"1";"0"
"4885";"43177";"4885";"21";"1";"1";"7";"6";"0";"1";"0";"1";"0"
"4897";"43214";"4897";"21";"3";"1";"7";"6";"1";"0";"1";"2";"0"
"4926";"43303";"4926";"21";"1";"1";"7";"6";"0";"1";"1";"1";"0"
"4930";"43305";"4930";"21";"1";"3";"2";"6";"1";"1";"0";"2";"0"
"4931";"43305";"4931";"21";"3";"1";"7";"7";"0";"2";"1";"1";"0"
"4933";"43305";"4933";"21";"1";"7";"7";"7";"0";"0";"1";"3";"0"
"4938";"43305";"4938";"21";"3";"1";"7";"6";"1";"0";"0";"2";"0"
"4943";"43305";"4943";"21";"3";"1";"7";"6";"0";"1";"2";"1";"0"
"4948";"43305";"4948";"21";"2";"3";"2";"6";"0";"1";"2";"1";"0"
"4949";"43305";"4949";"21";"1";"1";"7";"6";"0";"1";"1";"1";"0"
"4956";"43324";"3565";"21";"3";"3";"1";"6";"0";"2";"1";"1";"0"
"4957";"43325";"4957";"21";"2";"1";"7";"6";"0";"1";"1";"1";"0"
"4962";"43382";"4962";"21";"1";"1";"7";"6";"0";"1";"1";"1";"0"
"5036";"43588";"5036";"21";"1";"1";"7";"6";"0";"1";"2";"1";"0"
"5053";"43768";"5053";"21";"3";"1";"2";"6";"2";"0";"0";"2";"0"
"5062";"43801";"5062";"21";"1";"2";"2";"5";"0";"1";"1";"1";"0"
"5086";"45145";"5086";"21";"3";"1";"7";"6";"1";"2";"1";"2";"0"
"5089";"45173";"5089";"21";"3";"1";"7";"6";"0";"1";"1";"1";"0"
"5094";"45187";"5094";"21";"1";"1";"7";"6";"1";"0";"1";"2";"0"
"5131";"45268";"5131";"21";"3";"1";"7";"4";"0";"1";"1";"1";"0"
"5146";"45331";"5146";"21";"3";"3";"2";"6";"0";"3";"0";"1";"0"
"5233";"45422";"5233";"21";"3";"1";"7";"4";"1";"1";"0";"2";"0"
"5246";"45443";"5246";"21";"1";"1";"7";"4";"0";"2";"0";"1";"0"
"5274";"45486";"5274";"21";"3";"3";"1";"6";"0";"2";"1";"1";"0"
"5281";"45487";"5281";"21";"2";"1";"7";"6";"1";"2";"0";"2";"0"
"5282";"45491";"5282";"21";"3";"1";"7";"6";"0";"1";"1";"1";"0"
"5311";"45650";"5311";"21";"1";"1";"7";"6";"0";"2";"0";"1";"0"
"5312";"45650";"5312";"21";"1";"1";"7";"6";"0";"4";"0";"1";"0"
"5317";"45650";"5317";"21";"3";"2";"1";"6";"0";"1";"1";"1";"0"
"5357";"46304";"5357";"21";"1";"1";"7";"6";"0";"2";"0";"1";"0"
"5360";"46306";"5360";"21";"1";"2";"1";"6";"0";"3";"0";"1";"0"
"5364";"46307";"5364";"21";"1";"1";"7";"6";"1";"0";"2";"2";"0"
"5401";"46358";"5401";"21";"1";"3";"2";"7";"0";"1";"1";"1";"0"
"5405";"46358";"5405";"21";"1";"1";"7";"6";"0";"3";"0";"1";"0"
"5433";"46390";"5433";"21";"1";"1";"7";"6";"0";"1";"1";"1";"0"
"5493";"46614";"5493";"21";"1";"1";"7";"3";"0";"2";"0";"1";"0"
"5505";"47251";"5505";"21";"1";"1";"7";"6";"0";"1";"1";"1";"0"
"5534";"47364";"5534";"21";"3";"4";"3";"0";"0";"1";"1";"1";"0"
"5580";"47478";"5580";"21";"3";"1";"7";"6";"0";"1";"3";"1";"0"
"5584";"47489";"5584";"21";"1";"1";"7";"6";"0";"2";"1";"1";"0"
"5593";"47505";"5593";"21";"1";"1";"7";"4";"1";"0";"3";"2";"0"
"5600";"47524";"5600";"21";"3";"1";"1";"6";"0";"1";"1";"1";"0"
"5602";"47524";"5602";"21";"1";"1";"1";"6";"1";"0";"1";"2";"0"
"5605";"47526";"5605";"21";"3";"1";"7";"6";"0";"2";"0";"1";"0"
"5607";"47526";"5607";"21";"2";"1";"7";"4";"1";"0";"1";"2";"0"
"5719";"47636";"5719";"21";"3";"1";"7";"4";"2";"0";"0";"2";"0"
"5767";"48280";"5767";"21";"2";"1";"7";"6";"0";"2";"0";"1";"0"
"5777";"48313";"5777";"21";"3";"3";"2";"6";"0";"1";"1";"1";"0"
"5784";"48389";"5784";"21";"1";"1";"7";"5";"0";"1";"0";"1";"0"
"5881";"48640";"5881";"21";"1";"1";"7";"6";"0";"1";"1";"1";"0"
"5885";"48680";"5885";"21";"3";"3";"1";"6";"0";"1";"0";"1";"0"
"5898";"48794";"5898";"21";"3";"3";"2";"6";"0";"1";"1";"1";"0"
"5901";"48837";"5901";"21";"1";"1";"1";"6";"0";"1";"1";"1";"0"
"5911";"48840";"5911";"21";"1";"3";"2";"6";"0";"1";"2";"1";"0"
"5912";"48840";"5912";"21";"2";"3";"2";"6";"0";"1";"0";"1";"0"
"5942";"48862";"5942";"21";"3";"1";"7";"4";"0";"1";"1";"1";"0"
"5948";"48862";"5948";"21";"3";"1";"7";"4";"1";"1";"0";"2";"0"
"5952";"48865";"5952";"21";"1";"1";"7";"3";"0";"1";"1";"1";"0"
"5954";"48865";"5954";"21";"3";"1";"7";"6";"0";"2";"0";"1";"0"
"5978";"48933";"5978";"21";"1";"3";"2";"7";"1";"0";"1";"2";"0"
"5995";"49033";"5995";"21";"1";"1";"7";"6";"0";"2";"0";"1";"0"
"6045";"49067";"6045";"21";"1";"1";"7";"3";"0";"1";"0";"1";"0"
"6093";"49240";"6093";"21";"3";"1";"2";"4";"1";"1";"0";"2";"0"
"6106";"49422";"6106";"21";"3";"1";"7";"6";"2";"0";"0";"2";"0"
"6129";"49501";"6129";"21";"3";"3";"2";"6";"0";"1";"3";"1";"0"
"6142";"49643";"6142";"21";"1";"1";"7";"3";"0";"2";"0";"1";"0"
"6157";"49700";"6157";"21";"1";"1";"7";"6";"0";"2";"0";"1";"0"
"6159";"49712";"6159";"21";"1";"1";"7";"6";"0";"1";"1";"1";"0"
"6163";"49754";"6163";"21";"1";"1";"7";"6";"1";"0";"1";"2";"0"
"6171";"50181";"6171";"21";"1";"1";"2";"6";"0";"1";"1";"1";"0"
"6254";"50386";"6254";"21";"1";"1";"7";"6";"0";"1";"1";"1";"0"
"6256";"50417";"6256";"21";"1";"1";"7";"6";"0";"1";"1";"1";"0"
"6265";"51075";"6265";"21";"1";"1";"7";"6";"2";"2";"2";"2";"0"
"6284";"51870";"6284";"21";"1";"1";"2";"6";"0";"1";"1";"1";"0"
"6314";"51966";"6314";"21";"1";"3";"1";"6";"0";"1";"1";"1";"0"
"6413";"52916";"6413";"21";"1";"1";"1";"6";"0";"1";"1";"1";"0"
"6414";"52922";"6414";"21";"3";"1";"7";"4";"0";"1";"1";"1";"0"
"6444";"53043";"6444";"21";"1";"3";"2";"6";"0";"2";"0";"1";"0"
"6455";"53086";"6455";"21";"1";"1";"7";"6";"0";"3";"0";"1";"0"
"6468";"53088";"6468";"21";"1";"1";"7";"6";"1";"0";"1";"2";"0"
"6474";"53111";"6474";"21";"1";"1";"7";"4";"0";"1";"1";"1";"0"
"6478";"53170";"6478";"21";"1";"1";"7";"6";"0";"2";"1";"1";"0"
"6502";"53313";"6502";"21";"1";"1";"7";"3";"1";"0";"1";"2";"0"
"6504";"53317";"6504";"21";"1";"1";"7";"4";"1";"0";"1";"2";"0"
"6514";"53936";"6514";"21";"1";"1";"7";"6";"0";"1";"1";"1";"0"
"6531";"54070";"6531";"21";"1";"1";"7";"6";"0";"1";"1";"1";"0"
"6561";"54243";"6561";"21";"2";"1";"7";"6";"0";"4";"0";"1";"0"
"6562";"54246";"6562";"21";"2";"6";"1";"6";"0";"2";"0";"1";"0"
"6580";"54967";"6580";"21";"1";"1";"7";"5";"1";"1";"0";"2";"0"
"6583";"55011";"6583";"21";"3";"1";"7";"5";"0";"0";"1";"3";"0"
"6594";"55647";"6594";"21";"1";"1";"7";"6";"0";"1";"2";"1";"0"
"6645";"55819";"6645";"21";"1";"1";"7";"6";"0";"3";"0";"1";"0"
"6663";"57084";"6663";"21";"1";"2";"1";"6";"1";"2";"0";"2";"0"
"6683";"57869";"6683";"21";"3";"1";"2";"6";"1";"0";"1";"2";"0"
"6698";"57928";"6698";"21";"1";"1";"7";"6";"0";"3";"3";"1";"0"
"6756";"58831";"6756";"21";"1";"1";"7";"6";"0";"4";"0";"1";"0"
"6771";"58943";"6771";"21";"3";"1";"7";"4";"1";"1";"0";"2";"0"
"6794";"59003";"6794";"21";"5";"7";"1";"6";"0";"1";"1";"1";"0"
"6813";"59760";"6813";"21";"3";"1";"6";"4";"1";"0";"1";"2";"0"
"6821";"59836";"6821";"21";"3";"3";"1";"4";"0";"1";"1";"1";"0"
"6863";"59907";"6863";"21";"1";"1";"7";"6";"0";"2";"0";"1";"0"
"6866";"59907";"6866";"21";"1";"1";"7";"6";"0";"1";"0";"1";"0"
"6869";"59911";"6869";"21";"5";"1";"7";"6";"0";"3";"1";"1";"0"
"6874";"59913";"6874";"21";"1";"1";"7";"5";"0";"2";"0";"1";"0"
"6875";"59915";"6875";"21";"1";"1";"7";"6";"0";"1";"1";"1";"0"
"6876";"59915";"6876";"21";"1";"1";"2";"6";"0";"1";"1";"1";"0"
"6880";"59935";"6880";"21";"1";"1";"7";"6";"0";"1";"1";"1";"0"
"6886";"59946";"6886";"21";"1";"1";"7";"6";"0";"1";"1";"1";"0"
"6891";"59961";"6891";"21";"1";"3";"2";"7";"0";"1";"1";"1";"0"
"6931";"59992";"6931";"21";"3";"1";"1";"6";"0";"4";"0";"1";"0"
"6933";"59995";"6933";"21";"1";"4";"2";"6";"0";"1";"1";"1";"0"
"6936";"60031";"6936";"21";"1";"1";"7";"6";"0";"1";"1";"1";"0"
"6940";"60038";"6940";"21";"1";"1";"7";"6";"0";"2";"0";"1";"0"
"6955";"60091";"6955";"21";"2";"1";"7";"6";"0";"6";"1";"1";"0"
"6983";"60189";"6983";"21";"5";"6";"1";"6";"0";"3";"0";"1";"0"
"6991";"60219";"6991";"21";"4";"1";"7";"6";"0";"1";"2";"1";"0"
"7120";"60881";"7120";"21";"1";"1";"7";"6";"0";"1";"1";"1";"0"
"7225";"60974";"7225";"21";"3";"4";"2";"6";"0";"2";"0";"1";"0"
"7227";"60974";"7227";"21";"3";"1";"7";"6";"1";"2";"0";"2";"0"
"7228";"60974";"7228";"21";"3";"4";"3";"4";"1";"0";"1";"2";"0"
"7230";"60976";"7230";"21";"1";"1";"7";"6";"0";"1";"1";"1";"0"
"7267";"61020";"1471";"21";"1";"1";"7";"6";"0";"1";"2";"1";"0"
"7295";"61083";"7295";"21";"1";"1";"7";"6";"0";"1";"1";"1";"0"
"7314";"61105";"7314";"21";"1";"1";"7";"8";"0";"2";"1";"1";"0"
"7355";"61170";"7355";"21";"1";"1";"7";"6";"0";"1";"1";"1";"0"
"7486";"61313";"4201";"21";"1";"1";"7";"7";"0";"1";"3";"1";"0"
"7496";"61334";"7496";"21";"1";"1";"7";"6";"0";"1";"1";"1";"0"
"7502";"61345";"7502";"21";"2";"1";"7";"6";"0";"1";"1";"1";"0"
"7520";"61356";"7520";"21";"3";"2";"1";"6";"0";"1";"1";"1";"0"
"7542";"61364";"7542";"21";"3";"1";"1";"6";"0";"2";"0";"1";"0"
"7579";"61418";"7579";"21";"1";"1";"7";"6";"0";"2";"1";"1";"0"
"7610";"61444";"7610";"21";"1";"1";"7";"6";"0";"1";"1";"1";"0"
"7729";"61531";"7729";"21";"1";"1";"7";"6";"0";"1";"1";"1";"0"
"7770";"61574";"7770";"21";"1";"1";"1";"2";"0";"1";"1";"1";"0"
"7818";"61672";"7818";"21";"1";"1";"7";"6";"0";"1";"1";"1";"0"
"7819";"61673";"7819";"21";"3";"1";"7";"4";"0";"1";"1";"1";"0"
"7877";"61739";"7877";"21";"3";"1";"7";"3";"0";"1";"1";"1";"0"
"7879";"61741";"7879";"21";"1";"1";"7";"6";"0";"4";"0";"1";"0"
"7880";"61741";"7880";"21";"1";"1";"7";"6";"0";"3";"1";"1";"0"
"7883";"61744";"7883";"21";"1";"1";"7";"6";"0";"2";"2";"1";"0"
"7923";"61767";"7923";"21";"1";"6";"1";"6";"0";"1";"3";"1";"0"
"7925";"61767";"7925";"21";"3";"1";"7";"6";"0";"2";"0";"1";"0"
"7941";"61771";"7941";"21";"1";"3";"1";"6";"0";"1";"1";"1";"0"
"7946";"61772";"7946";"21";"1";"3";"2";"6";"0";"4";"1";"1";"0"
"7951";"61772";"7951";"21";"3";"1";"1";"6";"0";"0";"1";"3";"0"
"8049";"61830";"8049";"21";"1";"1";"7";"6";"0";"1";"1";"1";"0"
"8068";"61858";"8068";"21";"1";"1";"7";"6";"0";"1";"2";"1";"0"
"8073";"61858";"8073";"21";"1";"1";"7";"5";"0";"1";"1";"1";"0"
"8079";"61859";"8079";"21";"1";"1";"7";"6";"0";"2";"4";"1";"0"
"8091";"61865";"8091";"21";"3";"3";"1";"6";"0";"1";"1";"1";"0"
"8128";"61891";"8128";"21";"3";"1";"7";"6";"0";"3";"1";"1";"0"
"8153";"61895";"8153";"21";"3";"1";"7";"6";"0";"1";"1";"1";"0"
"8222";"61932";"8222";"21";"1";"1";"7";"3";"0";"1";"1";"1";"0"
"8255";"61999";"8255";"21";"1";"5";"4";"6";"0";"1";"1";"1";"0"
"8286";"62021";"8286";"21";"1";"1";"1";"6";"0";"3";"0";"1";"0"
"8326";"62103";"8326";"21";"3";"1";"7";"6";"0";"2";"0";"1";"0"
"8494";"62246";"8494";"21";"1";"1";"2";"6";"1";"0";"1";"2";"0"
"8526";"62285";"8526";"21";"1";"1";"7";"4";"0";"1";"1";"1";"0"
"8550";"62288";"8550";"21";"3";"1";"7";"6";"0";"3";"3";"1";"0"
"8616";"62361";"8616";"21";"1";"1";"7";"6";"0";"1";"1";"1";"0"
"8655";"62370";"8655";"21";"1";"3";"2";"6";"0";"2";"0";"1";"0"
"8674";"62383";"8674";"21";"1";"1";"7";"6";"0";"1";"1";"1";"0"
"8717";"62464";"8717";"21";"3";"1";"7";"6";"0";"2";"4";"1";"0"
"8718";"62466";"8718";"21";"1";"1";"7";"6";"0";"1";"1";"1";"0"
"8785";"62600";"8785";"21";"1";"1";"7";"6";"0";"1";"2";"1";"0"
"8832";"62635";"8832";"21";"1";"3";"2";"7";"0";"1";"1";"1";"0"
"8921";"62714";"8921";"21";"1";"1";"7";"6";"0";"2";"2";"1";"0"
"8987";"62856";"8987";"21";"2";"1";"7";"4";"0";"1";"1";"1";"0"
"9028";"62962";"9028";"21";"1";"1";"7";"5";"0";"1";"1";"1";"0"
"9031";"62968";"9031";"21";"1";"1";"7";"6";"0";"1";"1";"1";"0"
"9033";"62972";"9033";"21";"3";"1";"7";"6";"0";"5";"1";"1";"0"
"9034";"62975";"9034";"21";"1";"1";"7";"6";"0";"1";"1";"1";"0"