"accident_id";"lieu_id";"date_id";"cause_id";"lum_id";"intemp_id";"etat_surface_id";"impliq_id";"nb_blesses_graves";"nb_blesses_legers";"nb_indemnes";"gravite";"nb_morts"
"9038";"62975";"9038";"21";"1";"3";"1";"6";"0";"2";"0";"1";"0"
"9105";"63074";"9105";"21";"3";"3";"2";"6";"0";"1";"1";"1";"0"
"9111";"63533";"9111";"21";"1";"6";"1";"6";"3";"0";"1";"2";"0"
"9112";"63533";"9112";"21";"3";"1";"7";"4";"0";"1";"2";"1";"0"
"9114";"63533";"9114";"21";"3";"1";"7";"4";"0";"2";"0";"1";"0"
"9115";"63576";"9115";"21";"1";"1";"2";"6";"2";"2";"0";"2";"0"
"9116";"63577";"9116";"21";"1";"1";"2";"6";"3";"0";"0";"2";"0"
"9118";"64263";"9118";"21";"1";"1";"7";"6";"1";"0";"1";"2";"0"
"9121";"64269";"9121";"21";"1";"1";"7";"6";"2";"0";"1";"2";"0"
"9124";"64277";"9124";"21";"1";"1";"7";"6";"0";"1";"1";"1";"0"
"9127";"64279";"9127";"21";"3";"1";"2";"6";"3";"1";"0";"2";"0"
"9134";"64296";"9134";"21";"1";"1";"7";"6";"0";"3";"0";"1";"0"
"9135";"64296";"9135";"21";"1";"1";"7";"9";"1";"0";"0";"2";"0"
"9138";"64331";"9138";"21";"1";"1";"7";"6";"1";"3";"2";"2";"0"
"9140";"64394";"9140";"21";"1";"1";"7";"6";"1";"1";"1";"2";"0"
"9141";"64394";"9141";"21";"5";"1";"7";"6";"1";"2";"0";"2";"0"
"9173";"65839";"9173";"21";"1";"1";"7";"6";"1";"0";"1";"2";"0"
"9231";"65929";"9231";"21";"2";"3";"1";"6";"0";"3";"1";"1";"0"
"9265";"66018";"9265";"21";"3";"1";"7";"6";"0";"1";"1";"1";"0"
"9278";"66065";"9278";"21";"3";"1";"7";"6";"0";"1";"2";"1";"0"
"9294";"66080";"9294";"21";"1";"1";"7";"6";"1";"0";"1";"2";"0"
"9302";"66120";"9302";"21";"1";"1";"7";"3";"0";"1";"1";"1";"0"
"9309";"66124";"9309";"21";"1";"1";"7";"6";"0";"2";"0";"1";"0"
"9316";"66128";"9316";"21";"1";"1";"7";"4";"2";"0";"0";"2";"0"
"9334";"66139";"9334";"21";"1";"1";"7";"4";"0";"1";"1";"1";"0"
"9339";"66164";"9339";"21";"1";"1";"7";"6";"0";"1";"2";"1";"0"
"9344";"66165";"9344";"21";"3";"3";"1";"6";"0";"1";"1";"1";"0"
"9365";"66929";"9365";"21";"2";"1";"7";"6";"0";"1";"5";"1";"0"
"9369";"67518";"9369";"21";"1";"7";"1";"6";"0";"1";"0";"1";"0"
"9375";"67539";"9375";"21";"1";"1";"7";"6";"1";"1";"1";"2";"0"
"9382";"67595";"9382";"21";"1";"1";"7";"6";"3";"2";"1";"2";"0"
"9413";"68499";"9413";"21";"1";"1";"2";"6";"1";"0";"1";"2";"0"
"9414";"68500";"9414";"21";"2";"1";"1";"6";"0";"1";"1";"1";"0"
"9427";"68517";"9427";"21";"1";"1";"7";"6";"0";"1";"1";"1";"0"
"9432";"68553";"9432";"21";"3";"3";"2";"6";"2";"1";"0";"2";"0"
"9444";"68556";"9444";"21";"1";"1";"7";"6";"0";"1";"1";"1";"0"
"9476";"68686";"9476";"21";"2";"1";"7";"6";"0";"3";"0";"1";"0"
"9489";"68702";"9489";"21";"1";"1";"7";"6";"1";"0";"1";"2";"0"
"9496";"68745";"9496";"21";"3";"1";"1";"6";"0";"1";"1";"1";"0"
"9511";"68899";"9511";"21";"1";"1";"2";"6";"0";"3";"1";"1";"0"
"9521";"68967";"9521";"21";"5";"1";"7";"6";"0";"1";"1";"1";"0"
"9530";"68999";"9530";"21";"5";"3";"2";"6";"0";"5";"1";"1";"0"
"9533";"69009";"9533";"21";"5";"1";"7";"6";"1";"1";"0";"2";"0"
"9535";"69013";"9535";"21";"1";"3";"2";"6";"0";"2";"0";"1";"0"
"9549";"69486";"9549";"21";"2";"7";"7";"6";"1";"0";"1";"2";"0"
"9554";"69517";"9554";"21";"1";"1";"7";"3";"0";"1";"1";"1";"0"
"9562";"69594";"9562";"21";"2";"1";"7";"6";"0";"1";"1";"1";"0"
"9576";"69608";"9576";"21";"1";"1";"7";"6";"0";"1";"1";"1";"0"
"9590";"69719";"9590";"21";"1";"1";"7";"6";"0";"1";"2";"1";"0"
"9610";"70367";"9610";"21";"1";"1";"7";"2";"0";"1";"0";"1";"0"
"9616";"70473";"9616";"21";"1";"1";"7";"6";"0";"1";"1";"1";"0"
"9632";"71097";"9632";"21";"2";"1";"7";"4";"0";"1";"1";"1";"0"
"4988";"43461";"4988";"22";"2";"1";"7";"6";"2";"0";"0";"3";"0"
"4994";"43493";"4994";"22";"1";"1";"7";"6";"0";"1";"1";"1";"0"
"4995";"43507";"4995";"22";"1";"1";"7";"5";"0";"1";"1";"1";"0"
"5082";"45136";"5082";"22";"1";"1";"7";"6";"0";"1";"1";"1";"0"
"5100";"45232";"5100";"22";"1";"1";"7";"5";"0";"1";"1";"1";"0"
"5154";"45344";"5154";"22";"1";"1";"7";"6";"0";"1";"1";"1";"0"
"5329";"45651";"5329";"22";"1";"1";"7";"6";"0";"1";"1";"1";"0"
"5621";"47533";"5621";"22";"1";"1";"7";"6";"2";"0";"0";"2";"0"
"5861";"48629";"5861";"22";"1";"3";"1";"5";"0";"3";"0";"1";"0"
"5900";"48797";"5900";"22";"1";"1";"7";"3";"0";"1";"1";"1";"0"
"6011";"49063";"6011";"22";"1";"3";"2";"6";"0";"1";"0";"1";"0"
"6087";"49222";"6087";"22";"3";"1";"7";"6";"0";"1";"1";"1";"0"
"6255";"50396";"6255";"22";"1";"1";"7";"6";"0";"1";"1";"1";"0"
"6358";"52066";"6358";"22";"1";"1";"7";"6";"0";"1";"1";"1";"0"
"6415";"52928";"6415";"22";"1";"2";"2";"6";"0";"1";"1";"1";"0"
"6418";"52936";"6418";"22";"1";"1";"7";"4";"0";"1";"1";"1";"0"
"6496";"53249";"6496";"22";"1";"1";"7";"6";"0";"1";"1";"1";"0"
"6518";"53991";"6518";"22";"2";"1";"7";"6";"0";"1";"1";"1";"0"
"6547";"54219";"6547";"22";"1";"1";"7";"6";"0";"1";"1";"1";"0"
"6553";"54222";"6553";"22";"1";"1";"7";"6";"0";"1";"1";"1";"0"
"6601";"55678";"6601";"22";"1";"2";"2";"6";"0";"2";"1";"1";"0"
"6618";"55730";"6618";"22";"1";"7";"7";"6";"1";"0";"1";"2";"0"
"6632";"55759";"6632";"22";"3";"1";"7";"8";"0";"1";"1";"1";"0"
"6634";"55760";"6634";"22";"1";"1";"7";"6";"1";"0";"1";"2";"0"
"6654";"55847";"6654";"22";"1";"1";"7";"7";"0";"1";"1";"1";"0"
"6960";"60094";"6960";"22";"1";"1";"7";"4";"0";"2";"0";"1";"0"
"7034";"60825";"7034";"22";"2";"1";"7";"6";"0";"1";"2";"1";"0"
"7042";"60829";"7042";"22";"1";"1";"7";"5";"0";"1";"1";"1";"0"
"7045";"60829";"7045";"22";"1";"1";"7";"6";"0";"1";"1";"1";"0"
"7097";"60868";"7097";"22";"1";"1";"7";"4";"0";"1";"1";"1";"0"
"7115";"60868";"7115";"22";"1";"1";"7";"6";"0";"1";"1";"1";"0"
"7191";"60941";"7191";"22";"1";"1";"7";"6";"0";"1";"1";"1";"0"
"7521";"61356";"7521";"22";"1";"1";"7";"2";"0";"1";"1";"1";"0"
"7522";"61359";"7522";"22";"1";"3";"2";"6";"0";"1";"1";"1";"0"
"7541";"61364";"7541";"22";"1";"1";"7";"6";"0";"1";"1";"1";"0"
"7661";"61481";"7661";"22";"1";"1";"7";"6";"0";"1";"2";"1";"0"
"7746";"61545";"7746";"22";"1";"1";"1";"5";"1";"2";"0";"2";"0"
"7764";"61573";"7764";"22";"1";"1";"7";"6";"0";"1";"1";"1";"0"
"7827";"61685";"7827";"22";"1";"1";"7";"4";"1";"3";"0";"2";"0"
"7840";"61697";"7840";"22";"2";"1";"7";"6";"0";"1";"2";"1";"0"
"8004";"61810";"8004";"22";"1";"1";"7";"6";"0";"1";"1";"1";"0"
"8303";"62066";"8303";"22";"1";"1";"7";"6";"0";"1";"1";"1";"0"
"8308";"62067";"8308";"22";"1";"1";"7";"6";"1";"0";"1";"2";"0"
"8320";"62099";"8320";"22";"1";"1";"7";"6";"0";"1";"1";"1";"0"
"8370";"62126";"8370";"22";"1";"1";"7";"6";"0";"1";"1";"1";"0"
"8451";"62216";"8451";"22";"1";"1";"7";"5";"0";"1";"1";"1";"0"
"8479";"62222";"8479";"22";"2";"1";"7";"6";"0";"1";"1";"1";"0"
"8520";"62279";"8520";"22";"3";"1";"7";"6";"0";"1";"1";"1";"0"
"8598";"62357";"8598";"22";"1";"3";"2";"4";"0";"2";"0";"1";"0"
"8671";"62377";"8671";"22";"3";"1";"7";"3";"0";"1";"1";"1";"0"
"8683";"62404";"8683";"22";"1";"1";"7";"6";"0";"1";"1";"1";"0"
"8852";"62641";"8852";"22";"1";"1";"7";"6";"0";"1";"1";"1";"0"
"9025";"62961";"9025";"22";"3";"1";"7";"6";"0";"1";"2";"1";"0"
"9035";"62975";"9035";"22";"1";"1";"7";"7";"0";"0";"1";"3";"0"
"9045";"63005";"9045";"22";"3";"1";"7";"4";"0";"1";"1";"1";"0"
"9102";"63067";"9102";"22";"1";"3";"1";"5";"0";"1";"1";"1";"0"
"9129";"64280";"9129";"22";"1";"7";"7";"6";"0";"1";"1";"1";"0"
"9163";"65110";"9163";"22";"2";"1";"7";"6";"0";"4";"2";"1";"0"
"9217";"65914";"9217";"22";"1";"1";"7";"4";"0";"1";"1";"1";"0"
"9248";"65967";"9248";"22";"3";"1";"7";"6";"2";"0";"0";"2";"0"
"9262";"65998";"9262";"22";"1";"1";"7";"6";"0";"1";"1";"1";"0"
"9475";"68684";"9475";"22";"3";"3";"1";"6";"0";"1";"1";"1";"0"
"9490";"68702";"9490";"22";"3";"1";"7";"6";"1";"2";"0";"2";"0"
"9555";"69536";"9555";"22";"1";"3";"2";"6";"0";"6";"0";"1";"0"
"9580";"69693";"9580";"22";"1";"3";"2";"6";"1";"0";"1";"2";"0"
"9589";"69715";"9589";"22";"1";"1";"7";"6";"0";"1";"1";"1";"0"
"9604";"70347";"9604";"22";"3";"1";"7";"6";"1";"0";"1";"2";"0"
"9685";"71844";"9685";"22";"1";"1";"7";"5";"0";"1";"1";"1";"0"
"9696";"71866";"9696";"22";"1";"1";"7";"6";"0";"1";"1";"1";"0"
"9708";"71878";"9708";"22";"1";"1";"7";"6";"1";"0";"1";"2";"0"
"9781";"72072";"9781";"22";"2";"1";"7";"6";"0";"1";"0";"1";"0"
"9901";"72248";"9901";"22";"3";"1";"7";"4";"0";"1";"1";"1";"0"
"9925";"72340";"9925";"22";"1";"1";"7";"6";"0";"1";"1";"1";"0"
"10081";"72545";"10081";"22";"3";"1";"7";"4";"1";"0";"1";"2";"0"
"10115";"72588";"10115";"22";"3";"1";"7";"6";"0";"2";"2";"1";"0"
"10153";"72631";"10153";"22";"1";"1";"7";"4";"0";"1";"1";"1";"0"
"10226";"72676";"10226";"22";"1";"1";"7";"3";"1";"0";"1";"2";"0"
"10253";"72709";"10253";"22";"1";"1";"7";"4";"0";"1";"1";"1";"0"
"10270";"72728";"10270";"22";"1";"1";"7";"6";"0";"1";"1";"1";"0"
"10294";"72769";"10294";"22";"1";"1";"7";"3";"1";"0";"1";"2";"0"
"10444";"73078";"10444";"22";"1";"1";"7";"3";"0";"1";"1";"1";"0"
"10521";"73214";"10521";"22";"2";"3";"2";"6";"0";"1";"1";"1";"0"
"10533";"73253";"10533";"22";"3";"1";"7";"4";"0";"1";"1";"1";"0"
"10679";"73493";"10679";"22";"1";"1";"7";"4";"0";"1";"1";"1";"0"
"10693";"73495";"10693";"22";"1";"1";"7";"6";"0";"1";"1";"1";"0"
"10724";"73587";"10724";"22";"3";"1";"7";"5";"0";"1";"1";"1";"0"
"10770";"73703";"10770";"22";"3";"1";"7";"6";"0";"1";"1";"1";"0"
"10831";"73857";"10831";"22";"1";"1";"7";"4";"0";"1";"1";"1";"0"
"10933";"75949";"10933";"22";"1";"1";"7";"6";"1";"0";"1";"2";"0"
"10965";"76711";"10965";"22";"3";"1";"7";"6";"1";"2";"0";"2";"0"
"11095";"78287";"11095";"22";"1";"1";"7";"7";"0";"0";"1";"0";"0"
"11212";"78653";"11212";"22";"1";"1";"7";"6";"0";"1";"1";"1";"0"
"11244";"78833";"11244";"22";"3";"1";"7";"5";"0";"1";"1";"1";"0"
"11298";"79451";"11298";"22";"1";"1";"7";"6";"0";"1";"2";"1";"0"
"11329";"79585";"11329";"22";"1";"1";"7";"6";"0";"1";"1";"1";"0"
"11357";"79790";"11357";"22";"3";"1";"7";"6";"1";"0";"1";"2";"0"
"11426";"80652";"11426";"22";"1";"1";"7";"4";"0";"1";"1";"1";"0"
"11496";"80898";"11496";"22";"1";"1";"1";"6";"0";"0";"1";"3";"0"
"11605";"81126";"11605";"22";"1";"1";"7";"6";"0";"1";"1";"1";"0"
"11687";"81303";"11687";"22";"3";"1";"1";"6";"0";"1";"1";"1";"0"
"11743";"81518";"11743";"22";"1";"1";"7";"6";"0";"1";"1";"1";"0"
"11877";"82629";"11877";"22";"1";"1";"7";"6";"0";"1";"1";"1";"0"
"11892";"83394";"11892";"22";"2";"1";"7";"3";"0";"1";"1";"1";"0"
"11909";"83422";"11909";"22";"1";"3";"1";"7";"1";"0";"0";"2";"0"
"11915";"83456";"11915";"22";"1";"1";"7";"3";"0";"4";"1";"1";"0"
"11926";"83472";"11926";"22";"1";"1";"7";"6";"0";"2";"1";"1";"0"
"12042";"90187";"12042";"22";"1";"1";"7";"6";"0";"0";"1";"3";"0"
"12057";"90208";"12057";"22";"1";"1";"7";"4";"0";"1";"1";"1";"0"
"12111";"90277";"12111";"22";"1";"1";"7";"6";"0";"1";"1";"1";"0"
"12170";"90328";"12170";"22";"1";"1";"7";"6";"0";"1";"1";"1";"0"
"12178";"90332";"12178";"22";"1";"1";"7";"4";"0";"2";"0";"1";"0"
"13143";"73782302";"13143";"22";"1";"1";"7";"6";"1";"0";"3";"2";"0"
"13496";"76734212";"13496";"22";"3";"1";"7";"6";"0";"1";"1";"1";"0"
"13816";"77735110";"13816";"22";"1";"1";"7";"4";"0";"1";"1";"1";"0"
"13949";"77746210";"13949";"22";"3";"3";"1";"6";"0";"1";"1";"1";"0"
"14153";"77772303";"14153";"22";"1";"1";"7";"4";"0";"1";"1";"1";"0"
"24442";"85826505";"24442";"22";"1";"1";"7";"7";"0";"1";"1";"1";"0"
"24444";"85826505";"24444";"22";"1";"1";"7";"6";"0";"1";"1";"1";"0"
"24947";"85842212";"10035";"22";"1";"1";"7";"6";"0";"1";"1";"1";"0"
"24950";"85842212";"24950";"22";"1";"1";"7";"4";"0";"1";"1";"1";"0"
"24952";"85842212";"24952";"22";"1";"1";"7";"5";"0";"1";"1";"1";"0"
"25180";"85851308";"25180";"22";"1";"3";"1";"6";"0";"1";"1";"1";"0"
"25303";"85853202";"25303";"22";"1";"1";"7";"4";"0";"1";"2";"1";"0"
"25441";"85857503";"25441";"22";"1";"1";"7";"2";"0";"2";"0";"1";"0"
"25447";"85861101";"25447";"22";"1";"1";"7";"3";"0";"1";"1";"1";"0"
"25752";"85866502";"25752";"22";"1";"1";"7";"6";"0";"1";"1";"1";"0"
"25786";"85871202";"25786";"22";"1";"1";"7";"6";"0";"2";"2";"1";"0"
"26139";"85893404";"14998";"22";"1";"1";"7";"6";"0";"1";"1";"1";"0"
"26351";"86803501";"26351";"22";"1";"1";"7";"6";"0";"1";"1";"1";"0"
"26808";"86816502";"26808";"22";"1";"1";"7";"6";"0";"1";"1";"1";"0"
"27484";"86827503";"27484";"22";"1";"1";"7";"6";"0";"1";"1";"1";"0"
"28419";"86865501";"28419";"22";"1";"1";"7";"6";"0";"1";"1";"1";"0"
"28695";"87802501";"28695";"22";"1";"1";"7";"6";"0";"1";"1";"1";"0"
"19617";"81766204";"19617";"22";"1";"1";"7";"6";"0";"1";"1";"1";"0"
"19667";"81767301";"19667";"22";"1";"1";"7";"6";"0";"1";"1";"1";"0"
"20308";"82752502";"20308";"22";"5";"1";"7";"6";"0";"1";"1";"1";"0"
"20441";"82763313";"20441";"22";"3";"1";"7";"6";"0";"1";"3";"1";"0"
"20548";"82776401";"20548";"22";"1";"1";"7";"4";"1";"0";"1";"2";"0"
"20690";"82801405";"20690";"22";"1";"1";"7";"6";"0";"1";"1";"1";"0"
"20945";"83741304";"20945";"22";"1";"1";"7";"6";"1";"0";"1";"2";"0"
"21550";"83836103";"21550";"22";"3";"1";"7";"4";"0";"1";"1";"1";"0"
"21683";"83867201";"21683";"22";"1";"1";"7";"7";"0";"1";"0";"1";"0"
"23083";"84856405";"23083";"22";"1";"1";"7";"3";"0";"1";"1";"1";"0"
"23469";"84874402";"23469";"22";"1";"1";"2";"6";"0";"1";"1";"1";"0"
"23504";"84875501";"6501";"22";"1";"1";"1";"3";"1";"0";"1";"2";"0"
"23524";"84876506";"23524";"22";"1";"1";"7";"6";"0";"4";"0";"1";"0"
"23584";"84877506";"23584";"22";"1";"1";"7";"6";"1";"0";"2";"2";"0"
"23668";"84895104";"23668";"22";"1";"1";"7";"6";"0";"1";"1";"1";"0"
"105";"633";"105";"22";"1";"1";"7";"5";"0";"1";"1";"1";"0"
"143";"709";"143";"22";"1";"3";"1";"6";"0";"1";"2";"1";"0"
"240";"929";"240";"22";"1";"1";"7";"6";"0";"1";"1";"1";"0"
"277";"1081";"277";"22";"1";"3";"1";"7";"0";"0";"1";"3";"0"
"556";"3682";"556";"22";"3";"3";"2";"6";"0";"5";"1";"1";"0"
"730";"7092";"730";"22";"1";"1";"7";"5";"1";"0";"1";"2";"0"
"738";"7101";"738";"22";"1";"1";"7";"4";"0";"1";"2";"1";"0"
"740";"7106";"740";"22";"1";"1";"7";"6";"0";"1";"1";"1";"0"
"871";"8302";"871";"22";"1";"3";"1";"3";"1";"0";"1";"2";"0"
"880";"8305";"880";"22";"1";"1";"7";"3";"0";"1";"1";"1";"0"
"1296";"14377";"1296";"22";"1";"1";"2";"6";"0";"1";"3";"1";"0"
"1410";"17987";"1410";"22";"1";"1";"7";"6";"1";"0";"1";"2";"0"
"1589";"24204";"1589";"22";"1";"1";"7";"6";"0";"1";"1";"1";"0"
"1667";"25238";"1667";"22";"1";"1";"7";"3";"0";"1";"1";"1";"0"
"1692";"25279";"1692";"22";"1";"1";"2";"6";"0";"1";"2";"1";"0"
"1820";"27024";"1131";"22";"3";"1";"7";"4";"0";"2";"0";"1";"0"
"1836";"27098";"1836";"22";"1";"1";"7";"6";"1";"0";"1";"2";"0"
"1883";"27298";"1883";"22";"1";"1";"7";"6";"0";"1";"1";"1";"0"
"1918";"27968";"1918";"22";"1";"1";"7";"6";"0";"1";"1";"1";"0"
"1937";"28047";"1937";"22";"1";"1";"7";"6";"0";"1";"1";"1";"0"
"1951";"28124";"1951";"22";"1";"1";"7";"6";"0";"1";"0";"1";"0"
"2001";"28312";"2001";"22";"3";"1";"1";"4";"0";"2";"1";"1";"0"
"2005";"28322";"2005";"22";"1";"1";"7";"6";"0";"1";"1";"1";"0"
"2178";"29218";"2178";"22";"1";"1";"7";"6";"0";"1";"1";"1";"0"
"2192";"29228";"2192";"22";"1";"3";"2";"6";"1";"0";"1";"2";"0"
"2463";"33517";"2463";"22";"1";"3";"1";"6";"0";"1";"1";"1";"0"
"2497";"33643";"2497";"22";"1";"1";"7";"5";"0";"1";"1";"1";"0"
"2503";"33644";"2503";"22";"1";"1";"7";"6";"0";"1";"1";"1";"0"
"2539";"33766";"2539";"22";"2";"1";"1";"3";"0";"1";"1";"1";"0"
"2566";"33909";"2566";"22";"1";"1";"7";"4";"0";"2";"1";"1";"0"
"2623";"35393";"2623";"22";"3";"1";"7";"6";"0";"1";"2";"1";"0"
"2657";"35565";"2657";"22";"1";"3";"2";"6";"0";"1";"1";"1";"0"
"2737";"36456";"2737";"22";"3";"1";"7";"6";"0";"1";"1";"1";"0"
"2748";"36512";"2748";"22";"1";"1";"7";"6";"0";"1";"1";"1";"0"
"2752";"36606";"2752";"22";"1";"2";"2";"6";"0";"1";"1";"1";"0"
"2876";"38123";"2876";"22";"3";"3";"1";"6";"0";"1";"2";"1";"0"
"2880";"38129";"2880";"22";"3";"1";"7";"4";"0";"1";"2";"1";"0"
"2993";"38516";"2993";"22";"1";"1";"7";"6";"0";"1";"1";"1";"0"
"2994";"38520";"2994";"22";"1";"1";"7";"6";"0";"1";"2";"1";"0"
"3126";"38896";"3126";"22";"1";"1";"7";"6";"0";"1";"1";"1";"0"
"3134";"38931";"3134";"22";"1";"1";"7";"4";"1";"1";"0";"2";"0"
"3548";"39658";"3548";"22";"1";"1";"7";"3";"0";"1";"1";"1";"0"
"3559";"39658";"3559";"22";"1";"1";"7";"6";"0";"1";"1";"1";"0"
"3629";"39749";"3629";"22";"3";"3";"1";"6";"0";"1";"1";"1";"0"
"3694";"39905";"3694";"22";"1";"3";"1";"6";"0";"1";"1";"1";"0"
"4138";"40593";"4138";"22";"3";"1";"7";"6";"0";"1";"1";"1";"0"
"4210";"40756";"4210";"22";"3";"1";"7";"2";"1";"0";"1";"2";"0"
"4247";"40843";"4247";"22";"3";"1";"7";"5";"1";"0";"1";"2";"0"
"4471";"41300";"4471";"22";"1";"1";"7";"7";"0";"1";"1";"1";"0"
"4602";"41617";"4602";"22";"1";"1";"7";"6";"1";"0";"1";"2";"0"
"4632";"41657";"4632";"22";"1";"1";"7";"5";"1";"0";"1";"2";"0"
"4644";"41676";"4644";"22";"1";"3";"2";"6";"2";"3";"1";"2";"0"
"4781";"42973";"4781";"22";"1";"1";"7";"4";"0";"1";"1";"1";"0"
"28999";"87813401";"5000";"22";"1";"1";"4";"6";"0";"1";"1";"1";"0"
"14587";"78732204";"14587";"22";"1";"1";"7";"6";"0";"1";"1";"1";"0"
"14985";"78765312";"14985";"22";"1";"1";"7";"4";"0";"2";"0";"1";"0"
"15200";"78776301";"15200";"22";"1";"1";"7";"6";"0";"1";"3";"1";"0"
"15690";"79734202";"15690";"22";"1";"1";"7";"6";"0";"1";"1";"1";"0"
"16469";"79761303";"16469";"22";"1";"1";"7";"6";"0";"1";"1";"1";"0"
"16982";"79781508";"16982";"22";"1";"1";"7";"4";"0";"1";"1";"1";"0"
"17226";"79922105";"17226";"22";"1";"1";"7";"6";"0";"1";"1";"1";"0"
"17284";"80731101";"17284";"22";"3";"1";"7";"6";"1";"0";"1";"2";"0"
"17297";"80731210";"17297";"22";"1";"1";"7";"6";"0";"1";"0";"3";"0"
"17352";"80735315";"17352";"22";"2";"3";"2";"3";"0";"1";"1";"1";"0"
"17647";"80746405";"17647";"22";"1";"1";"7";"2";"1";"1";"1";"2";"0"
"17767";"80751106";"17767";"22";"1";"1";"7";"6";"0";"1";"1";"1";"0"
"17985";"80754208";"17985";"22";"1";"1";"7";"6";"0";"1";"1";"1";"0"
"18327";"80762411";"18327";"22";"1";"1";"7";"5";"0";"1";"1";"1";"0"
"18482";"80765402";"18482";"22";"1";"1";"7";"4";"0";"1";"1";"1";"0"
"18545";"80767203";"18545";"22";"1";"1";"7";"6";"0";"1";"1";"1";"0"
"18992";"80797401";"18992";"22";"3";"1";"7";"6";"0";"2";"0";"1";"0"
"14403";"77904504";"14403";"23";"1";"1";"7";"6";"0";"1";"1";"1";"0"
"14887";"78762504";"14887";"23";"2";"1";"7";"4";"0";"1";"1";"1";"0"
"14970";"78765203";"14970";"23";"1";"3";"2";"6";"0";"1";"1";"1";"0"
"14972";"78765206";"14972";"23";"1";"1";"7";"4";"0";"1";"1";"1";"0"
"14974";"78765301";"14974";"23";"1";"1";"7";"5";"0";"1";"1";"1";"0"
"15048";"78771108";"15048";"23";"1";"1";"7";"6";"0";"1";"1";"1";"0"
"15420";"79667303";"15420";"23";"1";"3";"2";"7";"1";"0";"1";"2";"0"
"15571";"79726304";"15571";"23";"1";"1";"7";"6";"1";"0";"1";"2";"0"
"15680";"79733404";"15680";"23";"1";"1";"7";"5";"0";"1";"3";"1";"0"
"15708";"79734504";"15708";"23";"5";"1";"7";"5";"0";"2";"2";"1";"0"
"15783";"79744105";"15783";"23";"1";"1";"7";"5";"0";"1";"1";"1";"0"
"15790";"79744202";"15790";"23";"1";"1";"6";"4";"0";"1";"1";"1";"0"
"15806";"79744406";"15806";"23";"5";"3";"1";"6";"0";"1";"1";"1";"0"
"15807";"79744406";"15807";"23";"1";"1";"7";"6";"0";"1";"1";"1";"0"
"15810";"79744501";"15810";"23";"1";"1";"7";"4";"0";"1";"1";"1";"0"
"15816";"79744501";"15816";"23";"1";"1";"7";"6";"0";"2";"1";"1";"0"
"15895";"79746402";"15895";"23";"1";"1";"7";"5";"0";"2";"0";"1";"0"
"15896";"79746402";"15896";"23";"1";"1";"7";"6";"0";"1";"2";"1";"0"
"15898";"79746403";"15898";"23";"1";"1";"7";"4";"0";"1";"1";"1";"0"
"15965";"79751303";"15965";"23";"1";"1";"7";"4";"0";"1";"1";"1";"0"
"16025";"79752202";"16025";"23";"3";"1";"7";"6";"0";"4";"0";"1";"0"
"16026";"79752202";"16026";"23";"3";"1";"7";"5";"0";"1";"1";"1";"0"
"16139";"79753105";"16139";"23";"1";"1";"7";"5";"0";"1";"1";"1";"0"
"16258";"79753504";"16258";"23";"2";"1";"7";"6";"0";"1";"1";"1";"0"
"16667";"79766204";"16667";"23";"3";"1";"7";"6";"0";"1";"1";"1";"0"
"16689";"79766506";"16689";"23";"1";"1";"7";"6";"0";"2";"2";"1";"0"
"16926";"79776103";"16926";"23";"1";"1";"7";"6";"1";"0";"2";"2";"0"
"16951";"79776301";"16951";"23";"1";"3";"1";"5";"0";"1";"1";"1";"0"
"17095";"79795306";"17095";"23";"1";"1";"7";"4";"0";"1";"1";"1";"0"
"17213";"79914503";"17213";"23";"1";"1";"7";"4";"1";"0";"1";"2";"0"
"17219";"79915509";"17219";"23";"1";"1";"7";"3";"0";"1";"1";"1";"0"
"17394";"80737503";"17394";"23";"1";"1";"7";"4";"0";"1";"1";"1";"0"
"17441";"80741502";"17441";"23";"1";"1";"7";"6";"0";"1";"1";"1";"0"
"17445";"80741502";"17445";"23";"5";"1";"7";"5";"0";"4";"0";"1";"0"
"17599";"80744302";"17599";"23";"1";"1";"7";"7";"0";"1";"0";"1";"0"
"17784";"80751202";"17784";"23";"1";"1";"7";"4";"0";"1";"1";"1";"0"
"17830";"80752101";"17830";"23";"3";"1";"7";"6";"0";"1";"0";"3";"0"
"17854";"80752102";"17854";"23";"1";"1";"7";"6";"0";"1";"2";"1";"0"
"17858";"80752102";"17858";"23";"1";"3";"2";"6";"0";"1";"1";"1";"0"
"17862";"80752105";"17862";"23";"1";"2";"2";"6";"0";"3";"1";"1";"0"
"17975";"80754201";"17975";"23";"1";"1";"7";"5";"1";"1";"0";"2";"0"
"17979";"80754202";"17979";"23";"3";"2";"2";"5";"0";"1";"1";"1";"0"
"18216";"80761306";"18216";"23";"1";"1";"7";"6";"0";"1";"2";"1";"0"
"18234";"80761404";"18234";"23";"1";"3";"1";"4";"0";"1";"1";"1";"0"
"18235";"80761404";"18235";"23";"1";"1";"7";"5";"1";"0";"1";"2";"0"
"18364";"80764102";"18364";"23";"3";"3";"1";"5";"0";"1";"1";"1";"0"
"18398";"80764204";"18398";"23";"3";"1";"7";"6";"0";"1";"1";"1";"0"
"18435";"80764406";"18435";"23";"3";"1";"7";"5";"0";"2";"1";"1";"0"
"18554";"80767415";"18554";"23";"1";"1";"7";"4";"0";"1";"1";"1";"0"
"24127";"85821115";"24127";"23";"1";"1";"7";"4";"0";"1";"1";"1";"0"
"24130";"85821203";"24130";"23";"3";"1";"7";"4";"0";"1";"1";"1";"0"
"24364";"85825506";"24364";"23";"3";"3";"2";"6";"2";"2";"0";"2";"0"
"24537";"85831502";"24537";"23";"1";"1";"7";"6";"0";"2";"0";"1";"0"
"24589";"85833306";"24589";"23";"1";"1";"7";"4";"0";"1";"1";"1";"0"