"accident_id";"lieu_id";"date_id";"cause_id";"lum_id";"intemp_id";"etat_surface_id";"impliq_id";"nb_blesses_graves";"nb_blesses_legers";"nb_indemnes";"gravite";"nb_morts"
"24601";"85834102";"24601";"23";"1";"1";"7";"6";"0";"2";"1";"1";"0"
"24624";"85834106";"24624";"23";"2";"1";"2";"2";"1";"0";"2";"2";"0"
"24878";"85841406";"24878";"23";"1";"6";"1";"6";"0";"1";"1";"1";"0"
"24884";"85841408";"24884";"23";"1";"1";"7";"5";"1";"1";"1";"2";"0"
"24962";"85842212";"24962";"23";"1";"1";"7";"6";"0";"1";"0";"1";"0"
"25152";"85851303";"25152";"23";"1";"3";"2";"5";"1";"0";"1";"2";"0"
"25163";"85851303";"25163";"23";"1";"1";"7";"6";"0";"1";"1";"1";"0"
"25166";"85851303";"25166";"23";"3";"1";"7";"6";"0";"1";"2";"1";"0"
"25168";"85851303";"25168";"23";"3";"2";"1";"6";"0";"1";"1";"1";"0"
"25169";"85851303";"25169";"23";"2";"3";"1";"6";"0";"1";"1";"1";"0"
"25175";"85851305";"25175";"23";"1";"1";"7";"5";"0";"1";"1";"1";"0"
"25590";"85863401";"25590";"23";"1";"1";"7";"4";"0";"1";"1";"1";"0"
"25673";"85864504";"25673";"23";"3";"3";"1";"6";"0";"1";"1";"1";"0"
"25799";"85871206";"25799";"23";"3";"1";"1";"4";"0";"1";"1";"1";"0"
"25810";"85871311";"25810";"23";"1";"1";"7";"6";"1";"1";"2";"2";"0"
"26197";"86783405";"26197";"23";"1";"1";"7";"3";"0";"1";"1";"1";"0"
"26204";"86785205";"26204";"23";"1";"1";"7";"4";"0";"1";"1";"1";"0"
"26323";"86803204";"26323";"23";"1";"1";"7";"5";"0";"1";"1";"1";"0"
"27665";"86833103";"27665";"23";"2";"1";"7";"6";"0";"2";"3";"1";"0"
"28269";"86855201";"28269";"23";"1";"1";"7";"6";"0";"2";"0";"1";"0"
"28365";"86862302";"28365";"23";"1";"1";"7";"6";"0";"1";"2";"1";"0"
"28371";"86862504";"28371";"23";"1";"1";"7";"4";"0";"1";"1";"1";"0"
"28483";"86872303";"28483";"23";"1";"1";"7";"6";"0";"1";"1";"1";"0"
"28557";"86881312";"28557";"23";"1";"1";"7";"5";"0";"1";"1";"1";"0"
"28617";"87792404";"28617";"23";"1";"1";"7";"6";"1";"0";"1";"2";"0"
"28630";"87793410";"28630";"23";"3";"1";"7";"6";"0";"1";"1";"1";"0"
"4888";"43190";"4888";"23";"3";"3";"1";"6";"0";"1";"2";"1";"0"
"4981";"43422";"4981";"23";"1";"1";"7";"4";"1";"0";"0";"2";"0"
"5027";"43540";"5027";"23";"3";"3";"2";"0";"0";"1";"0";"1";"0"
"5058";"43797";"5058";"23";"1";"1";"7";"6";"0";"2";"0";"1";"0"
"5126";"45256";"5126";"23";"1";"1";"7";"4";"0";"1";"1";"1";"0"
"5168";"45384";"5168";"23";"1";"1";"7";"4";"0";"1";"0";"1";"0"
"5179";"45386";"5179";"23";"1";"1";"7";"6";"0";"2";"0";"1";"0"
"5182";"45386";"5182";"23";"3";"3";"1";"6";"0";"1";"1";"1";"0"
"5187";"45388";"5187";"23";"3";"1";"7";"5";"0";"1";"1";"1";"0"
"5200";"45392";"5200";"23";"1";"1";"7";"6";"1";"0";"2";"2";"0"
"5205";"45394";"5205";"23";"3";"1";"7";"5";"0";"1";"1";"1";"0"
"5213";"45394";"5213";"23";"1";"1";"7";"5";"1";"0";"1";"2";"0"
"5214";"45394";"5214";"23";"1";"1";"7";"5";"0";"1";"1";"1";"0"
"5219";"45396";"5219";"23";"1";"1";"7";"5";"0";"1";"2";"1";"0"
"5288";"45516";"5288";"23";"1";"1";"7";"6";"0";"1";"1";"1";"0"
"5335";"46216";"5335";"23";"1";"1";"7";"6";"0";"1";"1";"1";"0"
"5368";"46309";"5368";"23";"1";"1";"7";"4";"0";"2";"1";"1";"0"
"5385";"46322";"5385";"23";"1";"3";"1";"4";"0";"1";"1";"1";"0"
"5439";"46393";"5439";"23";"1";"1";"7";"4";"0";"1";"1";"1";"0"
"5480";"46511";"5480";"23";"1";"1";"7";"6";"0";"1";"2";"1";"0"
"5773";"48311";"5773";"23";"1";"3";"1";"6";"0";"2";"0";"1";"0"
"5786";"48394";"5786";"23";"1";"1";"7";"4";"0";"1";"1";"1";"0"
"5800";"48514";"5800";"23";"1";"2";"2";"6";"0";"1";"1";"1";"0"
"5823";"48582";"5823";"23";"1";"3";"1";"6";"0";"2";"1";"1";"0"
"5865";"48630";"5865";"23";"1";"3";"2";"6";"0";"2";"3";"1";"0"
"5902";"48837";"5902";"23";"1";"3";"2";"6";"1";"2";"0";"2";"0"
"5913";"48842";"5913";"23";"1";"1";"7";"6";"0";"1";"1";"1";"0"
"5973";"48932";"5973";"23";"1";"1";"1";"6";"0";"2";"1";"1";"0"
"5985";"48933";"5985";"23";"3";"4";"3";"6";"0";"1";"0";"1";"0"
"6183";"50196";"6183";"23";"3";"1";"7";"5";"0";"1";"1";"1";"0"
"6214";"50253";"6214";"23";"1";"1";"7";"6";"0";"1";"1";"1";"0"
"6286";"51879";"6286";"23";"1";"1";"7";"6";"1";"0";"1";"2";"0"
"6307";"51927";"6307";"23";"1";"1";"7";"4";"1";"0";"1";"2";"0"
"6511";"53334";"6511";"23";"1";"1";"7";"4";"0";"1";"1";"1";"0"
"6527";"54025";"6527";"23";"1";"1";"7";"6";"0";"1";"1";"1";"0"
"6579";"54961";"6579";"23";"1";"1";"7";"6";"0";"3";"1";"1";"0"
"6662";"57084";"6662";"23";"1";"1";"7";"6";"0";"0";"1";"3";"0"
"6686";"57870";"6686";"23";"1";"1";"7";"7";"0";"1";"1";"1";"0"
"6691";"57897";"6691";"23";"1";"1";"7";"6";"1";"0";"1";"2";"0"
"6732";"58743";"6732";"23";"1";"1";"7";"5";"1";"0";"1";"2";"0"
"6745";"58806";"6745";"23";"1";"1";"7";"5";"0";"1";"1";"1";"0"
"6752";"58810";"6752";"23";"1";"1";"7";"6";"1";"0";"1";"2";"0"
"6753";"58810";"6753";"23";"1";"1";"7";"5";"1";"1";"0";"2";"0"
"6781";"58988";"6781";"23";"1";"1";"7";"4";"1";"0";"1";"2";"0"
"6815";"59775";"6815";"23";"1";"1";"7";"5";"1";"0";"1";"2";"0"
"6837";"59849";"6837";"23";"2";"1";"7";"6";"0";"1";"1";"1";"0"
"6903";"59969";"6903";"23";"3";"1";"7";"5";"2";"0";"2";"2";"0"
"6927";"59988";"6927";"23";"1";"1";"7";"5";"0";"1";"1";"1";"0"
"6990";"60218";"6990";"23";"1";"1";"7";"7";"1";"1";"1";"2";"0"
"7056";"60832";"7056";"23";"1";"1";"7";"3";"0";"1";"0";"1";"0"
"7096";"60868";"7096";"23";"1";"1";"7";"5";"0";"1";"1";"1";"0"
"7100";"60868";"7100";"23";"1";"1";"7";"5";"0";"1";"2";"1";"0"
"7103";"60868";"7103";"23";"1";"1";"7";"6";"0";"2";"0";"1";"0"
"7112";"60868";"7112";"23";"1";"3";"1";"6";"0";"1";"1";"1";"0"
"7288";"61078";"7288";"23";"1";"1";"7";"5";"0";"1";"2";"1";"0"
"7331";"61123";"7331";"23";"1";"1";"7";"6";"0";"2";"0";"1";"0"
"7737";"61534";"7737";"23";"2";"1";"7";"6";"0";"2";"1";"1";"0"
"7815";"61659";"7815";"23";"1";"1";"7";"6";"0";"1";"1";"1";"0"
"7927";"61769";"7927";"23";"1";"1";"7";"6";"0";"1";"1";"1";"0"
"7935";"61770";"7935";"23";"3";"1";"4";"6";"0";"2";"1";"1";"0"
"8078";"61858";"8078";"23";"1";"1";"7";"7";"0";"1";"1";"1";"0"
"8279";"62021";"8279";"23";"3";"1";"7";"4";"0";"1";"1";"1";"0"
"8285";"62021";"8285";"23";"1";"1";"7";"3";"0";"1";"4";"1";"0"
"8327";"62103";"8327";"23";"1";"1";"7";"5";"0";"1";"1";"1";"0"
"8365";"62116";"8365";"23";"1";"1";"7";"5";"0";"1";"2";"1";"0"
"8455";"62217";"4178";"23";"1";"1";"7";"5";"0";"1";"1";"1";"0"
"8523";"62279";"8523";"23";"1";"1";"7";"6";"0";"1";"1";"1";"0"
"8712";"62457";"8712";"23";"1";"1";"7";"4";"0";"2";"0";"1";"0"
"8721";"62468";"8721";"23";"1";"1";"1";"7";"0";"1";"2";"1";"0"
"8725";"62472";"8725";"23";"1";"1";"7";"4";"0";"1";"1";"1";"0"
"8735";"62496";"8735";"23";"3";"1";"7";"6";"0";"1";"1";"1";"0"
"8795";"62603";"8795";"23";"3";"3";"1";"4";"1";"0";"1";"2";"0"
"8829";"62612";"8829";"23";"3";"1";"1";"6";"0";"1";"2";"1";"0"
"8895";"62698";"8895";"23";"1";"1";"7";"4";"0";"1";"1";"1";"0"
"9055";"63019";"9055";"23";"3";"1";"7";"4";"0";"1";"5";"1";"0"
"9175";"65855";"9175";"23";"1";"1";"7";"4";"0";"1";"1";"1";"0"
"9199";"65904";"9199";"23";"3";"3";"2";"6";"0";"1";"1";"1";"0"
"9200";"65904";"9200";"23";"3";"1";"7";"4";"0";"1";"1";"1";"0"
"9203";"65906";"3687";"23";"1";"2";"2";"6";"0";"1";"2";"1";"0"
"9214";"65913";"9214";"23";"1";"1";"7";"6";"2";"2";"0";"2";"0"
"9314";"66125";"9220";"23";"1";"1";"7";"6";"0";"2";"0";"1";"0"
"9315";"66125";"9315";"23";"3";"3";"2";"6";"0";"2";"0";"1";"0"
"9385";"67608";"9385";"23";"1";"2";"1";"5";"1";"0";"3";"2";"0"
"9424";"68517";"9424";"23";"1";"1";"7";"6";"0";"3";"1";"1";"0"
"9425";"68517";"9425";"23";"3";"1";"7";"5";"0";"1";"1";"1";"0"
"9431";"68553";"9431";"23";"3";"3";"2";"6";"1";"0";"1";"2";"0"
"9487";"68701";"9487";"23";"1";"1";"7";"6";"0";"2";"0";"1";"0"
"9488";"68702";"9488";"23";"1";"1";"7";"4";"0";"1";"1";"1";"0"
"9492";"68704";"9492";"23";"3";"1";"1";"6";"0";"1";"1";"1";"0"
"9507";"68898";"9507";"23";"1";"1";"7";"6";"0";"1";"1";"1";"0"
"9508";"68899";"9508";"23";"1";"1";"7";"5";"0";"1";"1";"1";"0"
"9583";"69693";"9583";"23";"1";"1";"7";"7";"0";"2";"1";"1";"0"
"9586";"69713";"9586";"23";"1";"1";"7";"5";"0";"1";"1";"1";"0"
"9620";"71080";"9620";"23";"1";"1";"7";"5";"0";"2";"1";"1";"0"
"9622";"71086";"9622";"23";"1";"1";"7";"4";"0";"1";"1";"1";"0"
"9884";"72201";"9884";"23";"2";"1";"7";"6";"0";"2";"0";"1";"0"
"9926";"72341";"9926";"23";"1";"1";"7";"6";"0";"1";"1";"1";"0"
"10026";"72467";"10026";"23";"1";"1";"7";"6";"0";"1";"1";"1";"0"
"10048";"72508";"10048";"23";"1";"1";"7";"4";"0";"1";"1";"1";"0"
"10133";"72621";"10133";"23";"1";"1";"7";"6";"1";"0";"2";"2";"0"
"10159";"72631";"10159";"23";"3";"1";"1";"6";"0";"7";"0";"1";"0"
"10161";"72631";"10161";"23";"1";"1";"7";"5";"0";"1";"1";"1";"0"
"10164";"72631";"10164";"23";"3";"1";"5";"6";"0";"1";"1";"1";"0"
"10181";"72637";"10181";"23";"3";"3";"1";"6";"0";"1";"2";"1";"0"
"10209";"72652";"10209";"23";"1";"1";"7";"6";"0";"1";"1";"1";"0"
"10212";"72652";"10212";"23";"3";"3";"1";"4";"0";"1";"1";"1";"0"
"10240";"72695";"10240";"23";"2";"1";"7";"6";"0";"2";"1";"1";"0"
"10280";"72734";"10280";"23";"1";"1";"7";"5";"0";"1";"2";"1";"0"
"10282";"72735";"10282";"23";"1";"1";"7";"5";"0";"1";"3";"1";"0"
"10290";"72756";"10290";"23";"1";"1";"7";"5";"1";"0";"1";"2";"0"
"10291";"72756";"10291";"23";"1";"1";"7";"4";"0";"1";"1";"1";"0"
"10320";"72841";"10320";"23";"1";"1";"7";"6";"1";"0";"1";"2";"0"
"10368";"72970";"10368";"23";"1";"1";"7";"5";"0";"1";"1";"1";"0"
"10402";"73032";"10402";"23";"1";"1";"7";"4";"0";"1";"1";"1";"0"
"10467";"73105";"10467";"23";"1";"1";"7";"4";"0";"1";"1";"1";"0"
"10574";"73325";"10574";"23";"1";"1";"7";"6";"0";"1";"1";"1";"0"
"10653";"73465";"10653";"23";"1";"1";"7";"4";"0";"1";"1";"1";"0"
"10764";"73690";"10764";"23";"1";"1";"7";"2";"0";"1";"1";"1";"0"
"10782";"73716";"10782";"23";"3";"1";"7";"6";"0";"1";"1";"1";"0"
"10815";"73743";"10815";"23";"1";"1";"7";"5";"1";"0";"1";"2";"0"
"10984";"76751";"10984";"23";"1";"1";"7";"6";"0";"5";"0";"1";"0"
"10989";"76751";"10989";"23";"1";"1";"7";"6";"0";"1";"0";"1";"0"
"11056";"76919";"11056";"23";"1";"1";"1";"6";"1";"0";"1";"2";"0"
"11159";"78467";"11159";"23";"1";"1";"7";"4";"0";"1";"1";"1";"0"
"11326";"79518";"11326";"23";"1";"1";"7";"4";"0";"2";"0";"1";"0"
"11404";"80615";"11404";"23";"1";"1";"4";"2";"0";"1";"1";"1";"0"
"11422";"80652";"11422";"23";"3";"1";"7";"4";"0";"2";"1";"1";"0"
"11441";"80659";"11441";"23";"3";"1";"7";"6";"0";"1";"1";"1";"0"
"11451";"80736";"11451";"23";"3";"1";"7";"6";"0";"2";"0";"1";"0"
"11462";"80737";"11462";"23";"1";"1";"7";"4";"0";"1";"1";"1";"0"
"11517";"80974";"11517";"23";"1";"1";"7";"4";"0";"1";"1";"1";"0"
"11528";"80997";"11528";"23";"1";"3";"1";"4";"0";"1";"1";"1";"0"
"11546";"81045";"11546";"23";"3";"2";"1";"4";"0";"1";"1";"1";"0"
"11593";"81118";"11593";"23";"1";"1";"7";"4";"0";"1";"1";"1";"0"
"11632";"81201";"11632";"23";"2";"2";"2";"6";"0";"1";"0";"1";"0"
"11681";"81300";"11681";"23";"1";"1";"7";"4";"0";"2";"0";"1";"0"
"11685";"81303";"11685";"23";"3";"1";"7";"0";"0";"1";"0";"1";"0"
"11724";"81452";"11724";"23";"1";"1";"7";"5";"0";"1";"1";"1";"0"
"11798";"81701";"11798";"23";"1";"1";"7";"4";"0";"1";"1";"1";"0"
"11819";"81884";"11819";"23";"1";"1";"7";"5";"0";"1";"1";"1";"0"
"11988";"90068";"11988";"23";"2";"1";"7";"5";"1";"0";"1";"2";"0"
"12015";"90112";"12015";"23";"1";"1";"7";"4";"0";"1";"1";"1";"0"
"12059";"90208";"12059";"23";"3";"1";"7";"4";"0";"1";"1";"1";"0"
"12068";"90212";"12068";"23";"1";"1";"7";"4";"0";"1";"1";"1";"0"
"12095";"90264";"12095";"23";"1";"1";"7";"4";"0";"1";"1";"1";"0"
"12146";"90306";"12146";"23";"3";"1";"7";"6";"0";"1";"1";"1";"0"
"12179";"90332";"12179";"23";"3";"1";"7";"6";"1";"2";"0";"2";"0"
"12206";"90335";"12206";"23";"1";"1";"7";"5";"1";"1";"1";"2";"0"
"12214";"90354";"12214";"23";"1";"3";"1";"6";"0";"2";"0";"1";"0"
"12254";"90439";"12254";"23";"3";"2";"1";"6";"0";"1";"3";"1";"0"
"12280";"90484";"12280";"23";"1";"1";"7";"5";"1";"0";"1";"2";"0"
"12321";"90620";"12321";"23";"1";"1";"7";"4";"0";"1";"1";"1";"0"
"12367";"90770";"12367";"23";"5";"1";"7";"5";"1";"0";"1";"2";"0"
"12394";"90801";"12394";"23";"1";"1";"7";"4";"1";"0";"1";"2";"0"
"12407";"90812";"12407";"23";"5";"7";"7";"6";"1";"5";"1";"3";"1"
"12469";"67644501";"12469";"23";"3";"3";"1";"5";"0";"1";"1";"1";"0"
"13036";"71835102";"13036";"23";"1";"1";"7";"6";"1";"0";"1";"2";"0"
"13156";"73794104";"13156";"23";"3";"1";"7";"4";"0";"1";"1";"1";"0"
"13293";"75747201";"13293";"23";"3";"3";"2";"6";"0";"1";"0";"1";"0"
"13618";"76773408";"13618";"23";"1";"1";"7";"4";"1";"0";"1";"2";"0"
"13785";"77724304";"13785";"23";"1";"1";"7";"6";"0";"1";"1";"1";"0"
"13888";"77743102";"13888";"23";"1";"1";"7";"6";"0";"2";"2";"1";"0"
"13895";"77743102";"13895";"23";"2";"1";"7";"4";"0";"1";"1";"1";"0"
"14162";"77772509";"2223";"23";"1";"1";"7";"6";"0";"1";"3";"1";"0"
"14244";"77777203";"14244";"23";"1";"1";"7";"4";"0";"1";"1";"1";"0"
"14345";"77902402";"14345";"23";"1";"1";"7";"6";"0";"1";"1";"1";"0"
"28879";"87811202";"28879";"23";"3";"1";"7";"6";"0";"2";"0";"1";"0"
"29116";"87821303";"29116";"23";"1";"3";"1";"5";"0";"1";"1";"1";"0"
"29257";"87826203";"29257";"23";"1";"1";"7";"6";"0";"1";"2";"1";"0"
"29503";"87854101";"29503";"23";"1";"1";"7";"6";"0";"1";"0";"1";"0"
"19464";"81762307";"19464";"23";"3";"1";"7";"5";"0";"1";"1";"1";"0"
"19613";"81766203";"19613";"23";"5";"3";"1";"6";"0";"2";"0";"1";"0"
"20092";"81872413";"20092";"23";"1";"1";"7";"6";"0";"1";"1";"1";"0"
"20516";"82773206";"20516";"23";"1";"1";"1";"6";"1";"2";"0";"2";"0"
"20732";"82804402";"20732";"23";"3";"1";"7";"6";"0";"1";"1";"1";"0"
"20826";"82843406";"20826";"23";"1";"1";"7";"4";"0";"1";"1";"1";"0"
"20984";"83747213";"20984";"23";"1";"1";"7";"7";"1";"0";"1";"2";"0"
"21134";"83762412";"21134";"23";"2";"1";"7";"6";"1";"1";"0";"2";"0"
"21224";"83781404";"21224";"23";"1";"1";"7";"5";"0";"1";"1";"1";"0"
"21250";"83786503";"21250";"23";"3";"1";"7";"5";"0";"1";"1";"1";"0"
"21679";"83866402";"21679";"23";"1";"1";"7";"5";"0";"2";"0";"1";"0"
"21876";"83885206";"21876";"23";"1";"1";"7";"5";"1";"0";"1";"2";"0"
"22003";"83923402";"22003";"23";"1";"1";"7";"4";"1";"0";"1";"2";"0"
"22046";"83931203";"22046";"23";"1";"1";"7";"6";"0";"1";"0";"1";"0"
"22171";"84751301";"22171";"23";"1";"1";"1";"4";"0";"1";"1";"1";"0"
"22332";"84791403";"22332";"23";"1";"1";"7";"3";"0";"1";"1";"1";"0"
"22429";"84804507";"22429";"23";"1";"1";"7";"4";"0";"1";"1";"1";"0"
"22441";"84804509";"22441";"23";"1";"3";"1";"6";"0";"1";"1";"1";"0"
"22521";"84807408";"22521";"23";"3";"3";"2";"3";"0";"1";"1";"1";"0"
"22570";"84813401";"22570";"23";"3";"1";"7";"5";"0";"2";"1";"1";"0"
"22600";"84816211";"22600";"23";"3";"3";"2";"4";"0";"2";"2";"1";"0"
"22660";"84823203";"22660";"23";"1";"1";"7";"7";"0";"1";"1";"1";"0"
"22711";"84825402";"22711";"23";"1";"1";"7";"6";"0";"1";"1";"1";"0"
"22992";"84851404";"22992";"23";"1";"1";"7";"6";"0";"1";"5";"1";"0"
"23023";"84853502";"23023";"23";"1";"1";"7";"4";"0";"1";"1";"1";"0"
"23072";"84856205";"23072";"23";"1";"1";"7";"5";"0";"0";"1";"3";"0"
"23088";"84856501";"23088";"23";"1";"1";"7";"6";"0";"1";"1";"1";"0"
"23149";"84861408";"23149";"23";"1";"3";"1";"5";"0";"1";"1";"1";"0"
"23283";"84864512";"23283";"23";"3";"1";"7";"4";"0";"1";"1";"1";"0"
"23408";"84872205";"23408";"23";"1";"1";"7";"5";"1";"0";"1";"2";"0"
"23413";"84872402";"20602";"23";"1";"3";"1";"4";"0";"1";"1";"1";"0"
"23544";"84876507";"23544";"23";"1";"1";"7";"5";"1";"0";"1";"2";"0"
"23686";"84907402";"23686";"23";"3";"3";"2";"6";"1";"0";"1";"2";"0"
"23728";"85741204";"23728";"23";"1";"2";"2";"6";"0";"3";"1";"1";"0"
"23869";"85806402";"23869";"23";"1";"1";"7";"4";"0";"1";"1";"1";"0"
"128";"694";"128";"23";"1";"1";"7";"5";"0";"1";"1";"3";"0"
"135";"699";"135";"23";"2";"1";"7";"5";"1";"1";"0";"2";"0"
"139";"701";"139";"23";"1";"1";"7";"5";"1";"0";"1";"2";"0"
"140";"702";"140";"23";"1";"1";"7";"6";"1";"0";"1";"2";"0"
"174";"805";"174";"23";"1";"1";"7";"6";"0";"1";"1";"1";"0"
"179";"833";"179";"23";"1";"1";"1";"6";"0";"1";"1";"1";"0"
"194";"838";"194";"23";"3";"1";"7";"6";"0";"1";"1";"1";"0"
"208";"848";"208";"23";"1";"1";"7";"4";"0";"1";"1";"1";"0"
"218";"860";"218";"23";"2";"1";"7";"6";"0";"1";"1";"1";"0"
"285";"1114";"285";"23";"1";"1";"7";"6";"0";"3";"1";"1";"0"
"339";"1376";"339";"23";"3";"1";"7";"4";"1";"0";"1";"2";"0"
"340";"1376";"340";"23";"3";"1";"7";"6";"0";"1";"1";"1";"0"
"364";"1456";"364";"23";"1";"1";"7";"4";"0";"1";"1";"1";"0"
"427";"2083";"427";"23";"2";"1";"7";"6";"0";"1";"2";"1";"0"
"550";"3665";"550";"23";"1";"1";"7";"5";"1";"0";"2";"2";"0"
"560";"3687";"560";"23";"1";"1";"7";"6";"0";"1";"3";"1";"0"
"582";"3841";"582";"23";"3";"1";"7";"5";"2";"0";"1";"2";"0"
"626";"4836";"626";"23";"1";"1";"7";"6";"0";"1";"1";"1";"0"
"674";"5530";"674";"23";"1";"1";"7";"5";"0";"1";"1";"1";"0"
"734";"7096";"734";"23";"1";"1";"7";"4";"0";"1";"1";"1";"0"
"744";"7122";"744";"23";"3";"3";"2";"6";"1";"2";"0";"2";"0"
"777";"7195";"777";"23";"1";"1";"7";"6";"0";"1";"1";"1";"0"
"794";"7610";"794";"23";"1";"1";"7";"5";"2";"0";"1";"2";"0"
"802";"7675";"802";"23";"5";"1";"7";"6";"0";"1";"1";"1";"0"
"817";"7723";"817";"23";"1";"1";"7";"6";"1";"0";"1";"2";"0"
"818";"7724";"818";"23";"3";"1";"1";"5";"0";"2";"0";"1";"0"
"827";"8234";"827";"23";"1";"1";"1";"6";"0";"1";"1";"1";"0"
"834";"8235";"834";"23";"3";"1";"1";"6";"0";"3";"1";"1";"0"
"852";"8250";"852";"23";"1";"1";"7";"6";"1";"0";"1";"2";"0"
"885";"8989";"885";"23";"1";"1";"7";"6";"1";"0";"1";"2";"0"
"897";"9675";"897";"23";"1";"1";"7";"6";"0";"2";"2";"1";"0"
"905";"9681";"905";"23";"3";"1";"2";"6";"1";"2";"1";"2";"0"
"910";"10426";"910";"23";"3";"1";"1";"4";"0";"1";"1";"1";"0"
"928";"10462";"928";"23";"1";"1";"7";"4";"1";"0";"1";"2";"0"
"931";"10463";"931";"23";"1";"6";"7";"4";"0";"1";"1";"1";"0"
"943";"10474";"943";"23";"1";"1";"7";"6";"1";"0";"1";"2";"0"
"958";"10513";"958";"23";"1";"1";"7";"6";"0";"2";"2";"1";"0"
"996";"12113";"996";"23";"1";"1";"7";"6";"1";"0";"1";"2";"0"
"1057";"12516";"1057";"23";"1";"1";"7";"6";"1";"0";"1";"2";"0"
"1118";"13312";"1118";"23";"1";"1";"7";"5";"0";"1";"1";"1";"0"
"1125";"13313";"1125";"23";"1";"2";"1";"6";"0";"2";"1";"1";"0"
"1186";"13428";"1186";"23";"3";"1";"7";"6";"0";"1";"1";"1";"0"
"1230";"13542";"1230";"23";"1";"1";"7";"3";"0";"1";"1";"1";"0"
"1236";"13589";"1236";"23";"1";"1";"7";"6";"0";"1";"1";"1";"0"
"1240";"13604";"1240";"23";"3";"1";"7";"4";"0";"1";"1";"1";"0"
"1346";"15911";"1346";"23";"1";"6";"7";"5";"0";"1";"3";"1";"0"
"1393";"17962";"1393";"23";"5";"1";"7";"6";"0";"2";"2";"1";"0"
"1398";"17965";"1398";"23";"5";"1";"2";"5";"0";"2";"1";"1";"0"
"1408";"17985";"1408";"23";"1";"1";"7";"6";"1";"0";"1";"2";"0"
"1418";"17997";"1418";"23";"3";"1";"2";"6";"1";"0";"1";"2";"0"
"1440";"19457";"1440";"23";"1";"1";"7";"6";"0";"1";"2";"1";"0"
"1453";"19618";"1453";"23";"1";"1";"7";"6";"0";"1";"1";"1";"0"
"1470";"19697";"1470";"23";"4";"1";"7";"6";"1";"2";"1";"2";"0"
"1487";"19969";"1487";"23";"1";"2";"2";"4";"1";"0";"1";"2";"0"
"1576";"22881";"1576";"23";"1";"1";"7";"6";"0";"1";"1";"1";"0"
"1591";"24222";"1591";"23";"2";"1";"7";"4";"1";"0";"1";"2";"0"
"1592";"24222";"1592";"23";"1";"1";"7";"6";"1";"0";"1";"2";"0"
"1646";"25208";"1646";"23";"3";"1";"7";"6";"0";"1";"1";"1";"0"
"1651";"25209";"1651";"23";"2";"1";"7";"4";"0";"1";"1";"1";"0"
"1699";"25345";"1699";"23";"1";"1";"7";"5";"1";"0";"1";"2";"0"
"1704";"25351";"1704";"23";"1";"1";"7";"4";"0";"1";"1";"1";"0"
"1706";"25352";"1706";"23";"1";"1";"7";"6";"0";"2";"0";"1";"0"
"1717";"25433";"1717";"23";"1";"1";"7";"6";"0";"1";"1";"1";"0"
"1746";"26785";"1746";"23";"3";"1";"7";"4";"0";"0";"1";"3";"0"
"1776";"26906";"1776";"23";"1";"1";"7";"4";"1";"0";"1";"2";"0"
"1777";"26906";"1777";"23";"1";"1";"7";"5";"0";"1";"1";"1";"0"
"1797";"26948";"1797";"23";"1";"1";"7";"6";"0";"1";"2";"1";"0"
"1812";"27019";"1812";"23";"3";"3";"2";"4";"0";"1";"1";"1";"0"
"1847";"27112";"1847";"23";"1";"1";"7";"5";"0";"1";"1";"1";"0"
"1849";"27116";"1849";"23";"1";"1";"7";"5";"0";"1";"1";"1";"0"
"1967";"28179";"1967";"23";"1";"1";"7";"5";"0";"1";"1";"1";"0"
"1980";"28214";"1980";"23";"1";"1";"7";"5";"0";"1";"1";"1";"0"
"2020";"28340";"2020";"23";"1";"2";"2";"6";"0";"1";"1";"1";"0"
"2039";"28987";"2039";"23";"1";"1";"7";"6";"0";"4";"1";"1";"0"
"2051";"29003";"2051";"23";"3";"3";"2";"6";"0";"1";"2";"1";"0"
"2091";"29063";"2091";"23";"1";"1";"7";"6";"0";"1";"1";"1";"0"
"2110";"29113";"2110";"23";"1";"3";"2";"5";"0";"1";"1";"1";"0"
"2123";"29121";"2123";"23";"1";"1";"7";"4";"0";"1";"1";"1";"0"
"2132";"29126";"2132";"23";"1";"1";"7";"4";"0";"1";"2";"1";"0"
"2157";"29195";"2157";"23";"1";"1";"7";"3";"0";"1";"1";"1";"0"
"2167";"29214";"2167";"23";"1";"1";"7";"6";"0";"2";"1";"1";"0"
"2182";"29220";"2182";"23";"1";"1";"7";"6";"0";"1";"1";"1";"0"
"2193";"29228";"2193";"23";"2";"1";"7";"6";"0";"2";"1";"1";"0"
"2262";"29522";"2262";"23";"5";"1";"7";"6";"0";"1";"1";"1";"0"
"2325";"31157";"2325";"23";"1";"1";"7";"5";"0";"1";"1";"1";"0"
"2397";"32711";"2397";"23";"1";"1";"7";"6";"1";"0";"1";"2";"0"
"2400";"32712";"2400";"23";"2";"1";"7";"4";"0";"0";"1";"3";"0"
"2507";"33645";"2507";"23";"1";"1";"7";"5";"0";"1";"1";"1";"0"
"2512";"33649";"2512";"23";"1";"1";"7";"6";"0";"1";"1";"1";"0"
"2524";"33705";"2524";"23";"1";"1";"7";"6";"1";"0";"1";"2";"0"
"2552";"33841";"2552";"23";"1";"1";"7";"4";"0";"1";"1";"1";"0"
"2672";"35609";"2672";"23";"3";"1";"7";"4";"0";"1";"1";"1";"0"
"2726";"36424";"2726";"23";"1";"1";"7";"6";"0";"1";"1";"1";"0"
"2727";"36424";"2727";"23";"1";"1";"7";"6";"0";"1";"1";"1";"0"
"2828";"38085";"2828";"23";"1";"1";"7";"6";"0";"1";"1";"1";"0"
"2829";"38086";"2829";"23";"1";"1";"2";"4";"0";"1";"1";"1";"0"
"2871";"38118";"2871";"23";"1";"3";"2";"4";"0";"1";"1";"1";"0"
"2941";"38342";"2941";"23";"1";"1";"7";"6";"0";"1";"1";"1";"0"