"accident_id";"lieu_id";"date_id";"cause_id";"lum_id";"intemp_id";"etat_surface_id";"impliq_id";"nb_blesses_graves";"nb_blesses_legers";"nb_indemnes";"gravite";"nb_morts"
"3154";"38940";"3154";"23";"3";"1";"7";"4";"0";"1";"1";"1";"0"
"3165";"38955";"3165";"23";"2";"1";"7";"4";"0";"1";"1";"1";"0"
"3201";"38997";"3201";"23";"3";"1";"7";"6";"0";"1";"4";"1";"0"
"3210";"39018";"3210";"23";"3";"6";"1";"6";"0";"1";"1";"1";"0"
"3223";"39023";"3223";"23";"1";"1";"7";"5";"1";"0";"1";"2";"0"
"3285";"39060";"3285";"23";"3";"1";"7";"6";"0";"1";"1";"1";"0"
"3376";"39343";"3376";"23";"3";"1";"7";"6";"0";"1";"1";"1";"0"
"3486";"39585";"3486";"23";"5";"3";"1";"6";"0";"2";"2";"1";"0"
"3750";"40019";"3750";"23";"1";"1";"7";"5";"0";"1";"2";"1";"0"
"3778";"40053";"3778";"23";"3";"1";"7";"6";"0";"1";"1";"1";"0"
"3798";"40056";"3798";"23";"1";"1";"7";"4";"0";"1";"1";"1";"0"
"3857";"40100";"3857";"23";"1";"1";"7";"6";"0";"2";"1";"1";"0"
"3862";"40101";"3862";"23";"3";"4";"2";"6";"0";"1";"1";"1";"0"
"3870";"40105";"3870";"23";"1";"1";"7";"6";"0";"1";"1";"1";"0"
"3904";"40192";"3904";"23";"4";"1";"7";"5";"0";"3";"0";"1";"0"
"4111";"40516";"1798";"23";"1";"1";"7";"4";"0";"1";"1";"1";"0"
"4124";"40547";"4124";"23";"3";"1";"1";"5";"2";"0";"1";"2";"0"
"4299";"40940";"4299";"23";"3";"2";"2";"5";"0";"2";"1";"1";"0"
"4630";"41652";"4630";"23";"1";"1";"2";"6";"0";"1";"1";"1";"0"
"4692";"41725";"4692";"23";"1";"3";"1";"6";"0";"3";"1";"1";"0"
"4766";"42366";"4766";"23";"1";"1";"7";"4";"0";"1";"1";"1";"0"
"4814";"43089";"4814";"23";"1";"1";"7";"6";"0";"2";"1";"1";"0"
"4823";"43097";"4823";"23";"1";"1";"7";"5";"0";"1";"1";"1";"0"
"4839";"43102";"4839";"23";"1";"1";"7";"4";"0";"1";"1";"1";"0"
"4852";"43113";"4852";"23";"1";"1";"7";"5";"1";"0";"1";"2";"0"
"4858";"43115";"4858";"23";"1";"1";"7";"4";"1";"0";"1";"2";"0"
"410";"1824";"410";"24";"1";"1";"7";"4";"0";"1";"1";"1";"0"
"697";"6921";"697";"24";"1";"1";"7";"2";"0";"1";"1";"1";"0"
"1435";"19420";"1435";"24";"1";"1";"7";"3";"1";"0";"1";"2";"0"
"1783";"26914";"1783";"24";"1";"1";"7";"2";"1";"0";"1";"2";"0"
"2414";"33400";"2414";"24";"1";"1";"7";"6";"0";"1";"1";"1";"0"
"2459";"33477";"2459";"24";"1";"1";"7";"2";"1";"0";"1";"2";"0"
"2472";"33584";"2472";"24";"1";"1";"7";"2";"0";"1";"1";"1";"0"
"2531";"33726";"2531";"24";"1";"1";"7";"1";"0";"1";"1";"1";"0"
"2537";"33745";"2537";"24";"1";"1";"7";"3";"0";"1";"1";"1";"0"
"2610";"34714";"2610";"24";"1";"1";"7";"2";"1";"0";"1";"2";"0"
"2998";"38520";"2998";"24";"1";"1";"7";"2";"0";"1";"1";"1";"0"
"3179";"38986";"3179";"24";"1";"1";"7";"2";"0";"1";"1";"1";"0"
"3205";"39017";"3205";"24";"1";"1";"7";"2";"0";"1";"1";"1";"0"
"3296";"39103";"3296";"24";"1";"1";"7";"2";"0";"1";"1";"1";"0"
"3300";"39114";"3300";"24";"1";"1";"7";"2";"0";"1";"1";"1";"0"
"3396";"39396";"3396";"24";"1";"1";"7";"2";"1";"0";"1";"2";"0"
"3437";"39520";"3437";"24";"1";"1";"7";"2";"0";"1";"1";"1";"0"
"3449";"39536";"3449";"24";"3";"3";"2";"6";"0";"1";"1";"1";"0"
"3494";"39591";"3494";"24";"1";"1";"7";"2";"0";"1";"1";"1";"0"
"3685";"39900";"3685";"24";"5";"1";"7";"2";"0";"1";"1";"1";"0"
"3741";"40014";"3741";"24";"1";"1";"7";"2";"0";"1";"1";"1";"0"
"3880";"40129";"3880";"24";"1";"3";"1";"2";"0";"1";"1";"1";"0"
"3902";"40186";"3902";"24";"1";"3";"2";"2";"0";"1";"1";"1";"0"
"3971";"40308";"3971";"24";"1";"1";"7";"2";"0";"1";"1";"1";"0"
"4025";"40379";"4025";"24";"1";"1";"7";"2";"0";"1";"1";"1";"0"
"4054";"40391";"4054";"24";"1";"1";"7";"2";"0";"1";"1";"1";"0"
"4103";"40491";"4103";"24";"1";"1";"7";"1";"0";"1";"1";"1";"0"
"4110";"40513";"4110";"24";"1";"1";"7";"2";"1";"0";"1";"2";"0"
"4126";"40555";"4126";"24";"1";"3";"1";"2";"0";"1";"1";"1";"0"
"4201";"40752";"4201";"24";"1";"1";"7";"6";"0";"2";"2";"1";"0"
"4262";"40868";"4262";"24";"1";"1";"7";"2";"0";"1";"1";"1";"0"
"4304";"40941";"4304";"24";"3";"1";"7";"2";"0";"1";"1";"1";"0"
"4352";"41028";"4352";"24";"3";"1";"7";"6";"0";"1";"2";"1";"0"
"4379";"41132";"4379";"24";"1";"1";"7";"6";"0";"1";"3";"1";"0"
"4454";"41254";"4454";"24";"1";"1";"7";"6";"0";"1";"1";"1";"0"
"4478";"41335";"4478";"24";"3";"1";"1";"2";"0";"1";"1";"1";"0"
"4687";"41713";"4687";"24";"1";"1";"7";"2";"0";"1";"1";"1";"0"
"4853";"43114";"4853";"24";"1";"1";"7";"2";"0";"1";"1";"1";"0"
"4908";"43250";"4908";"24";"1";"1";"7";"4";"0";"1";"1";"1";"0"
"5064";"43829";"5064";"24";"1";"1";"7";"1";"0";"1";"1";"1";"0"
"5101";"45239";"5101";"24";"1";"1";"7";"2";"0";"1";"1";"1";"0"
"5756";"47697";"5756";"24";"3";"1";"7";"4";"1";"0";"1";"2";"0"
"6341";"52009";"6341";"24";"1";"1";"7";"2";"0";"1";"1";"1";"0"
"6935";"60028";"6935";"24";"1";"1";"7";"1";"0";"1";"1";"1";"0"
"6967";"60177";"6967";"24";"3";"2";"2";"1";"0";"1";"1";"1";"0"
"6973";"60177";"6973";"24";"1";"1";"7";"2";"0";"1";"1";"1";"0"
"7019";"60820";"7019";"24";"1";"1";"7";"3";"0";"1";"1";"1";"0"
"7063";"60842";"7063";"24";"1";"1";"7";"4";"0";"1";"1";"1";"0"
"7336";"61124";"7336";"24";"1";"1";"7";"4";"0";"1";"1";"1";"0"
"7621";"61458";"7621";"24";"3";"1";"7";"2";"0";"0";"1";"3";"0"
"7728";"61531";"7728";"24";"1";"1";"1";"2";"0";"1";"1";"1";"0"
"7745";"61544";"7745";"24";"1";"1";"7";"5";"0";"1";"1";"1";"0"
"8459";"62218";"8459";"24";"1";"1";"7";"3";"0";"1";"1";"1";"0"
"9002";"62942";"9002";"24";"1";"1";"7";"2";"1";"0";"2";"2";"0"
"9070";"63034";"9070";"24";"3";"1";"7";"4";"0";"1";"1";"1";"0"
"9172";"65834";"9172";"24";"3";"3";"1";"2";"0";"1";"1";"1";"0"
"9330";"66138";"9330";"24";"1";"2";"2";"6";"0";"1";"6";"1";"0"
"9559";"69552";"9559";"24";"1";"1";"7";"6";"0";"1";"3";"1";"0"
"14527";"78694405";"14527";"24";"1";"3";"2";"6";"0";"4";"0";"1";"0"
"15057";"78771202";"15057";"24";"1";"1";"7";"2";"0";"1";"2";"1";"0"
"15398";"78902505";"15398";"24";"1";"1";"7";"1";"0";"1";"1";"1";"0"
"15681";"79733406";"15681";"24";"1";"1";"7";"2";"0";"1";"2";"1";"0"
"15836";"79745401";"15836";"24";"1";"1";"7";"2";"1";"0";"1";"2";"0"
"16195";"79753304";"16195";"24";"1";"1";"7";"4";"0";"1";"2";"1";"0"
"16257";"79753504";"16257";"24";"1";"1";"7";"2";"0";"1";"1";"1";"0"
"16326";"79755401";"16326";"24";"1";"1";"7";"2";"0";"1";"1";"1";"0"
"16340";"79755404";"16340";"24";"1";"1";"7";"2";"0";"1";"1";"1";"0"
"16402";"79757206";"16402";"24";"5";"1";"1";"6";"0";"1";"2";"1";"0"
"16430";"79757501";"16430";"24";"1";"1";"7";"2";"1";"0";"1";"2";"0"
"16666";"79766201";"16666";"24";"3";"1";"7";"2";"0";"2";"2";"1";"0"
"17111";"79797105";"17111";"24";"1";"1";"7";"4";"1";"0";"1";"2";"0"
"17275";"80726312";"17275";"24";"1";"1";"7";"2";"0";"1";"1";"1";"0"
"17434";"80741409";"17434";"24";"1";"1";"7";"2";"1";"0";"1";"2";"0"
"17791";"80751301";"17791";"24";"1";"3";"1";"2";"0";"1";"1";"1";"0"
"18253";"80762103";"18253";"24";"1";"1";"7";"2";"0";"1";"1";"1";"0"
"18319";"80762405";"18319";"24";"3";"1";"7";"6";"0";"1";"1";"1";"0"
"18567";"80771304";"18567";"24";"1";"2";"2";"2";"1";"0";"1";"2";"0"
"18601";"80773103";"18601";"24";"3";"3";"1";"2";"0";"1";"1";"1";"0"
"18863";"80785316";"18863";"24";"1";"1";"7";"4";"0";"1";"1";"1";"0"
"24428";"85826303";"24428";"24";"1";"1";"7";"2";"0";"0";"1";"3";"0"
"24496";"85827405";"24496";"24";"3";"1";"7";"1";"0";"1";"1";"1";"0"
"24873";"85841406";"24873";"24";"1";"1";"7";"2";"0";"1";"1";"1";"0"
"25465";"85861107";"25465";"24";"1";"1";"7";"2";"0";"1";"1";"1";"0"
"25489";"85861217";"25489";"24";"1";"1";"7";"2";"0";"1";"1";"1";"0"
"25631";"85864201";"25631";"24";"1";"1";"7";"3";"0";"1";"1";"1";"0"
"25811";"85872105";"25811";"24";"2";"1";"1";"3";"0";"1";"1";"1";"0"
"26275";"86801317";"26275";"24";"1";"1";"7";"2";"0";"1";"1";"1";"0"
"26362";"86804101";"26362";"24";"1";"1";"7";"4";"0";"1";"0";"1";"0"
"26646";"86813306";"26646";"24";"1";"1";"7";"2";"0";"1";"0";"1";"0"
"26686";"86814101";"26686";"24";"1";"1";"7";"2";"0";"1";"1";"1";"0"
"27064";"86823108";"27064";"24";"1";"1";"7";"2";"0";"1";"1";"1";"0"
"27140";"86823307";"27140";"24";"1";"3";"1";"2";"1";"0";"1";"2";"0"
"27782";"86834107";"27782";"24";"1";"1";"7";"2";"0";"1";"1";"1";"0"
"27941";"86837302";"27941";"24";"1";"1";"7";"2";"0";"1";"1";"1";"0"
"28216";"86851203";"28216";"24";"1";"1";"7";"2";"0";"2";"1";"1";"0"
"19396";"81755305";"19396";"24";"1";"1";"7";"2";"0";"1";"1";"1";"0"
"19410";"81756203";"19410";"24";"1";"1";"7";"2";"0";"1";"1";"1";"0"
"19428";"81757501";"19428";"24";"1";"1";"7";"2";"1";"0";"1";"2";"0"
"19538";"81764203";"19538";"24";"3";"1";"7";"6";"0";"1";"2";"1";"0"
"19625";"81766302";"19625";"24";"2";"1";"7";"6";"0";"1";"2";"1";"0"
"21627";"83851301";"21627";"24";"3";"1";"7";"6";"0";"2";"1";"1";"0"
"21765";"83873501";"21765";"24";"1";"1";"7";"4";"0";"1";"1";"1";"0"
"22054";"83933304";"22054";"24";"1";"1";"7";"2";"0";"1";"1";"1";"0"
"22250";"84763511";"22250";"24";"1";"1";"7";"6";"0";"1";"0";"1";"0"
"22369";"84792502";"22369";"24";"1";"1";"7";"2";"1";"0";"1";"2";"0"
"22432";"84804507";"22432";"24";"1";"1";"7";"2";"0";"1";"1";"1";"0"
"22569";"84813320";"22569";"24";"1";"1";"7";"2";"0";"1";"1";"1";"0"
"22620";"84816502";"22620";"24";"3";"1";"7";"2";"0";"1";"1";"1";"0"
"9729";"71971";"9729";"24";"1";"1";"7";"1";"0";"1";"1";"1";"0"
"9743";"72013";"9743";"24";"1";"1";"7";"2";"0";"1";"1";"1";"0"
"9783";"72083";"9783";"24";"3";"1";"7";"6";"0";"1";"1";"1";"0"
"9988";"72410";"9988";"24";"1";"1";"7";"2";"1";"0";"1";"2";"0"
"10033";"72478";"10033";"24";"1";"1";"7";"2";"0";"1";"1";"1";"0"
"10222";"72667";"10222";"24";"1";"1";"7";"4";"0";"1";"1";"1";"0"
"10760";"73678";"10760";"24";"1";"1";"7";"4";"1";"0";"1";"2";"0"
"10877";"74073";"10877";"24";"1";"1";"7";"2";"0";"1";"1";"1";"0"
"10932";"75946";"10932";"24";"1";"1";"7";"5";"1";"0";"1";"2";"0"
"10966";"76723";"10966";"24";"1";"1";"7";"4";"0";"1";"1";"1";"0"
"11227";"78696";"11227";"24";"1";"1";"7";"0";"0";"0";"0";"3";"0"
"11229";"78707";"11229";"24";"1";"1";"7";"3";"0";"1";"1";"1";"0"
"11449";"80707";"11449";"24";"1";"1";"7";"1";"0";"2";"1";"1";"0"
"11527";"80996";"11527";"24";"1";"1";"7";"6";"0";"1";"1";"1";"0"
"12287";"90509";"12287";"24";"1";"1";"1";"2";"0";"1";"1";"1";"0"
"12586";"70804410";"12586";"24";"1";"1";"7";"1";"1";"0";"1";"2";"0"
"12892";"71821106";"12892";"24";"3";"2";"2";"3";"1";"0";"1";"2";"0"
"12932";"71822211";"12932";"24";"1";"1";"7";"2";"1";"0";"1";"2";"0"
"13015";"71833104";"13015";"24";"1";"1";"7";"3";"0";"1";"1";"1";"0"
"13887";"77742209";"13887";"24";"1";"2";"2";"6";"0";"3";"2";"1";"0"
"14255";"77777204";"14255";"24";"1";"1";"7";"6";"0";"1";"1";"1";"0"
"28794";"87806101";"28794";"24";"1";"1";"7";"5";"0";"1";"1";"1";"0"
"29202";"87823102";"29202";"24";"1";"1";"7";"2";"0";"1";"1";"1";"0"
"29258";"87826203";"29258";"24";"1";"1";"7";"6";"0";"1";"1";"1";"0"
"29485";"87847104";"29485";"24";"1";"1";"7";"2";"0";"1";"1";"1";"0"
"28930";"87811501";"28930";"25";"1";"1";"7";"0";"0";"1";"0";"1";"0"
"14923";"78763511";"14923";"25";"3";"1";"7";"0";"0";"1";"0";"1";"0"
"15188";"78775303";"15188";"25";"1";"2";"2";"7";"1";"0";"1";"2";"0"
"15693";"79734301";"15693";"25";"3";"1";"7";"6";"0";"1";"0";"1";"0"
"17277";"80727107";"17277";"25";"1";"1";"7";"6";"1";"0";"0";"2";"0"
"220";"860";"220";"25";"1";"1";"7";"6";"0";"1";"0";"1";"0"
"227";"889";"227";"25";"3";"1";"7";"6";"0";"1";"1";"1";"0"
"232";"894";"232";"25";"1";"1";"7";"7";"1";"0";"0";"2";"0"
"241";"931";"241";"25";"1";"1";"7";"7";"1";"0";"1";"2";"0"
"260";"978";"260";"25";"1";"1";"1";"6";"0";"1";"1";"1";"0"
"316";"1277";"316";"25";"3";"1";"7";"6";"0";"1";"1";"1";"0"
"488";"3532";"488";"25";"1";"3";"2";"6";"0";"1";"1";"1";"0"
"504";"3550";"504";"25";"1";"3";"1";"6";"0";"1";"1";"1";"0"
"513";"3592";"513";"25";"1";"1";"7";"0";"1";"0";"0";"2";"0"
"529";"3619";"529";"25";"3";"1";"7";"7";"1";"1";"1";"2";"0"
"541";"3652";"541";"25";"3";"1";"7";"6";"0";"1";"1";"1";"0"
"559";"3685";"559";"25";"1";"7";"7";"0";"1";"0";"0";"2";"0"
"591";"3857";"591";"25";"2";"1";"7";"6";"0";"1";"1";"1";"0"
"602";"4017";"602";"25";"1";"2";"2";"7";"1";"0";"0";"2";"0"
"651";"4886";"651";"25";"1";"4";"1";"7";"1";"0";"1";"2";"0"
"675";"5531";"675";"25";"3";"1";"7";"7";"1";"0";"1";"2";"0"
"752";"7165";"752";"25";"3";"1";"7";"6";"0";"1";"1";"1";"0"
"790";"7406";"790";"25";"3";"2";"1";"6";"1";"0";"1";"2";"0"
"821";"8185";"821";"25";"1";"1";"2";"6";"0";"2";"0";"1";"0"
"838";"8243";"838";"25";"3";"1";"7";"6";"1";"0";"1";"2";"0"
"839";"8243";"839";"25";"3";"3";"2";"6";"0";"1";"1";"1";"0"
"870";"8302";"870";"25";"4";"1";"7";"6";"1";"0";"1";"2";"0"
"881";"8361";"881";"25";"1";"1";"7";"6";"0";"1";"1";"1";"0"
"940";"10471";"940";"25";"1";"2";"2";"6";"0";"1";"1";"1";"0"
"982";"12020";"982";"25";"3";"1";"7";"7";"1";"0";"1";"2";"0"
"985";"12022";"985";"25";"3";"2";"2";"0";"1";"0";"0";"2";"0"
"991";"12024";"991";"25";"1";"1";"7";"6";"0";"1";"1";"1";"0"
"1018";"12208";"1018";"25";"1";"6";"1";"7";"0";"1";"1";"1";"0"
"1021";"12217";"1021";"25";"1";"1";"7";"0";"0";"1";"0";"1";"0"
"1055";"12505";"1055";"25";"1";"5";"2";"0";"1";"0";"0";"2";"0"
"1087";"13133";"1087";"25";"3";"3";"2";"6";"0";"2";"2";"1";"0"
"1152";"13345";"1152";"25";"3";"3";"1";"6";"0";"1";"2";"1";"0"
"1164";"13408";"1164";"25";"1";"1";"7";"6";"0";"1";"1";"1";"0"
"1165";"13408";"1165";"25";"1";"1";"7";"6";"1";"0";"1";"2";"0"
"1169";"13414";"1169";"25";"1";"1";"7";"7";"0";"1";"1";"1";"0"
"1179";"13426";"1179";"25";"3";"1";"7";"6";"0";"1";"1";"1";"0"
"1180";"13426";"1180";"25";"1";"1";"7";"6";"0";"1";"0";"1";"0"
"1204";"13432";"1204";"25";"1";"1";"7";"6";"0";"1";"1";"1";"0"
"1219";"13449";"1219";"25";"3";"3";"1";"6";"0";"2";"1";"1";"0"
"1222";"13464";"1222";"25";"3";"1";"7";"6";"0";"1";"0";"1";"0"
"1234";"13586";"1234";"25";"1";"1";"7";"6";"0";"2";"0";"1";"0"
"1244";"13607";"1244";"25";"1";"1";"7";"6";"0";"1";"1";"1";"0"
"1257";"13617";"1257";"25";"3";"6";"1";"6";"0";"1";"1";"1";"0"
"1279";"13695";"1279";"25";"3";"1";"7";"6";"0";"1";"1";"1";"0"
"1409";"17987";"1409";"25";"1";"1";"7";"6";"1";"0";"1";"2";"0"
"1492";"21212";"1492";"25";"1";"1";"7";"7";"0";"3";"1";"3";"2"
"1523";"21940";"1523";"25";"1";"3";"1";"6";"1";"0";"1";"2";"0"
"1585";"24198";"1585";"25";"1";"3";"2";"7";"0";"1";"1";"1";"0"
"1753";"26803";"1753";"25";"3";"1";"7";"6";"0";"2";"0";"1";"0"
"1762";"26854";"1762";"25";"1";"1";"7";"6";"0";"1";"2";"1";"0"
"1765";"26863";"1765";"25";"3";"2";"2";"6";"0";"1";"1";"1";"0"
"1798";"26951";"1798";"25";"1";"1";"7";"6";"0";"1";"0";"1";"0"
"1805";"26998";"1805";"25";"1";"1";"7";"6";"0";"1";"1";"1";"0"
"1819";"27024";"1819";"25";"1";"2";"2";"6";"1";"2";"1";"2";"0"
"1825";"27091";"1825";"25";"2";"1";"7";"6";"0";"2";"0";"1";"0"
"1831";"27096";"1831";"25";"3";"3";"1";"6";"0";"2";"0";"1";"0"
"1833";"27098";"1833";"25";"1";"1";"7";"6";"0";"1";"1";"1";"0"
"1834";"27098";"1834";"25";"1";"1";"7";"6";"0";"1";"2";"1";"0"
"1841";"27109";"1841";"25";"3";"1";"7";"6";"0";"2";"0";"1";"0"
"1845";"27112";"1845";"25";"1";"1";"7";"7";"0";"1";"1";"1";"0"
"1848";"27113";"1848";"25";"3";"1";"7";"6";"0";"2";"1";"1";"0"
"1854";"27119";"1854";"25";"1";"1";"7";"6";"0";"1";"0";"1";"0"
"1872";"27215";"1872";"25";"3";"1";"7";"6";"1";"0";"0";"2";"0"
"1921";"27974";"1921";"25";"1";"1";"7";"6";"0";"1";"1";"1";"0"
"1926";"28003";"1926";"25";"1";"1";"7";"6";"0";"1";"1";"1";"0"
"2002";"28315";"2002";"25";"1";"1";"7";"6";"0";"1";"1";"1";"0"
"2057";"29020";"2057";"25";"1";"1";"4";"2";"1";"0";"3";"2";"0"
"2115";"29115";"2115";"25";"3";"1";"7";"6";"0";"1";"0";"1";"0"
"2116";"29115";"2116";"25";"1";"1";"7";"6";"0";"1";"0";"1";"0"
"2125";"29122";"2125";"25";"3";"1";"7";"6";"0";"1";"1";"1";"0"
"2140";"29148";"2140";"25";"3";"1";"7";"0";"0";"1";"0";"1";"0"
"2168";"29215";"2168";"25";"1";"1";"7";"6";"1";"0";"0";"2";"0"
"2181";"29220";"2181";"25";"1";"1";"7";"7";"0";"1";"2";"1";"0"
"2197";"29232";"2197";"25";"3";"3";"1";"6";"0";"1";"1";"1";"0"
"2217";"29255";"2217";"25";"1";"1";"7";"6";"0";"1";"1";"1";"0"
"2241";"29449";"2241";"25";"4";"1";"7";"0";"1";"0";"0";"3";"0"
"2246";"29459";"2246";"25";"1";"1";"7";"6";"1";"0";"0";"2";"0"
"2248";"29473";"2248";"25";"3";"2";"2";"7";"0";"1";"0";"1";"0"
"2307";"29854";"2307";"25";"3";"1";"7";"6";"0";"1";"0";"1";"0"
"2417";"33402";"2417";"25";"3";"1";"7";"6";"0";"1";"3";"1";"0"
"2521";"33684";"2521";"25";"1";"3";"1";"7";"0";"1";"1";"1";"0"
"2522";"33695";"1978";"25";"5";"2";"2";"7";"0";"1";"0";"1";"0"
"2529";"33711";"2529";"25";"4";"1";"7";"6";"0";"1";"1";"1";"0"
"2547";"33801";"2547";"25";"1";"2";"2";"6";"0";"1";"1";"1";"0"
"2576";"34066";"2576";"25";"3";"1";"7";"7";"0";"0";"1";"3";"0"
"2621";"34738";"2621";"25";"1";"1";"7";"6";"0";"1";"4";"1";"0"
"2660";"35578";"2660";"25";"3";"1";"7";"7";"0";"2";"0";"1";"0"
"2661";"35580";"2661";"25";"1";"1";"7";"6";"1";"0";"1";"2";"0"
"2669";"35607";"2669";"25";"3";"6";"1";"0";"0";"1";"0";"1";"0"
"2771";"37280";"2771";"25";"3";"7";"2";"7";"0";"1";"1";"1";"0"
"2777";"37283";"2777";"25";"1";"1";"7";"6";"0";"1";"1";"1";"0"
"2815";"38054";"2815";"25";"1";"1";"7";"6";"0";"1";"1";"1";"0"
"2955";"38433";"2955";"25";"3";"1";"7";"6";"0";"1";"1";"1";"0"
"2957";"38434";"2957";"25";"1";"1";"7";"6";"0";"1";"1";"1";"0"
"2978";"38483";"2978";"25";"1";"1";"7";"6";"0";"1";"1";"1";"0"
"2996";"38520";"2996";"25";"1";"1";"7";"6";"0";"1";"1";"1";"0"
"3041";"38593";"3041";"25";"1";"1";"7";"6";"0";"1";"0";"1";"0"
"3093";"38793";"3093";"25";"1";"1";"7";"8";"0";"1";"2";"1";"0"
"3161";"38950";"3161";"25";"5";"1";"7";"6";"0";"1";"0";"1";"0"
"3311";"39136";"3311";"25";"5";"3";"1";"7";"1";"1";"1";"2";"0"
"3351";"39284";"3351";"25";"3";"1";"7";"0";"0";"1";"0";"1";"0"
"3393";"39390";"3393";"25";"1";"1";"7";"6";"0";"2";"0";"1";"0"
"3470";"39567";"3470";"25";"3";"1";"2";"0";"0";"1";"1";"1";"0"
"3481";"39584";"3481";"25";"3";"1";"7";"6";"1";"0";"1";"2";"0"
"3585";"39694";"3585";"25";"1";"1";"7";"6";"0";"3";"1";"1";"0"
"3656";"39802";"3656";"25";"3";"1";"7";"6";"0";"1";"3";"1";"0"
"3672";"39863";"3672";"25";"3";"1";"7";"7";"0";"1";"1";"1";"0"
"3712";"39952";"3712";"25";"1";"1";"7";"6";"1";"1";"0";"2";"0"
"3716";"39969";"3716";"25";"1";"1";"7";"7";"0";"1";"1";"1";"0"
"3957";"40303";"3957";"25";"1";"1";"7";"6";"0";"1";"1";"1";"0"
"4015";"40376";"4015";"25";"3";"3";"2";"6";"0";"1";"1";"1";"0"
"4101";"40490";"4101";"25";"1";"1";"2";"8";"0";"2";"1";"1";"0"
"4122";"40544";"4122";"25";"1";"1";"7";"6";"0";"1";"2";"1";"0"
"4199";"40752";"4199";"25";"1";"1";"7";"7";"0";"1";"1";"1";"0"
"4270";"40889";"4270";"25";"2";"3";"2";"6";"0";"2";"1";"1";"0"
"4279";"40912";"4279";"25";"1";"1";"7";"6";"0";"1";"1";"1";"0"
"4711";"41775";"4711";"25";"5";"1";"7";"6";"1";"0";"1";"2";"0"
"4752";"42245";"4752";"25";"1";"2";"2";"7";"1";"0";"1";"2";"0"
"4776";"42962";"4776";"25";"1";"1";"7";"6";"0";"1";"1";"1";"0"
"4790";"42975";"4790";"25";"3";"1";"7";"6";"0";"1";"0";"1";"0"
"4792";"42980";"4792";"25";"3";"1";"7";"6";"0";"3";"1";"1";"0"
"4799";"43000";"4799";"25";"3";"1";"7";"7";"1";"0";"1";"2";"0"
"4811";"43086";"4811";"25";"1";"1";"7";"6";"1";"0";"1";"2";"0"
"4821";"43096";"4821";"25";"1";"1";"7";"7";"0";"1";"1";"1";"0"
"4822";"43096";"4822";"25";"3";"1";"7";"6";"0";"2";"0";"1";"0"
"4869";"43156";"4869";"25";"3";"1";"7";"8";"0";"2";"1";"1";"0"
"4880";"43161";"4880";"25";"1";"1";"7";"0";"0";"0";"0";"3";"0"
"4884";"43173";"4884";"25";"1";"1";"7";"7";"0";"1";"1";"1";"0"
"4950";"43310";"4950";"25";"4";"1";"7";"6";"0";"1";"1";"1";"0"
"4971";"43410";"4971";"25";"1";"1";"7";"7";"0";"1";"1";"1";"0"
"4972";"43410";"4972";"25";"1";"1";"7";"6";"0";"1";"1";"1";"0"
"4996";"43510";"4996";"25";"1";"1";"7";"6";"1";"0";"0";"2";"0"
"5035";"43587";"5035";"25";"3";"3";"2";"6";"0";"2";"0";"1";"0"
"5081";"45136";"5081";"25";"3";"1";"7";"6";"0";"1";"1";"1";"0"
"5141";"45279";"5141";"25";"3";"1";"7";"6";"0";"1";"1";"1";"0"
"5212";"45394";"5212";"25";"3";"1";"1";"6";"0";"1";"0";"1";"0"
"5223";"45420";"5223";"25";"3";"1";"7";"6";"0";"0";"1";"3";"0"
"5270";"45482";"5270";"25";"1";"1";"7";"6";"0";"1";"1";"1";"0"
"5366";"46308";"5366";"25";"1";"1";"7";"6";"1";"0";"1";"2";"0"
"5367";"46309";"5367";"25";"1";"1";"7";"6";"0";"1";"0";"1";"0"
"5380";"46321";"5380";"25";"3";"1";"7";"6";"0";"1";"0";"1";"0"
"5393";"46325";"5393";"25";"3";"1";"7";"6";"0";"1";"1";"1";"0"
"5429";"46390";"5429";"25";"2";"6";"1";"6";"1";"0";"1";"2";"0"
"5435";"46390";"5435";"25";"1";"1";"7";"6";"0";"1";"3";"1";"0"
"5444";"46395";"5444";"25";"3";"1";"7";"6";"1";"0";"0";"2";"0"
"5446";"46396";"5446";"25";"3";"1";"7";"6";"0";"1";"0";"1";"0"
"5455";"46401";"5455";"25";"1";"1";"7";"6";"0";"1";"1";"1";"0"
"5456";"46401";"5456";"25";"1";"1";"7";"6";"1";"0";"1";"2";"0"
"5465";"46431";"5465";"25";"1";"1";"7";"6";"0";"1";"1";"1";"0"
"5466";"46455";"5466";"25";"3";"1";"7";"7";"0";"1";"0";"3";"0"
"5541";"47374";"5541";"25";"3";"1";"7";"6";"1";"0";"1";"2";"0"
"5557";"47384";"5557";"25";"1";"1";"7";"6";"0";"1";"1";"1";"0"
"5567";"47419";"5567";"25";"1";"2";"2";"6";"0";"0";"1";"3";"0"
"5601";"47524";"5601";"25";"1";"1";"7";"6";"1";"0";"0";"2";"0"
"5604";"47524";"5604";"25";"3";"1";"7";"6";"1";"0";"1";"2";"0"
"5653";"47537";"5653";"25";"3";"1";"7";"6";"0";"1";"2";"1";"0"
"5801";"48514";"5801";"25";"3";"1";"7";"6";"0";"1";"0";"1";"0"
"5815";"48571";"5815";"25";"2";"1";"7";"6";"0";"1";"0";"1";"0"
"5923";"48847";"5923";"25";"3";"1";"7";"6";"0";"2";"3";"1";"0"
"5925";"48847";"5925";"25";"3";"1";"7";"6";"0";"1";"1";"1";"0"
"5927";"48851";"5927";"25";"1";"1";"7";"8";"0";"1";"1";"1";"0"
"5993";"49021";"5993";"25";"1";"1";"7";"6";"0";"1";"1";"1";"0"
"6001";"49061";"6001";"25";"3";"3";"2";"6";"0";"2";"0";"1";"0"
"6055";"49069";"6055";"25";"3";"1";"7";"6";"0";"1";"1";"1";"0"
"6064";"49081";"6064";"25";"1";"1";"2";"6";"0";"1";"2";"1";"0"
"6068";"49128";"6068";"25";"1";"3";"2";"7";"1";"0";"0";"2";"0"