"accident_id";"lieu_id";"date_id";"cause_id";"lum_id";"intemp_id";"etat_surface_id";"impliq_id";"nb_blesses_graves";"nb_blesses_legers";"nb_indemnes";"gravite";"nb_morts"
"6078";"49205";"6078";"25";"3";"1";"7";"7";"0";"1";"1";"1";"0"
"6110";"49423";"6110";"25";"5";"1";"7";"7";"0";"0";"1";"3";"0"
"6137";"49578";"6137";"25";"3";"3";"2";"6";"0";"1";"1";"1";"0"
"6168";"50140";"6168";"25";"1";"1";"7";"6";"0";"1";"1";"1";"0"
"6188";"50209";"6188";"25";"3";"1";"7";"6";"0";"1";"0";"1";"0"
"6193";"50214";"6193";"25";"3";"3";"1";"0";"1";"0";"0";"2";"0"
"6196";"50214";"6196";"25";"1";"4";"3";"6";"0";"1";"0";"1";"0"
"6198";"50215";"6198";"25";"3";"3";"2";"6";"0";"1";"0";"1";"0"
"6205";"50219";"6205";"25";"3";"7";"2";"6";"2";"0";"0";"2";"0"
"6211";"50253";"6211";"25";"1";"1";"7";"6";"0";"1";"1";"1";"0"
"6213";"50253";"6213";"25";"1";"2";"2";"6";"0";"1";"1";"1";"0"
"6267";"51090";"6267";"25";"5";"1";"7";"6";"1";"0";"1";"2";"0"
"6301";"51915";"6301";"25";"3";"1";"7";"6";"0";"1";"1";"1";"0"
"6436";"53034";"6436";"25";"1";"1";"7";"0";"0";"1";"0";"1";"0"
"6482";"53172";"6482";"25";"1";"3";"2";"0";"0";"1";"1";"1";"0"
"6483";"53172";"6483";"25";"3";"1";"7";"0";"2";"2";"0";"2";"0"
"6485";"53173";"6485";"25";"3";"1";"7";"0";"1";"1";"0";"2";"0"
"6487";"53173";"6487";"25";"3";"1";"7";"6";"0";"1";"1";"1";"0"
"6506";"53333";"6506";"25";"3";"1";"7";"0";"0";"1";"0";"1";"0"
"6520";"53994";"6520";"25";"3";"1";"7";"6";"0";"1";"1";"1";"0"
"6530";"54070";"6530";"25";"1";"2";"2";"6";"0";"1";"1";"1";"0"
"6534";"54075";"6534";"25";"3";"3";"2";"0";"1";"0";"0";"2";"0"
"6554";"54226";"6554";"25";"3";"1";"1";"7";"1";"0";"1";"2";"0"
"6567";"54323";"6567";"25";"4";"1";"7";"7";"0";"1";"1";"1";"0"
"6597";"55671";"6597";"25";"2";"1";"7";"6";"0";"1";"1";"1";"0"
"6611";"55684";"6611";"25";"3";"3";"2";"6";"0";"1";"1";"1";"0"
"6635";"55761";"6635";"25";"1";"1";"7";"6";"0";"1";"1";"1";"0"
"6636";"55761";"6636";"25";"1";"1";"7";"6";"0";"1";"1";"1";"0"
"6642";"55762";"6642";"25";"3";"3";"2";"0";"0";"1";"0";"1";"0"
"6673";"57822";"6673";"25";"1";"1";"2";"6";"1";"0";"2";"2";"0"
"6726";"58712";"6726";"25";"3";"1";"7";"6";"1";"0";"0";"2";"0"
"6780";"58986";"6780";"25";"3";"1";"7";"6";"0";"2";"1";"1";"0"
"6785";"58998";"6785";"25";"3";"3";"2";"7";"1";"1";"1";"2";"0"
"6823";"59837";"6823";"25";"3";"3";"1";"6";"0";"1";"1";"1";"0"
"6952";"60086";"6952";"25";"3";"1";"7";"6";"0";"1";"1";"1";"0"
"6953";"60089";"6953";"25";"3";"4";"3";"6";"1";"0";"1";"2";"0"
"7004";"60270";"7004";"25";"1";"1";"7";"6";"0";"1";"2";"1";"0"
"7066";"60843";"7066";"25";"3";"1";"7";"6";"0";"1";"0";"1";"0"
"7099";"60868";"7099";"25";"3";"1";"7";"6";"0";"3";"0";"1";"0"
"7117";"60877";"7117";"25";"1";"3";"2";"0";"0";"1";"0";"1";"0"
"7158";"60918";"7158";"25";"1";"1";"7";"6";"0";"1";"1";"1";"0"
"7165";"60925";"7165";"25";"1";"1";"7";"6";"0";"2";"4";"1";"0"
"7166";"60925";"7166";"25";"3";"1";"7";"6";"0";"1";"2";"1";"0"
"7169";"60925";"7169";"25";"1";"1";"7";"7";"1";"0";"1";"2";"0"
"7172";"60925";"7172";"25";"1";"3";"1";"1";"0";"1";"1";"1";"0"
"7176";"60925";"7176";"25";"1";"1";"7";"6";"0";"2";"0";"1";"0"
"7177";"60928";"7177";"25";"3";"1";"7";"6";"0";"1";"1";"1";"0"
"7181";"60937";"7181";"25";"1";"1";"7";"6";"0";"2";"0";"1";"0"
"7189";"60941";"7189";"25";"1";"1";"7";"6";"0";"1";"1";"1";"0"
"7212";"60969";"7212";"25";"3";"1";"1";"6";"0";"2";"1";"1";"0"
"7213";"60970";"7213";"25";"3";"3";"2";"6";"0";"2";"0";"1";"0"
"7237";"60980";"7237";"25";"1";"6";"7";"6";"0";"1";"1";"1";"0"
"7285";"61073";"7285";"25";"1";"1";"7";"6";"0";"1";"1";"1";"0"
"7307";"61102";"7307";"25";"3";"1";"7";"7";"0";"1";"1";"1";"0"
"7309";"61104";"7309";"25";"3";"1";"7";"0";"0";"1";"0";"1";"0"
"7310";"61104";"7310";"25";"3";"1";"7";"6";"0";"2";"0";"1";"0"
"7327";"61113";"7327";"25";"1";"1";"1";"6";"0";"2";"2";"1";"0"
"7360";"61177";"7360";"25";"1";"1";"7";"6";"0";"2";"1";"1";"0"
"7369";"61180";"7369";"25";"5";"1";"7";"6";"0";"1";"1";"1";"0"
"7370";"61181";"7370";"25";"3";"1";"7";"6";"0";"3";"0";"1";"0"
"7402";"61216";"7402";"25";"1";"1";"7";"6";"0";"1";"1";"1";"0"
"7415";"61236";"7415";"25";"2";"1";"7";"6";"0";"1";"1";"1";"0"
"7420";"61247";"7420";"25";"3";"1";"7";"6";"0";"1";"0";"1";"0"
"7438";"61268";"7438";"25";"1";"1";"7";"6";"0";"1";"2";"1";"0"
"7447";"61279";"7447";"25";"3";"1";"7";"0";"0";"1";"1";"1";"0"
"7448";"61279";"7448";"25";"1";"1";"7";"6";"0";"1";"1";"1";"0"
"7458";"61285";"7458";"25";"1";"1";"7";"6";"0";"1";"1";"1";"0"
"7483";"61309";"7483";"25";"1";"1";"7";"6";"0";"1";"1";"1";"0"
"7498";"61342";"7498";"25";"1";"3";"1";"6";"0";"1";"1";"1";"0"
"7523";"61359";"7523";"25";"2";"3";"2";"6";"0";"1";"0";"1";"0"
"7583";"61428";"7583";"25";"1";"1";"7";"7";"0";"1";"1";"1";"0"
"7605";"61444";"7605";"25";"1";"1";"7";"6";"0";"1";"1";"1";"0"
"7662";"61481";"7662";"25";"3";"1";"7";"6";"0";"1";"3";"1";"0"
"7671";"61485";"7671";"25";"1";"1";"4";"7";"0";"1";"1";"1";"0"
"7694";"61505";"7694";"25";"3";"1";"7";"6";"0";"1";"1";"1";"0"
"7700";"61505";"7700";"25";"3";"1";"7";"6";"0";"2";"1";"1";"0"
"7739";"61537";"7739";"25";"3";"1";"7";"6";"0";"1";"0";"1";"0"
"7740";"61540";"7740";"25";"3";"1";"7";"6";"0";"2";"3";"1";"0"
"7744";"61544";"7744";"25";"3";"1";"7";"6";"0";"1";"0";"1";"0"
"7765";"61573";"7765";"25";"1";"1";"7";"6";"0";"1";"2";"1";"0"
"7786";"61597";"7786";"25";"3";"1";"7";"6";"0";"1";"1";"1";"0"
"7812";"61641";"7812";"25";"1";"1";"7";"6";"0";"1";"1";"1";"0"
"7829";"61686";"7829";"25";"1";"1";"7";"6";"0";"1";"0";"1";"0"
"7876";"61739";"7876";"25";"1";"3";"2";"7";"0";"1";"1";"1";"0"
"7889";"61752";"7889";"25";"3";"1";"7";"6";"0";"1";"0";"1";"0"
"7984";"61798";"7984";"25";"1";"1";"7";"6";"0";"1";"1";"1";"0"
"8010";"61814";"8010";"25";"1";"1";"7";"7";"0";"1";"1";"1";"0"
"8051";"61830";"8051";"25";"3";"1";"7";"7";"0";"2";"1";"1";"0"
"8054";"61831";"8054";"25";"3";"3";"2";"7";"0";"1";"0";"1";"0"
"8103";"61881";"8103";"25";"3";"1";"7";"7";"0";"2";"2";"1";"0"
"8110";"61884";"8110";"25";"3";"1";"7";"6";"0";"1";"1";"1";"0"
"8147";"61894";"8147";"25";"2";"1";"7";"6";"0";"1";"1";"1";"0"
"8187";"61906";"8187";"25";"1";"1";"7";"6";"0";"1";"2";"1";"0"
"8191";"61907";"8191";"25";"3";"1";"7";"6";"0";"1";"0";"1";"0"
"8202";"61909";"8202";"25";"3";"1";"7";"6";"0";"1";"2";"1";"0"
"8204";"61909";"8204";"25";"3";"1";"7";"6";"0";"1";"0";"1";"0"
"8209";"61911";"8209";"25";"3";"3";"2";"0";"0";"1";"1";"1";"0"
"8214";"61922";"8214";"25";"1";"1";"7";"6";"0";"1";"1";"1";"0"
"8235";"61955";"8235";"25";"1";"1";"7";"6";"0";"1";"1";"1";"0"
"8253";"61989";"8253";"25";"1";"1";"7";"6";"0";"1";"1";"1";"0"
"8307";"62067";"8307";"25";"1";"1";"1";"6";"0";"1";"1";"1";"0"
"8325";"62103";"8325";"25";"1";"1";"7";"6";"0";"1";"0";"1";"0"
"8357";"62114";"8357";"25";"1";"1";"7";"6";"0";"1";"1";"1";"0"
"8372";"62140";"8372";"25";"1";"1";"7";"6";"0";"1";"1";"1";"0"
"8379";"62154";"8379";"25";"3";"1";"7";"6";"0";"2";"1";"1";"0"
"8382";"62156";"8382";"25";"1";"2";"2";"6";"0";"1";"0";"1";"0"
"8400";"62171";"8400";"25";"1";"1";"7";"6";"0";"1";"0";"1";"0"
"8402";"62172";"8402";"25";"1";"1";"7";"7";"0";"1";"1";"1";"0"
"8413";"62179";"8413";"25";"3";"1";"7";"7";"0";"1";"2";"1";"0"
"8478";"62222";"8478";"25";"3";"1";"7";"6";"0";"1";"1";"1";"0"
"8504";"62261";"8504";"25";"3";"3";"1";"7";"0";"1";"2";"1";"0"
"8531";"62286";"8531";"25";"3";"1";"7";"0";"0";"1";"0";"1";"0"
"8615";"62361";"8615";"25";"3";"1";"7";"6";"0";"1";"1";"1";"0"
"8624";"62363";"8624";"25";"3";"1";"1";"6";"0";"3";"1";"1";"0"
"8627";"62366";"8627";"25";"3";"1";"7";"6";"0";"1";"0";"1";"0"
"8637";"62366";"8637";"25";"1";"1";"7";"6";"0";"1";"2";"1";"0"
"8640";"62367";"8640";"25";"1";"1";"7";"6";"0";"1";"1";"1";"0"
"8651";"62368";"8651";"25";"1";"1";"7";"6";"0";"1";"0";"1";"0"
"8653";"62370";"8653";"25";"3";"3";"1";"6";"0";"1";"2";"1";"0"
"8654";"62370";"8654";"25";"3";"1";"7";"7";"0";"2";"1";"1";"0"
"8660";"62373";"8660";"25";"3";"3";"2";"6";"1";"0";"0";"2";"0"
"8697";"62449";"8697";"25";"1";"1";"7";"6";"0";"1";"3";"1";"0"
"8702";"62453";"8702";"25";"3";"1";"1";"6";"0";"1";"2";"1";"0"
"8722";"62468";"8722";"25";"1";"1";"7";"7";"0";"2";"0";"1";"0"
"8759";"62545";"8759";"25";"1";"1";"1";"6";"0";"1";"1";"1";"0"
"8778";"62585";"8778";"25";"1";"1";"7";"6";"0";"2";"1";"1";"0"
"8798";"62605";"8798";"25";"3";"3";"2";"6";"0";"1";"1";"1";"0"
"8802";"62606";"8802";"25";"3";"1";"7";"0";"0";"1";"0";"1";"0"
"8809";"62606";"8809";"25";"5";"1";"7";"6";"0";"1";"0";"1";"0"
"8845";"62639";"8845";"25";"2";"3";"2";"6";"1";"0";"1";"2";"0"
"8854";"62641";"8854";"25";"1";"1";"1";"6";"0";"3";"0";"1";"0"
"8904";"62701";"8904";"25";"3";"1";"7";"6";"0";"1";"0";"1";"0"
"8906";"62701";"4963";"25";"1";"1";"7";"6";"0";"2";"2";"1";"0"
"8934";"62722";"8934";"25";"1";"1";"7";"0";"0";"1";"0";"1";"0"
"8956";"62743";"8956";"25";"3";"1";"2";"7";"0";"2";"1";"1";"0"
"9042";"63000";"9042";"25";"1";"1";"7";"6";"0";"1";"1";"1";"0"
"9092";"63041";"9092";"25";"3";"3";"1";"6";"0";"2";"0";"1";"0"
"9123";"64274";"9123";"25";"1";"1";"7";"6";"1";"1";"0";"2";"0"
"9133";"64289";"9133";"25";"1";"1";"7";"6";"0";"1";"1";"1";"0"
"9151";"65076";"9151";"25";"1";"1";"7";"7";"2";"1";"1";"2";"0"
"9170";"65830";"9170";"25";"1";"1";"7";"6";"0";"1";"1";"1";"0"
"9191";"65900";"9191";"25";"3";"1";"1";"6";"0";"1";"2";"1";"0"
"9207";"65907";"9207";"25";"3";"1";"7";"6";"0";"0";"1";"3";"0"
"9211";"65912";"9211";"25";"3";"1";"7";"6";"0";"1";"0";"1";"0"
"9222";"65915";"9222";"25";"1";"3";"1";"6";"0";"1";"2";"1";"0"
"9269";"66034";"9269";"25";"3";"2";"2";"6";"0";"1";"1";"1";"0"
"9285";"66069";"9285";"25";"3";"1";"7";"6";"0";"4";"1";"1";"0"
"9301";"66116";"9301";"25";"1";"1";"7";"6";"0";"1";"1";"1";"0"
"9383";"67597";"9383";"25";"1";"1";"7";"6";"0";"1";"1";"1";"0"
"9399";"68349";"9399";"25";"5";"2";"2";"6";"1";"0";"1";"2";"0"
"9478";"68695";"9478";"25";"3";"7";"1";"6";"0";"1";"0";"1";"0"
"9557";"69551";"9557";"25";"1";"6";"1";"6";"0";"1";"1";"1";"0"
"9560";"69574";"9560";"25";"1";"2";"2";"6";"0";"1";"1";"1";"0"
"9623";"71086";"9623";"25";"3";"1";"7";"6";"1";"0";"0";"2";"0"
"9628";"71088";"9628";"25";"3";"1";"7";"6";"0";"1";"0";"1";"0"
"9640";"71145";"9640";"25";"1";"1";"7";"7";"0";"1";"3";"1";"0"
"9659";"71251";"9659";"25";"1";"1";"7";"6";"0";"1";"0";"1";"0"
"9671";"71829";"9671";"25";"3";"1";"7";"0";"0";"1";"0";"1";"0"
"9683";"71844";"9683";"25";"1";"1";"7";"6";"0";"1";"1";"1";"0"
"9687";"71856";"9687";"25";"2";"1";"2";"6";"0";"1";"1";"1";"0"
"9731";"71996";"9731";"25";"1";"1";"7";"6";"1";"1";"0";"2";"0"
"9754";"72027";"9754";"25";"3";"3";"2";"6";"0";"1";"1";"1";"0"
"9757";"72034";"9757";"25";"3";"1";"7";"6";"0";"1";"1";"1";"0"
"9778";"72069";"9778";"25";"3";"2";"2";"6";"0";"1";"1";"1";"0"
"9786";"72084";"9786";"25";"1";"1";"7";"6";"0";"1";"1";"1";"0"
"9792";"72086";"9792";"25";"3";"1";"7";"0";"1";"0";"0";"2";"0"
"9854";"72153";"9854";"25";"1";"1";"7";"7";"0";"1";"1";"1";"0"
"9861";"72169";"9782";"25";"3";"1";"7";"0";"0";"1";"0";"1";"0"
"9943";"72346";"9943";"25";"1";"1";"7";"7";"0";"1";"1";"1";"0"
"9946";"72347";"9946";"25";"1";"1";"7";"6";"0";"1";"1";"1";"0"
"10062";"72531";"10062";"25";"1";"1";"7";"6";"0";"1";"1";"1";"0"
"10068";"72536";"10068";"25";"1";"1";"7";"7";"0";"1";"1";"1";"0"
"10086";"72548";"10086";"25";"3";"3";"1";"0";"0";"1";"0";"1";"0"
"10087";"72548";"10087";"25";"3";"3";"1";"6";"0";"1";"1";"1";"0"
"10118";"72594";"10118";"25";"4";"1";"7";"6";"0";"1";"1";"1";"0"
"10202";"72646";"10202";"25";"1";"1";"7";"6";"0";"1";"1";"1";"0"
"10229";"72681";"10229";"25";"1";"1";"7";"0";"0";"2";"0";"1";"0"
"10238";"72695";"10238";"25";"3";"1";"7";"6";"0";"2";"0";"1";"0"
"10266";"72727";"10266";"25";"3";"3";"1";"6";"0";"1";"1";"1";"0"
"10304";"72806";"10304";"25";"3";"3";"1";"7";"1";"0";"1";"2";"0"
"10337";"72920";"10337";"25";"1";"4";"1";"6";"0";"1";"2";"1";"0"
"10384";"72988";"10384";"25";"1";"1";"1";"6";"0";"1";"1";"1";"0"
"10405";"73034";"10405";"25";"3";"3";"1";"6";"0";"1";"1";"1";"0"
"10411";"73054";"10411";"25";"3";"1";"7";"6";"0";"1";"3";"1";"0"
"10418";"73056";"10418";"25";"3";"6";"1";"7";"0";"1";"1";"1";"0"
"10530";"73245";"10530";"25";"2";"1";"7";"6";"0";"2";"0";"1";"0"
"10562";"73290";"10562";"25";"4";"1";"7";"6";"0";"1";"2";"1";"0"
"10566";"73316";"10566";"25";"1";"1";"7";"6";"0";"1";"1";"1";"0"
"10569";"73323";"10569";"25";"3";"1";"7";"7";"0";"1";"1";"1";"0"
"10572";"73323";"10572";"25";"3";"1";"7";"6";"1";"0";"1";"2";"0"
"10579";"73330";"10579";"25";"2";"1";"7";"0";"0";"1";"0";"1";"0"
"10587";"73336";"10587";"25";"3";"1";"1";"6";"0";"1";"1";"1";"0"
"10588";"73336";"10588";"25";"1";"1";"1";"6";"0";"3";"0";"1";"0"
"10596";"73337";"10596";"25";"3";"1";"1";"7";"0";"1";"1";"1";"0"
"10598";"73340";"10598";"25";"3";"1";"7";"7";"1";"0";"1";"2";"0"
"10611";"73367";"10611";"25";"3";"1";"7";"6";"2";"0";"2";"2";"0"
"10658";"73465";"10658";"25";"3";"2";"2";"6";"0";"1";"1";"1";"0"
"10691";"73495";"10691";"25";"1";"1";"7";"2";"0";"1";"1";"1";"0"
"10703";"73499";"10703";"25";"3";"1";"7";"0";"0";"1";"0";"1";"0"
"10704";"73499";"10704";"25";"3";"1";"7";"0";"0";"1";"0";"1";"0"
"10747";"73657";"10747";"25";"2";"1";"7";"6";"0";"2";"0";"1";"0"
"10766";"73699";"10766";"25";"3";"1";"2";"6";"0";"1";"1";"1";"0"
"10796";"73728";"10796";"25";"3";"7";"1";"6";"0";"1";"0";"1";"0"
"10967";"76727";"10967";"25";"3";"1";"7";"0";"0";"1";"0";"1";"0"
"11034";"76820";"11034";"25";"3";"1";"7";"6";"0";"1";"0";"1";"0"
"11069";"76996";"11069";"25";"1";"1";"7";"0";"0";"1";"0";"1";"0"
"11085";"78264";"11085";"25";"1";"1";"7";"6";"0";"2";"0";"1";"0"
"11089";"78270";"11089";"25";"3";"1";"7";"6";"0";"2";"0";"1";"0"
"11091";"78285";"11091";"25";"1";"1";"7";"7";"1";"0";"1";"2";"0"
"11134";"78389";"11134";"25";"1";"1";"7";"6";"0";"2";"1";"1";"0"
"11142";"78437";"11142";"25";"3";"1";"7";"6";"0";"1";"0";"1";"0"
"11147";"78446";"11147";"25";"3";"1";"7";"6";"0";"1";"0";"1";"0"
"11162";"78485";"11162";"25";"1";"1";"7";"6";"0";"1";"1";"1";"0"
"11163";"78491";"11163";"25";"3";"6";"2";"4";"0";"1";"1";"1";"0"
"11168";"78494";"11168";"25";"3";"1";"1";"6";"0";"1";"0";"1";"0"
"11173";"78506";"11173";"25";"3";"4";"4";"6";"0";"1";"3";"1";"0"
"11215";"78672";"11215";"25";"3";"1";"1";"6";"0";"1";"0";"1";"0"
"11220";"78676";"11220";"25";"2";"6";"7";"6";"0";"1";"0";"1";"0"
"11233";"78718";"11233";"25";"3";"7";"1";"6";"0";"2";"0";"1";"0"
"11305";"79454";"11305";"25";"3";"1";"7";"6";"3";"0";"0";"2";"0"
"11368";"80450";"11368";"25";"3";"1";"7";"6";"0";"1";"0";"1";"0"
"11374";"80457";"11374";"25";"1";"1";"7";"6";"0";"1";"1";"1";"0"
"11393";"80506";"11393";"25";"3";"1";"7";"6";"0";"1";"0";"1";"0"
"11398";"80550";"11398";"25";"1";"4";"3";"6";"0";"1";"1";"1";"0"
"11427";"80652";"11427";"25";"1";"1";"7";"6";"0";"1";"1";"1";"0"
"11437";"80655";"11437";"25";"3";"1";"7";"6";"0";"1";"1";"1";"0"
"11474";"80806";"11474";"25";"3";"3";"1";"6";"0";"1";"2";"1";"0"
"11520";"80980";"9432";"25";"3";"6";"2";"6";"1";"0";"1";"2";"0"
"11532";"81003";"11532";"25";"3";"1";"7";"6";"0";"1";"1";"1";"0"
"11545";"81045";"11545";"25";"1";"1";"7";"6";"0";"1";"2";"1";"0"
"11547";"81045";"11547";"25";"3";"1";"7";"6";"0";"1";"1";"1";"0"
"11565";"81075";"11565";"25";"3";"7";"1";"6";"0";"1";"0";"1";"0"
"11611";"81136";"11611";"25";"1";"1";"7";"6";"0";"1";"1";"1";"0"
"11612";"81136";"11612";"25";"4";"1";"7";"6";"0";"1";"1";"1";"0"
"11639";"81225";"11639";"25";"3";"1";"7";"0";"1";"0";"0";"2";"0"
"11645";"81233";"11645";"25";"1";"1";"7";"6";"0";"1";"1";"1";"0"
"11646";"81233";"11646";"25";"1";"4";"2";"6";"0";"1";"1";"1";"0"
"11660";"81244";"11660";"25";"3";"3";"1";"6";"0";"1";"0";"1";"0"
"11673";"81283";"11673";"25";"3";"1";"7";"6";"1";"0";"1";"2";"0"
"11695";"81349";"11695";"25";"3";"1";"7";"6";"0";"1";"0";"1";"0"
"11728";"81477";"11728";"25";"3";"1";"1";"6";"0";"1";"1";"1";"0"
"11749";"81547";"11749";"25";"3";"1";"7";"6";"0";"1";"0";"1";"0"
"11750";"81552";"11750";"25";"3";"1";"1";"7";"0";"1";"0";"1";"0"
"11752";"81553";"11752";"25";"3";"1";"7";"7";"0";"0";"1";"3";"0"
"11753";"81553";"11753";"25";"3";"1";"7";"6";"0";"1";"1";"1";"0"
"11761";"81588";"11761";"25";"3";"1";"7";"6";"0";"2";"1";"1";"0"
"11808";"81838";"11808";"25";"2";"1";"7";"6";"0";"2";"0";"1";"0"
"11832";"81963";"11832";"25";"1";"1";"7";"6";"0";"1";"1";"1";"0"
"11841";"81997";"11841";"25";"1";"1";"7";"7";"0";"1";"1";"1";"0"
"11843";"81999";"11843";"25";"1";"1";"7";"7";"0";"1";"0";"1";"0"
"11844";"82422";"11844";"25";"1";"1";"7";"6";"1";"0";"2";"2";"0"
"11914";"83439";"11914";"25";"1";"1";"7";"0";"0";"1";"0";"1";"0"
"11938";"84165";"11938";"25";"3";"1";"7";"6";"1";"0";"1";"2";"0"
"11976";"90037";"11976";"25";"1";"1";"7";"6";"0";"1";"1";"1";"0"
"12012";"90108";"12012";"25";"2";"1";"7";"6";"0";"1";"0";"1";"0"
"12019";"90137";"12019";"25";"3";"1";"7";"6";"0";"1";"1";"1";"0"
"12033";"90159";"12033";"25";"1";"1";"7";"6";"0";"1";"1";"1";"0"
"12046";"90192";"12046";"25";"3";"1";"7";"6";"1";"0";"1";"2";"0"
"12054";"90208";"12054";"25";"1";"1";"7";"6";"0";"1";"1";"1";"0"
"12065";"90212";"12065";"25";"1";"1";"7";"6";"0";"1";"2";"1";"0"
"12157";"90309";"12157";"25";"3";"1";"7";"6";"0";"1";"0";"1";"0"
"12237";"90424";"12237";"25";"1";"1";"7";"6";"0";"1";"1";"1";"0"
"12281";"90484";"12281";"25";"1";"1";"7";"6";"0";"1";"0";"1";"0"
"12341";"90692";"12341";"25";"3";"1";"1";"7";"1";"0";"1";"2";"0"
"12352";"90712";"12352";"25";"3";"1";"7";"6";"0";"1";"1";"1";"0"
"12388";"90786";"12388";"25";"1";"1";"7";"6";"0";"1";"0";"1";"0"
"12714";"70826305";"12714";"25";"3";"1";"7";"6";"1";"0";"1";"2";"0"
"12869";"71814509";"12869";"25";"3";"1";"7";"0";"1";"0";"0";"2";"0"
"12909";"71821207";"12909";"25";"1";"1";"7";"6";"0";"1";"1";"1";"0"
"13873";"77737308";"13873";"25";"1";"1";"7";"0";"1";"0";"0";"2";"0"
"14299";"77796104";"14299";"25";"1";"1";"7";"6";"0";"1";"1";"1";"0"
"24432";"85826403";"24432";"25";"1";"1";"7";"7";"0";"1";"1";"1";"0"
"24461";"85827203";"24461";"25";"3";"1";"7";"6";"0";"1";"3";"1";"0"
"25967";"85876107";"25967";"25";"3";"1";"7";"6";"0";"2";"1";"1";"0"
"26396";"86804418";"26396";"25";"3";"1";"7";"6";"0";"1";"0";"1";"0"
"26569";"86812102";"26569";"25";"3";"1";"7";"6";"0";"1";"7";"1";"0"
"27143";"86823307";"27143";"25";"1";"1";"7";"6";"0";"2";"1";"1";"0"
"27167";"86823503";"27167";"25";"1";"1";"7";"6";"0";"1";"1";"1";"0"
"27326";"86825203";"27326";"25";"1";"1";"7";"0";"0";"1";"0";"1";"0"
"27422";"86826201";"27422";"25";"1";"3";"2";"6";"0";"1";"2";"1";"0"
"27900";"86836203";"27900";"25";"3";"1";"7";"7";"0";"1";"0";"1";"0"
"27992";"86842201";"27992";"25";"3";"1";"7";"6";"0";"1";"1";"1";"0"
"28438";"86871210";"28438";"25";"1";"1";"7";"6";"0";"1";"1";"1";"0"
"28592";"86892203";"28592";"25";"1";"1";"7";"6";"0";"1";"2";"1";"0"
"20917";"82936204";"20917";"25";"3";"1";"7";"6";"1";"0";"1";"2";"0"
"21996";"83922401";"21996";"25";"1";"1";"7";"6";"0";"1";"1";"1";"0"
"22013";"83923503";"22013";"25";"3";"1";"7";"6";"0";"2";"0";"1";"0"
"23250";"84863506";"23250";"25";"1";"1";"1";"6";"0";"1";"1";"1";"0"
"23567";"84877304";"2035";"25";"1";"1";"7";"6";"0";"1";"1";"1";"0"
"23580";"84877406";"23580";"25";"3";"1";"7";"6";"0";"2";"0";"1";"0"
"21127";"83762411";"21127";"26";"1";"1";"7";"1";"1";"0";"1";"2";"0"
"21947";"83895203";"21947";"26";"1";"1";"7";"4";"0";"1";"1";"1";"0"
"22017";"83923506";"22017";"26";"1";"1";"7";"2";"0";"1";"1";"1";"0"
"106";"633";"106";"26";"3";"1";"1";"2";"0";"1";"1";"1";"0"
"145";"718";"145";"26";"1";"1";"7";"2";"0";"0";"1";"3";"0"
"149";"738";"149";"26";"4";"1";"1";"4";"0";"1";"1";"1";"0"
"153";"774";"153";"26";"1";"1";"2";"2";"1";"0";"1";"2";"0"
"159";"794";"159";"26";"1";"1";"7";"4";"1";"0";"1";"2";"0"
"161";"794";"161";"26";"1";"1";"7";"2";"0";"1";"1";"1";"0"
"167";"796";"167";"26";"3";"1";"7";"2";"0";"1";"1";"1";"0"
"186";"835";"186";"26";"1";"1";"7";"1";"1";"0";"1";"2";"0"
"225";"887";"225";"26";"1";"1";"7";"2";"0";"1";"1";"1";"0"
"230";"890";"230";"26";"1";"1";"7";"1";"0";"2";"0";"1";"0"
"233";"900";"233";"26";"4";"1";"7";"1";"0";"1";"1";"1";"0"
"257";"976";"257";"26";"1";"1";"7";"2";"0";"1";"1";"1";"0"
"258";"976";"258";"26";"1";"1";"7";"2";"1";"0";"1";"2";"0"
"322";"1320";"322";"26";"1";"1";"2";"4";"0";"1";"1";"1";"0"
"324";"1320";"324";"26";"1";"1";"7";"2";"0";"1";"1";"1";"0"
"325";"1320";"325";"26";"3";"1";"1";"4";"0";"0";"1";"3";"0"
"327";"1320";"327";"26";"1";"1";"7";"3";"0";"1";"1";"1";"0"
"331";"1330";"331";"26";"1";"1";"7";"2";"0";"1";"1";"1";"0"
"332";"1330";"332";"26";"1";"1";"7";"2";"0";"1";"1";"1";"0"
"333";"1331";"333";"26";"1";"1";"7";"2";"0";"1";"1";"1";"0"
"349";"1420";"349";"26";"1";"1";"2";"2";"0";"1";"1";"1";"0"
"350";"1420";"350";"26";"1";"1";"7";"2";"0";"1";"1";"1";"0"
"377";"1476";"377";"26";"1";"1";"7";"1";"0";"1";"1";"1";"0"
"379";"1476";"379";"26";"1";"3";"1";"1";"0";"1";"1";"1";"0"
"418";"1952";"418";"26";"1";"1";"7";"2";"0";"1";"1";"1";"0"
"437";"2185";"437";"26";"1";"1";"7";"4";"1";"0";"1";"2";"0"
"446";"2278";"446";"26";"1";"3";"1";"2";"0";"1";"1";"1";"0"
"471";"3481";"471";"26";"1";"1";"7";"1";"0";"1";"1";"1";"0"
"489";"3532";"489";"26";"2";"1";"7";"2";"0";"1";"1";"1";"0"
"526";"3618";"526";"26";"2";"1";"7";"2";"1";"0";"1";"2";"0"
"537";"3637";"537";"26";"1";"1";"7";"2";"1";"0";"1";"2";"0"
"552";"3666";"552";"26";"3";"1";"7";"2";"0";"1";"1";"1";"0"
"563";"3749";"563";"26";"1";"1";"7";"1";"0";"2";"1";"1";"0"
"564";"3749";"564";"26";"1";"1";"7";"2";"1";"0";"1";"2";"0"
"588";"3850";"588";"26";"1";"1";"7";"1";"0";"1";"1";"1";"0"
"607";"4052";"607";"26";"1";"1";"7";"2";"1";"0";"1";"2";"0"
"689";"6282";"689";"26";"1";"1";"1";"1";"1";"0";"1";"2";"0"
"733";"7095";"733";"26";"1";"3";"2";"2";"1";"0";"1";"2";"0"