"accident_id";"lieu_id";"date_id";"cause_id";"lum_id";"intemp_id";"etat_surface_id";"impliq_id";"nb_blesses_graves";"nb_blesses_legers";"nb_indemnes";"gravite";"nb_morts"
"776";"7191";"776";"26";"1";"1";"7";"1";"1";"0";"1";"2";"0"
"835";"8237";"835";"26";"1";"1";"1";"2";"1";"0";"1";"2";"0"
"872";"8302";"872";"26";"1";"1";"7";"2";"0";"1";"1";"1";"0"
"912";"10431";"286";"26";"1";"2";"1";"1";"0";"1";"1";"1";"0"
"922";"10458";"922";"26";"1";"1";"7";"4";"0";"1";"1";"1";"0"
"923";"10459";"923";"26";"1";"2";"1";"2";"0";"1";"1";"1";"0"
"924";"10459";"924";"26";"1";"1";"7";"2";"0";"2";"1";"1";"0"
"925";"10460";"925";"26";"5";"1";"7";"2";"0";"1";"1";"1";"0"
"939";"10471";"939";"26";"1";"1";"7";"4";"0";"1";"1";"1";"0"
"971";"11307";"971";"26";"1";"1";"7";"3";"1";"0";"1";"2";"0"
"1023";"12263";"1023";"26";"1";"1";"7";"2";"1";"0";"1";"2";"0"
"1085";"13133";"1085";"26";"1";"1";"7";"2";"0";"1";"1";"1";"0"
"1142";"13338";"1142";"26";"3";"1";"7";"2";"0";"2";"1";"1";"0"
"1144";"13338";"1144";"26";"5";"3";"1";"2";"0";"1";"1";"1";"0"
"1145";"13338";"1145";"26";"3";"1";"7";"1";"0";"1";"1";"1";"0"
"1170";"13421";"1170";"26";"1";"1";"7";"2";"0";"1";"1";"1";"0"
"1178";"13426";"1178";"26";"2";"1";"7";"2";"0";"1";"1";"1";"0"
"1195";"13430";"1195";"26";"1";"1";"7";"1";"0";"1";"1";"1";"0"
"1203";"13432";"1203";"26";"2";"1";"7";"1";"0";"1";"1";"1";"0"
"1213";"13435";"1213";"26";"1";"1";"1";"2";"0";"2";"1";"1";"0"
"1216";"13437";"1216";"26";"1";"1";"7";"2";"0";"1";"1";"1";"0"
"1217";"13437";"1217";"26";"1";"1";"7";"2";"0";"1";"1";"1";"0"
"1249";"13617";"1249";"26";"1";"1";"7";"2";"0";"1";"1";"1";"0"
"1251";"13617";"1251";"26";"3";"1";"7";"2";"1";"0";"1";"2";"0"
"1252";"13617";"1252";"26";"1";"1";"7";"2";"0";"1";"1";"1";"0"
"1258";"13617";"1258";"26";"1";"1";"7";"2";"0";"1";"1";"1";"0"
"1259";"13618";"1259";"26";"1";"1";"7";"2";"0";"1";"1";"1";"0"
"1316";"15159";"1316";"26";"1";"1";"7";"3";"0";"1";"1";"1";"0"
"1347";"15911";"1347";"26";"3";"1";"7";"2";"1";"0";"1";"2";"0"
"1354";"16001";"1354";"26";"1";"1";"7";"2";"0";"1";"0";"1";"0"
"1413";"17988";"1413";"26";"1";"1";"7";"2";"0";"1";"1";"1";"0"
"1417";"17992";"1417";"26";"5";"1";"7";"2";"0";"0";"1";"3";"0"
"1420";"18003";"1420";"26";"1";"1";"4";"1";"0";"2";"1";"1";"0"
"1461";"19647";"1461";"26";"3";"1";"7";"2";"0";"1";"1";"1";"0"
"1478";"19797";"1478";"26";"1";"1";"7";"2";"2";"0";"1";"2";"0"
"1608";"24310";"1608";"26";"1";"1";"7";"3";"1";"0";"1";"2";"0"
"1654";"25211";"1654";"26";"1";"1";"7";"2";"0";"1";"1";"1";"0"
"1748";"26788";"1748";"26";"1";"1";"7";"1";"0";"1";"1";"1";"0"
"1751";"26790";"1751";"26";"1";"3";"1";"2";"0";"1";"1";"1";"0"
"1763";"26856";"1763";"26";"1";"1";"7";"1";"0";"1";"1";"1";"0"
"1773";"26906";"1773";"26";"1";"1";"7";"2";"0";"1";"1";"1";"0"
"1779";"26906";"1779";"26";"1";"1";"7";"2";"0";"1";"1";"1";"0"
"1788";"26932";"1788";"26";"1";"1";"7";"2";"0";"1";"1";"1";"0"
"1843";"27112";"1843";"26";"1";"1";"7";"0";"0";"1";"1";"1";"0"
"1844";"27112";"1844";"26";"1";"1";"7";"1";"0";"1";"1";"1";"0"
"1880";"27286";"1880";"26";"3";"1";"7";"1";"1";"0";"1";"2";"0"
"1947";"28105";"1947";"26";"1";"1";"7";"1";"0";"1";"1";"1";"0"
"1961";"28168";"1961";"26";"1";"1";"7";"2";"1";"0";"1";"2";"0"
"1975";"28180";"1975";"26";"1";"1";"7";"2";"0";"1";"1";"1";"0"
"1990";"28291";"1990";"26";"3";"3";"2";"2";"0";"1";"1";"1";"0"
"1991";"28292";"1991";"26";"1";"1";"7";"2";"0";"1";"1";"1";"0"
"2009";"28326";"2009";"26";"1";"3";"2";"2";"0";"1";"1";"1";"0"
"2050";"29000";"2050";"26";"1";"1";"7";"1";"1";"0";"1";"2";"0"
"2067";"29038";"2067";"26";"1";"1";"7";"2";"0";"1";"1";"1";"0"
"2071";"29045";"2071";"26";"1";"1";"7";"1";"0";"1";"1";"1";"0"
"2120";"29118";"2120";"26";"1";"1";"7";"2";"1";"1";"1";"2";"0"
"2151";"29170";"2151";"26";"1";"1";"7";"2";"1";"0";"1";"2";"0"
"2171";"29216";"2171";"26";"3";"3";"2";"2";"0";"2";"1";"1";"0"
"2188";"29223";"2188";"26";"1";"1";"7";"2";"0";"2";"0";"1";"0"
"2189";"29223";"2189";"26";"3";"1";"7";"2";"0";"1";"1";"1";"0"
"2207";"29241";"2207";"26";"1";"1";"7";"2";"1";"0";"1";"2";"0"
"2212";"29243";"2212";"26";"1";"1";"7";"1";"0";"1";"1";"1";"0"
"2238";"29392";"2238";"26";"3";"1";"7";"2";"0";"1";"1";"1";"0"
"2353";"31926";"2353";"26";"1";"1";"7";"1";"0";"1";"2";"1";"0"
"2415";"33400";"2415";"26";"1";"1";"7";"1";"0";"1";"1";"1";"0"
"2444";"33450";"2444";"26";"1";"1";"1";"2";"0";"1";"1";"1";"0"
"2454";"33470";"2454";"26";"1";"1";"1";"2";"0";"1";"1";"1";"0"
"2455";"33470";"2455";"26";"1";"1";"7";"2";"0";"1";"1";"1";"0"
"2488";"33629";"2488";"26";"3";"1";"7";"2";"0";"1";"1";"1";"0"
"2489";"33631";"2489";"26";"1";"1";"7";"4";"0";"1";"1";"1";"0"
"2490";"33631";"2490";"26";"1";"1";"7";"4";"0";"1";"1";"1";"0"
"2525";"33705";"2525";"26";"1";"3";"1";"3";"0";"1";"1";"1";"0"
"2541";"33767";"2541";"26";"2";"1";"7";"2";"0";"1";"1";"1";"0"
"2575";"34057";"2575";"26";"1";"1";"7";"1";"0";"1";"1";"1";"0"
"2596";"34124";"2596";"26";"1";"1";"7";"1";"0";"1";"1";"1";"0"
"2609";"34714";"2609";"26";"1";"1";"7";"2";"0";"1";"1";"1";"0"
"2616";"34715";"2616";"26";"3";"1";"7";"2";"0";"1";"1";"1";"0"
"2624";"35394";"2624";"26";"1";"1";"7";"1";"1";"0";"1";"2";"0"
"2658";"35565";"2658";"26";"1";"1";"7";"1";"1";"0";"1";"2";"0"
"2677";"35633";"2677";"26";"1";"1";"7";"2";"0";"2";"0";"1";"0"
"2697";"35638";"2697";"26";"1";"1";"7";"2";"0";"1";"1";"1";"0"
"2704";"35789";"2704";"26";"2";"1";"1";"2";"1";"0";"1";"2";"0"
"2781";"37291";"2781";"26";"1";"1";"7";"1";"0";"1";"1";"1";"0"
"2805";"38023";"2805";"26";"1";"1";"7";"1";"0";"1";"1";"1";"0"
"2806";"38023";"2806";"26";"1";"1";"7";"1";"0";"1";"1";"1";"0"
"2832";"38089";"2832";"26";"1";"1";"7";"2";"0";"1";"1";"1";"0"
"2865";"38118";"2865";"26";"2";"1";"7";"2";"0";"2";"0";"1";"0"
"2878";"38128";"2878";"26";"1";"1";"2";"2";"0";"2";"0";"1";"0"
"2895";"38158";"2895";"26";"1";"1";"7";"1";"0";"1";"1";"1";"0"
"3064";"38689";"3064";"26";"2";"1";"2";"2";"0";"1";"1";"1";"0"
"3103";"38824";"3103";"26";"1";"1";"7";"2";"1";"0";"1";"2";"0"
"3151";"38939";"3151";"26";"1";"1";"7";"1";"0";"1";"1";"1";"0"
"3222";"39023";"3222";"26";"2";"3";"2";"2";"0";"1";"2";"1";"0"
"3313";"39141";"3313";"26";"1";"1";"7";"1";"0";"1";"1";"1";"0"
"3501";"39611";"3501";"26";"5";"3";"1";"1";"0";"1";"1";"1";"0"
"3502";"39611";"3502";"26";"2";"2";"1";"2";"0";"1";"1";"1";"0"
"3547";"39655";"3547";"26";"1";"1";"7";"1";"0";"1";"1";"1";"0"
"3554";"39658";"3554";"26";"2";"1";"7";"2";"0";"1";"1";"1";"0"
"3556";"39658";"3556";"26";"2";"1";"2";"2";"0";"1";"1";"1";"0"
"3588";"39695";"3588";"26";"1";"1";"7";"2";"0";"1";"1";"1";"0"
"3604";"39703";"3604";"26";"1";"1";"7";"2";"0";"1";"1";"1";"0"
"3678";"39874";"3678";"26";"2";"1";"7";"2";"0";"1";"1";"1";"0"
"3723";"39974";"3723";"26";"1";"3";"1";"2";"0";"4";"1";"1";"0"
"3759";"40027";"3759";"26";"3";"1";"2";"2";"0";"1";"1";"1";"0"
"3807";"40085";"3807";"26";"1";"1";"7";"2";"1";"0";"1";"2";"0"
"3809";"40085";"3809";"26";"1";"1";"7";"2";"0";"1";"1";"1";"0"
"3810";"40085";"3810";"26";"1";"1";"7";"2";"0";"1";"1";"1";"0"
"3811";"40085";"3811";"26";"1";"1";"7";"2";"0";"1";"1";"1";"0"
"3812";"40085";"3812";"26";"1";"1";"7";"2";"0";"1";"1";"1";"0"
"3815";"40085";"3815";"26";"1";"1";"7";"2";"1";"0";"1";"2";"0"
"3818";"40085";"3818";"26";"5";"7";"7";"2";"0";"1";"1";"1";"0"
"3821";"40085";"3821";"26";"2";"3";"2";"2";"0";"1";"1";"1";"0"
"3823";"40086";"3823";"26";"1";"3";"2";"2";"0";"1";"1";"1";"0"
"3828";"40086";"3828";"26";"1";"1";"7";"2";"0";"1";"2";"1";"0"
"3834";"40088";"3834";"26";"3";"1";"7";"2";"0";"1";"1";"1";"0"
"3838";"40089";"3838";"26";"1";"1";"7";"2";"0";"2";"0";"1";"0"
"3917";"40218";"3917";"26";"1";"1";"7";"2";"0";"1";"1";"1";"0"
"3990";"40327";"3990";"26";"1";"1";"7";"2";"0";"1";"1";"1";"0"
"4046";"40383";"4046";"26";"1";"1";"7";"2";"0";"1";"1";"1";"0"
"4059";"40393";"4059";"26";"1";"1";"7";"2";"0";"1";"1";"1";"0"
"4060";"40393";"4060";"26";"1";"2";"2";"2";"0";"1";"1";"1";"0"
"4061";"40393";"4061";"26";"1";"1";"7";"2";"0";"2";"1";"1";"0"
"4062";"40393";"4062";"26";"2";"1";"7";"2";"0";"1";"1";"1";"0"
"4144";"40631";"4144";"26";"2";"1";"4";"2";"0";"2";"1";"1";"0"
"4154";"40681";"4154";"26";"1";"1";"7";"1";"0";"1";"1";"1";"0"
"4179";"40751";"4179";"26";"1";"1";"7";"1";"0";"0";"1";"3";"0"
"4183";"40751";"4183";"26";"1";"1";"7";"1";"0";"1";"1";"1";"0"
"4185";"40751";"4185";"26";"1";"1";"7";"2";"0";"1";"1";"1";"0"
"4188";"40751";"4188";"26";"1";"1";"7";"2";"0";"1";"1";"1";"0"
"4191";"40751";"4191";"26";"1";"1";"7";"1";"0";"1";"1";"1";"0"
"4193";"40751";"4193";"26";"1";"1";"7";"2";"1";"0";"1";"2";"0"
"4212";"40756";"4212";"26";"1";"1";"7";"2";"0";"1";"1";"1";"0"
"4215";"40756";"4215";"26";"3";"1";"1";"2";"0";"1";"1";"1";"0"
"4222";"40786";"4222";"26";"1";"1";"7";"2";"0";"1";"1";"1";"0"
"4294";"40938";"4294";"26";"1";"1";"7";"2";"0";"1";"1";"1";"0"
"4318";"40999";"4318";"26";"1";"1";"7";"1";"0";"1";"1";"1";"0"
"4404";"41192";"4404";"26";"1";"1";"7";"2";"0";"1";"1";"1";"0"
"4408";"41195";"4408";"26";"1";"1";"7";"2";"1";"1";"0";"2";"0"
"4468";"41288";"4468";"26";"1";"1";"7";"2";"0";"1";"1";"1";"0"
"4548";"41544";"4548";"26";"1";"1";"7";"2";"0";"1";"1";"1";"0"
"4549";"41554";"4549";"26";"1";"1";"7";"2";"0";"1";"1";"1";"0"
"4596";"41605";"4596";"26";"1";"1";"7";"2";"0";"1";"1";"1";"0"
"4642";"41673";"4642";"26";"1";"1";"7";"2";"0";"1";"1";"1";"0"
"4643";"41673";"4643";"26";"4";"3";"1";"2";"1";"0";"1";"2";"0"
"4721";"42078";"4721";"26";"1";"1";"7";"1";"0";"1";"1";"1";"0"
"4774";"42962";"4774";"26";"1";"1";"7";"2";"1";"0";"1";"2";"0"
"4782";"42973";"4782";"26";"1";"1";"7";"2";"1";"0";"1";"2";"0"
"4795";"42986";"4795";"26";"1";"1";"7";"1";"1";"0";"1";"2";"0"
"4807";"43054";"4807";"26";"1";"1";"7";"1";"0";"1";"1";"1";"0"
"4815";"43093";"4815";"26";"1";"1";"7";"2";"0";"0";"1";"0";"0"
"4829";"43101";"4829";"26";"1";"1";"7";"1";"0";"1";"1";"1";"0"
"4859";"43116";"4859";"26";"1";"3";"2";"2";"0";"1";"1";"1";"0"
"29633";"88833403";"29633";"26";"2";"1";"7";"4";"1";"0";"1";"2";"0"
"14886";"78762504";"14886";"26";"1";"3";"2";"1";"0";"1";"1";"1";"0"
"15552";"79725503";"15552";"26";"1";"3";"2";"1";"0";"1";"1";"1";"0"
"15833";"79745401";"15833";"26";"1";"1";"7";"1";"0";"1";"1";"1";"0"
"16887";"79773505";"16887";"26";"1";"1";"7";"4";"0";"1";"1";"1";"0"
"17900";"80753102";"17900";"26";"3";"1";"7";"2";"0";"1";"1";"1";"0"
"24380";"85826101";"24380";"26";"1";"1";"1";"3";"0";"1";"1";"1";"0"
"27111";"86823305";"27111";"26";"1";"1";"7";"2";"0";"1";"2";"1";"0"
"27134";"86823307";"27134";"26";"1";"1";"7";"1";"0";"1";"1";"1";"0"
"28680";"87802207";"28680";"26";"1";"1";"7";"2";"1";"0";"1";"2";"0"
"4916";"43272";"4916";"26";"2";"3";"1";"1";"0";"1";"1";"1";"0"
"4919";"43280";"4919";"26";"1";"1";"7";"2";"0";"1";"1";"1";"0"
"4924";"43302";"4924";"26";"1";"1";"7";"2";"0";"1";"1";"1";"0"
"4952";"43315";"4952";"26";"2";"3";"2";"2";"1";"0";"0";"2";"0"
"4958";"43325";"4958";"26";"1";"1";"7";"1";"0";"1";"1";"1";"0"
"4969";"43404";"4969";"26";"2";"4";"4";"1";"1";"0";"1";"2";"0"
"4975";"43413";"4975";"26";"1";"1";"7";"2";"0";"1";"0";"1";"0"
"4983";"43427";"4983";"26";"1";"1";"7";"1";"0";"1";"1";"1";"0"
"4993";"43489";"4993";"26";"1";"1";"7";"1";"0";"1";"1";"1";"0"
"5002";"43519";"5002";"26";"1";"1";"7";"1";"0";"1";"1";"1";"0"
"5008";"43520";"5008";"26";"1";"1";"7";"2";"0";"1";"1";"1";"0"
"5010";"43520";"5010";"26";"2";"1";"7";"2";"0";"1";"1";"1";"0"
"5015";"43520";"5015";"26";"3";"3";"2";"1";"0";"1";"1";"1";"0"
"5050";"43659";"5050";"26";"1";"3";"2";"1";"0";"1";"1";"1";"0"
"5060";"43798";"5060";"26";"3";"1";"7";"2";"1";"0";"1";"2";"0"
"5145";"45322";"5145";"26";"1";"1";"7";"1";"0";"1";"1";"1";"0"
"5167";"45384";"5167";"26";"1";"1";"7";"2";"0";"1";"0";"1";"0"
"5171";"45384";"5171";"26";"1";"3";"1";"2";"0";"1";"1";"1";"0"
"5174";"45384";"5174";"26";"1";"1";"2";"2";"0";"1";"1";"1";"0"
"5176";"45385";"5176";"26";"2";"1";"2";"2";"0";"1";"1";"1";"0"
"5177";"45385";"5177";"26";"3";"1";"7";"2";"0";"1";"1";"1";"0"
"5194";"45390";"5194";"26";"1";"1";"7";"2";"0";"1";"1";"1";"0"
"5197";"45390";"5197";"26";"1";"1";"7";"2";"0";"1";"4";"1";"0"
"5208";"45394";"5208";"26";"2";"1";"7";"2";"0";"2";"0";"1";"0"
"5232";"45422";"5232";"26";"2";"1";"7";"2";"0";"1";"1";"1";"0"
"5234";"45423";"5234";"26";"2";"3";"2";"2";"0";"1";"1";"1";"0"
"5236";"45424";"5236";"26";"1";"1";"7";"2";"0";"1";"1";"1";"0"
"5273";"45486";"5273";"26";"1";"1";"7";"2";"0";"1";"0";"1";"0"
"5292";"45518";"5292";"26";"2";"1";"7";"1";"0";"1";"1";"1";"0"
"5306";"45617";"5306";"26";"1";"1";"7";"1";"1";"0";"1";"2";"0"
"5331";"46198";"5331";"26";"1";"1";"7";"1";"0";"1";"1";"1";"0"
"5349";"46279";"5349";"26";"1";"1";"7";"1";"0";"1";"1";"1";"0"
"5350";"46280";"5350";"26";"1";"1";"7";"2";"0";"1";"1";"1";"0"
"5352";"46285";"5352";"26";"2";"3";"1";"2";"0";"2";"1";"1";"0"
"5363";"46307";"5363";"26";"3";"1";"1";"2";"0";"1";"1";"1";"0"
"5372";"46314";"5372";"26";"2";"1";"7";"2";"0";"1";"1";"1";"0"
"5389";"46323";"5389";"26";"2";"1";"7";"2";"0";"1";"1";"1";"0"
"5390";"46323";"5390";"26";"1";"3";"1";"1";"0";"1";"1";"1";"0"
"5391";"46324";"5391";"26";"3";"1";"7";"2";"1";"0";"1";"2";"0"
"5392";"46324";"5392";"26";"1";"1";"7";"2";"1";"0";"1";"2";"0"
"5395";"46327";"5395";"26";"1";"1";"7";"2";"1";"0";"1";"2";"0"
"5414";"46366";"5414";"26";"1";"1";"7";"2";"0";"1";"1";"1";"0"
"5472";"46462";"5472";"26";"1";"1";"7";"2";"0";"1";"1";"1";"0"
"5485";"46522";"5485";"26";"1";"1";"7";"1";"0";"1";"1";"1";"0"
"5568";"47419";"5568";"26";"1";"1";"7";"3";"0";"1";"2";"1";"0"
"5669";"47562";"5669";"26";"1";"1";"7";"2";"0";"1";"0";"1";"0"
"5670";"47562";"5670";"26";"1";"1";"7";"2";"0";"1";"1";"1";"0"
"5758";"47701";"5758";"26";"1";"1";"7";"1";"0";"1";"1";"1";"0"
"5799";"48508";"5799";"26";"1";"1";"7";"2";"0";"1";"1";"1";"0"
"5803";"48516";"5803";"26";"5";"1";"7";"1";"0";"1";"1";"1";"0"
"5808";"48558";"5808";"26";"2";"3";"2";"1";"1";"0";"1";"2";"0"
"5844";"48596";"5844";"26";"3";"1";"1";"2";"0";"1";"1";"1";"0"
"5853";"48623";"5853";"26";"1";"1";"7";"2";"0";"1";"1";"1";"0"
"5862";"48629";"5862";"26";"1";"1";"7";"5";"0";"1";"1";"1";"0"
"5864";"48630";"5864";"26";"2";"1";"7";"1";"0";"1";"1";"1";"0"
"5871";"48634";"5871";"26";"1";"3";"1";"1";"0";"1";"1";"1";"0"
"5873";"48634";"5873";"26";"3";"2";"2";"2";"0";"1";"1";"1";"0"
"5875";"48635";"5875";"26";"1";"1";"7";"2";"0";"2";"1";"1";"0"
"5893";"48753";"5893";"26";"3";"1";"7";"1";"0";"1";"1";"1";"0"
"5914";"48842";"5914";"26";"1";"1";"7";"1";"0";"1";"1";"1";"0"
"5915";"48842";"5915";"26";"1";"3";"1";"2";"0";"1";"1";"1";"0"
"5961";"48921";"5961";"26";"4";"1";"7";"2";"1";"0";"1";"2";"0"
"5981";"48933";"5981";"26";"1";"1";"7";"2";"0";"1";"1";"1";"0"
"5989";"48965";"5989";"26";"1";"1";"7";"2";"0";"1";"1";"1";"0"
"6123";"49489";"6123";"26";"1";"1";"7";"1";"0";"1";"1";"1";"0"
"6132";"49560";"6132";"26";"1";"3";"1";"1";"0";"1";"1";"1";"0"
"6160";"49754";"6160";"26";"1";"1";"7";"2";"2";"1";"1";"2";"0"
"6164";"49754";"6164";"26";"1";"1";"7";"2";"0";"1";"1";"1";"0"
"6169";"50142";"6169";"26";"1";"1";"1";"6";"1";"0";"1";"2";"0"
"6181";"50195";"6181";"26";"3";"1";"7";"6";"0";"1";"2";"1";"0"
"6190";"50211";"6190";"26";"1";"1";"7";"1";"0";"1";"1";"1";"0"
"6208";"50235";"6208";"26";"1";"1";"7";"1";"1";"0";"1";"2";"0"
"6209";"50235";"6209";"26";"1";"1";"7";"1";"0";"1";"1";"1";"0"
"6217";"50254";"6217";"26";"5";"1";"7";"2";"0";"1";"1";"1";"0"
"6235";"50289";"6235";"26";"1";"1";"7";"2";"0";"1";"1";"1";"0"
"6240";"50290";"6240";"26";"3";"2";"2";"2";"1";"1";"0";"2";"0"
"6242";"50290";"6242";"26";"2";"1";"1";"2";"0";"1";"1";"1";"0"
"6244";"50290";"6244";"26";"3";"3";"1";"2";"1";"0";"1";"2";"0"
"6245";"50290";"6245";"26";"3";"2";"1";"2";"2";"0";"1";"2";"0"
"6273";"51747";"6273";"26";"1";"1";"7";"2";"1";"0";"1";"2";"0"
"6280";"51844";"6280";"26";"1";"1";"7";"2";"0";"1";"1";"1";"0"
"6328";"52007";"6328";"26";"1";"1";"7";"1";"0";"1";"1";"1";"0"
"6337";"52008";"6337";"26";"1";"1";"7";"2";"0";"1";"1";"1";"0"
"6360";"52072";"6360";"26";"2";"1";"7";"2";"1";"0";"1";"2";"0"
"6364";"52075";"6364";"26";"1";"1";"7";"2";"1";"0";"1";"2";"0"
"6365";"52075";"6365";"26";"3";"1";"7";"2";"1";"0";"1";"2";"0"
"6366";"52075";"6366";"26";"1";"1";"7";"1";"0";"1";"1";"1";"0"
"6367";"52076";"6367";"26";"2";"1";"7";"1";"0";"1";"1";"1";"0"
"6389";"52263";"6389";"26";"1";"1";"7";"2";"0";"1";"1";"1";"0"
"6390";"52263";"6273";"26";"1";"1";"7";"2";"1";"0";"1";"2";"0"
"6392";"52263";"6392";"26";"1";"1";"7";"2";"0";"1";"1";"1";"0"
"6394";"52272";"6394";"26";"1";"1";"7";"2";"0";"3";"1";"1";"0"
"6416";"52933";"6416";"26";"1";"4";"3";"2";"0";"1";"1";"1";"0"
"6420";"52947";"6420";"26";"1";"1";"7";"1";"0";"1";"1";"1";"0"
"6439";"53036";"6439";"26";"1";"1";"7";"3";"1";"0";"1";"2";"0"
"6456";"53088";"6456";"26";"1";"2";"2";"3";"1";"1";"0";"2";"0"
"6466";"53088";"6466";"26";"1";"1";"7";"2";"1";"1";"1";"2";"0"
"6469";"53088";"6469";"26";"1";"1";"1";"2";"0";"1";"1";"1";"0"
"6472";"53089";"6472";"26";"1";"1";"7";"2";"0";"1";"1";"1";"0"
"6517";"53985";"6517";"26";"1";"1";"7";"2";"1";"0";"0";"2";"0"
"6591";"55635";"6591";"26";"1";"1";"7";"1";"1";"0";"1";"2";"0"
"6598";"55675";"6598";"26";"1";"1";"7";"2";"1";"0";"1";"2";"0"
"6599";"55676";"6599";"26";"2";"3";"2";"2";"0";"1";"1";"1";"0"
"6600";"55676";"6600";"26";"1";"1";"2";"2";"0";"1";"1";"1";"0"
"6607";"55683";"6607";"26";"2";"1";"7";"2";"1";"0";"1";"2";"0"
"6608";"55683";"6608";"26";"1";"1";"7";"1";"0";"1";"1";"1";"0"
"6609";"55683";"6609";"26";"1";"1";"7";"2";"0";"1";"1";"1";"0"
"6612";"55684";"6612";"26";"1";"1";"7";"2";"0";"1";"1";"1";"0"
"6613";"55684";"6613";"26";"1";"3";"1";"2";"0";"1";"0";"3";"0"
"6619";"55736";"6619";"26";"1";"1";"7";"1";"1";"0";"1";"2";"0"
"6624";"55758";"6624";"26";"3";"1";"7";"2";"0";"1";"1";"1";"0"
"6626";"55758";"6626";"26";"1";"1";"7";"2";"0";"1";"1";"1";"0"
"6628";"55758";"6628";"26";"1";"1";"7";"1";"0";"1";"1";"1";"0"
"6629";"55758";"6629";"26";"1";"1";"7";"1";"0";"1";"1";"1";"0"
"6630";"55758";"6630";"26";"2";"1";"7";"2";"0";"1";"1";"1";"0"
"6637";"55761";"6637";"26";"1";"1";"7";"2";"0";"1";"1";"1";"0"
"6638";"55761";"6638";"26";"1";"1";"7";"2";"0";"1";"1";"1";"0"
"6649";"55846";"6649";"26";"1";"1";"7";"2";"0";"1";"1";"1";"0"
"6651";"55846";"6651";"26";"1";"1";"7";"2";"0";"1";"1";"1";"0"
"6695";"57901";"6695";"26";"1";"1";"7";"3";"1";"0";"0";"2";"0"
"6709";"58658";"6709";"26";"1";"1";"7";"2";"1";"0";"1";"2";"0"
"6715";"58661";"6715";"26";"1";"1";"7";"1";"1";"0";"1";"2";"0"
"6722";"58706";"4596";"26";"1";"1";"7";"2";"0";"1";"1";"1";"0"
"6723";"58706";"6723";"26";"1";"1";"7";"2";"0";"1";"1";"1";"0"
"6765";"58905";"6765";"26";"1";"1";"7";"1";"0";"1";"1";"1";"0"
"6772";"58966";"6772";"26";"1";"1";"7";"2";"0";"1";"1";"1";"0"
"6787";"58998";"6787";"26";"1";"1";"7";"2";"1";"0";"1";"2";"0"
"6802";"59093";"6802";"26";"1";"1";"7";"2";"0";"2";"0";"1";"0"
"6844";"59884";"6844";"26";"3";"3";"1";"2";"0";"1";"1";"1";"0"
"6858";"59892";"6858";"26";"4";"3";"1";"2";"0";"1";"1";"1";"0"
"6860";"59898";"6860";"26";"1";"3";"1";"1";"0";"1";"1";"1";"0"
"6910";"59972";"6910";"26";"1";"1";"7";"1";"0";"1";"1";"1";"0"
"6963";"60119";"6963";"26";"1";"1";"7";"1";"0";"1";"1";"1";"0"
"6992";"60220";"6992";"26";"1";"1";"7";"2";"0";"1";"1";"1";"0"
"7072";"60850";"7072";"26";"3";"1";"7";"2";"0";"0";"1";"3";"0"
"7079";"60852";"7079";"26";"1";"1";"7";"1";"1";"0";"2";"2";"0"
"7086";"60855";"7086";"26";"3";"1";"7";"1";"0";"1";"1";"1";"0"
"7108";"60868";"7108";"26";"1";"1";"7";"2";"0";"1";"1";"1";"0"
"7199";"60951";"7199";"26";"1";"1";"7";"1";"0";"1";"1";"1";"0"
"7202";"60962";"7202";"26";"1";"1";"7";"1";"0";"1";"1";"1";"0"
"7240";"60983";"7240";"26";"1";"1";"7";"2";"0";"1";"1";"1";"0"
"7245";"60985";"7245";"26";"1";"6";"7";"1";"0";"1";"1";"1";"0"
"7254";"60987";"7254";"26";"1";"1";"7";"1";"0";"1";"1";"1";"0"
"7277";"61059";"7277";"26";"1";"1";"7";"2";"0";"1";"1";"1";"0"
"7306";"61101";"7306";"26";"1";"3";"1";"1";"0";"1";"1";"1";"0"
"7361";"61177";"7361";"26";"2";"1";"7";"2";"0";"1";"1";"1";"0"
"7363";"61179";"7363";"26";"1";"1";"7";"2";"0";"1";"1";"1";"0"
"7406";"61217";"7406";"26";"1";"3";"1";"1";"0";"1";"1";"1";"0"
"7422";"61248";"7422";"26";"1";"1";"7";"1";"0";"1";"1";"1";"0"
"7491";"61320";"7491";"26";"1";"1";"7";"2";"0";"1";"0";"1";"0"
"7530";"61361";"7530";"26";"1";"1";"7";"1";"0";"1";"1";"1";"0"
"7532";"61362";"7532";"26";"3";"1";"7";"2";"1";"0";"1";"2";"0"
"7545";"61364";"7545";"26";"1";"1";"7";"2";"0";"1";"1";"1";"0"
"7550";"61365";"7550";"26";"2";"1";"7";"2";"0";"1";"1";"1";"0"
"7590";"61436";"7590";"26";"1";"1";"2";"2";"0";"1";"1";"1";"0"
"7608";"61444";"7608";"26";"1";"1";"7";"2";"0";"1";"1";"1";"0"
"7658";"61480";"7658";"26";"2";"1";"7";"2";"0";"2";"1";"1";"0"
"7660";"61481";"7660";"26";"2";"1";"7";"2";"0";"1";"1";"1";"0"
"7756";"61558";"7756";"26";"2";"1";"7";"3";"0";"1";"1";"1";"0"
"7791";"61603";"7791";"26";"2";"1";"7";"2";"0";"1";"1";"1";"0"
"7796";"61604";"7796";"26";"1";"1";"7";"2";"0";"1";"1";"1";"0"
"7872";"61733";"7872";"26";"1";"1";"7";"2";"0";"1";"1";"1";"0"
"7966";"61791";"7966";"26";"1";"1";"7";"1";"0";"1";"1";"1";"0"
"7980";"61796";"7980";"26";"1";"1";"7";"1";"0";"1";"1";"1";"0"
"8067";"61858";"8067";"26";"1";"1";"7";"2";"0";"1";"1";"1";"0"
"8084";"61861";"8084";"26";"1";"1";"7";"2";"0";"1";"0";"1";"0"
"8088";"61864";"8088";"26";"1";"3";"1";"1";"0";"1";"1";"1";"0"
"8096";"61868";"8096";"26";"1";"1";"7";"1";"0";"1";"1";"1";"0"
"8123";"61891";"8123";"26";"1";"3";"2";"1";"0";"1";"1";"1";"0"
"8124";"61891";"8124";"26";"1";"3";"2";"2";"0";"1";"1";"1";"0"
"8155";"61896";"8155";"26";"1";"1";"7";"2";"0";"1";"1";"1";"0"
"8183";"61904";"8183";"26";"3";"3";"2";"2";"0";"1";"1";"1";"0"
"8184";"61904";"8184";"26";"3";"2";"1";"2";"1";"0";"1";"2";"0"