"accident_id";"lieu_id";"date_id";"cause_id";"lum_id";"intemp_id";"etat_surface_id";"impliq_id";"nb_blesses_graves";"nb_blesses_legers";"nb_indemnes";"gravite";"nb_morts"
"8245";"61963";"8245";"26";"1";"3";"1";"2";"0";"1";"1";"1";"0"
"8251";"61986";"8251";"26";"1";"1";"7";"2";"0";"1";"1";"1";"0"
"8296";"62064";"8296";"26";"1";"1";"7";"2";"0";"1";"1";"1";"0"
"8358";"62114";"8358";"26";"1";"1";"7";"2";"0";"1";"1";"1";"0"
"8367";"62116";"8367";"26";"2";"1";"7";"2";"0";"1";"1";"1";"0"
"8481";"62223";"8481";"26";"1";"1";"7";"2";"0";"1";"0";"1";"0"
"8522";"62279";"8522";"26";"3";"1";"7";"2";"1";"0";"3";"2";"0"
"8528";"62285";"8528";"26";"1";"1";"7";"2";"0";"1";"1";"1";"0"
"8541";"62286";"8541";"26";"3";"1";"7";"4";"0";"2";"0";"1";"0"
"8552";"62288";"8552";"26";"1";"1";"7";"2";"0";"1";"1";"1";"0"
"8562";"62289";"8562";"26";"1";"1";"7";"2";"0";"1";"1";"1";"0"
"8587";"62317";"8587";"26";"1";"1";"7";"1";"0";"1";"1";"1";"0"
"8605";"62358";"8605";"26";"1";"1";"7";"1";"0";"1";"1";"1";"0"
"8606";"62358";"8606";"26";"2";"1";"7";"1";"0";"1";"1";"1";"0"
"8607";"62358";"8607";"26";"1";"1";"7";"1";"0";"1";"1";"1";"0"
"8666";"62377";"8666";"26";"1";"1";"7";"2";"1";"0";"1";"2";"0"
"8673";"62378";"8673";"26";"2";"1";"7";"2";"0";"1";"1";"1";"0"
"8720";"62468";"8720";"26";"1";"1";"7";"2";"0";"1";"1";"1";"0"
"8765";"62554";"8765";"26";"3";"1";"7";"2";"0";"1";"1";"1";"0"
"8793";"62603";"8793";"26";"1";"1";"7";"4";"0";"1";"1";"1";"0"
"8820";"62610";"8820";"26";"1";"1";"7";"1";"0";"1";"2";"1";"0"
"8839";"62637";"8839";"26";"3";"1";"7";"2";"0";"1";"1";"1";"0"
"8873";"62650";"8873";"26";"1";"1";"1";"1";"0";"1";"1";"1";"0"
"8897";"62698";"8897";"26";"1";"1";"7";"2";"0";"1";"1";"1";"0"
"8902";"62701";"8902";"26";"1";"3";"2";"1";"0";"1";"1";"1";"0"
"8916";"62712";"8916";"26";"1";"1";"7";"1";"0";"1";"1";"1";"0"
"9107";"63075";"9107";"26";"3";"3";"1";"2";"0";"1";"1";"1";"0"
"9194";"65900";"9194";"26";"1";"1";"7";"2";"0";"1";"1";"1";"0"
"9201";"65904";"9201";"26";"3";"2";"1";"2";"1";"0";"1";"2";"0"
"9202";"65905";"9202";"26";"1";"1";"7";"2";"1";"0";"1";"2";"0"
"9212";"65913";"9212";"26";"1";"1";"7";"2";"0";"1";"1";"1";"0"
"9218";"65914";"9218";"26";"1";"1";"7";"2";"1";"0";"1";"2";"0"
"9219";"65915";"9219";"26";"1";"3";"1";"2";"1";"0";"1";"2";"0"
"9243";"65954";"9243";"26";"1";"1";"7";"2";"0";"1";"1";"1";"0"
"9245";"65956";"9245";"26";"1";"1";"7";"2";"0";"1";"1";"1";"0"
"9347";"66182";"9347";"26";"4";"1";"7";"1";"0";"1";"1";"1";"0"
"9356";"66814";"9356";"26";"1";"1";"7";"1";"1";"0";"1";"2";"0"
"9447";"68557";"3459";"26";"1";"1";"7";"2";"1";"0";"1";"2";"0"
"9472";"68683";"9472";"26";"3";"3";"2";"2";"1";"0";"1";"2";"0"
"9474";"68683";"9474";"26";"3";"1";"7";"2";"1";"0";"1";"2";"0"
"9566";"69597";"9566";"26";"2";"1";"7";"1";"0";"1";"1";"1";"0"
"9567";"69597";"9567";"26";"1";"1";"7";"2";"1";"0";"0";"2";"0"
"9624";"71086";"9624";"26";"1";"1";"7";"2";"1";"0";"1";"2";"0"
"9643";"71151";"9643";"26";"3";"1";"7";"2";"0";"1";"1";"1";"0"
"9646";"71151";"9646";"26";"1";"1";"7";"1";"0";"1";"1";"1";"0"
"9779";"72069";"9779";"26";"1";"1";"7";"2";"0";"1";"1";"1";"0"
"9924";"72339";"9924";"26";"1";"1";"7";"2";"0";"1";"1";"1";"0"
"9936";"72342";"9936";"26";"1";"1";"7";"2";"1";"0";"1";"2";"0"
"9945";"72347";"9945";"26";"3";"1";"7";"2";"0";"1";"1";"1";"0"
"9952";"72350";"9952";"26";"1";"3";"2";"1";"0";"1";"1";"1";"0"
"9954";"72350";"9954";"26";"1";"1";"7";"2";"0";"1";"1";"1";"0"
"9970";"72374";"9970";"26";"2";"1";"7";"1";"1";"0";"1";"2";"0"
"10010";"72456";"10010";"26";"1";"1";"7";"3";"0";"1";"1";"1";"0"
"10021";"72463";"10021";"26";"1";"1";"7";"4";"0";"1";"0";"1";"0"
"10111";"72576";"10111";"26";"1";"1";"7";"1";"0";"1";"1";"1";"0"
"10135";"72623";"10135";"26";"2";"1";"7";"2";"0";"1";"1";"1";"0"
"10142";"72628";"10142";"26";"1";"1";"7";"2";"0";"1";"1";"1";"0"
"10143";"72628";"10143";"26";"1";"1";"1";"2";"0";"1";"1";"1";"0"
"10144";"72628";"10144";"26";"1";"1";"2";"2";"1";"0";"1";"2";"0"
"10145";"72628";"7552";"26";"3";"3";"2";"2";"1";"0";"1";"2";"0"
"10146";"72628";"10146";"26";"2";"3";"1";"2";"0";"1";"1";"1";"0"
"10147";"72628";"10147";"26";"1";"1";"7";"2";"0";"1";"1";"1";"0"
"10148";"72629";"10148";"26";"1";"1";"1";"2";"1";"0";"1";"2";"0"
"10149";"72630";"10149";"26";"1";"1";"7";"2";"1";"0";"1";"2";"0"
"10152";"72631";"10152";"26";"3";"1";"7";"2";"0";"1";"1";"1";"0"
"10155";"72631";"10155";"26";"1";"1";"7";"2";"0";"1";"1";"1";"0"
"10162";"72631";"10162";"26";"1";"1";"7";"2";"0";"1";"1";"1";"0"
"10170";"72633";"10170";"26";"1";"3";"2";"2";"0";"1";"1";"1";"0"
"10233";"72687";"10233";"26";"1";"1";"7";"2";"0";"1";"1";"1";"0"
"10260";"72715";"10260";"26";"1";"1";"7";"1";"0";"3";"0";"1";"0"
"10261";"72715";"10261";"26";"1";"1";"7";"2";"0";"1";"1";"1";"0"
"10263";"72723";"10263";"26";"1";"1";"7";"2";"0";"1";"1";"1";"0"
"10274";"72729";"10274";"26";"1";"1";"7";"2";"0";"1";"1";"1";"0"
"10311";"72821";"10311";"26";"1";"3";"2";"2";"1";"0";"1";"2";"0"
"10374";"72974";"10374";"26";"1";"1";"1";"2";"1";"1";"0";"2";"0"
"10401";"73032";"10401";"26";"2";"1";"1";"2";"0";"1";"1";"1";"0"
"10419";"73056";"10419";"26";"1";"1";"7";"1";"0";"1";"1";"1";"0"
"10491";"73188";"10491";"26";"3";"1";"7";"1";"0";"1";"1";"1";"0"
"10502";"73208";"10502";"26";"1";"1";"7";"2";"0";"1";"1";"1";"0"
"10506";"73209";"10506";"26";"1";"1";"7";"2";"0";"1";"1";"1";"0"
"10507";"73209";"10507";"26";"1";"1";"7";"2";"0";"1";"1";"1";"0"
"10568";"73323";"10568";"26";"1";"1";"7";"2";"0";"1";"1";"1";"0"
"10636";"73453";"10636";"26";"1";"1";"7";"1";"0";"1";"1";"1";"0"
"10667";"73472";"10667";"26";"1";"1";"7";"1";"0";"1";"1";"1";"0"
"10711";"73508";"10711";"26";"1";"1";"7";"1";"0";"1";"1";"1";"0"
"10729";"73590";"10729";"26";"1";"1";"7";"2";"0";"1";"1";"1";"0"
"10777";"73716";"10777";"26";"1";"1";"7";"2";"1";"2";"0";"2";"0"
"10779";"73716";"10779";"26";"1";"1";"7";"2";"0";"1";"1";"1";"0"
"10801";"73731";"10801";"26";"1";"1";"7";"1";"0";"1";"1";"1";"0"
"10849";"73978";"10849";"26";"1";"1";"7";"1";"1";"0";"0";"2";"0"
"10961";"76683";"10961";"26";"1";"1";"7";"2";"0";"1";"1";"1";"0"
"10991";"76752";"10991";"26";"1";"2";"1";"2";"0";"1";"1";"1";"0"
"11000";"76774";"11000";"26";"1";"1";"7";"1";"0";"1";"1";"1";"0"
"11001";"76774";"11001";"26";"1";"6";"1";"1";"0";"1";"1";"1";"0"
"11006";"76774";"11006";"26";"3";"1";"7";"2";"1";"0";"1";"2";"0"
"11144";"78440";"11144";"26";"3";"1";"7";"2";"0";"1";"1";"1";"0"
"11210";"78646";"11210";"26";"1";"1";"7";"1";"0";"1";"1";"1";"0"
"11211";"78646";"11211";"26";"1";"1";"7";"2";"0";"1";"1";"1";"0"
"11277";"79407";"11277";"26";"3";"1";"7";"2";"1";"0";"1";"2";"0"
"11280";"79425";"11280";"26";"1";"1";"7";"1";"0";"1";"1";"1";"0"
"11290";"79449";"11290";"26";"1";"1";"7";"1";"1";"0";"1";"2";"0"
"11292";"79449";"11292";"26";"1";"1";"7";"2";"1";"0";"1";"2";"0"
"11297";"79451";"11297";"26";"1";"1";"7";"2";"1";"0";"1";"2";"0"
"11306";"79454";"11306";"26";"3";"1";"7";"2";"0";"1";"1";"1";"0"
"11313";"79493";"11313";"26";"1";"1";"7";"2";"1";"0";"1";"2";"0"
"11316";"79494";"11316";"26";"1";"1";"7";"2";"1";"1";"1";"2";"0"
"11324";"79518";"11324";"26";"1";"3";"2";"1";"1";"0";"1";"2";"0"
"11379";"80489";"11379";"26";"3";"1";"7";"1";"0";"1";"1";"1";"0"
"11384";"80491";"11384";"26";"1";"3";"1";"2";"0";"1";"1";"1";"0"
"11385";"80491";"11385";"26";"1";"1";"7";"1";"0";"1";"1";"1";"0"
"11400";"80599";"11400";"26";"1";"1";"7";"1";"0";"1";"1";"1";"0"
"11401";"80613";"11401";"26";"1";"1";"7";"2";"1";"0";"1";"2";"0"
"11408";"80646";"11408";"26";"1";"1";"7";"2";"0";"1";"1";"1";"0"
"11409";"80647";"11409";"26";"1";"1";"7";"2";"0";"1";"1";"1";"0"
"11424";"80652";"11424";"26";"1";"3";"2";"2";"1";"0";"2";"2";"0"
"11428";"80652";"11428";"26";"1";"1";"7";"2";"0";"1";"1";"1";"0"
"11446";"80676";"11446";"26";"1";"1";"7";"2";"0";"1";"1";"1";"0"
"11537";"81018";"11537";"26";"1";"1";"7";"2";"1";"0";"1";"2";"0"
"11551";"81047";"11551";"26";"3";"1";"7";"2";"1";"0";"1";"2";"0"
"11552";"81047";"11552";"26";"3";"1";"7";"1";"0";"1";"1";"1";"0"
"11557";"81054";"11557";"26";"3";"1";"7";"2";"0";"1";"1";"1";"0"
"11592";"81118";"11592";"26";"3";"1";"1";"2";"0";"2";"0";"1";"0"
"11594";"81118";"11594";"26";"3";"1";"7";"2";"1";"0";"1";"2";"0"
"11595";"81118";"11595";"26";"1";"1";"7";"2";"0";"2";"0";"1";"0"
"11599";"81118";"11599";"26";"3";"1";"1";"2";"1";"1";"1";"2";"0"
"11603";"81126";"7232";"26";"1";"2";"1";"1";"0";"1";"1";"1";"0"
"11635";"81202";"11635";"26";"2";"1";"7";"2";"0";"1";"1";"1";"0"
"11669";"81271";"11669";"26";"3";"1";"1";"2";"0";"1";"1";"1";"0"
"11697";"81351";"11697";"26";"1";"1";"7";"2";"0";"1";"1";"1";"0"
"11735";"81490";"11735";"26";"1";"1";"7";"1";"0";"1";"1";"1";"0"
"11736";"81492";"11736";"26";"3";"1";"7";"1";"0";"1";"1";"1";"0"
"11781";"81610";"11781";"26";"1";"3";"1";"1";"0";"1";"1";"1";"0"
"11782";"81610";"11782";"26";"1";"1";"7";"1";"0";"1";"1";"1";"0"
"11783";"81610";"11783";"26";"1";"1";"7";"1";"0";"2";"1";"1";"0"
"11792";"81669";"11792";"26";"3";"2";"1";"4";"0";"1";"2";"1";"0"
"11827";"81910";"11827";"26";"1";"1";"7";"2";"0";"1";"1";"1";"0"
"11828";"81910";"11828";"26";"1";"1";"7";"2";"0";"1";"1";"1";"0"
"11944";"84803";"11944";"26";"1";"1";"7";"2";"0";"1";"1";"1";"0"
"12017";"90122";"12017";"26";"2";"1";"5";"2";"0";"1";"1";"1";"0"
"12091";"90263";"12091";"26";"1";"3";"1";"2";"0";"1";"1";"1";"0"
"12093";"90264";"12093";"26";"1";"1";"7";"2";"1";"0";"1";"2";"0"
"12094";"90264";"12094";"26";"1";"1";"7";"2";"0";"1";"1";"1";"0"
"12103";"90273";"12103";"26";"1";"1";"7";"2";"0";"1";"2";"1";"0"
"12105";"90273";"12105";"26";"5";"2";"1";"2";"0";"1";"1";"1";"0"
"12106";"90273";"12106";"26";"3";"1";"1";"2";"0";"1";"1";"1";"0"
"12108";"90273";"12108";"26";"1";"3";"1";"2";"0";"1";"1";"1";"0"
"12123";"90281";"12123";"26";"1";"1";"7";"2";"0";"1";"1";"1";"0"
"12127";"90290";"12127";"26";"1";"1";"7";"2";"1";"1";"0";"2";"0"
"12202";"90334";"12202";"26";"3";"1";"7";"2";"1";"0";"1";"2";"0"
"12228";"90387";"12228";"26";"3";"1";"7";"4";"1";"0";"1";"2";"0"
"12250";"90437";"12250";"26";"1";"1";"7";"4";"0";"1";"1";"1";"0"
"12298";"90549";"12298";"26";"1";"5";"2";"2";"1";"0";"1";"2";"0"
"12319";"90618";"12319";"26";"1";"3";"2";"2";"0";"1";"0";"1";"0"
"12365";"90770";"12365";"26";"1";"1";"7";"2";"0";"1";"1";"1";"0"
"12369";"90770";"12369";"26";"1";"1";"1";"2";"0";"1";"1";"1";"0"
"12432";"90864";"12432";"26";"2";"1";"7";"2";"1";"0";"1";"2";"0"
"13999";"77756403";"13999";"26";"1";"1";"7";"2";"0";"1";"1";"1";"0"
"9764";"72050";"9764";"27";"1";"1";"7";"0";"1";"1";"0";"2";"0"
"9843";"72148";"9843";"27";"3";"1";"7";"0";"1";"0";"0";"2";"0"
"9999";"72432";"9999";"27";"1";"1";"7";"0";"0";"1";"0";"1";"0"
"10475";"73122";"10475";"27";"1";"1";"7";"0";"0";"1";"0";"1";"0"
"10558";"73284";"10558";"27";"1";"1";"7";"3";"0";"1";"0";"1";"0"
"10654";"73465";"10654";"27";"1";"1";"7";"0";"0";"1";"0";"1";"0"
"10695";"73496";"10695";"27";"1";"1";"7";"3";"0";"1";"1";"1";"0"
"10845";"73975";"10845";"27";"1";"1";"7";"4";"0";"2";"1";"1";"0"
"11018";"76780";"11018";"27";"5";"1";"7";"9";"0";"1";"0";"1";"0"
"11649";"81233";"11649";"27";"1";"1";"7";"4";"0";"1";"0";"1";"0"
"11858";"82493";"11858";"27";"1";"3";"1";"9";"0";"1";"1";"1";"0"
"11922";"83459";"11922";"27";"1";"1";"1";"9";"0";"1";"0";"1";"0"
"12276";"90480";"12276";"27";"1";"1";"7";"2";"1";"0";"1";"2";"0"
"13088";"72822317";"13088";"27";"1";"1";"7";"9";"0";"1";"0";"1";"0"
"13090";"72822318";"13090";"27";"1";"1";"7";"9";"0";"1";"0";"1";"0"
"13173";"73847502";"13173";"27";"1";"1";"7";"6";"0";"1";"2";"1";"0"
"29127";"87821501";"29127";"27";"1";"1";"7";"4";"0";"1";"0";"1";"0"
"19262";"81723403";"19262";"27";"1";"1";"7";"9";"0";"1";"0";"1";"0"
"22853";"84836301";"22853";"27";"1";"1";"2";"0";"0";"1";"0";"1";"0"
"542";"3652";"542";"27";"3";"1";"1";"0";"1";"0";"0";"2";"0"
"949";"10484";"949";"27";"3";"3";"2";"0";"0";"1";"0";"1";"0"
"1162";"13403";"1162";"27";"1";"1";"7";"4";"0";"1";"0";"1";"0"
"1345";"15911";"1345";"27";"2";"1";"7";"6";"1";"0";"0";"2";"0"
"1690";"25278";"1690";"27";"3";"1";"7";"0";"0";"2";"0";"1";"0"
"1728";"25604";"1728";"27";"1";"1";"7";"3";"1";"0";"0";"2";"0"
"2076";"29045";"2076";"27";"1";"1";"7";"9";"0";"1";"0";"1";"0"
"2162";"29206";"2162";"27";"1";"1";"7";"9";"0";"1";"0";"1";"0"
"2163";"29206";"2163";"27";"2";"1";"7";"5";"1";"0";"0";"2";"0"
"2198";"29233";"2198";"27";"1";"1";"7";"4";"0";"1";"0";"1";"0"
"2272";"29523";"2272";"27";"5";"1";"7";"9";"0";"2";"0";"1";"0"
"2367";"31971";"2367";"27";"1";"1";"7";"9";"1";"0";"1";"2";"0"
"2709";"35823";"2709";"27";"1";"1";"7";"9";"0";"1";"1";"1";"0"
"3028";"38559";"3028";"27";"1";"1";"7";"0";"0";"1";"0";"1";"0"
"3936";"40239";"3936";"27";"1";"1";"7";"9";"0";"1";"1";"1";"0"
"4135";"40579";"4135";"27";"1";"1";"7";"4";"0";"1";"0";"1";"0"
"4726";"42123";"4726";"27";"3";"3";"2";"0";"1";"0";"0";"2";"0"
"4749";"42221";"4749";"27";"3";"3";"2";"0";"0";"1";"0";"1";"0"
"4826";"43099";"4826";"27";"1";"1";"7";"4";"0";"1";"0";"1";"0"
"4961";"43379";"4961";"27";"1";"1";"7";"0";"0";"1";"0";"1";"0"
"5034";"43583";"5034";"27";"1";"1";"7";"2";"0";"1";"1";"1";"0"
"5909";"48839";"5909";"27";"1";"1";"7";"9";"0";"1";"0";"1";"0"
"6477";"53170";"6477";"27";"1";"3";"2";"9";"0";"1";"0";"1";"0"
"6658";"55856";"6658";"27";"1";"1";"7";"4";"0";"1";"0";"3";"0"
"7025";"60823";"7025";"27";"1";"7";"1";"0";"0";"1";"0";"1";"0"
"8195";"61907";"8195";"27";"1";"1";"7";"9";"0";"1";"0";"1";"0"
"8373";"62140";"8373";"27";"1";"1";"7";"0";"0";"1";"0";"1";"0"
"8659";"62372";"8659";"27";"4";"1";"7";"9";"0";"1";"1";"1";"0"
"9229";"65924";"9229";"27";"3";"1";"7";"9";"1";"0";"1";"2";"0"
"9363";"66927";"9363";"27";"5";"7";"7";"9";"2";"0";"0";"2";"0"
"9542";"69026";"9542";"27";"1";"1";"7";"6";"2";"0";"0";"2";"0"
"15317";"78786404";"15317";"27";"1";"1";"7";"0";"0";"1";"0";"1";"0"
"15730";"79736301";"15730";"27";"3";"1";"7";"4";"1";"0";"0";"2";"0"
"16670";"79766205";"16670";"27";"3";"1";"7";"0";"0";"1";"0";"1";"0"
"28621";"87792405";"28621";"27";"1";"1";"7";"9";"1";"0";"0";"2";"0"
"25758";"85867203";"25758";"28";"1";"1";"7";"9";"0";"1";"1";"1";"0"
"26190";"86777512";"26190";"28";"1";"1";"7";"0";"1";"0";"0";"2";"0"
"20433";"82762405";"20433";"28";"2";"1";"7";"0";"0";"1";"0";"1";"0"
"9772";"72067";"9772";"28";"2";"6";"7";"2";"1";"1";"0";"2";"0"
"9774";"72068";"9774";"28";"1";"1";"7";"0";"0";"1";"0";"1";"0"
"9782";"72082";"9782";"28";"4";"1";"7";"0";"0";"2";"0";"1";"0"
"9921";"72335";"9921";"28";"3";"3";"1";"0";"0";"1";"0";"1";"0"
"10332";"72891";"10332";"28";"1";"1";"7";"0";"0";"1";"0";"1";"0"
"10365";"72970";"10365";"28";"3";"1";"1";"0";"0";"2";"0";"1";"0"
"10460";"73104";"10460";"28";"1";"1";"7";"0";"0";"0";"0";"0";"0"
"10546";"73266";"10546";"28";"3";"1";"7";"0";"0";"1";"0";"1";"0"
"10799";"73731";"10799";"28";"1";"1";"7";"0";"1";"0";"0";"2";"0"
"10812";"73743";"10812";"28";"3";"1";"7";"0";"0";"2";"0";"1";"0"
"11381";"80491";"11381";"28";"2";"1";"7";"0";"0";"1";"0";"1";"0"
"11929";"83479";"11929";"28";"3";"3";"2";"0";"0";"1";"0";"1";"0"
"12376";"90773";"12376";"28";"1";"1";"7";"0";"0";"1";"0";"1";"0"
"12412";"90827";"12412";"28";"4";"4";"2";"0";"0";"1";"0";"1";"0"
"14266";"77777406";"14266";"28";"1";"7";"2";"0";"0";"1";"0";"1";"0"
"16154";"79753203";"16154";"28";"3";"1";"7";"0";"0";"2";"0";"1";"0"
"17537";"80743302";"17537";"28";"3";"1";"2";"0";"0";"1";"0";"1";"0"
"276";"1081";"276";"28";"1";"1";"7";"6";"1";"0";"1";"2";"0"
"300";"1202";"300";"28";"1";"1";"7";"9";"0";"1";"0";"1";"0"
"518";"3609";"518";"28";"1";"1";"7";"0";"0";"1";"0";"1";"0"
"1361";"16642";"1361";"28";"1";"1";"7";"9";"1";"0";"1";"2";"0"
"1562";"22782";"1562";"28";"3";"6";"1";"9";"0";"1";"0";"1";"0"
"2194";"29228";"2194";"28";"1";"1";"7";"0";"1";"0";"0";"2";"0"
"2711";"35829";"2711";"28";"4";"1";"2";"0";"0";"1";"0";"1";"0"
"2712";"35830";"2712";"28";"4";"1";"2";"0";"0";"1";"0";"1";"0"
"2897";"38161";"2897";"28";"3";"1";"7";"0";"0";"2";"0";"1";"0"
"2923";"38253";"2923";"28";"1";"1";"7";"6";"0";"1";"1";"1";"0"
"2926";"38270";"2926";"28";"3";"2";"2";"0";"0";"1";"0";"1";"0"
"3066";"38695";"3066";"28";"1";"1";"7";"0";"0";"1";"0";"1";"0"
"3689";"39902";"3689";"28";"3";"1";"7";"6";"0";"0";"1";"3";"0"
"3754";"40022";"3754";"28";"3";"2";"2";"0";"0";"2";"0";"1";"0"
"4143";"40618";"4143";"28";"3";"1";"7";"0";"1";"0";"0";"2";"0"
"4278";"40907";"4278";"28";"1";"1";"7";"9";"0";"1";"1";"1";"0"
"4422";"41235";"4422";"28";"1";"1";"7";"6";"1";"0";"0";"3";"0"
"4599";"41617";"4599";"28";"1";"1";"7";"6";"0";"1";"1";"1";"0"
"4768";"42958";"4768";"28";"2";"1";"2";"0";"0";"1";"0";"1";"0"
"4794";"42985";"4794";"28";"3";"1";"7";"6";"0";"1";"1";"1";"0"
"5611";"47531";"5611";"28";"3";"1";"7";"0";"1";"0";"0";"2";"0"
"5660";"47539";"5660";"28";"3";"1";"7";"0";"0";"1";"0";"1";"0"
"5829";"48582";"5829";"28";"5";"1";"7";"9";"1";"0";"0";"2";"0"
"5849";"48599";"5849";"28";"1";"1";"7";"9";"0";"2";"0";"1";"0"
"5956";"48919";"5956";"28";"1";"1";"7";"0";"0";"1";"0";"1";"0"
"6089";"49225";"6089";"28";"3";"3";"2";"9";"0";"1";"1";"1";"0"
"6202";"50219";"6202";"28";"3";"1";"7";"9";"0";"1";"0";"1";"0"
"6315";"51974";"6315";"28";"1";"1";"7";"4";"1";"0";"0";"2";"0"
"6822";"59837";"6822";"28";"4";"1";"7";"0";"0";"1";"0";"1";"0"
"6890";"59950";"6890";"28";"1";"1";"7";"6";"1";"1";"0";"2";"0"
"7350";"61150";"7350";"28";"2";"3";"1";"9";"0";"2";"0";"1";"0"
"7959";"61784";"7959";"28";"1";"3";"1";"9";"0";"1";"0";"1";"0"
"7963";"61791";"7963";"28";"5";"1";"7";"0";"0";"1";"0";"1";"0"
"8007";"61810";"8007";"28";"1";"1";"7";"0";"0";"0";"0";"3";"0"
"8230";"61944";"8230";"28";"1";"1";"7";"7";"0";"1";"1";"1";"0"
"8275";"62015";"8275";"28";"1";"1";"7";"9";"0";"1";"0";"1";"0"
"8335";"62111";"2049";"28";"3";"1";"7";"0";"0";"1";"0";"1";"0"
"8464";"62218";"8464";"28";"3";"7";"1";"9";"0";"1";"0";"1";"0"
"8652";"62369";"8652";"28";"1";"1";"7";"0";"0";"1";"0";"1";"0"
"8657";"62370";"8657";"28";"1";"1";"7";"7";"0";"1";"1";"1";"0"
"8663";"62373";"8663";"28";"3";"1";"7";"9";"0";"1";"0";"1";"0"
"8922";"62715";"8922";"28";"3";"2";"2";"0";"0";"1";"0";"1";"0"
"9003";"62945";"9003";"28";"3";"1";"7";"0";"0";"1";"0";"1";"0"
"9026";"62961";"9026";"28";"1";"1";"7";"0";"0";"1";"0";"1";"0"
"9090";"63041";"9090";"28";"5";"1";"7";"0";"0";"1";"0";"1";"0"
"9286";"66072";"9286";"28";"1";"1";"7";"0";"1";"1";"0";"2";"0"
"9287";"66072";"9287";"28";"1";"1";"7";"0";"0";"3";"0";"1";"0"
"9585";"69712";"9585";"28";"5";"1";"7";"0";"0";"1";"0";"1";"0"
"5834";"48594";"5834";"31";"1";"1";"7";"6";"0";"1";"1";"1";"0"
"19178";"80915504";"19178";"31";"1";"3";"2";"4";"0";"1";"1";"1";"0"
"19217";"81711506";"19217";"31";"1";"1";"7";"4";"0";"4";"0";"1";"0"
"19219";"81713406";"19219";"31";"3";"1";"7";"6";"0";"1";"1";"1";"0"
"19221";"81713406";"19221";"31";"1";"1";"7";"6";"0";"1";"1";"1";"0"
"19223";"81713408";"19223";"31";"1";"1";"7";"6";"1";"0";"1";"2";"0"
"19250";"81722310";"19250";"31";"1";"1";"7";"6";"0";"1";"1";"1";"0"
"19401";"81755406";"19401";"31";"1";"1";"7";"6";"0";"1";"1";"1";"0"
"19609";"81766203";"19609";"31";"1";"1";"7";"6";"0";"1";"1";"1";"0"
"19852";"81787208";"19852";"31";"1";"1";"7";"6";"0";"1";"1";"1";"0"
"19890";"81793502";"19890";"31";"1";"3";"1";"3";"0";"1";"1";"1";"0"
"20077";"81845206";"20077";"31";"1";"1";"7";"3";"0";"1";"1";"1";"0"
"20144";"81893501";"20144";"31";"2";"1";"7";"6";"0";"1";"1";"1";"0"
"20224";"82721204";"20224";"31";"1";"1";"7";"3";"1";"0";"1";"2";"0"
"20267";"82747202";"20267";"31";"1";"1";"7";"4";"1";"0";"1";"2";"0"
"20324";"82754305";"20324";"31";"1";"1";"7";"6";"0";"2";"1";"1";"0"
"20326";"82754305";"20326";"31";"3";"1";"7";"6";"0";"1";"1";"1";"0"
"20398";"82761202";"20398";"31";"3";"1";"7";"3";"0";"1";"1";"1";"0"
"20432";"82762403";"20432";"31";"2";"1";"7";"6";"0";"2";"0";"1";"0"
"20435";"82762509";"11982";"31";"1";"1";"7";"6";"0";"1";"1";"1";"0"
"20446";"82763313";"20446";"31";"3";"1";"7";"6";"0";"2";"1";"1";"0"
"20474";"82766105";"20474";"31";"1";"1";"7";"6";"0";"1";"1";"1";"0"
"20496";"82767409";"20496";"31";"1";"1";"7";"5";"0";"1";"1";"1";"0"
"20808";"82822207";"20808";"31";"1";"1";"7";"4";"1";"0";"1";"2";"0"
"20835";"82844504";"20835";"31";"1";"1";"7";"7";"0";"0";"1";"3";"0"
"20849";"82861302";"20849";"31";"1";"1";"7";"6";"1";"0";"1";"2";"0"
"20863";"82887102";"20863";"31";"2";"3";"1";"6";"0";"1";"1";"1";"0"
"20888";"82912202";"20888";"31";"1";"1";"7";"4";"0";"2";"0";"1";"0"
"20923";"83704102";"20923";"31";"1";"1";"7";"7";"0";"1";"1";"1";"0"
"21133";"83762412";"21133";"31";"1";"1";"7";"6";"1";"0";"1";"2";"0"
"21218";"83777502";"21218";"31";"1";"1";"2";"6";"0";"2";"1";"1";"0"
"21229";"83783305";"21229";"31";"3";"1";"7";"6";"0";"1";"1";"1";"0"
"21541";"83834103";"21541";"31";"3";"3";"2";"4";"0";"1";"1";"1";"0"
"21573";"83836403";"21573";"31";"1";"1";"7";"6";"0";"1";"1";"1";"0"
"21608";"83847202";"21608";"31";"1";"1";"7";"3";"1";"1";"0";"2";"0"
"21615";"83847401";"21615";"31";"2";"1";"7";"6";"0";"3";"0";"1";"0"
"21702";"83867502";"13191";"31";"1";"1";"7";"6";"0";"1";"1";"1";"0"
"21703";"83867502";"21703";"31";"1";"1";"7";"6";"0";"1";"1";"1";"0"
"21704";"83867502";"21704";"31";"1";"1";"7";"6";"0";"1";"1";"1";"0"
"21707";"83867502";"21707";"31";"1";"1";"7";"6";"0";"1";"1";"1";"0"
"21787";"83875205";"21787";"31";"1";"1";"7";"6";"0";"1";"1";"1";"0"
"21854";"83877301";"21854";"31";"1";"1";"7";"5";"0";"1";"1";"1";"0"
"21930";"83893501";"21930";"31";"1";"1";"7";"6";"0";"1";"1";"1";"0"
"21932";"83893501";"21932";"31";"3";"1";"7";"6";"0";"1";"1";"1";"0"
"22010";"83923503";"22010";"31";"1";"1";"7";"6";"0";"1";"1";"1";"0"
"22011";"83923503";"22011";"31";"1";"1";"7";"6";"0";"1";"1";"1";"0"
"22027";"83925205";"22027";"31";"1";"1";"7";"6";"1";"0";"3";"2";"0"