"accident_id";"lieu_id";"date_id";"cause_id";"lum_id";"intemp_id";"etat_surface_id";"impliq_id";"nb_blesses_graves";"nb_blesses_legers";"nb_indemnes";"gravite";"nb_morts"
"22042";"83931201";"22042";"31";"3";"1";"7";"6";"0";"1";"0";"1";"0"
"22097";"84741507";"22097";"31";"3";"1";"7";"6";"2";"2";"4";"2";"0"
"22162";"84746402";"22162";"31";"1";"1";"7";"6";"0";"1";"1";"1";"0"
"22196";"84753301";"22196";"31";"3";"1";"7";"6";"0";"3";"0";"1";"0"
"22201";"84754105";"22201";"31";"1";"1";"7";"6";"0";"1";"1";"1";"0"
"22291";"84774305";"22291";"31";"5";"1";"7";"3";"0";"1";"1";"1";"0"
"22300";"84775203";"22300";"31";"1";"1";"1";"6";"0";"1";"1";"1";"0"
"22366";"84792501";"22366";"31";"1";"1";"7";"6";"0";"2";"2";"1";"0"
"22376";"84793312";"22376";"31";"1";"1";"7";"6";"0";"0";"1";"3";"0"
"22415";"84803518";"22415";"31";"2";"1";"7";"6";"0";"2";"1";"1";"0"
"22541";"84811509";"22541";"31";"1";"1";"7";"6";"2";"0";"1";"2";"0"
"22549";"84812113";"22549";"31";"1";"1";"7";"3";"0";"2";"1";"1";"0"
"22560";"84812501";"22560";"31";"1";"1";"7";"6";"0";"1";"2";"1";"0"
"22572";"84814201";"22572";"31";"1";"3";"2";"6";"0";"1";"1";"1";"0"
"22581";"84815110";"22581";"31";"1";"1";"7";"6";"0";"1";"1";"1";"0"
"22781";"84832302";"22781";"31";"1";"1";"7";"4";"0";"1";"1";"1";"0"
"22810";"84834404";"22810";"31";"1";"1";"7";"6";"0";"1";"1";"1";"0"
"22864";"84836303";"22864";"31";"1";"1";"7";"6";"0";"1";"1";"1";"0"
"22873";"84836504";"22873";"31";"1";"1";"7";"6";"0";"1";"1";"1";"0"
"22884";"84837104";"22884";"31";"3";"1";"7";"6";"0";"2";"0";"3";"0"
"22989";"84851401";"22989";"31";"1";"1";"1";"6";"0";"1";"0";"1";"0"
"23109";"84857303";"23109";"31";"1";"1";"7";"6";"0";"1";"2";"1";"0"
"23145";"84861303";"23145";"31";"1";"1";"7";"6";"0";"1";"1";"1";"0"
"23148";"84861405";"23148";"31";"1";"1";"7";"6";"0";"1";"1";"1";"0"
"23417";"84872404";"23417";"31";"1";"1";"7";"6";"0";"1";"1";"1";"0"
"23464";"84874307";"23464";"31";"1";"1";"7";"6";"0";"1";"1";"1";"0"
"23517";"84876104";"23517";"31";"1";"3";"2";"3";"0";"1";"1";"1";"0"
"23525";"84876506";"23525";"31";"1";"1";"7";"7";"0";"1";"1";"1";"0"
"23636";"84884107";"23636";"31";"1";"1";"7";"6";"0";"1";"1";"1";"0"
"23752";"85771308";"23752";"31";"4";"3";"2";"6";"0";"1";"1";"1";"0"
"23870";"85806402";"23870";"31";"1";"1";"7";"6";"0";"1";"1";"1";"0"
"23947";"85813205";"23947";"31";"1";"1";"7";"3";"0";"1";"2";"1";"0"
"24126";"85821115";"24126";"31";"1";"2";"2";"6";"0";"1";"3";"1";"0"
"24159";"85821501";"24159";"31";"1";"1";"7";"4";"0";"1";"1";"1";"0"
"24317";"85825203";"24317";"31";"1";"1";"7";"6";"0";"1";"1";"1";"0"
"24397";"85826102";"24397";"31";"3";"1";"7";"6";"0";"1";"0";"1";"0"
"24459";"85827107";"24459";"31";"1";"1";"7";"5";"0";"1";"1";"1";"0"
"24525";"85831303";"24525";"31";"1";"1";"7";"6";"0";"2";"6";"1";"0"
"24532";"85831402";"24532";"31";"1";"3";"1";"6";"0";"1";"1";"1";"0"
"24633";"85834210";"24633";"31";"1";"1";"7";"6";"0";"1";"1";"1";"0"
"24676";"85834402";"24676";"31";"3";"1";"7";"3";"0";"1";"0";"1";"0"
"24786";"85836106";"24786";"31";"1";"1";"7";"4";"0";"1";"1";"1";"0"
"24819";"85836405";"6617";"31";"1";"1";"7";"7";"0";"1";"1";"1";"0"
"24982";"85844206";"24982";"31";"1";"1";"7";"3";"0";"1";"1";"1";"0"
"25025";"85845203";"25025";"31";"3";"1";"7";"6";"0";"3";"2";"1";"0"
"25035";"85845302";"25035";"31";"2";"1";"7";"7";"0";"1";"1";"1";"0"
"25093";"85846102";"25093";"31";"3";"1";"7";"8";"0";"1";"1";"1";"0"
"25129";"85847311";"25129";"31";"3";"3";"1";"6";"0";"1";"0";"1";"0"
"25501";"85861304";"25501";"31";"1";"1";"7";"6";"0";"1";"1";"1";"0"
"25594";"85863401";"25594";"31";"2";"1";"7";"4";"0";"1";"1";"1";"0"
"25781";"85871202";"25781";"31";"1";"1";"7";"6";"0";"1";"1";"1";"0"
"25812";"85872107";"25812";"31";"1";"1";"7";"6";"1";"0";"2";"2";"0"
"25843";"85872502";"25843";"31";"3";"1";"7";"6";"0";"2";"1";"1";"0"
"25942";"85875102";"25942";"31";"1";"1";"7";"6";"0";"1";"1";"1";"0"
"26086";"85884201";"26086";"31";"1";"1";"7";"6";"0";"1";"1";"1";"0"
"26090";"85884203";"26090";"31";"1";"1";"7";"6";"0";"1";"1";"1";"0"
"26101";"85887106";"26101";"31";"2";"1";"7";"4";"0";"1";"1";"1";"0"
"26129";"85887506";"26129";"31";"2";"3";"2";"6";"0";"1";"1";"1";"0"
"26267";"86797505";"26267";"31";"1";"1";"1";"6";"0";"2";"1";"1";"0"
"26438";"86805309";"26438";"31";"1";"1";"7";"6";"0";"2";"1";"1";"0"
"26514";"86811104";"26514";"31";"1";"1";"7";"6";"0";"1";"1";"1";"0"
"26609";"86812501";"26609";"31";"1";"1";"7";"6";"0";"1";"1";"1";"0"
"26711";"86814205";"26711";"31";"3";"1";"7";"6";"0";"1";"1";"1";"0"
"26992";"86822202";"26992";"31";"1";"1";"7";"6";"0";"1";"2";"3";"1"
"27016";"86822301";"27016";"31";"1";"1";"7";"6";"0";"2";"0";"1";"0"
"27067";"86823108";"27067";"31";"1";"3";"1";"4";"0";"1";"1";"1";"0"
"27149";"86823406";"27149";"31";"1";"1";"7";"4";"0";"1";"1";"1";"0"
"27374";"86825506";"27374";"31";"2";"1";"7";"6";"0";"1";"1";"1";"0"
"27385";"86826101";"27385";"31";"1";"1";"7";"6";"0";"1";"0";"1";"0"
"27441";"86826304";"27441";"31";"1";"1";"7";"6";"0";"1";"4";"1";"0"
"27463";"86827301";"27463";"31";"1";"1";"7";"3";"0";"1";"1";"1";"0"
"27501";"86831207";"8814";"31";"1";"1";"7";"6";"0";"1";"1";"1";"0"
"27611";"86832206";"27611";"31";"1";"1";"7";"3";"0";"1";"1";"1";"0"
"27724";"86833503";"27724";"31";"3";"1";"7";"6";"0";"1";"1";"1";"0"
"27734";"86833503";"27734";"31";"1";"1";"7";"7";"0";"1";"1";"1";"0"
"27814";"86834301";"27814";"31";"3";"3";"1";"4";"0";"1";"1";"1";"0"
"27935";"86837202";"27935";"31";"3";"1";"7";"3";"1";"0";"0";"2";"0"
"28101";"86844406";"28101";"31";"1";"1";"7";"6";"0";"1";"1";"1";"0"
"28213";"86851202";"28213";"31";"3";"1";"7";"4";"0";"2";"1";"1";"0"
"28247";"86853104";"28247";"31";"3";"3";"1";"4";"0";"1";"1";"1";"0"
"28345";"86862302";"28345";"31";"1";"1";"7";"3";"0";"1";"1";"1";"0"
"28485";"86872305";"28485";"31";"1";"1";"7";"6";"0";"1";"1";"1";"0"
"28510";"86873404";"28510";"31";"1";"1";"7";"4";"0";"1";"1";"1";"0"
"28550";"86876503";"28550";"31";"1";"1";"7";"4";"0";"2";"1";"1";"0"
"28570";"86882310";"28570";"31";"1";"1";"7";"4";"0";"1";"1";"1";"0"
"28575";"86883115";"28575";"31";"1";"1";"7";"4";"0";"1";"1";"1";"0"
"28591";"86892203";"28591";"31";"1";"1";"7";"6";"0";"1";"1";"1";"0"
"28599";"87781105";"28599";"31";"3";"3";"1";"6";"0";"1";"1";"1";"0"
"28637";"87793505";"28637";"31";"1";"1";"7";"4";"0";"1";"0";"1";"0"
"28656";"87797506";"7124";"31";"3";"1";"7";"6";"0";"2";"1";"1";"0"
"28658";"87801106";"28658";"31";"1";"1";"7";"6";"0";"1";"2";"1";"0"
"28678";"87802204";"28678";"31";"1";"1";"7";"6";"0";"1";"1";"1";"0"
"28729";"87803305";"28729";"31";"1";"1";"7";"6";"0";"1";"1";"1";"0"
"28747";"87803408";"28747";"31";"1";"2";"2";"7";"1";"0";"1";"2";"0"
"28775";"87805104";"28775";"31";"3";"1";"7";"6";"0";"2";"1";"1";"0"
"28779";"87805302";"28779";"31";"1";"1";"7";"6";"0";"2";"1";"1";"0"
"28989";"87813114";"28989";"31";"1";"1";"7";"6";"0";"1";"1";"1";"0"
"28993";"87813205";"28993";"31";"1";"1";"7";"6";"1";"0";"1";"2";"0"
"29058";"87814104";"29058";"31";"1";"1";"7";"6";"0";"1";"1";"1";"0"
"29121";"87821401";"29121";"31";"1";"1";"7";"6";"0";"1";"1";"1";"0"
"29123";"87821405";"29123";"31";"1";"1";"7";"5";"0";"1";"6";"1";"0"
"29214";"87824403";"29214";"31";"1";"1";"7";"4";"0";"1";"1";"1";"0"
"29216";"87824403";"29216";"31";"3";"1";"7";"6";"0";"1";"1";"1";"0"
"29425";"87843206";"29425";"31";"1";"1";"7";"6";"1";"0";"1";"2";"0"
"29431";"87843409";"29431";"31";"1";"1";"7";"6";"0";"1";"1";"1";"0"
"29474";"87847104";"29474";"31";"1";"1";"7";"6";"0";"1";"1";"1";"0"
"29488";"87847104";"29488";"31";"1";"1";"7";"6";"0";"1";"1";"1";"0"
"29563";"88802404";"29563";"31";"3";"1";"1";"4";"0";"1";"1";"1";"0"
"29596";"88822303";"29596";"31";"1";"1";"7";"6";"0";"1";"1";"1";"0"
"29602";"88825102";"29602";"31";"1";"1";"7";"6";"0";"1";"1";"1";"0"
"29677";"88842205";"29677";"31";"3";"1";"7";"6";"0";"1";"1";"1";"0"
"29697";"88844202";"27805";"31";"1";"1";"7";"4";"0";"1";"2";"1";"0"
"29705";"88844202";"29705";"31";"1";"1";"7";"6";"0";"1";"1";"1";"0"
"29711";"88844210";"29711";"31";"1";"3";"2";"9";"1";"0";"0";"2";"0"
"29716";"88844404";"29716";"31";"1";"1";"7";"6";"0";"1";"1";"1";"0"
"29785";"89821303";"29785";"31";"3";"1";"7";"6";"0";"1";"1";"1";"0"
"2688";"35638";"2688";"31";"1";"1";"7";"6";"0";"1";"1";"1";"0"
"11494";"80890";"11494";"31";"3";"1";"7";"4";"0";"1";"1";"1";"0"
"12236";"90420";"12236";"31";"1";"3";"2";"6";"0";"1";"0";"1";"0"
"12440";"66667304";"12440";"31";"1";"1";"7";"6";"0";"1";"1";"1";"0"
"12460";"67643402";"12460";"31";"1";"1";"7";"4";"0";"1";"1";"1";"0"
"12462";"67643407";"12462";"31";"1";"3";"2";"6";"1";"0";"1";"2";"0"
"12523";"68657505";"12523";"31";"1";"1";"7";"6";"0";"1";"1";"1";"0"
"12565";"70655205";"12565";"31";"5";"1";"7";"7";"1";"0";"1";"2";"0"
"12587";"70804410";"12587";"31";"1";"1";"7";"4";"0";"2";"1";"1";"0"
"12588";"70805502";"12588";"31";"1";"1";"7";"3";"0";"1";"1";"1";"0"
"12643";"70816503";"12643";"31";"3";"1";"7";"6";"0";"2";"0";"1";"0"
"12684";"70825203";"12684";"31";"1";"1";"7";"6";"0";"1";"1";"1";"0"
"12731";"70827103";"12731";"31";"1";"1";"7";"6";"0";"1";"1";"1";"0"
"12749";"70827308";"12749";"31";"1";"1";"7";"4";"0";"1";"1";"1";"0"
"12819";"71811508";"12819";"31";"1";"1";"7";"6";"0";"1";"1";"1";"0"
"12919";"71821401";"12919";"31";"2";"1";"7";"6";"1";"0";"1";"2";"0"
"12955";"71824211";"4324";"31";"1";"1";"7";"6";"0";"1";"1";"1";"0"
"12965";"71824303";"12965";"31";"1";"1";"7";"4";"0";"1";"1";"1";"0"
"12970";"71824405";"12970";"31";"1";"1";"7";"3";"0";"1";"1";"1";"0"
"12976";"71825107";"12976";"31";"1";"1";"7";"3";"0";"1";"1";"1";"0"
"13013";"71832302";"13013";"31";"3";"1";"7";"6";"1";"0";"2";"2";"0"
"13028";"71833212";"13028";"31";"1";"1";"7";"4";"1";"0";"0";"3";"0"
"13047";"72674404";"13047";"31";"3";"1";"7";"6";"0";"1";"1";"1";"0"
"13081";"72821210";"13081";"31";"1";"1";"7";"6";"1";"0";"1";"2";"0"
"13121";"72836203";"13121";"31";"1";"1";"7";"6";"0";"1";"1";"1";"0"
"13171";"73833201";"13171";"31";"3";"1";"7";"6";"0";"1";"1";"1";"0"
"13216";"74746102";"13216";"31";"1";"1";"7";"6";"1";"0";"1";"2";"0"
"13224";"74762213";"13224";"31";"1";"1";"7";"3";"0";"1";"1";"1";"0"
"13294";"75747304";"13294";"31";"1";"1";"7";"6";"0";"1";"1";"1";"0"
"13295";"75747304";"7127";"31";"1";"1";"7";"6";"0";"2";"0";"1";"0"
"13311";"75764507";"13311";"31";"3";"3";"2";"4";"0";"1";"1";"1";"0"
"13368";"75793407";"13368";"31";"3";"1";"7";"6";"1";"1";"0";"2";"0"
"13378";"75796502";"13378";"31";"3";"3";"2";"6";"0";"1";"1";"1";"0"
"13380";"75796502";"13380";"31";"1";"1";"7";"7";"0";"1";"1";"1";"0"
"13430";"75812203";"13430";"31";"1";"1";"7";"4";"0";"1";"1";"1";"0"
"13530";"76741209";"13530";"31";"1";"1";"7";"6";"0";"1";"1";"1";"0"
"13561";"76756404";"13561";"31";"1";"1";"7";"6";"0";"1";"1";"1";"0"
"13568";"76763101";"13568";"31";"1";"1";"7";"4";"0";"1";"1";"1";"0"
"13578";"76765312";"13578";"31";"1";"1";"7";"3";"0";"1";"1";"1";"0"
"13583";"76765503";"13583";"31";"3";"1";"7";"6";"0";"1";"1";"1";"0"
"13585";"76765503";"13585";"31";"1";"1";"7";"6";"0";"1";"1";"1";"0"
"13588";"76771107";"13588";"31";"1";"1";"7";"4";"1";"0";"1";"2";"0"
"13595";"76771310";"13595";"31";"1";"1";"7";"6";"0";"1";"1";"1";"0"
"13625";"76774310";"13625";"31";"1";"1";"7";"6";"0";"1";"1";"1";"0"
"13626";"76774310";"13626";"31";"3";"1";"7";"6";"0";"1";"0";"1";"0"
"13691";"76847502";"13691";"31";"3";"1";"7";"4";"0";"1";"2";"1";"0"
"13742";"77721208";"13742";"31";"1";"1";"7";"3";"0";"1";"1";"1";"0"
"13744";"77721304";"13744";"31";"1";"1";"7";"3";"0";"1";"1";"1";"0"
"13789";"77731411";"13789";"31";"1";"3";"1";"6";"0";"1";"1";"1";"0"
"13829";"77736117";"13829";"31";"1";"1";"7";"3";"0";"1";"1";"1";"0"
"13896";"77743102";"13896";"31";"1";"1";"7";"6";"0";"1";"1";"1";"0"
"13943";"77746101";"13943";"31";"1";"1";"7";"6";"0";"1";"1";"1";"0"
"13986";"77754501";"13986";"31";"1";"1";"7";"4";"0";"1";"1";"1";"0"
"13987";"77754508";"13987";"31";"1";"1";"7";"3";"0";"1";"1";"1";"0"
"14067";"77764517";"14067";"31";"1";"1";"7";"4";"0";"1";"1";"1";"0"
"14074";"77765307";"14074";"31";"1";"1";"7";"7";"0";"1";"0";"1";"0"
"14080";"77766302";"14080";"31";"1";"1";"7";"4";"1";"0";"1";"2";"0"
"14229";"77776310";"14229";"31";"1";"1";"7";"6";"0";"1";"1";"1";"0"
"14230";"77776310";"14230";"31";"3";"1";"7";"6";"1";"0";"1";"2";"0"
"14240";"77777103";"14240";"31";"1";"1";"7";"6";"0";"2";"1";"1";"0"
"14252";"77777204";"14252";"31";"1";"1";"7";"8";"0";"1";"2";"1";"0"
"14278";"77785202";"14278";"31";"1";"1";"7";"6";"1";"0";"1";"2";"0"
"14283";"77786301";"14283";"31";"1";"1";"7";"4";"0";"1";"1";"1";"0"
"14292";"77787307";"14292";"31";"1";"1";"7";"4";"0";"1";"1";"1";"0"
"14309";"77815202";"14309";"31";"1";"1";"7";"3";"0";"1";"1";"1";"0"
"14472";"78666406";"14472";"31";"1";"1";"7";"2";"1";"0";"1";"2";"0"
"14491";"78676307";"14491";"31";"1";"1";"7";"6";"0";"1";"1";"1";"0"
"14514";"78687502";"14514";"31";"3";"1";"7";"4";"1";"0";"1";"2";"0"
"14628";"78741204";"14628";"31";"1";"1";"7";"6";"0";"1";"1";"1";"0"
"14640";"78741215";"14640";"31";"1";"1";"7";"6";"0";"1";"1";"1";"0"
"14700";"78744303";"14700";"31";"1";"1";"7";"6";"0";"1";"1";"1";"0"
"14774";"78751504";"14774";"31";"1";"1";"7";"6";"0";"1";"0";"3";"0"
"14831";"78757501";"14831";"31";"1";"1";"7";"6";"0";"1";"1";"1";"0"
"14901";"78763203";"14901";"31";"1";"1";"1";"7";"0";"1";"1";"1";"0"
"14971";"78765203";"14971";"31";"1";"1";"7";"6";"0";"1";"1";"1";"0"
"14994";"78766201";"14994";"31";"2";"3";"2";"6";"0";"1";"1";"1";"0"
"15075";"78771406";"15075";"31";"1";"1";"7";"6";"0";"1";"1";"1";"0"
"15080";"78771406";"15080";"31";"1";"3";"2";"6";"0";"1";"1";"1";"0"
"15194";"78775404";"15194";"31";"1";"1";"7";"6";"0";"2";"0";"1";"0"
"15215";"78777301";"15215";"31";"1";"1";"7";"6";"0";"3";"1";"1";"0"
"15220";"78777403";"15220";"31";"1";"3";"1";"3";"0";"1";"1";"1";"0"
"15334";"78787509";"15334";"31";"3";"1";"7";"6";"1";"1";"1";"2";"0"
"15388";"78871109";"15388";"31";"1";"1";"2";"6";"0";"2";"0";"1";"0"
"15440";"79695502";"15440";"31";"1";"1";"7";"6";"0";"1";"0";"3";"0"
"15452";"79701404";"15452";"31";"1";"1";"7";"3";"0";"1";"1";"1";"0"
"15466";"79706403";"15466";"31";"3";"1";"1";"6";"1";"1";"0";"2";"0"
"15475";"79713102";"15475";"31";"1";"1";"7";"6";"0";"1";"1";"1";"0"
"15677";"79733404";"15677";"31";"1";"1";"7";"6";"1";"0";"1";"2";"0"
"15695";"79734401";"15695";"31";"3";"1";"7";"6";"0";"2";"1";"1";"0"
"15697";"79734501";"15697";"31";"1";"1";"7";"6";"0";"1";"1";"1";"0"
"15711";"79734504";"15711";"31";"1";"1";"7";"6";"0";"1";"1";"1";"0"
"15812";"79744501";"15812";"31";"1";"1";"7";"6";"0";"1";"1";"1";"0"
"15869";"79745407";"15869";"31";"1";"1";"7";"6";"0";"1";"1";"1";"0"
"15894";"79746402";"15894";"31";"1";"1";"7";"6";"0";"1";"1";"1";"0"
"15921";"79747201";"15921";"31";"1";"1";"7";"6";"0";"1";"1";"1";"0"
"15960";"79751206";"15960";"31";"1";"1";"7";"6";"1";"0";"1";"2";"0"
"16144";"79753106";"16144";"31";"1";"1";"7";"6";"0";"1";"1";"1";"0"
"16293";"79754305";"16293";"31";"1";"1";"7";"6";"0";"1";"1";"1";"0"
"16582";"79764301";"16582";"31";"1";"1";"7";"6";"0";"1";"1";"1";"0"
"16619";"79765403";"16619";"31";"5";"1";"7";"4";"0";"1";"1";"1";"0"
"16981";"79781502";"16981";"31";"3";"1";"7";"6";"0";"1";"1";"1";"0"
"17000";"79784415";"17000";"31";"1";"1";"7";"6";"0";"2";"0";"1";"0"
"17040";"79792102";"17040";"31";"1";"1";"7";"6";"1";"0";"1";"2";"0"
"17044";"79792102";"17044";"31";"1";"1";"7";"6";"0";"1";"1";"1";"0"
"17078";"79793510";"11116";"31";"3";"1";"7";"6";"0";"1";"2";"1";"0"
"17091";"79795301";"17091";"31";"1";"1";"7";"6";"0";"1";"1";"1";"0"
"17112";"79797201";"17112";"31";"1";"1";"7";"6";"0";"1";"1";"1";"0"
"17114";"79797307";"17114";"31";"4";"3";"2";"4";"1";"0";"1";"2";"0"
"17146";"79814403";"17146";"31";"1";"1";"7";"7";"0";"2";"1";"1";"0"
"17150";"79816103";"17150";"31";"1";"1";"7";"6";"0";"1";"2";"1";"0"
"17214";"79914504";"17214";"31";"1";"1";"7";"6";"0";"1";"1";"1";"0"
"17221";"79916504";"17221";"31";"1";"1";"7";"6";"0";"1";"1";"1";"0"
"17223";"79916504";"17223";"31";"1";"1";"7";"6";"0";"2";"2";"1";"0"
"17242";"80682502";"17242";"31";"1";"1";"7";"6";"1";"1";"0";"2";"0"
"17382";"80737402";"17382";"31";"1";"1";"7";"6";"0";"1";"1";"1";"0"
"17533";"80742502";"17533";"31";"1";"3";"1";"6";"0";"1";"2";"1";"0"
"17836";"80752101";"17836";"31";"3";"1";"7";"6";"0";"1";"1";"1";"0"
"18037";"80755203";"18037";"31";"1";"1";"7";"7";"0";"1";"1";"1";"0"
"18129";"80757509";"18129";"31";"1";"3";"2";"6";"0";"1";"1";"1";"0"
"18238";"80761406";"18238";"31";"1";"1";"7";"6";"0";"1";"1";"1";"0"
"18445";"80764512";"18445";"31";"5";"1";"7";"6";"0";"1";"1";"1";"0"
"18534";"80766507";"18534";"31";"1";"1";"7";"6";"0";"1";"1";"1";"0"
"18626";"80774111";"18626";"31";"5";"1";"7";"6";"1";"1";"1";"2";"0"
"18799";"80783411";"18799";"31";"1";"1";"7";"4";"0";"1";"1";"1";"0"
"18871";"80785405";"18871";"31";"1";"1";"7";"6";"0";"1";"1";"1";"0"
"18895";"80786303";"18895";"31";"1";"1";"7";"6";"0";"1";"1";"1";"0"
"18917";"80786506";"18917";"31";"1";"1";"7";"6";"0";"1";"1";"1";"0"
"19066";"80805303";"19066";"31";"1";"1";"7";"6";"0";"1";"1";"1";"0"
"14405";"77905301";"14405";"32";"1";"1";"7";"7";"1";"0";"1";"2";"0"
"14516";"78687502";"14516";"32";"1";"1";"7";"6";"1";"0";"1";"2";"0"
"14548";"78706410";"14548";"32";"3";"1";"7";"6";"0";"2";"1";"1";"0"
"15038";"78771108";"15038";"32";"1";"1";"7";"7";"0";"1";"1";"1";"0"
"15160";"78775104";"15160";"32";"1";"3";"2";"6";"0";"1";"1";"1";"0"
"16127";"79753105";"16127";"32";"1";"1";"7";"6";"0";"1";"1";"1";"0"
"17298";"80731210";"17298";"32";"2";"1";"7";"7";"1";"0";"1";"2";"0"
"18220";"80761306";"18220";"32";"1";"1";"7";"6";"0";"1";"1";"1";"0"
"18426";"80764406";"18426";"32";"1";"1";"7";"6";"0";"1";"1";"1";"0"
"18576";"80771501";"18576";"32";"1";"1";"7";"7";"1";"0";"1";"2";"0"
"18931";"80793108";"18931";"32";"1";"1";"7";"6";"0";"1";"1";"1";"0"
"24121";"85817506";"24121";"32";"1";"1";"7";"6";"0";"1";"1";"1";"0"
"24139";"85821205";"24139";"32";"3";"1";"7";"6";"0";"1";"1";"1";"0"
"24191";"85822406";"24191";"32";"3";"1";"1";"6";"0";"1";"2";"1";"0"
"24485";"85827304";"24485";"32";"1";"1";"7";"4";"0";"1";"1";"1";"0"
"25281";"85852402";"25281";"32";"1";"1";"7";"6";"0";"1";"1";"1";"0"
"25460";"85861107";"25460";"32";"3";"1";"7";"5";"0";"2";"0";"1";"0"
"25565";"85862406";"25565";"32";"1";"1";"7";"6";"0";"1";"1";"1";"0"
"26324";"86803204";"26324";"32";"1";"1";"7";"6";"0";"1";"1";"1";"0"
"26506";"86807501";"26506";"32";"1";"1";"7";"4";"0";"1";"1";"1";"0"
"26574";"86812202";"26574";"32";"1";"1";"7";"6";"0";"1";"1";"1";"0"
"26632";"86813104";"26632";"32";"1";"1";"7";"5";"0";"1";"1";"1";"0"
"27194";"86823503";"27194";"32";"1";"1";"7";"8";"0";"1";"1";"1";"0"
"27612";"86832206";"27612";"32";"1";"1";"7";"6";"0";"1";"1";"1";"0"
"27862";"86835101";"27862";"32";"1";"1";"7";"7";"0";"0";"1";"3";"0"
"28232";"86851312";"28232";"32";"3";"3";"2";"6";"0";"1";"1";"1";"0"
"28263";"86855106";"28263";"32";"2";"1";"7";"6";"1";"0";"1";"2";"0"
"28413";"86865202";"28413";"32";"1";"1";"7";"4";"0";"1";"1";"1";"0"
"28463";"86872303";"28463";"32";"1";"1";"7";"3";"0";"1";"1";"1";"0"
"5014";"43520";"5014";"32";"1";"1";"7";"6";"0";"1";"1";"1";"0"
"5169";"45384";"5169";"32";"1";"1";"7";"6";"0";"1";"1";"1";"0"
"5253";"45461";"5253";"32";"1";"1";"7";"7";"1";"0";"1";"2";"0"
"5562";"47416";"5562";"32";"1";"1";"7";"6";"0";"2";"0";"1";"0"
"6743";"58806";"6743";"32";"1";"1";"7";"6";"1";"0";"1";"2";"0"
"6853";"59889";"6853";"32";"1";"1";"7";"3";"0";"1";"2";"1";"0"
"6966";"60150";"6966";"32";"1";"1";"7";"6";"0";"2";"1";"1";"0"
"7195";"60948";"7195";"32";"1";"1";"7";"6";"0";"1";"1";"1";"0"
"7926";"61768";"7926";"32";"1";"1";"7";"5";"0";"2";"1";"1";"0"
"7974";"61794";"7974";"32";"1";"1";"7";"4";"1";"0";"1";"2";"0"
"8243";"61963";"8243";"32";"1";"1";"7";"6";"0";"1";"2";"1";"0"
"8419";"62192";"8419";"32";"1";"3";"1";"7";"0";"1";"2";"1";"0"
"8456";"62217";"8456";"32";"1";"1";"7";"7";"0";"1";"1";"1";"0"
"8729";"62477";"8729";"32";"3";"1";"7";"4";"0";"1";"2";"1";"0"
"8807";"62606";"8807";"32";"1";"1";"7";"7";"0";"1";"1";"1";"0"
"8875";"62651";"8875";"32";"1";"1";"7";"6";"0";"1";"1";"1";"0"
"8983";"62831";"8983";"32";"1";"1";"7";"6";"0";"1";"2";"1";"0"
"19307";"81741406";"19307";"32";"1";"1";"7";"6";"0";"1";"1";"1";"0"
"19330";"81744515";"19330";"32";"1";"1";"7";"7";"0";"1";"1";"1";"0"
"19791";"81782213";"19791";"32";"1";"1";"7";"7";"1";"0";"1";"2";"0"
"20009";"81812102";"20009";"32";"1";"3";"2";"7";"0";"1";"1";"1";"0"
"20169";"81912308";"20169";"32";"1";"1";"7";"6";"0";"1";"1";"1";"0"
"20587";"82791403";"20587";"32";"1";"1";"7";"6";"0";"1";"1";"1";"0"
"20588";"82791409";"20588";"32";"1";"1";"7";"7";"0";"0";"1";"3";"0"
"20855";"82865211";"12433";"32";"1";"1";"7";"6";"0";"1";"1";"1";"0"
"20993";"83747310";"20993";"32";"1";"1";"7";"7";"0";"1";"1";"1";"0"
"22446";"84804513";"22446";"32";"1";"1";"7";"3";"0";"1";"1";"1";"0"
"23085";"84856501";"23085";"32";"1";"1";"7";"6";"0";"1";"1";"1";"0"
"23099";"84857209";"23099";"32";"1";"1";"1";"7";"0";"1";"1";"1";"0"
"9869";"72177";"9869";"32";"1";"1";"7";"6";"0";"1";"1";"1";"0"
"10042";"72505";"10042";"32";"3";"1";"7";"6";"0";"1";"1";"1";"0"
"10070";"72538";"10070";"32";"1";"1";"7";"3";"0";"1";"3";"1";"0"
"10089";"72548";"10089";"32";"1";"1";"7";"7";"1";"0";"1";"2";"0"
"10728";"73588";"10728";"32";"1";"1";"1";"6";"1";"0";"1";"2";"0"
"10768";"73701";"10768";"32";"1";"1";"7";"3";"0";"2";"0";"1";"0"
"10780";"73716";"10780";"32";"1";"1";"7";"6";"0";"1";"1";"1";"0"
"10873";"74073";"10873";"32";"1";"1";"7";"6";"0";"1";"1";"1";"0"
"11425";"80652";"11425";"32";"3";"1";"7";"6";"1";"0";"0";"2";"0"
"11652";"81237";"11652";"32";"1";"1";"7";"4";"0";"1";"0";"1";"0"