"accident_id";"lieu_id";"date_id";"cause_id";"lum_id";"intemp_id";"etat_surface_id";"impliq_id";"nb_blesses_graves";"nb_blesses_legers";"nb_indemnes";"gravite";"nb_morts"
"11899";"83414";"11899";"32";"2";"1";"7";"6";"1";"0";"1";"2";"0"
"12177";"90332";"12177";"32";"1";"1";"7";"6";"0";"1";"1";"1";"0"
"12211";"90342";"12211";"32";"2";"3";"1";"6";"0";"1";"1";"1";"0"
"12239";"90434";"12239";"32";"1";"1";"7";"6";"0";"1";"1";"1";"0"
"12344";"90696";"12344";"32";"1";"1";"7";"6";"0";"1";"1";"1";"0"
"12361";"90744";"12361";"32";"3";"1";"7";"4";"0";"1";"1";"1";"0"
"12410";"90825";"12410";"32";"1";"1";"7";"6";"0";"1";"0";"1";"0"
"12419";"90839";"12419";"32";"1";"1";"7";"7";"0";"1";"1";"1";"0"
"12433";"90870";"12433";"32";"1";"1";"1";"6";"0";"1";"1";"1";"0"
"12753";"70827401";"12753";"32";"1";"1";"7";"6";"0";"1";"1";"1";"0"
"12881";"71817505";"12881";"32";"1";"1";"7";"6";"0";"1";"1";"1";"0"
"13006";"71827205";"13006";"32";"1";"1";"7";"4";"1";"0";"1";"2";"0"
"13073";"72802214";"13073";"32";"1";"3";"1";"7";"1";"0";"1";"2";"0"
"13257";"75734404";"13257";"32";"1";"1";"7";"6";"0";"1";"1";"1";"0"
"13452";"76724206";"13452";"32";"1";"1";"7";"7";"0";"1";"1";"1";"0"
"13456";"76726501";"13456";"32";"1";"1";"7";"6";"0";"1";"1";"1";"0"
"13485";"76733207";"13485";"32";"1";"1";"7";"7";"0";"1";"1";"1";"0"
"13640";"76774405";"13640";"32";"1";"1";"7";"6";"0";"1";"1";"1";"0"
"13661";"76775406";"13661";"32";"1";"1";"7";"6";"0";"1";"1";"1";"0"
"13875";"77737308";"13875";"32";"1";"1";"7";"7";"0";"0";"1";"3";"0"
"13919";"77745103";"13919";"32";"1";"1";"7";"6";"0";"1";"1";"1";"0"
"28727";"87803205";"28727";"32";"1";"1";"7";"6";"0";"1";"1";"1";"0"
"28906";"87811301";"28906";"32";"1";"1";"7";"5";"1";"0";"2";"2";"0"
"28945";"87812101";"28945";"32";"1";"1";"7";"6";"0";"1";"1";"1";"0"
"29134";"87821501";"29134";"32";"1";"1";"7";"6";"0";"1";"1";"1";"0"
"29145";"87821502";"29145";"32";"1";"1";"7";"6";"0";"1";"1";"1";"0"
"29298";"87833417";"29298";"32";"1";"1";"7";"6";"0";"1";"1";"1";"0"
"29318";"87834305";"29318";"32";"1";"1";"7";"6";"0";"1";"1";"1";"0"
"29543";"88801207";"29543";"32";"1";"1";"7";"6";"0";"1";"1";"1";"0"
"538";"3645";"538";"32";"1";"1";"7";"6";"1";"0";"2";"2";"0"
"1173";"13422";"1173";"32";"1";"1";"7";"6";"0";"1";"2";"1";"0"
"1272";"13691";"1272";"32";"3";"1";"7";"6";"0";"1";"1";"1";"0"
"1313";"15122";"1313";"32";"1";"1";"7";"6";"0";"1";"1";"1";"0"
"1431";"18152";"1431";"32";"1";"1";"7";"7";"1";"0";"1";"2";"0"
"1754";"26806";"1754";"32";"1";"1";"7";"6";"0";"1";"2";"1";"0"
"2063";"29038";"2063";"32";"1";"1";"7";"6";"1";"0";"1";"2";"0"
"2410";"33381";"2410";"32";"1";"1";"7";"6";"0";"1";"1";"1";"0"
"2720";"36366";"2720";"32";"1";"1";"7";"7";"1";"0";"1";"2";"0"
"3273";"39055";"3273";"32";"1";"1";"7";"6";"0";"1";"1";"1";"0"
"3598";"39697";"3598";"32";"1";"1";"7";"6";"0";"1";"1";"1";"0"
"3602";"39699";"3602";"32";"1";"1";"7";"6";"0";"1";"1";"1";"0"
"3977";"40309";"3977";"32";"1";"1";"7";"6";"0";"1";"1";"1";"0"
"4245";"40842";"4245";"32";"1";"1";"7";"6";"0";"2";"1";"1";"0"
"4267";"40885";"4267";"32";"1";"1";"7";"6";"0";"1";"1";"1";"0"
"4271";"40889";"4271";"32";"1";"1";"7";"6";"0";"1";"1";"1";"0"
"4277";"40907";"4277";"32";"1";"1";"7";"6";"0";"1";"1";"1";"0"
"4610";"41620";"4610";"32";"1";"1";"7";"6";"0";"1";"1";"1";"0"
"4705";"41755";"4705";"32";"1";"1";"7";"2";"0";"1";"2";"1";"0"
"4798";"42998";"4798";"32";"5";"3";"1";"6";"0";"1";"1";"1";"0"
"4836";"43102";"4836";"32";"1";"1";"7";"6";"0";"1";"1";"1";"0"
"4849";"43108";"4849";"32";"3";"1";"7";"6";"0";"1";"1";"1";"0"
"1705";"25352";"1705";"33";"1";"6";"1";"6";"0";"1";"0";"1";"0"
"5404";"46358";"5404";"33";"1";"2";"2";"7";"1";"0";"2";"2";"0"
"6147";"49660";"6147";"33";"5";"3";"2";"6";"2";"2";"1";"2";"0"
"17113";"79797304";"17113";"33";"1";"1";"7";"6";"0";"1";"1";"1";"0"
"20318";"82753407";"20318";"33";"1";"1";"7";"3";"0";"1";"1";"1";"0"
"21650";"83857311";"21650";"33";"1";"1";"7";"4";"0";"1";"1";"1";"0"
"11022";"76781";"11022";"33";"1";"3";"1";"7";"0";"2";"3";"1";"0"
"12961";"71824215";"12961";"33";"1";"1";"7";"6";"0";"1";"1";"1";"0"
"13916";"77745103";"13916";"33";"1";"1";"7";"3";"0";"1";"1";"1";"0"
"14040";"77763214";"14040";"33";"1";"1";"7";"3";"0";"1";"1";"1";"0"
"11083";"78261";"11083";"34";"1";"1";"7";"4";"0";"1";"1";"1";"0"
"11421";"80652";"11421";"34";"1";"1";"7";"6";"0";"5";"0";"1";"0"
"5969";"48930";"5969";"34";"1";"1";"7";"6";"0";"1";"1";"1";"0"
"6423";"52995";"6423";"34";"1";"1";"7";"4";"0";"1";"1";"1";"0"
"6458";"53088";"6458";"34";"1";"1";"7";"5";"1";"0";"2";"2";"0"
"820";"8185";"820";"34";"3";"6";"7";"7";"1";"0";"1";"2";"0"
"4810";"43085";"4810";"34";"1";"1";"7";"6";"1";"2";"0";"2";"0"
"14999";"78766510";"14999";"34";"3";"1";"7";"6";"0";"1";"1";"1";"0"
"16527";"79763301";"16527";"34";"2";"1";"7";"6";"0";"1";"1";"1";"0"
"14589";"78732302";"14589";"35";"1";"1";"7";"3";"0";"1";"0";"1";"0"
"14800";"78755209";"14800";"35";"1";"1";"7";"7";"0";"1";"2";"1";"0"
"14820";"78757101";"14820";"35";"1";"1";"7";"4";"0";"1";"1";"1";"0"
"14981";"78765308";"14981";"35";"1";"1";"7";"4";"0";"1";"1";"1";"0"
"14989";"78765410";"14989";"35";"3";"1";"1";"6";"0";"1";"1";"1";"0"
"15137";"78773506";"15137";"35";"3";"1";"7";"4";"0";"2";"1";"1";"0"
"15177";"78775105";"15177";"35";"3";"1";"7";"4";"0";"1";"1";"1";"0"
"15305";"78785204";"15305";"35";"1";"1";"1";"3";"0";"1";"1";"1";"0"
"15800";"79744203";"15800";"35";"1";"1";"7";"3";"0";"1";"1";"1";"0"
"15863";"79745406";"15863";"35";"1";"1";"7";"3";"0";"1";"1";"1";"0"
"15938";"79747502";"15938";"35";"1";"1";"7";"4";"0";"1";"1";"1";"0"
"16317";"79755109";"16317";"35";"1";"1";"7";"4";"0";"1";"1";"1";"0"
"16414";"79757301";"16414";"35";"1";"1";"7";"4";"0";"1";"1";"1";"0"
"16567";"79764201";"16567";"35";"1";"1";"7";"3";"0";"1";"1";"1";"0"
"16580";"79764301";"16580";"35";"1";"1";"7";"3";"0";"0";"1";"3";"0"
"16680";"79766401";"16680";"35";"3";"1";"7";"4";"0";"1";"1";"1";"0"
"16988";"79781508";"16988";"35";"1";"1";"7";"3";"0";"1";"1";"1";"0"
"17457";"80742106";"17457";"35";"1";"3";"2";"4";"0";"1";"1";"1";"0"
"17507";"80742307";"17507";"35";"1";"3";"1";"4";"0";"1";"1";"1";"0"
"17598";"80744302";"17598";"35";"1";"1";"7";"6";"0";"1";"1";"1";"0"
"17808";"80751502";"17808";"35";"1";"1";"7";"3";"0";"1";"1";"1";"0"
"17908";"80753105";"17908";"35";"1";"1";"7";"4";"0";"1";"1";"1";"0"
"18024";"80754409";"18024";"35";"1";"3";"7";"6";"0";"2";"2";"1";"0"
"18067";"80755407";"18067";"35";"1";"1";"7";"5";"0";"2";"1";"1";"0"
"18091";"80756103";"18091";"35";"5";"1";"7";"4";"0";"1";"1";"1";"0"
"18267";"80762106";"18267";"35";"5";"1";"7";"4";"0";"1";"1";"1";"0"
"18354";"80763501";"18354";"35";"1";"1";"7";"3";"0";"1";"1";"1";"0"
"18688";"80775101";"18688";"35";"1";"1";"7";"3";"0";"1";"1";"1";"0"
"19022";"80797508";"19022";"35";"3";"1";"7";"3";"0";"1";"1";"1";"0"
"19086";"80807107";"19086";"35";"1";"1";"7";"3";"1";"0";"1";"2";"0"
"4887";"43190";"4887";"35";"1";"1";"7";"3";"0";"1";"1";"1";"0"
"4890";"43193";"4890";"35";"1";"1";"2";"3";"0";"1";"1";"1";"0"
"5369";"46311";"5369";"35";"1";"1";"7";"4";"0";"1";"1";"1";"0"
"5536";"47368";"5536";"35";"1";"1";"7";"3";"0";"1";"1";"1";"0"
"5587";"47490";"5587";"35";"1";"1";"7";"3";"0";"1";"1";"1";"0"
"5610";"47529";"5610";"35";"1";"3";"1";"6";"0";"1";"1";"1";"0"
"5686";"47614";"5686";"35";"1";"2";"1";"6";"0";"1";"1";"1";"0"
"5776";"48313";"5776";"35";"1";"1";"7";"4";"0";"1";"1";"1";"0"
"5867";"48633";"5867";"35";"2";"1";"7";"4";"0";"1";"2";"1";"0"
"5878";"48636";"5878";"35";"3";"1";"7";"6";"0";"1";"1";"1";"0"
"5959";"48919";"5959";"35";"1";"1";"7";"3";"1";"0";"0";"2";"0"
"6386";"52230";"6386";"35";"1";"1";"7";"4";"0";"1";"1";"1";"0"
"6700";"57954";"6700";"35";"1";"1";"7";"3";"1";"0";"1";"2";"0"
"6725";"58711";"6725";"35";"3";"3";"2";"3";"0";"1";"1";"1";"0"
"7039";"60826";"7039";"35";"1";"1";"7";"4";"0";"1";"1";"1";"0"
"7073";"60850";"7073";"35";"1";"1";"7";"3";"0";"1";"1";"1";"0"
"7114";"60868";"7114";"35";"1";"3";"1";"4";"0";"1";"1";"1";"0"
"7233";"60977";"7233";"35";"1";"1";"7";"4";"0";"1";"1";"1";"0"
"7659";"61481";"7659";"35";"3";"3";"2";"3";"0";"1";"1";"1";"0"
"7750";"61545";"7750";"35";"1";"1";"7";"3";"0";"1";"1";"1";"0"
"7771";"61574";"7771";"35";"3";"1";"7";"4";"0";"1";"0";"1";"0"
"7938";"61770";"7938";"35";"3";"3";"1";"3";"0";"1";"1";"1";"0"
"8426";"62212";"8426";"35";"1";"1";"7";"4";"0";"1";"1";"1";"0"
"8466";"62219";"8466";"35";"1";"1";"7";"4";"0";"1";"1";"1";"0"
"8485";"62224";"8485";"35";"1";"1";"7";"4";"0";"1";"1";"1";"0"
"8595";"62350";"8595";"35";"3";"1";"1";"3";"0";"1";"0";"1";"0"
"8826";"62611";"8826";"35";"1";"1";"7";"4";"0";"1";"1";"1";"0"
"9018";"62953";"9018";"35";"1";"1";"7";"4";"0";"1";"1";"1";"0"
"9215";"65913";"9215";"35";"1";"1";"7";"4";"0";"1";"2";"1";"0"
"9503";"68891";"9503";"35";"1";"1";"7";"3";"1";"0";"1";"2";"0"
"9973";"72374";"9973";"35";"3";"1";"7";"6";"0";"3";"1";"1";"0"
"10156";"72631";"10156";"35";"1";"1";"7";"3";"0";"1";"1";"1";"0"
"10210";"72652";"10210";"35";"1";"1";"7";"3";"0";"1";"1";"1";"0"
"10376";"72975";"10376";"35";"1";"1";"7";"4";"0";"1";"1";"1";"0"
"10657";"73465";"10657";"35";"1";"6";"1";"4";"0";"2";"1";"1";"0"
"10757";"73672";"10757";"35";"1";"1";"7";"4";"0";"1";"1";"1";"0"
"10827";"73828";"10827";"35";"1";"1";"7";"4";"0";"1";"1";"1";"0"
"10870";"74057";"10870";"35";"1";"1";"7";"4";"0";"1";"1";"1";"0"
"10949";"76658";"10949";"35";"1";"1";"7";"4";"0";"1";"1";"1";"0"
"11002";"76774";"11002";"35";"1";"1";"1";"3";"0";"1";"1";"1";"0"
"11015";"76780";"11015";"35";"4";"3";"1";"7";"0";"3";"1";"1";"0"
"11067";"76987";"11067";"35";"1";"1";"7";"3";"0";"1";"2";"1";"0"
"11187";"78538";"11187";"35";"1";"1";"7";"4";"0";"1";"1";"1";"0"
"11214";"78672";"11214";"35";"1";"1";"7";"5";"0";"1";"1";"1";"0"
"11314";"79494";"11314";"35";"1";"1";"7";"4";"0";"1";"1";"1";"0"
"11459";"80736";"11459";"35";"1";"1";"7";"3";"1";"0";"1";"2";"0"
"11658";"81243";"11658";"35";"1";"1";"7";"3";"0";"1";"1";"1";"0"
"11698";"81351";"11698";"35";"1";"1";"7";"3";"0";"1";"1";"1";"0"
"12032";"90157";"12032";"35";"1";"1";"7";"4";"0";"1";"0";"1";"0"
"12035";"90162";"12035";"35";"1";"1";"7";"4";"0";"1";"1";"1";"0"
"12147";"90307";"12147";"35";"1";"1";"7";"3";"0";"2";"1";"1";"0"
"12305";"90575";"12305";"35";"1";"1";"7";"5";"0";"1";"1";"1";"0"
"12306";"90575";"12306";"35";"3";"6";"1";"4";"0";"1";"1";"1";"0"
"12362";"90745";"12362";"35";"3";"1";"7";"3";"0";"1";"1";"1";"0"
"12439";"90882";"12439";"35";"1";"1";"7";"4";"0";"1";"1";"1";"0"
"12658";"70817406";"12658";"35";"1";"1";"7";"3";"0";"1";"1";"1";"0"
"12671";"70823102";"12671";"35";"1";"2";"1";"3";"0";"1";"1";"1";"0"
"12672";"70823102";"12672";"35";"1";"1";"7";"3";"1";"0";"1";"2";"0"
"12689";"70825401";"12689";"35";"1";"1";"7";"4";"0";"1";"1";"1";"0"
"12691";"70825401";"12691";"35";"1";"1";"7";"5";"1";"0";"1";"2";"0"
"12739";"70827305";"12739";"35";"1";"1";"7";"3";"1";"0";"1";"2";"0"
"13034";"71833212";"13034";"35";"3";"2";"1";"3";"1";"0";"1";"2";"0"
"13084";"72822310";"13084";"35";"3";"1";"7";"4";"0";"1";"1";"1";"0"
"13105";"72825401";"13105";"35";"1";"1";"7";"3";"1";"0";"1";"2";"0"
"13108";"72825504";"13108";"35";"1";"1";"7";"3";"0";"1";"1";"1";"0"
"13338";"75776404";"13338";"35";"3";"1";"7";"6";"0";"1";"0";"1";"0"
"13470";"76731405";"13470";"35";"1";"1";"7";"3";"0";"1";"1";"1";"0"
"14072";"77765202";"14072";"35";"1";"1";"7";"3";"0";"1";"1";"1";"0"
"24000";"85814405";"24000";"35";"1";"1";"7";"6";"0";"1";"1";"1";"0"
"24084";"85816101";"24084";"35";"1";"1";"7";"4";"0";"1";"2";"1";"0"
"24208";"85822505";"24208";"35";"1";"1";"7";"3";"0";"1";"1";"1";"0"
"24251";"85823501";"24251";"35";"1";"1";"7";"4";"0";"1";"1";"1";"0"
"24265";"85824101";"24265";"35";"1";"1";"7";"4";"0";"1";"1";"1";"0"
"24425";"85826303";"24425";"35";"1";"1";"7";"5";"0";"2";"1";"1";"0"
"24491";"85827309";"24491";"35";"1";"1";"7";"4";"0";"1";"1";"1";"0"
"24590";"85833306";"24590";"35";"1";"1";"7";"3";"0";"1";"1";"1";"0"
"24661";"85834308";"24661";"35";"1";"1";"7";"4";"0";"1";"1";"1";"0"
"24937";"85842105";"24937";"35";"1";"1";"7";"5";"0";"1";"1";"1";"0"
"25024";"85845203";"25024";"35";"1";"1";"7";"5";"0";"1";"1";"1";"0"
"25044";"85845304";"25044";"35";"1";"1";"7";"5";"0";"1";"1";"1";"0"
"25186";"85851309";"25186";"35";"1";"1";"7";"3";"0";"1";"1";"1";"0"
"25285";"85852403";"25285";"35";"1";"1";"7";"3";"1";"0";"1";"2";"0"
"25497";"85861302";"25497";"35";"1";"1";"7";"3";"0";"1";"1";"1";"0"
"25502";"85861304";"25502";"35";"1";"1";"7";"3";"0";"1";"1";"1";"0"
"25849";"85873104";"25849";"35";"1";"1";"7";"3";"1";"0";"1";"2";"0"
"25908";"85874501";"25908";"35";"1";"1";"7";"4";"0";"1";"1";"1";"0"
"26075";"85883204";"26075";"35";"1";"1";"7";"3";"0";"0";"1";"3";"0"
"26112";"85887504";"26112";"35";"1";"2";"2";"3";"1";"0";"1";"2";"0"
"26195";"86783401";"26195";"35";"1";"1";"7";"3";"0";"1";"1";"1";"0"
"26217";"86786205";"26217";"35";"1";"1";"7";"6";"1";"0";"1";"2";"0"
"26254";"86796401";"26254";"35";"3";"1";"7";"4";"0";"2";"1";"1";"0"
"26338";"86803403";"26338";"35";"1";"1";"7";"3";"0";"1";"1";"1";"0"
"26343";"86803403";"26343";"35";"1";"1";"7";"6";"0";"2";"1";"1";"0"
"26355";"86803505";"26355";"35";"1";"1";"7";"3";"0";"1";"1";"1";"0"
"26527";"86811201";"26527";"35";"1";"1";"7";"3";"0";"1";"1";"1";"0"
"26704";"86814205";"26704";"35";"1";"1";"7";"3";"0";"1";"1";"1";"0"
"26836";"86817101";"26836";"35";"1";"2";"2";"4";"0";"1";"1";"1";"0"
"26971";"86821505";"26971";"35";"1";"1";"7";"4";"0";"1";"1";"1";"0"
"27019";"86822301";"27019";"35";"1";"1";"7";"3";"0";"1";"1";"1";"0"
"27022";"86822301";"27022";"35";"2";"1";"7";"4";"0";"1";"1";"1";"0"
"27035";"86822502";"27035";"35";"1";"1";"7";"4";"0";"1";"1";"1";"0"
"27056";"86823104";"27056";"35";"1";"1";"7";"4";"0";"1";"1";"1";"0"
"27102";"86823304";"27102";"35";"1";"1";"7";"3";"0";"1";"1";"1";"0"
"27190";"86823503";"27190";"35";"1";"1";"7";"3";"0";"0";"1";"3";"0"
"27191";"86823503";"27191";"35";"1";"1";"7";"3";"0";"1";"2";"1";"0"
"27193";"86823503";"27193";"35";"1";"1";"7";"3";"0";"1";"0";"1";"0"
"27202";"86823505";"27202";"35";"1";"1";"7";"4";"0";"1";"1";"1";"0"
"27216";"86824204";"27216";"35";"1";"1";"7";"3";"0";"1";"1";"1";"0"
"27509";"86831207";"27509";"35";"1";"1";"7";"4";"0";"1";"1";"1";"0"
"27514";"86831207";"27514";"35";"1";"1";"7";"4";"0";"1";"1";"1";"0"
"27519";"86831207";"27519";"35";"1";"1";"7";"4";"0";"1";"1";"1";"0"
"27596";"86832201";"27596";"35";"1";"1";"7";"4";"0";"1";"1";"1";"0"
"27597";"86832201";"25943";"35";"1";"1";"7";"4";"0";"1";"0";"1";"0"
"27610";"86832206";"27610";"35";"1";"1";"7";"4";"0";"1";"0";"1";"0"
"27670";"86833103";"27670";"35";"2";"1";"7";"4";"0";"1";"1";"1";"0"
"28077";"86844302";"28077";"35";"1";"1";"7";"6";"0";"1";"1";"1";"0"
"28287";"86855502";"28287";"35";"1";"1";"7";"3";"0";"1";"1";"1";"0"
"28481";"86872303";"28481";"35";"1";"1";"7";"3";"0";"1";"1";"1";"0"
"28602";"87791507";"28602";"35";"1";"1";"7";"6";"0";"1";"1";"1";"0"
"356";"1427";"356";"35";"1";"1";"7";"5";"0";"2";"1";"1";"0"
"423";"2026";"423";"35";"1";"1";"1";"6";"1";"0";"2";"2";"0"
"472";"3484";"472";"35";"1";"1";"7";"3";"0";"1";"1";"1";"0"
"539";"3645";"539";"35";"1";"1";"7";"4";"0";"1";"1";"1";"0"
"572";"3832";"572";"35";"1";"1";"7";"3";"0";"1";"1";"1";"0"
"620";"4720";"620";"35";"1";"6";"7";"3";"0";"1";"1";"1";"0"
"647";"4880";"647";"35";"1";"1";"7";"3";"1";"0";"1";"2";"0"
"967";"10594";"967";"35";"1";"1";"7";"3";"0";"1";"1";"1";"0"
"1224";"13488";"1224";"35";"1";"7";"7";"4";"0";"1";"1";"1";"0"
"1278";"13695";"1278";"35";"3";"1";"7";"4";"0";"1";"1";"1";"0"
"1355";"16584";"1355";"35";"1";"1";"7";"4";"0";"1";"1";"1";"0"
"1372";"16734";"1372";"35";"1";"1";"7";"4";"0";"1";"1";"1";"0"
"1558";"22752";"1558";"35";"1";"1";"7";"6";"0";"1";"1";"1";"0"
"1566";"22787";"1566";"35";"1";"1";"7";"6";"1";"0";"1";"2";"0"
"1742";"26783";"1742";"35";"3";"1";"7";"6";"0";"1";"1";"1";"0"
"1775";"26906";"1775";"35";"2";"1";"7";"4";"0";"1";"1";"1";"0"
"1862";"27134";"1862";"35";"1";"1";"7";"4";"1";"0";"1";"2";"0"
"2330";"31769";"2330";"35";"1";"1";"7";"4";"0";"1";"1";"1";"0"
"2373";"31979";"2373";"35";"1";"1";"7";"4";"0";"1";"1";"1";"0"
"2563";"33907";"2563";"35";"1";"1";"7";"6";"1";"0";"1";"2";"0"
"2630";"35427";"2630";"35";"1";"1";"7";"4";"0";"1";"1";"1";"0"
"2736";"36456";"2736";"35";"5";"1";"7";"6";"1";"0";"1";"2";"0"
"3078";"38746";"3078";"35";"1";"1";"7";"4";"0";"1";"1";"1";"0"
"3771";"40050";"3258";"35";"1";"1";"7";"4";"0";"1";"1";"1";"0"
"3779";"40053";"3779";"35";"1";"1";"7";"4";"1";"0";"1";"2";"0"
"3960";"40304";"3960";"35";"3";"3";"2";"4";"0";"1";"1";"1";"0"
"3972";"40308";"3972";"35";"1";"1";"7";"3";"0";"1";"1";"1";"0"
"3985";"40311";"3985";"35";"1";"1";"7";"5";"0";"1";"1";"1";"0"
"4005";"40361";"4005";"35";"1";"1";"7";"3";"0";"1";"1";"1";"0"
"4023";"40379";"4023";"35";"1";"1";"7";"4";"0";"1";"1";"1";"0"
"4354";"41031";"4354";"35";"5";"1";"7";"6";"1";"1";"3";"2";"0"
"4426";"41236";"4426";"35";"1";"1";"7";"6";"0";"1";"1";"1";"0"
"4427";"41236";"4427";"35";"1";"1";"7";"6";"0";"2";"1";"1";"0"
"4428";"41236";"4428";"35";"1";"3";"2";"6";"0";"1";"2";"1";"0"
"28813";"87807103";"28813";"35";"1";"1";"7";"3";"0";"1";"1";"1";"0"
"28900";"87811202";"28900";"35";"1";"1";"7";"3";"0";"1";"0";"1";"0"
"28953";"87812102";"28953";"35";"1";"1";"7";"3";"0";"1";"1";"1";"0"
"28978";"87813102";"28978";"35";"2";"1";"7";"4";"1";"0";"1";"2";"0"
"28986";"87813103";"28986";"35";"1";"1";"7";"3";"0";"1";"1";"1";"0"
"29154";"87822105";"29154";"35";"1";"1";"7";"3";"0";"1";"1";"1";"0"
"29192";"87822501";"29192";"35";"1";"1";"7";"4";"0";"1";"1";"1";"0"
"29344";"87835102";"29344";"35";"1";"1";"7";"3";"0";"1";"1";"1";"0"
"29412";"87841503";"29412";"35";"1";"1";"7";"6";"0";"0";"1";"3";"0"
"29528";"88792202";"1859";"35";"2";"1";"7";"4";"0";"1";"1";"1";"0"
"29769";"89814408";"29769";"35";"1";"1";"7";"4";"0";"1";"1";"1";"0"
"19276";"81726404";"19276";"35";"3";"7";"2";"3";"0";"1";"0";"1";"0"
"19310";"81741501";"19310";"35";"2";"1";"7";"4";"0";"1";"1";"1";"0"
"19408";"81756102";"19408";"35";"5";"1";"1";"4";"0";"1";"1";"1";"0"
"19409";"81756102";"19409";"35";"2";"1";"7";"8";"0";"1";"2";"1";"0"
"19690";"81772105";"19690";"35";"1";"1";"7";"3";"1";"0";"1";"2";"0"
"19783";"81782206";"19783";"35";"1";"1";"1";"4";"1";"0";"1";"2";"0"
"19995";"81806509";"19995";"35";"1";"1";"7";"3";"0";"1";"1";"1";"0"
"20090";"81871506";"20090";"35";"1";"1";"7";"4";"0";"1";"1";"1";"0"
"20186";"82706508";"20186";"35";"1";"1";"7";"4";"0";"1";"0";"1";"0"
"20560";"82776516";"20560";"35";"1";"1";"7";"3";"0";"1";"1";"1";"0"
"20571";"82784410";"20571";"35";"1";"1";"7";"4";"0";"1";"1";"1";"0"
"20580";"82785401";"20580";"35";"1";"1";"7";"3";"0";"1";"1";"1";"0"
"20866";"82887105";"5556";"35";"1";"1";"7";"3";"1";"0";"1";"2";"0"
"20882";"82897501";"20882";"35";"1";"1";"7";"4";"1";"0";"1";"2";"0"
"20897";"82926302";"20897";"35";"2";"1";"7";"5";"1";"0";"1";"2";"0"
"21039";"83751404";"21039";"35";"3";"3";"1";"3";"0";"1";"1";"1";"0"
"21050";"83753205";"21050";"35";"1";"1";"7";"3";"1";"0";"1";"2";"0"
"21240";"83784206";"21240";"35";"1";"1";"7";"4";"0";"1";"1";"1";"0"
"21243";"83785201";"21243";"35";"1";"1";"7";"3";"1";"0";"1";"2";"0"
"21581";"83836503";"21581";"35";"1";"1";"6";"3";"0";"0";"1";"3";"0"
"21729";"83867504";"21729";"35";"1";"1";"7";"3";"0";"1";"1";"1";"0"
"21762";"83871108";"21762";"35";"3";"3";"1";"6";"1";"0";"1";"2";"0"
"21936";"83893501";"21936";"35";"1";"1";"6";"3";"0";"1";"1";"1";"0"
"22158";"84744506";"22158";"35";"1";"1";"7";"4";"0";"1";"1";"1";"0"
"22246";"84763510";"22246";"35";"1";"1";"7";"3";"0";"1";"1";"1";"0"
"22547";"84812106";"22547";"35";"1";"1";"7";"4";"0";"1";"1";"1";"0"
"22553";"84812202";"22553";"35";"1";"1";"7";"3";"0";"1";"1";"1";"0"
"22799";"84834202";"22799";"35";"1";"1";"7";"4";"0";"1";"1";"1";"0"
"23002";"84851502";"23002";"35";"1";"1";"7";"3";"0";"1";"1";"1";"0"
"23094";"84857209";"23094";"35";"1";"1";"7";"4";"0";"1";"1";"1";"0"
"23175";"84862101";"23175";"35";"1";"3";"2";"4";"0";"1";"1";"1";"0"
"23412";"84872302";"23412";"35";"1";"1";"7";"6";"0";"1";"1";"1";"0"
"23428";"84873107";"23428";"35";"1";"1";"7";"3";"0";"1";"1";"1";"0"
"23477";"84874402";"23477";"35";"3";"1";"7";"4";"0";"1";"1";"1";"0"
"23487";"84875210";"23487";"35";"1";"1";"7";"4";"0";"1";"1";"1";"0"
"23916";"85811505";"23916";"35";"1";"1";"7";"3";"0";"1";"1";"1";"0"
"19737";"81774401";"19737";"36";"3";"1";"7";"3";"0";"1";"1";"1";"0"
"20055";"81835506";"20055";"36";"1";"1";"7";"6";"0";"1";"1";"1";"0"
"20166";"81911403";"20166";"36";"1";"1";"7";"6";"0";"1";"1";"1";"0"
"20227";"82721206";"20227";"36";"1";"1";"7";"4";"1";"0";"1";"2";"0"
"20814";"82826307";"20814";"36";"1";"3";"1";"6";"0";"2";"1";"1";"0"
"21239";"83784206";"21239";"36";"1";"1";"1";"3";"0";"0";"1";"3";"0"
"21870";"83885103";"21870";"36";"1";"1";"7";"3";"0";"1";"1";"1";"0"
"22050";"83932301";"22050";"36";"1";"1";"7";"6";"1";"0";"2";"2";"0"
"22087";"84731210";"22087";"36";"2";"1";"2";"3";"0";"1";"0";"1";"0"
"22317";"84777203";"22317";"36";"3";"1";"7";"6";"0";"1";"1";"1";"0"
"22943";"84846501";"22943";"36";"1";"1";"7";"3";"1";"0";"1";"2";"0"
"9789";"72084";"9789";"36";"1";"1";"1";"6";"0";"1";"0";"1";"0"
"10122";"72594";"10122";"36";"1";"1";"7";"6";"0";"1";"1";"1";"0"
"10227";"72676";"10227";"36";"1";"3";"1";"6";"0";"1";"4";"1";"0"
"10950";"76658";"10950";"36";"1";"1";"7";"7";"0";"1";"1";"1";"0"
"10997";"76772";"10997";"36";"3";"4";"2";"6";"0";"1";"1";"1";"0"
"11009";"76778";"11009";"36";"1";"1";"7";"6";"3";"0";"0";"2";"0"
"11025";"76782";"11025";"36";"1";"1";"7";"3";"1";"1";"1";"2";"0"
"11033";"76819";"11033";"36";"1";"1";"7";"3";"0";"1";"1";"1";"0"