"accident_id";"lieu_id";"date_id";"cause_id";"lum_id";"intemp_id";"etat_surface_id";"impliq_id";"nb_blesses_graves";"nb_blesses_legers";"nb_indemnes";"gravite";"nb_morts"
"11078";"77564";"11078";"36";"5";"3";"1";"6";"2";"0";"1";"2";"0"
"11086";"78265";"11086";"36";"1";"1";"7";"6";"0";"0";"2";"3";"0"
"11323";"79517";"11323";"36";"1";"1";"7";"2";"0";"2";"0";"1";"0"
"11336";"79630";"11336";"36";"5";"3";"2";"6";"0";"2";"0";"1";"0"
"11457";"80736";"11457";"36";"1";"1";"7";"6";"0";"1";"5";"1";"0"
"11471";"80787";"11471";"36";"1";"3";"1";"6";"0";"2";"1";"1";"0"
"11485";"80867";"11485";"36";"3";"1";"7";"4";"0";"1";"1";"1";"0"
"11511";"80957";"11511";"36";"1";"1";"7";"3";"0";"1";"1";"1";"0"
"11647";"81233";"11647";"36";"1";"1";"7";"7";"0";"1";"2";"1";"0"
"11689";"81304";"11689";"36";"3";"1";"7";"6";"0";"1";"2";"1";"0"
"11727";"81476";"11727";"36";"1";"1";"7";"3";"0";"1";"0";"1";"0"
"11747";"81522";"11747";"36";"3";"3";"1";"6";"0";"1";"1";"1";"0"
"11912";"83436";"11912";"36";"1";"1";"7";"6";"0";"1";"1";"1";"0"
"12001";"90096";"12001";"36";"5";"3";"2";"6";"0";"3";"0";"1";"0"
"12045";"90191";"12045";"36";"1";"1";"7";"4";"0";"1";"2";"1";"0"
"12077";"90242";"12077";"36";"1";"1";"7";"3";"0";"1";"1";"1";"0"
"12090";"90263";"12090";"36";"1";"1";"7";"2";"0";"2";"0";"1";"0"
"12148";"90308";"12148";"36";"1";"1";"7";"4";"0";"1";"1";"1";"0"
"12156";"90309";"12156";"36";"3";"1";"7";"6";"0";"1";"1";"1";"0"
"12183";"90332";"12183";"36";"3";"1";"7";"2";"1";"0";"1";"2";"0"
"12229";"90387";"12229";"36";"1";"1";"7";"4";"1";"0";"1";"2";"0"
"12257";"90449";"12257";"36";"4";"2";"2";"4";"0";"1";"1";"1";"0"
"12379";"90779";"12379";"36";"1";"1";"7";"6";"0";"1";"0";"1";"0"
"12389";"90791";"12389";"36";"1";"3";"2";"6";"0";"1";"1";"1";"0"
"12402";"90810";"12402";"36";"1";"1";"7";"6";"2";"1";"0";"2";"0"
"13144";"73782302";"13144";"36";"1";"1";"7";"4";"1";"1";"0";"2";"0"
"13265";"75736501";"13265";"36";"1";"3";"2";"6";"0";"1";"1";"1";"0"
"13416";"75806206";"13416";"36";"1";"1";"7";"6";"0";"1";"1";"1";"0"
"14201";"77776305";"14201";"36";"1";"1";"7";"3";"0";"1";"1";"1";"0"
"14668";"78743302";"14668";"36";"1";"1";"7";"6";"0";"1";"1";"1";"0"
"15732";"79736505";"14674";"36";"2";"1";"7";"6";"0";"1";"2";"1";"0"
"16885";"79773505";"16885";"36";"1";"3";"1";"6";"0";"2";"1";"1";"0"
"17199";"79913206";"17199";"36";"1";"1";"1";"6";"0";"3";"1";"1";"0"
"18047";"80755307";"18047";"36";"1";"1";"7";"6";"0";"1";"1";"1";"0"
"4894";"43212";"4894";"36";"3";"1";"7";"4";"0";"1";"1";"1";"0"
"4899";"43214";"4899";"36";"3";"1";"7";"6";"0";"1";"3";"1";"0"
"4905";"43233";"4905";"36";"1";"1";"7";"6";"0";"1";"1";"1";"0"
"4939";"43305";"4939";"36";"1";"1";"7";"6";"0";"1";"2";"1";"0"
"5075";"44559";"5075";"36";"5";"2";"1";"6";"0";"2";"2";"1";"0"
"5110";"45246";"5110";"36";"1";"1";"7";"5";"0";"2";"1";"1";"0"
"5152";"45336";"5152";"36";"1";"1";"7";"6";"0";"1";"3";"1";"0"
"5202";"45394";"5202";"36";"1";"1";"7";"4";"0";"1";"1";"1";"0"
"5303";"45609";"5303";"36";"1";"1";"7";"4";"0";"1";"1";"1";"0"
"5310";"45632";"5310";"36";"1";"1";"7";"6";"0";"2";"0";"1";"0"
"5362";"46307";"5362";"36";"1";"1";"7";"6";"0";"1";"1";"1";"0"
"5443";"46395";"5443";"36";"1";"1";"7";"6";"0";"1";"1";"1";"0"
"5459";"46406";"5459";"36";"1";"1";"7";"3";"0";"1";"1";"1";"0"
"5481";"46511";"5481";"36";"1";"3";"1";"6";"0";"1";"1";"1";"0"
"5544";"47374";"5544";"36";"1";"1";"7";"7";"1";"0";"1";"2";"0"
"5712";"47632";"5712";"36";"1";"1";"1";"6";"0";"1";"1";"1";"0"
"5772";"48305";"5772";"36";"1";"4";"4";"6";"3";"2";"0";"3";"0"
"5779";"48336";"5779";"36";"1";"1";"7";"6";"0";"1";"1";"1";"0"
"5872";"48634";"5872";"36";"1";"1";"7";"3";"0";"1";"1";"1";"0"
"5932";"48861";"5932";"36";"3";"1";"7";"6";"4";"2";"0";"3";"1"
"5950";"48862";"5950";"36";"1";"1";"7";"3";"0";"3";"0";"1";"0"
"6065";"49100";"6065";"36";"1";"1";"7";"6";"0";"1";"0";"1";"0"
"6170";"50159";"6170";"36";"1";"1";"7";"3";"0";"1";"1";"1";"0"
"6261";"50495";"6261";"36";"1";"1";"7";"4";"1";"0";"1";"2";"0"
"6272";"51744";"6272";"36";"2";"1";"7";"3";"1";"0";"1";"2";"0"
"6411";"52911";"6411";"36";"4";"6";"4";"6";"0";"1";"2";"1";"0"
"6450";"53083";"6450";"36";"3";"3";"1";"6";"2";"2";"0";"2";"0"
"6582";"55011";"6582";"36";"5";"1";"1";"6";"1";"0";"0";"3";"0"
"6631";"55759";"6631";"36";"1";"1";"7";"3";"1";"0";"1";"2";"0"
"6643";"55762";"6643";"36";"2";"3";"2";"6";"0";"3";"1";"1";"0"
"6747";"58807";"6747";"36";"1";"1";"7";"6";"0";"1";"1";"1";"0"
"6751";"58810";"6751";"36";"1";"1";"7";"3";"1";"0";"1";"2";"0"
"6795";"59004";"6795";"36";"1";"1";"7";"6";"1";"1";"1";"2";"0"
"6831";"59840";"6831";"36";"3";"1";"7";"6";"0";"1";"1";"1";"0"
"6885";"59946";"6885";"36";"1";"1";"7";"6";"0";"2";"0";"1";"0"
"6987";"60205";"6987";"36";"2";"1";"1";"6";"0";"3";"0";"1";"0"
"6989";"60218";"6989";"36";"3";"1";"7";"6";"1";"0";"1";"3";"0"
"7000";"60259";"7000";"36";"3";"1";"5";"4";"0";"0";"1";"3";"0"
"7078";"60852";"7078";"36";"1";"1";"7";"3";"0";"1";"1";"1";"0"
"7109";"60868";"7109";"36";"1";"1";"7";"0";"0";"1";"2";"1";"0"
"7218";"60971";"7218";"36";"1";"1";"7";"3";"0";"1";"0";"1";"0"
"7222";"60972";"7222";"36";"1";"1";"7";"7";"1";"0";"2";"2";"0"
"7258";"60990";"7258";"36";"1";"1";"7";"6";"0";"1";"1";"1";"0"
"7291";"61078";"7291";"36";"3";"2";"1";"6";"0";"2";"0";"1";"0"
"7555";"61369";"7555";"36";"1";"1";"7";"6";"0";"1";"1";"1";"0"
"7649";"61479";"7649";"36";"3";"1";"1";"3";"0";"1";"1";"1";"0"
"7690";"61505";"7690";"36";"3";"1";"7";"6";"0";"2";"2";"1";"0"
"7785";"61597";"7785";"36";"1";"1";"7";"4";"0";"1";"0";"1";"0"
"8030";"61820";"8030";"36";"1";"1";"7";"4";"0";"1";"1";"1";"0"
"8071";"61858";"8071";"36";"3";"3";"1";"6";"0";"1";"2";"1";"0"
"8168";"61901";"8168";"36";"1";"1";"7";"6";"0";"1";"2";"1";"0"
"8199";"61908";"8199";"36";"3";"3";"2";"6";"0";"7";"3";"1";"0"
"8207";"61910";"8207";"36";"1";"1";"7";"3";"0";"2";"1";"1";"0"
"8211";"61912";"8211";"36";"1";"1";"7";"4";"0";"1";"3";"1";"0"
"8212";"61912";"8212";"36";"1";"1";"1";"3";"0";"1";"1";"1";"0"
"8226";"61937";"8226";"36";"1";"6";"1";"4";"0";"1";"1";"1";"0"
"8284";"62021";"8284";"36";"3";"1";"7";"4";"0";"1";"1";"1";"0"
"8468";"62220";"8468";"36";"1";"1";"7";"6";"1";"0";"1";"2";"0"
"8476";"62222";"8476";"36";"1";"1";"7";"4";"0";"1";"1";"1";"0"
"8530";"62285";"8530";"36";"1";"1";"7";"4";"0";"1";"1";"1";"0"
"8634";"62366";"8634";"36";"1";"1";"7";"3";"0";"1";"1";"1";"0"
"8685";"62418";"8685";"36";"1";"1";"7";"4";"0";"0";"1";"0";"0"
"8776";"62583";"8776";"36";"3";"1";"1";"3";"0";"1";"1";"1";"0"
"8847";"62639";"8847";"36";"1";"1";"1";"4";"0";"1";"0";"1";"0"
"8991";"62919";"8991";"36";"1";"1";"7";"3";"0";"1";"1";"1";"0"
"9037";"62975";"9037";"36";"1";"1";"7";"6";"0";"1";"1";"1";"0"
"9126";"64278";"9126";"36";"1";"3";"1";"6";"1";"0";"2";"2";"0"
"9131";"64282";"9131";"36";"3";"3";"1";"6";"0";"1";"1";"1";"0"
"9160";"65103";"9160";"36";"1";"3";"1";"6";"0";"6";"2";"1";"0"
"9295";"66095";"9295";"36";"1";"1";"7";"6";"1";"0";"2";"2";"0"
"9373";"67538";"9373";"36";"5";"1";"7";"4";"0";"1";"1";"1";"0"
"9458";"68592";"9458";"36";"3";"1";"2";"6";"1";"0";"1";"2";"0"
"9473";"68683";"9473";"36";"3";"1";"7";"6";"0";"1";"2";"1";"0"
"9494";"68724";"9494";"36";"1";"1";"7";"6";"2";"0";"1";"2";"0"
"9504";"68891";"9504";"36";"1";"1";"7";"6";"0";"1";"1";"1";"0"
"9517";"68957";"9517";"36";"1";"1";"7";"6";"1";"0";"1";"2";"0"
"9541";"69019";"9541";"36";"1";"1";"7";"6";"0";"2";"0";"1";"0"
"9571";"69601";"9571";"36";"1";"1";"7";"6";"1";"0";"1";"2";"0"
"9608";"70356";"9608";"36";"1";"1";"7";"6";"1";"0";"1";"2";"0"
"25139";"85851202";"25139";"36";"1";"1";"7";"5";"1";"1";"3";"2";"0"
"25483";"85861211";"25483";"36";"1";"1";"7";"3";"0";"1";"1";"1";"0"
"26356";"86803505";"26356";"36";"1";"1";"7";"3";"0";"1";"1";"1";"0"
"26572";"86812202";"26572";"36";"1";"1";"7";"4";"0";"1";"1";"1";"0"
"26977";"86821505";"26977";"36";"1";"1";"7";"3";"0";"1";"0";"1";"0"
"27562";"86831503";"27562";"36";"1";"1";"7";"3";"0";"1";"0";"1";"0"
"27804";"86834203";"27804";"36";"1";"1";"7";"6";"0";"1";"2";"1";"0"
"27805";"86834203";"27805";"36";"1";"1";"7";"4";"0";"1";"1";"1";"0"
"27971";"86841312";"27971";"36";"1";"1";"7";"4";"0";"1";"1";"1";"0"
"27972";"86841313";"27972";"36";"1";"1";"7";"6";"0";"1";"0";"1";"0"
"28157";"86845505";"28157";"36";"1";"1";"7";"3";"1";"0";"1";"2";"0"
"28179";"86846505";"28179";"36";"1";"3";"1";"3";"0";"1";"1";"1";"0"
"183";"833";"183";"36";"1";"1";"7";"6";"0";"1";"1";"1";"0"
"200";"844";"200";"36";"3";"1";"7";"5";"2";"1";"1";"3";"1"
"204";"848";"204";"36";"3";"1";"7";"6";"0";"1";"1";"1";"0"
"242";"931";"242";"36";"1";"1";"7";"3";"0";"1";"1";"1";"0"
"283";"1110";"283";"36";"2";"1";"7";"6";"0";"1";"1";"1";"0"
"291";"1120";"291";"36";"3";"1";"2";"3";"0";"1";"0";"1";"0"
"370";"1459";"370";"36";"3";"1";"7";"3";"1";"0";"1";"2";"0"
"425";"2083";"425";"36";"1";"2";"1";"6";"0";"3";"1";"1";"0"
"454";"3378";"454";"36";"1";"3";"1";"3";"0";"1";"1";"1";"0"
"570";"3810";"570";"36";"1";"1";"7";"5";"0";"1";"1";"1";"0"
"692";"6286";"692";"36";"1";"1";"7";"6";"1";"1";"1";"2";"0"
"698";"6924";"698";"36";"1";"1";"7";"4";"0";"2";"1";"1";"0"
"746";"7123";"746";"36";"1";"1";"7";"3";"0";"1";"1";"1";"0"
"782";"7230";"782";"36";"3";"3";"1";"6";"0";"2";"0";"1";"0"
"785";"7230";"785";"36";"2";"3";"1";"6";"0";"2";"0";"1";"0"
"805";"7675";"805";"36";"3";"1";"7";"6";"1";"0";"1";"2";"0"
"809";"7681";"809";"36";"5";"7";"7";"6";"0";"1";"1";"1";"0"
"828";"8235";"828";"36";"1";"1";"7";"7";"1";"0";"2";"2";"0"
"888";"9656";"888";"36";"1";"1";"7";"3";"0";"1";"1";"1";"0"
"918";"10442";"918";"36";"1";"1";"7";"6";"0";"1";"1";"1";"0"
"1016";"12207";"1016";"36";"2";"2";"1";"6";"3";"0";"1";"2";"0"
"1060";"12564";"1060";"36";"1";"3";"2";"8";"1";"0";"2";"2";"0"
"1149";"13343";"1149";"36";"1";"1";"7";"6";"0";"1";"1";"1";"0"
"1292";"13777";"1292";"36";"1";"3";"2";"7";"0";"0";"1";"3";"0"
"1319";"15160";"1319";"36";"1";"1";"2";"6";"0";"4";"0";"1";"0"
"1339";"15264";"1339";"36";"1";"1";"7";"6";"0";"4";"0";"1";"0"
"1348";"15922";"1348";"36";"1";"1";"7";"4";"1";"0";"1";"2";"0"
"1501";"21238";"1501";"36";"2";"1";"7";"6";"0";"3";"1";"1";"0"
"1606";"24284";"1606";"36";"1";"6";"7";"6";"0";"1";"2";"1";"0"
"1644";"25208";"1644";"36";"1";"1";"7";"6";"0";"1";"1";"1";"0"
"1669";"25245";"1669";"36";"2";"1";"7";"6";"0";"3";"0";"1";"0"
"1786";"26931";"1786";"36";"2";"1";"7";"4";"0";"1";"0";"1";"0"
"1842";"27111";"1842";"36";"1";"1";"7";"6";"0";"1";"2";"1";"0"
"1958";"28160";"1958";"36";"1";"1";"7";"3";"0";"0";"1";"3";"0"
"2065";"29038";"2065";"36";"1";"1";"7";"4";"0";"1";"1";"1";"0"
"2136";"29137";"2136";"36";"1";"1";"7";"6";"1";"0";"1";"2";"0"
"2177";"29217";"2177";"36";"1";"1";"7";"3";"0";"1";"1";"1";"0"
"2179";"29218";"2179";"36";"1";"1";"7";"3";"0";"1";"1";"1";"0"
"2187";"29223";"2187";"36";"1";"1";"7";"3";"0";"2";"0";"1";"0"
"2224";"29266";"2224";"36";"1";"1";"7";"4";"0";"1";"1";"1";"0"
"2263";"29523";"2263";"36";"1";"1";"7";"6";"5";"1";"0";"2";"0"
"2266";"29523";"2266";"36";"1";"1";"7";"6";"0";"1";"1";"1";"0"
"2267";"29523";"2267";"36";"1";"1";"7";"6";"1";"0";"2";"2";"0"
"2321";"31078";"2321";"36";"1";"1";"7";"6";"1";"2";"0";"2";"0"
"2334";"31807";"2334";"36";"1";"1";"7";"4";"0";"1";"0";"1";"0"
"2372";"31979";"2372";"36";"3";"1";"7";"6";"1";"0";"1";"2";"0"
"2405";"32757";"2405";"36";"1";"3";"1";"6";"0";"3";"2";"1";"0"
"2430";"33441";"2430";"36";"3";"1";"7";"4";"0";"1";"1";"1";"0"
"2471";"33577";"2471";"36";"1";"1";"7";"6";"0";"1";"2";"1";"0"
"2553";"33843";"2553";"36";"3";"3";"1";"3";"0";"1";"1";"1";"0"
"2613";"34714";"2613";"36";"1";"1";"7";"6";"0";"2";"1";"1";"0"
"2659";"35578";"2659";"36";"3";"1";"7";"6";"0";"2";"0";"1";"0"
"2761";"36664";"2761";"36";"5";"1";"7";"4";"1";"1";"1";"2";"0"
"3261";"39047";"3261";"36";"1";"1";"7";"8";"0";"1";"2";"1";"0"
"3337";"39205";"3337";"36";"1";"1";"7";"3";"0";"1";"1";"1";"0"
"3801";"40069";"3801";"36";"3";"1";"7";"6";"3";"0";"0";"2";"0"
"3835";"40088";"3835";"36";"1";"1";"7";"5";"1";"0";"1";"2";"0"
"4066";"40397";"4066";"36";"1";"1";"7";"6";"0";"1";"1";"1";"0"
"4482";"41373";"4482";"36";"1";"3";"2";"6";"0";"2";"1";"1";"0"
"4483";"41373";"4483";"36";"1";"1";"1";"6";"0";"1";"1";"1";"0"
"4498";"41421";"4498";"36";"1";"3";"2";"6";"0";"3";"0";"1";"0"
"4505";"41422";"4505";"36";"1";"1";"7";"6";"0";"2";"1";"1";"0"
"4516";"41425";"4516";"36";"1";"1";"2";"3";"0";"1";"1";"1";"0"
"4764";"42357";"4764";"36";"1";"3";"1";"6";"0";"1";"1";"1";"0"
"4775";"42962";"4775";"36";"3";"1";"7";"6";"0";"1";"0";"1";"0"
"256";"975";"256";"41";"1";"1";"7";"6";"1";"0";"1";"2";"0"
"265";"993";"265";"41";"1";"1";"7";"1";"0";"1";"1";"1";"0"
"352";"1420";"352";"41";"3";"1";"7";"4";"0";"1";"0";"1";"0"
"424";"2026";"424";"41";"3";"1";"7";"6";"1";"2";"0";"2";"0"
"470";"3476";"470";"41";"1";"1";"7";"6";"1";"0";"2";"2";"0"
"597";"3865";"597";"41";"1";"1";"4";"3";"0";"1";"1";"1";"0"
"942";"10471";"942";"41";"1";"1";"7";"4";"1";"0";"3";"2";"0"
"1132";"13328";"1132";"41";"1";"1";"6";"2";"0";"1";"1";"1";"0"
"1270";"13688";"1270";"41";"1";"1";"7";"6";"1";"0";"1";"2";"0"
"1374";"16734";"1374";"41";"1";"3";"2";"4";"1";"0";"1";"2";"0"
"1382";"16763";"1382";"41";"1";"2";"2";"0";"1";"0";"0";"2";"0"
"1384";"16763";"1384";"41";"3";"1";"2";"6";"2";"0";"4";"2";"0"
"1447";"19545";"1447";"41";"1";"1";"7";"2";"1";"0";"1";"2";"0"
"1808";"27013";"1808";"41";"1";"1";"7";"6";"0";"1";"1";"1";"0"
"1830";"27092";"1830";"41";"1";"1";"7";"6";"0";"1";"1";"1";"0"
"1953";"28142";"1953";"41";"1";"1";"7";"6";"0";"1";"1";"1";"0"
"2008";"28326";"2008";"41";"2";"1";"1";"6";"0";"1";"1";"1";"0"
"2102";"29090";"2102";"41";"5";"1";"1";"0";"0";"1";"0";"1";"0"
"2199";"29238";"2199";"41";"1";"1";"7";"1";"0";"1";"2";"1";"0"
"2228";"29286";"2228";"41";"1";"1";"7";"6";"0";"1";"1";"1";"0"
"2276";"29526";"2276";"41";"5";"1";"7";"0";"2";"0";"0";"3";"0"
"2290";"29704";"2290";"41";"1";"1";"7";"0";"0";"1";"0";"1";"0"
"2305";"29823";"2305";"41";"1";"1";"7";"1";"0";"1";"1";"1";"0"
"2435";"33441";"2435";"41";"1";"1";"7";"3";"2";"0";"0";"2";"0"
"2436";"33441";"2436";"41";"1";"1";"7";"4";"0";"2";"1";"1";"0"
"2437";"33442";"2437";"41";"3";"1";"7";"4";"0";"2";"0";"1";"0"
"2460";"33484";"2460";"41";"1";"3";"1";"6";"1";"0";"2";"2";"0"
"2485";"33628";"2485";"41";"3";"1";"1";"6";"0";"1";"1";"1";"0"
"2583";"34096";"2583";"41";"3";"3";"1";"6";"0";"1";"1";"1";"0"
"2686";"35635";"2686";"41";"1";"1";"1";"6";"0";"1";"1";"1";"0"
"2756";"36657";"2756";"41";"1";"1";"7";"7";"0";"0";"1";"3";"0"
"2765";"37243";"2765";"41";"2";"1";"7";"1";"0";"1";"1";"1";"0"
"2768";"37257";"2768";"41";"1";"1";"7";"6";"0";"2";"0";"1";"0"
"2773";"37280";"2773";"41";"1";"1";"7";"6";"0";"1";"1";"1";"0"
"2809";"38029";"2809";"41";"1";"1";"7";"2";"0";"1";"1";"1";"0"
"2910";"38205";"2910";"41";"3";"2";"1";"4";"0";"1";"1";"1";"0"
"2916";"38222";"2916";"41";"1";"1";"7";"2";"0";"1";"1";"1";"0"
"2925";"38268";"2925";"41";"1";"1";"7";"2";"0";"1";"1";"1";"0"
"2930";"38294";"2930";"41";"5";"1";"7";"2";"1";"1";"1";"2";"0"
"2940";"38340";"2940";"41";"3";"1";"7";"2";"0";"3";"0";"1";"0"
"2948";"38409";"2948";"41";"3";"1";"7";"2";"0";"1";"1";"1";"0"
"2963";"38446";"2963";"41";"1";"1";"7";"6";"0";"1";"1";"1";"0"
"2989";"38505";"2989";"41";"1";"1";"7";"4";"0";"1";"1";"1";"0"
"3104";"38824";"3104";"41";"1";"1";"7";"6";"0";"1";"1";"1";"0"
"3118";"38886";"3118";"41";"1";"1";"7";"4";"0";"1";"1";"1";"0"
"3132";"38930";"3132";"41";"3";"1";"7";"6";"0";"1";"1";"1";"0"
"3174";"38973";"3174";"41";"2";"1";"7";"6";"1";"0";"1";"2";"0"
"3357";"39294";"3357";"41";"1";"1";"7";"2";"0";"1";"1";"1";"0"
"3399";"39399";"3399";"41";"1";"1";"7";"6";"0";"1";"1";"1";"0"
"3545";"39653";"3545";"41";"1";"1";"7";"2";"0";"1";"1";"1";"0"
"3565";"39661";"3565";"41";"3";"3";"1";"4";"0";"1";"0";"3";"0"
"3574";"39673";"3574";"41";"1";"1";"7";"6";"0";"1";"1";"1";"0"
"3663";"39825";"3663";"41";"1";"1";"7";"6";"0";"1";"1";"1";"0"
"3688";"39902";"3688";"41";"1";"1";"7";"6";"0";"1";"1";"1";"0"
"3740";"40014";"3740";"41";"1";"1";"7";"2";"0";"1";"1";"1";"0"
"3744";"40014";"3744";"41";"1";"1";"7";"6";"0";"1";"1";"1";"0"
"3751";"40019";"3751";"41";"1";"1";"7";"2";"1";"0";"1";"2";"0"
"3756";"40024";"3756";"41";"1";"1";"7";"6";"0";"1";"1";"1";"0"
"3757";"40024";"3757";"41";"1";"1";"7";"6";"0";"1";"1";"1";"0"
"3888";"40162";"3888";"41";"1";"1";"7";"6";"0";"1";"1";"1";"0"
"3916";"40217";"3916";"41";"1";"3";"2";"2";"0";"1";"1";"1";"0"
"3925";"40225";"3925";"41";"3";"1";"7";"6";"2";"1";"0";"3";"2"
"3934";"40226";"3934";"41";"3";"1";"7";"6";"2";"3";"2";"2";"0"
"3967";"40308";"3967";"41";"1";"1";"7";"6";"0";"1";"1";"1";"0"
"4084";"40478";"4084";"41";"3";"1";"7";"6";"1";"0";"1";"2";"0"
"4092";"40482";"4092";"41";"3";"1";"7";"6";"0";"1";"2";"1";"0"
"4098";"40489";"4098";"41";"1";"1";"7";"2";"0";"3";"0";"1";"0"
"4106";"40499";"4106";"41";"1";"1";"7";"2";"0";"1";"1";"1";"0"
"4117";"40529";"4117";"41";"1";"1";"7";"2";"0";"1";"1";"1";"0"
"4127";"40559";"4127";"41";"3";"1";"7";"6";"0";"2";"1";"1";"0"
"4211";"40756";"4211";"41";"1";"1";"7";"1";"0";"1";"1";"1";"0"
"4268";"40886";"4268";"41";"1";"1";"7";"6";"0";"1";"1";"1";"0"
"4331";"41014";"3118";"41";"1";"1";"7";"4";"0";"1";"1";"1";"0"
"4359";"41037";"4359";"41";"3";"1";"7";"6";"0";"1";"1";"1";"0"
"4362";"41053";"4362";"41";"1";"1";"7";"9";"0";"1";"0";"1";"0"
"4381";"41132";"4381";"41";"5";"1";"7";"6";"0";"1";"1";"1";"0"
"4384";"41136";"4384";"41";"5";"1";"7";"6";"0";"1";"1";"1";"0"
"4385";"41137";"4385";"41";"3";"7";"7";"6";"0";"2";"0";"1";"0"
"4397";"41186";"4397";"41";"5";"1";"7";"0";"0";"2";"0";"1";"0"
"4424";"41236";"4424";"41";"3";"1";"7";"6";"0";"1";"2";"1";"0"
"4425";"41236";"4425";"41";"1";"1";"7";"4";"0";"1";"1";"1";"0"
"4429";"41236";"4429";"41";"3";"1";"7";"6";"0";"2";"0";"1";"0"
"4438";"41237";"4438";"41";"1";"1";"7";"6";"0";"1";"1";"1";"0"
"4441";"41237";"4441";"41";"1";"1";"7";"6";"0";"1";"1";"1";"0"
"4446";"41239";"4446";"41";"5";"1";"7";"6";"0";"3";"4";"1";"0"
"4513";"41425";"4513";"41";"1";"1";"7";"6";"0";"2";"1";"1";"0"
"4520";"41445";"4520";"41";"1";"1";"7";"6";"0";"1";"1";"1";"0"
"4547";"41544";"4547";"41";"1";"1";"7";"6";"0";"1";"1";"1";"0"
"4566";"41593";"4566";"41";"3";"1";"7";"4";"0";"1";"1";"1";"0"
"4649";"41678";"4649";"41";"1";"1";"7";"3";"0";"2";"0";"1";"0"
"4650";"41678";"4650";"41";"1";"1";"7";"6";"0";"1";"2";"1";"0"
"4657";"41682";"4657";"41";"3";"3";"2";"6";"0";"2";"1";"1";"0"
"4659";"41683";"4659";"41";"1";"1";"7";"6";"0";"1";"1";"1";"0"
"4670";"41690";"4670";"41";"3";"1";"7";"6";"1";"1";"0";"3";"0"
"14626";"78741104";"14626";"41";"3";"1";"7";"6";"0";"2";"2";"1";"0"
"14672";"78744201";"14672";"41";"1";"3";"1";"1";"0";"1";"1";"1";"0"
"14747";"78747112";"14747";"41";"3";"1";"7";"6";"0";"1";"1";"1";"0"
"14751";"78747112";"14751";"41";"1";"1";"7";"4";"0";"1";"1";"1";"0"
"14821";"78757103";"14821";"41";"1";"6";"2";"6";"0";"1";"1";"1";"0"
"14823";"78757107";"14823";"41";"1";"1";"7";"6";"0";"1";"2";"1";"0"
"14942";"78764303";"14942";"41";"1";"1";"7";"6";"0";"1";"1";"1";"0"
"14945";"78764305";"14945";"41";"1";"1";"7";"6";"0";"1";"1";"1";"0"
"14976";"78765301";"14976";"41";"1";"1";"7";"2";"0";"1";"1";"1";"0"
"15040";"78771108";"15040";"41";"3";"3";"2";"6";"0";"1";"1";"1";"0"
"15123";"78773307";"15123";"41";"3";"3";"1";"6";"0";"3";"1";"1";"0"
"15208";"78776308";"15208";"41";"3";"1";"7";"4";"0";"1";"1";"1";"0"
"15427";"79672107";"15427";"41";"1";"1";"7";"6";"0";"1";"1";"1";"0"
"15428";"79672107";"15428";"41";"1";"1";"7";"6";"1";"0";"2";"2";"0"
"15613";"79731301";"15613";"41";"1";"2";"2";"6";"0";"4";"1";"1";"0"
"15682";"79733501";"15682";"41";"1";"1";"7";"6";"0";"1";"1";"1";"0"
"15700";"79734503";"15700";"41";"1";"1";"7";"6";"0";"1";"1";"1";"0"
"15753";"79737204";"15753";"41";"1";"1";"7";"3";"0";"1";"2";"1";"0"
"15782";"79744105";"15782";"41";"1";"1";"7";"2";"1";"0";"1";"2";"0"
"15860";"79745406";"15860";"41";"5";"1";"7";"5";"0";"1";"1";"1";"0"
"15886";"79746201";"15886";"41";"4";"1";"2";"6";"1";"0";"1";"2";"0"
"15958";"79751206";"15958";"41";"3";"1";"7";"6";"0";"1";"1";"1";"0"
"15959";"79751206";"15959";"41";"1";"1";"7";"6";"0";"1";"1";"1";"0"
"16029";"79752204";"16029";"41";"1";"1";"7";"6";"0";"1";"1";"1";"0"
"16030";"79752205";"16030";"41";"2";"1";"7";"0";"0";"1";"1";"1";"0"
"16037";"79752301";"16037";"41";"3";"3";"2";"6";"0";"3";"2";"1";"0"
"16043";"79752303";"16043";"41";"2";"1";"7";"6";"0";"1";"1";"1";"0"
"16072";"79752306";"16072";"41";"3";"1";"7";"6";"0";"1";"1";"1";"0"
"16079";"79752306";"16079";"41";"1";"1";"7";"6";"0";"1";"1";"1";"0"
"16090";"79752403";"16090";"41";"1";"1";"7";"6";"0";"1";"1";"1";"0"
"16210";"79753502";"16210";"41";"3";"7";"2";"6";"0";"1";"0";"1";"0"
"16217";"79753502";"16217";"41";"1";"1";"1";"3";"0";"1";"1";"1";"0"
"16262";"79754101";"16262";"41";"1";"1";"7";"6";"0";"1";"1";"1";"0"
"16274";"79754103";"16274";"41";"3";"1";"7";"6";"0";"1";"1";"1";"0"
"16299";"79754403";"16299";"41";"1";"1";"7";"6";"0";"1";"1";"1";"0"
"16534";"79763402";"16534";"41";"3";"1";"7";"6";"0";"2";"2";"1";"0"
"16574";"79764301";"16574";"41";"3";"1";"7";"6";"0";"2";"1";"1";"0"
"16575";"79764301";"16575";"41";"1";"1";"7";"6";"1";"0";"1";"2";"0"
"16578";"79764301";"16578";"41";"2";"1";"7";"4";"0";"1";"1";"1";"0"
"16585";"79764301";"16585";"41";"1";"1";"7";"6";"0";"4";"2";"1";"0"
"16626";"79765403";"16626";"41";"1";"1";"7";"6";"0";"1";"1";"1";"0"
"16646";"79766201";"16646";"41";"3";"1";"7";"6";"0";"2";"1";"1";"0"
"16688";"79766506";"16688";"41";"1";"1";"7";"5";"1";"0";"1";"2";"0"
"16707";"79767104";"16707";"41";"1";"3";"2";"6";"0";"2";"0";"1";"0"
"16865";"79767402";"16865";"41";"1";"1";"7";"6";"0";"1";"1";"1";"0"
"16897";"79774523";"16897";"41";"1";"1";"7";"6";"0";"2";"1";"1";"0"