"accident_id";"lieu_id";"date_id";"cause_id";"lum_id";"intemp_id";"etat_surface_id";"impliq_id";"nb_blesses_graves";"nb_blesses_legers";"nb_indemnes";"gravite";"nb_morts"
"16905";"79774523";"16905";"41";"1";"1";"7";"6";"0";"1";"1";"1";"0"
"16969";"79777301";"16969";"41";"3";"1";"7";"6";"2";"0";"1";"2";"0"
"16974";"79777402";"16974";"41";"3";"3";"2";"6";"2";"0";"1";"2";"0"
"16987";"79781508";"16987";"41";"1";"1";"7";"6";"0";"2";"0";"1";"0"
"17050";"79793102";"17050";"41";"1";"1";"7";"6";"1";"0";"1";"2";"0"
"17060";"79793302";"17060";"41";"3";"3";"1";"6";"0";"1";"1";"1";"0"
"17061";"79793303";"17061";"41";"1";"1";"7";"6";"0";"1";"1";"1";"0"
"17065";"79793413";"17065";"41";"1";"1";"7";"6";"0";"2";"0";"1";"0"
"17272";"80725501";"17272";"41";"1";"1";"7";"6";"0";"1";"1";"1";"0"
"17361";"80736309";"17361";"41";"3";"1";"7";"6";"0";"1";"1";"1";"0"
"17362";"80736404";"17362";"41";"1";"1";"7";"6";"1";"0";"1";"2";"0"
"17506";"80742307";"17506";"41";"1";"1";"7";"6";"0";"1";"1";"1";"0"
"17523";"80742409";"17523";"41";"1";"1";"7";"6";"0";"1";"1";"1";"0"
"17559";"80743302";"17559";"41";"1";"1";"7";"6";"1";"0";"2";"2";"0"
"17589";"80743504";"17589";"41";"1";"1";"7";"3";"0";"1";"1";"1";"0"
"17712";"80746502";"17712";"41";"2";"6";"1";"6";"1";"0";"1";"2";"0"
"17749";"80747412";"17749";"41";"1";"1";"7";"3";"0";"1";"2";"1";"0"
"17750";"80747501";"17750";"41";"3";"1";"7";"6";"0";"2";"2";"1";"0"
"17773";"80751201";"17773";"41";"3";"1";"7";"6";"0";"1";"1";"1";"0"
"17793";"80751301";"17793";"41";"3";"1";"7";"6";"0";"3";"1";"1";"0"
"17912";"80753201";"17912";"41";"1";"1";"7";"6";"0";"1";"1";"1";"0"
"17966";"80754105";"17966";"41";"1";"1";"7";"6";"0";"1";"1";"1";"0"
"18021";"80754409";"18021";"41";"3";"1";"7";"0";"0";"1";"0";"1";"0"
"18100";"80756106";"18100";"41";"3";"3";"1";"6";"0";"1";"1";"1";"0"
"18101";"80756202";"18101";"41";"1";"3";"1";"3";"0";"1";"1";"1";"0"
"18291";"80762208";"18291";"41";"1";"1";"7";"6";"0";"1";"1";"1";"0"
"18367";"80764105";"18367";"41";"3";"1";"7";"6";"0";"2";"2";"1";"0"
"18467";"80765302";"18467";"41";"1";"1";"7";"6";"0";"1";"1";"1";"0"
"18481";"80765402";"18481";"41";"3";"1";"2";"5";"0";"1";"2";"1";"0"
"18598";"80772513";"9280";"41";"1";"3";"2";"6";"0";"1";"1";"1";"0"
"18640";"80774402";"18640";"41";"1";"1";"7";"6";"0";"1";"1";"1";"0"
"18847";"80785105";"18847";"41";"1";"1";"7";"6";"1";"1";"1";"2";"0"
"19079";"80806112";"19079";"41";"1";"1";"7";"6";"0";"1";"1";"1";"0"
"19095";"80807108";"19095";"41";"1";"1";"7";"6";"0";"2";"1";"1";"0"
"19127";"80834302";"19127";"41";"1";"1";"7";"6";"0";"2";"1";"1";"0"
"19254";"81722513";"19254";"41";"1";"1";"7";"6";"0";"1";"1";"1";"0"
"19282";"81731203";"19282";"41";"1";"3";"2";"6";"1";"0";"1";"2";"0"
"19303";"81737103";"19303";"41";"3";"1";"7";"6";"0";"1";"1";"1";"0"
"19351";"81752108";"19351";"41";"3";"1";"7";"6";"1";"0";"1";"2";"0"
"19380";"81755102";"19380";"41";"1";"1";"7";"6";"0";"1";"1";"1";"0"
"19388";"81755304";"19388";"41";"1";"1";"2";"6";"0";"0";"2";"0";"0"
"19403";"81755501";"19403";"41";"5";"3";"1";"6";"0";"1";"2";"1";"0"
"19413";"81756206";"8817";"41";"3";"3";"1";"6";"0";"1";"1";"1";"0"
"19414";"81756503";"19414";"41";"1";"1";"7";"6";"0";"1";"1";"1";"0"
"19415";"81756503";"19415";"41";"1";"1";"7";"6";"0";"1";"1";"1";"0"
"19506";"81763214";"19506";"41";"1";"1";"7";"6";"1";"0";"1";"2";"0"
"19511";"81763307";"19511";"41";"3";"1";"7";"6";"0";"3";"1";"1";"0"
"19553";"81764301";"19553";"41";"1";"1";"7";"6";"0";"1";"1";"1";"0"
"19555";"81764303";"19555";"41";"1";"1";"7";"3";"0";"1";"1";"1";"0"
"19640";"81766406";"19640";"41";"3";"1";"7";"6";"3";"2";"0";"2";"0"
"19646";"81766406";"19646";"41";"3";"1";"7";"6";"0";"1";"1";"1";"0"
"19672";"81767304";"19672";"41";"5";"1";"7";"6";"0";"1";"1";"1";"0"
"19685";"81771509";"19685";"41";"1";"1";"1";"6";"0";"1";"1";"1";"0"
"19710";"81773104";"19710";"41";"1";"1";"7";"3";"0";"1";"1";"1";"0"
"19723";"81774202";"19723";"41";"1";"1";"7";"2";"0";"1";"1";"1";"0"
"19738";"81774402";"19738";"41";"1";"1";"7";"6";"0";"1";"1";"1";"0"
"19769";"81781110";"19769";"41";"2";"3";"1";"5";"0";"2";"2";"1";"0"
"19776";"81781302";"19776";"41";"3";"1";"1";"6";"0";"1";"1";"1";"0"
"19873";"81791506";"19873";"41";"1";"1";"7";"2";"0";"1";"0";"1";"0"
"20167";"81911403";"20167";"41";"1";"1";"7";"6";"0";"1";"1";"1";"0"
"20281";"82751207";"20281";"41";"1";"1";"7";"6";"0";"1";"1";"1";"0"
"20292";"82751501";"20292";"41";"1";"1";"7";"6";"0";"1";"1";"1";"0"
"20303";"82752302";"20303";"41";"3";"1";"7";"5";"1";"0";"1";"2";"0"
"20377";"82756504";"20377";"41";"1";"1";"7";"4";"0";"1";"1";"1";"0"
"20390";"82757506";"20390";"41";"1";"1";"7";"6";"0";"1";"1";"1";"0"
"20404";"82761203";"8130";"41";"1";"1";"7";"6";"0";"1";"1";"1";"0"
"20421";"82762210";"20421";"41";"3";"3";"2";"6";"1";"0";"1";"2";"0"
"20427";"82762303";"20427";"41";"1";"1";"7";"2";"0";"1";"0";"1";"0"
"20497";"82771203";"20497";"41";"1";"1";"7";"6";"0";"3";"0";"1";"0"
"20522";"82773206";"20522";"41";"5";"3";"1";"6";"1";"0";"1";"2";"0"
"20533";"82774302";"20533";"41";"1";"1";"7";"6";"0";"1";"1";"1";"0"
"20619";"82793103";"20619";"41";"1";"1";"7";"6";"0";"1";"1";"1";"0"
"20656";"82797504";"20656";"41";"1";"7";"2";"3";"1";"0";"1";"2";"0"
"20669";"82797504";"20669";"41";"1";"1";"7";"6";"0";"1";"1";"1";"0"
"20709";"82803101";"20709";"41";"1";"1";"7";"6";"1";"0";"1";"2";"0"
"20715";"82804402";"20715";"41";"1";"1";"7";"4";"0";"2";"0";"1";"0"
"20772";"82815213";"20772";"41";"1";"3";"2";"6";"0";"1";"1";"1";"0"
"20779";"82816303";"20779";"41";"1";"1";"7";"6";"1";"3";"0";"2";"0"
"20790";"82816303";"20790";"41";"4";"2";"1";"9";"1";"0";"0";"2";"0"
"20797";"82816308";"20797";"41";"1";"1";"7";"6";"0";"1";"1";"1";"0"
"20879";"82887105";"20879";"41";"3";"3";"1";"6";"0";"1";"4";"1";"0"
"20884";"82906113";"20884";"41";"1";"1";"7";"6";"0";"1";"2";"1";"0"
"20903";"82926307";"20903";"41";"1";"1";"7";"6";"0";"1";"1";"1";"0"
"20968";"83743109";"20968";"41";"1";"1";"7";"6";"1";"0";"2";"2";"0"
"21015";"83747312";"21015";"41";"3";"1";"7";"6";"1";"0";"1";"2";"0"
"21163";"83767305";"21163";"41";"3";"1";"1";"6";"0";"1";"1";"1";"0"
"21656";"83864204";"21656";"41";"1";"1";"7";"6";"1";"0";"1";"2";"0"
"21671";"83866402";"21671";"41";"1";"1";"2";"6";"0";"1";"1";"1";"0"
"21758";"83867509";"21758";"41";"1";"1";"7";"5";"0";"1";"2";"1";"0"
"22056";"83934104";"22056";"41";"1";"1";"7";"6";"0";"1";"1";"1";"0"
"22191";"84751422";"22191";"41";"3";"3";"1";"7";"0";"1";"1";"1";"0"
"22211";"84757403";"22211";"41";"2";"1";"6";"6";"0";"1";"1";"1";"0"
"22353";"84792105";"22353";"41";"1";"1";"7";"6";"0";"1";"1";"1";"0"
"22513";"84807309";"22513";"41";"1";"1";"7";"9";"0";"1";"0";"1";"0"
"22571";"84814122";"22571";"41";"1";"1";"7";"6";"0";"1";"1";"1";"0"
"22977";"84847402";"22977";"41";"1";"1";"7";"6";"0";"2";"1";"1";"0"
"22986";"84851401";"22986";"41";"1";"1";"7";"4";"0";"1";"1";"1";"0"
"23138";"84857507";"23138";"41";"1";"1";"7";"4";"0";"2";"0";"1";"0"
"23254";"84864202";"23254";"41";"1";"1";"7";"6";"1";"0";"1";"2";"0"
"23466";"84874402";"23466";"41";"3";"1";"7";"6";"0";"1";"1";"1";"0"
"9652";"71225";"9652";"41";"1";"3";"1";"6";"0";"2";"0";"1";"0"
"9690";"71863";"9690";"41";"1";"1";"7";"6";"0";"2";"1";"1";"0"
"9826";"72118";"9826";"41";"1";"1";"7";"1";"1";"0";"1";"2";"0"
"9827";"72119";"9827";"41";"1";"1";"7";"6";"0";"1";"1";"1";"0"
"9835";"72123";"9835";"41";"1";"1";"7";"6";"0";"1";"1";"1";"0"
"9853";"72153";"9853";"41";"3";"1";"7";"2";"0";"1";"1";"1";"0"
"9857";"72156";"9857";"41";"1";"1";"7";"6";"0";"1";"1";"1";"0"
"10297";"72783";"10297";"41";"1";"1";"7";"2";"0";"1";"1";"1";"0"
"10481";"73151";"10481";"41";"1";"1";"7";"6";"0";"1";"1";"1";"0"
"10484";"73156";"10484";"41";"1";"1";"7";"6";"0";"1";"1";"1";"0"
"10607";"73358";"10607";"41";"1";"1";"7";"6";"0";"1";"2";"1";"0"
"10798";"73731";"10798";"41";"3";"1";"7";"6";"0";"4";"1";"1";"0"
"11235";"78725";"11235";"41";"1";"1";"7";"6";"0";"1";"1";"1";"0"
"11358";"79790";"11358";"41";"1";"1";"7";"6";"0";"1";"2";"1";"0"
"11373";"80456";"11373";"41";"3";"1";"7";"0";"0";"2";"0";"1";"0"
"11615";"81142";"11615";"41";"3";"1";"7";"6";"0";"1";"1";"1";"0"
"11701";"81361";"11701";"41";"1";"1";"7";"1";"1";"0";"1";"2";"0"
"11904";"83415";"11904";"41";"1";"3";"1";"1";"1";"0";"1";"2";"0"
"12074";"90238";"12074";"41";"1";"1";"7";"4";"0";"1";"1";"1";"0"
"13315";"75766507";"13315";"41";"1";"1";"7";"6";"0";"1";"1";"1";"0"
"13450";"76724206";"13450";"41";"1";"1";"7";"6";"0";"1";"1";"1";"0"
"13460";"76727503";"13460";"41";"3";"1";"7";"6";"0";"1";"1";"1";"0"
"13556";"76754111";"13556";"41";"3";"1";"7";"6";"0";"5";"0";"1";"0"
"13573";"76765202";"13573";"41";"2";"1";"7";"6";"0";"1";"0";"1";"0"
"13663";"76776209";"13663";"41";"1";"1";"7";"4";"0";"1";"1";"1";"0"
"13680";"76783106";"13680";"41";"1";"1";"7";"6";"0";"1";"1";"1";"0"
"13683";"76787104";"12317";"41";"3";"1";"7";"6";"0";"1";"1";"1";"0"
"13713";"77667202";"13713";"41";"1";"3";"1";"6";"1";"0";"1";"2";"0"
"13734";"77721201";"13734";"41";"1";"1";"7";"6";"0";"1";"1";"1";"0"
"13788";"77726504";"13788";"41";"1";"1";"7";"4";"0";"1";"1";"1";"0"
"14158";"77772505";"14158";"41";"1";"1";"7";"6";"0";"1";"1";"1";"0"
"23984";"85814403";"23984";"41";"1";"3";"2";"6";"1";"0";"2";"2";"0"
"23990";"85814405";"23990";"41";"1";"1";"2";"6";"0";"1";"2";"1";"0"
"24101";"85817402";"24101";"41";"1";"1";"1";"6";"0";"1";"1";"1";"0"
"24190";"85822406";"24190";"41";"3";"3";"2";"6";"0";"3";"4";"1";"0"
"24294";"85824203";"24294";"41";"3";"3";"1";"6";"0";"1";"1";"1";"0"
"24301";"85824302";"24301";"41";"3";"1";"7";"6";"0";"1";"0";"1";"0"
"24321";"85825304";"24321";"41";"3";"1";"7";"6";"0";"1";"1";"1";"0"
"24367";"85825506";"24367";"41";"1";"1";"7";"6";"0";"2";"1";"1";"0"
"24386";"85826101";"24386";"41";"1";"1";"7";"6";"0";"1";"1";"1";"0"
"24411";"85826205";"24411";"41";"1";"1";"7";"5";"0";"2";"0";"1";"0"
"24422";"85826302";"24422";"41";"1";"1";"7";"6";"0";"2";"1";"1";"0"
"24431";"85826403";"2364";"41";"1";"1";"7";"6";"1";"0";"1";"2";"0"
"24433";"85826403";"24433";"41";"3";"1";"1";"6";"0";"2";"2";"1";"0"
"24437";"85826501";"24437";"41";"1";"1";"7";"2";"0";"1";"0";"1";"0"
"24448";"85826505";"24448";"41";"1";"1";"7";"6";"0";"1";"1";"1";"0"
"24458";"85827107";"24458";"41";"1";"1";"7";"6";"0";"1";"1";"1";"0"
"24493";"85827405";"24493";"41";"1";"1";"7";"6";"0";"1";"1";"1";"0"
"24561";"85833208";"24561";"41";"1";"1";"7";"6";"0";"1";"1";"1";"0"
"24592";"85833308";"24592";"41";"1";"1";"7";"6";"0";"1";"3";"1";"0"
"24593";"85833308";"24593";"41";"1";"3";"2";"6";"0";"1";"1";"1";"0"
"24604";"85834103";"24604";"41";"1";"1";"7";"6";"0";"1";"0";"1";"0"
"24605";"85834103";"24605";"41";"3";"1";"7";"6";"0";"5";"1";"1";"0"
"24678";"85834407";"24678";"41";"3";"1";"7";"6";"0";"1";"1";"1";"0"
"24693";"85835109";"24693";"41";"2";"1";"7";"5";"0";"1";"1";"1";"0"
"24804";"85836303";"24804";"41";"3";"1";"7";"6";"0";"1";"1";"1";"0"
"24807";"85836303";"24807";"41";"1";"1";"7";"6";"0";"1";"1";"1";"0"
"25088";"85846101";"25088";"41";"1";"1";"7";"6";"0";"1";"1";"1";"0"
"25184";"85851309";"25184";"41";"1";"1";"7";"6";"1";"0";"1";"2";"0"
"25207";"85851403";"25207";"41";"3";"1";"1";"6";"0";"1";"1";"1";"0"
"25289";"85852403";"25289";"41";"2";"3";"1";"6";"0";"1";"2";"1";"0"
"25316";"85853404";"25316";"41";"2";"1";"7";"6";"1";"0";"1";"2";"0"
"25359";"85854401";"25359";"41";"1";"1";"7";"4";"0";"1";"1";"1";"0"
"25463";"85861107";"25463";"41";"1";"1";"7";"6";"0";"2";"0";"1";"0"
"25506";"85861401";"25506";"41";"1";"2";"2";"6";"0";"1";"1";"1";"0"
"25507";"85861401";"25507";"41";"1";"3";"1";"6";"0";"1";"1";"1";"0"
"25566";"85862406";"25566";"41";"3";"3";"1";"6";"0";"1";"1";"1";"0"
"25600";"85863402";"25600";"41";"3";"4";"3";"6";"0";"2";"1";"1";"0"
"25601";"85863402";"25601";"41";"3";"1";"4";"6";"0";"1";"0";"1";"0"
"25604";"85863402";"25604";"41";"1";"3";"1";"6";"0";"3";"0";"1";"0"
"25610";"85863402";"25610";"41";"1";"1";"7";"6";"0";"1";"1";"1";"0"
"25657";"85864403";"25657";"41";"1";"1";"7";"6";"0";"1";"1";"1";"0"
"25753";"85866505";"25753";"41";"1";"1";"7";"6";"0";"1";"1";"1";"0"
"25941";"85874510";"25941";"41";"1";"1";"7";"6";"0";"1";"1";"1";"0"
"25958";"85875502";"25958";"41";"1";"1";"7";"4";"0";"1";"0";"1";"0"
"26040";"85882102";"26040";"41";"1";"1";"7";"5";"0";"2";"0";"1";"0"
"26212";"86786103";"26212";"41";"3";"1";"7";"6";"1";"0";"1";"2";"0"
"26325";"86803302";"26325";"41";"1";"1";"7";"6";"1";"0";"1";"2";"0"
"26373";"86804302";"26373";"41";"3";"1";"7";"6";"0";"3";"0";"1";"0"
"26424";"86805106";"26424";"41";"1";"1";"7";"6";"0";"1";"1";"1";"0"
"26491";"86806504";"26491";"41";"3";"1";"7";"6";"0";"2";"1";"1";"0"
"27300";"86824503";"27300";"41";"1";"1";"7";"6";"0";"1";"1";"1";"0"
"27624";"86832401";"27624";"41";"1";"1";"7";"6";"0";"1";"1";"1";"0"
"27689";"86833306";"27689";"41";"1";"1";"7";"6";"0";"1";"1";"1";"0"
"27923";"86836502";"27923";"41";"1";"1";"7";"4";"0";"1";"1";"1";"0"
"28040";"86843302";"28040";"41";"1";"1";"7";"3";"0";"1";"1";"1";"0"
"28061";"86844102";"28061";"41";"1";"1";"7";"3";"0";"1";"0";"1";"0"
"28083";"86844302";"28083";"41";"1";"1";"7";"6";"0";"1";"1";"1";"0"
"28088";"86844406";"28088";"41";"3";"1";"7";"4";"0";"1";"1";"1";"0"
"28143";"86845105";"28143";"41";"1";"1";"7";"6";"0";"1";"1";"1";"0"
"28144";"86845105";"28144";"41";"3";"1";"7";"6";"0";"4";"0";"1";"0"
"28146";"86845105";"28146";"41";"1";"1";"7";"6";"0";"1";"1";"1";"0"
"28153";"86845105";"28153";"41";"1";"1";"7";"6";"2";"3";"0";"2";"0"
"28234";"86852204";"28234";"41";"3";"1";"1";"6";"0";"1";"1";"1";"0"
"28302";"86857107";"28302";"41";"1";"3";"1";"6";"2";"3";"0";"2";"0"
"28408";"86864203";"28408";"41";"1";"1";"7";"2";"0";"1";"1";"1";"0"
"28535";"86875508";"28535";"41";"1";"1";"7";"6";"0";"1";"1";"1";"0"
"28661";"87801504";"28661";"41";"1";"1";"7";"6";"0";"1";"2";"1";"0"
"28663";"87801504";"28663";"41";"1";"1";"7";"6";"0";"1";"1";"1";"0"
"28667";"87801504";"28667";"41";"1";"1";"7";"6";"0";"1";"1";"1";"0"
"28714";"87802503";"28714";"41";"1";"1";"7";"6";"0";"1";"1";"1";"0"
"28935";"87811501";"28935";"41";"3";"1";"1";"6";"0";"2";"3";"1";"0"
"29327";"87834409";"29327";"41";"1";"3";"2";"6";"0";"1";"1";"1";"0"
"29527";"88792101";"29527";"41";"1";"3";"1";"6";"0";"1";"1";"1";"0"
"29655";"88841107";"29655";"41";"3";"3";"1";"6";"1";"6";"0";"2";"0"
"5135";"45274";"5135";"41";"1";"1";"7";"2";"0";"2";"0";"1";"0"
"5138";"45274";"5138";"41";"1";"1";"7";"6";"0";"1";"1";"1";"0"
"5322";"45651";"5322";"41";"1";"1";"7";"6";"0";"1";"1";"1";"0"
"5324";"45651";"5324";"41";"1";"1";"7";"6";"0";"1";"1";"1";"0"
"5474";"46467";"5474";"41";"3";"1";"7";"6";"0";"1";"1";"1";"0"
"5506";"47269";"5506";"41";"1";"3";"1";"6";"0";"1";"1";"1";"0"
"5595";"47513";"5595";"41";"1";"1";"7";"6";"1";"0";"1";"2";"0"
"5638";"47534";"5638";"41";"1";"1";"7";"6";"1";"0";"0";"3";"0"
"5691";"47618";"5691";"41";"3";"1";"7";"6";"0";"2";"1";"1";"0"
"5722";"47638";"5722";"41";"3";"1";"7";"6";"0";"1";"1";"1";"0"
"5768";"48297";"5768";"41";"1";"1";"7";"6";"1";"0";"1";"2";"0"
"6004";"49063";"6004";"41";"1";"1";"7";"6";"0";"2";"0";"1";"0"
"6085";"49218";"6085";"41";"3";"1";"7";"6";"0";"1";"0";"1";"0"
"6105";"49290";"6105";"41";"1";"3";"2";"3";"0";"1";"1";"1";"0"
"6257";"50468";"6257";"41";"1";"1";"7";"6";"1";"0";"1";"2";"0"
"6275";"51763";"6275";"41";"1";"1";"7";"0";"0";"1";"0";"1";"0"
"6373";"52173";"6373";"41";"2";"1";"6";"1";"0";"1";"1";"1";"0"
"6377";"52198";"6377";"41";"1";"1";"7";"6";"0";"2";"2";"1";"0"
"6535";"54088";"6535";"41";"2";"1";"7";"1";"0";"1";"1";"1";"0"
"6588";"55625";"6588";"41";"3";"1";"1";"6";"0";"1";"1";"1";"0"
"6737";"58775";"6737";"41";"3";"1";"7";"6";"0";"1";"1";"1";"0"
"6742";"58806";"6742";"41";"1";"1";"7";"1";"0";"1";"1";"1";"0"
"6767";"58908";"6767";"41";"1";"1";"7";"4";"1";"1";"1";"2";"0"
"6965";"60119";"6965";"41";"1";"1";"7";"6";"0";"1";"1";"1";"0"
"7017";"60818";"7017";"41";"1";"1";"7";"2";"0";"1";"1";"1";"0"
"7460";"61287";"7460";"41";"1";"1";"7";"6";"0";"1";"1";"1";"0"
"7626";"61474";"7626";"41";"1";"1";"7";"1";"0";"1";"1";"1";"0"
"7646";"61479";"7646";"41";"1";"1";"7";"2";"0";"1";"1";"1";"0"
"7650";"61479";"7650";"41";"1";"1";"7";"6";"0";"1";"1";"3";"0"
"7657";"61480";"7657";"41";"1";"1";"7";"4";"0";"1";"1";"1";"0"
"7718";"61527";"7718";"41";"1";"1";"7";"2";"0";"1";"1";"1";"0"
"7720";"61527";"7720";"41";"1";"3";"1";"6";"0";"1";"1";"1";"0"
"7798";"61635";"7798";"41";"3";"1";"7";"2";"0";"1";"1";"1";"0"
"8102";"61878";"8102";"41";"3";"1";"7";"2";"0";"1";"1";"1";"0"
"8106";"61881";"8106";"41";"1";"1";"7";"1";"0";"1";"0";"1";"0"
"8161";"61896";"8161";"41";"1";"1";"7";"2";"0";"1";"1";"1";"0"
"8267";"62004";"8267";"41";"3";"1";"7";"2";"0";"1";"0";"1";"0"
"8380";"62155";"8380";"41";"1";"3";"2";"6";"0";"1";"1";"1";"0"
"8602";"62357";"8602";"41";"1";"3";"1";"6";"0";"1";"1";"1";"0"
"8680";"62388";"8680";"41";"1";"1";"7";"6";"0";"1";"1";"1";"0"
"8752";"62530";"8752";"41";"1";"1";"7";"3";"0";"1";"1";"1";"0"
"8861";"62644";"8861";"41";"1";"1";"7";"2";"0";"1";"1";"1";"0"
"8881";"62664";"8881";"41";"1";"1";"7";"3";"0";"1";"1";"1";"0"
"8948";"62736";"8948";"41";"1";"1";"7";"1";"0";"1";"1";"1";"0"
"8962";"62752";"8962";"41";"1";"1";"7";"6";"2";"1";"0";"2";"0"
"8964";"62752";"8964";"41";"1";"1";"1";"6";"0";"1";"1";"1";"0"
"8968";"62755";"8968";"41";"5";"1";"7";"6";"0";"2";"0";"1";"0"
"8975";"62793";"8975";"41";"1";"1";"7";"6";"0";"1";"1";"1";"0"
"8977";"62794";"8977";"41";"1";"1";"1";"4";"0";"1";"1";"1";"0"
"8990";"62918";"8990";"41";"3";"3";"1";"6";"0";"2";"2";"1";"0"
"9016";"62949";"9016";"41";"1";"1";"7";"4";"0";"1";"1";"1";"0"
"9072";"63036";"9072";"41";"1";"1";"7";"1";"0";"1";"1";"1";"0"
"9186";"65887";"9186";"41";"1";"1";"7";"6";"0";"1";"1";"1";"0"
"9303";"66123";"9303";"41";"2";"1";"1";"6";"2";"5";"0";"2";"0"
"9320";"66129";"9320";"41";"1";"1";"7";"6";"0";"1";"1";"1";"0"
"9324";"66135";"9324";"41";"1";"1";"7";"6";"0";"1";"1";"1";"0"
"9327";"66137";"9327";"41";"3";"2";"2";"6";"4";"0";"0";"2";"0"
"9328";"66137";"9328";"41";"3";"3";"2";"6";"0";"1";"0";"3";"0"
"9329";"66138";"9329";"41";"1";"1";"7";"6";"1";"0";"1";"2";"0"
"9335";"66139";"9335";"41";"1";"1";"7";"4";"0";"2";"0";"1";"0"
"9618";"70484";"9618";"41";"4";"1";"7";"6";"0";"0";"2";"0";"0"
"9593";"69725";"9593";"42";"1";"1";"7";"5";"1";"0";"0";"2";"0"
"19198";"81705401";"19198";"42";"1";"1";"7";"5";"0";"1";"1";"1";"0"
"19580";"81765204";"19580";"42";"1";"1";"7";"6";"0";"1";"2";"1";"0"
"20242";"82741505";"20242";"42";"3";"1";"2";"6";"0";"3";"2";"1";"0"
"20359";"82756302";"20359";"42";"1";"1";"7";"5";"0";"1";"2";"1";"0"
"20600";"82792504";"20600";"42";"1";"1";"7";"6";"0";"1";"1";"1";"0"
"20609";"82792504";"20609";"42";"1";"1";"7";"6";"0";"1";"0";"1";"0"
"20612";"82792509";"20612";"42";"1";"1";"7";"6";"0";"1";"1";"1";"0"
"20613";"82792509";"20613";"42";"1";"1";"7";"6";"0";"1";"1";"1";"0"
"20616";"82792510";"20616";"42";"3";"3";"1";"6";"0";"1";"1";"1";"0"
"20631";"82793505";"20631";"42";"1";"1";"7";"6";"0";"1";"1";"1";"0"
"20641";"82795503";"20641";"42";"1";"1";"7";"6";"0";"1";"1";"1";"0"
"20670";"82797504";"20670";"42";"1";"2";"1";"6";"0";"2";"0";"3";"0"
"20725";"82804402";"19943";"42";"1";"1";"1";"6";"0";"1";"0";"1";"0"
"20753";"82804402";"20753";"42";"1";"1";"7";"6";"0";"1";"1";"1";"0"
"20786";"82816303";"20786";"42";"1";"1";"7";"6";"0";"3";"0";"1";"0"
"20796";"82816303";"20796";"42";"3";"3";"2";"6";"0";"1";"1";"1";"0"
"20951";"83741304";"20951";"42";"1";"3";"2";"6";"0";"1";"1";"1";"0"
"20953";"83741304";"20953";"42";"2";"1";"2";"6";"0";"3";"0";"1";"0"
"20985";"83747213";"20985";"42";"1";"1";"7";"7";"0";"1";"1";"1";"0"
"21058";"83754202";"21058";"42";"1";"1";"7";"5";"0";"1";"1";"1";"0"
"21320";"83795404";"21320";"42";"1";"1";"7";"6";"0";"2";"1";"1";"0"
"21327";"83795404";"21327";"42";"1";"1";"7";"6";"0";"1";"1";"1";"0"
"21399";"83811503";"21399";"42";"1";"1";"7";"6";"2";"0";"1";"2";"0"
"21414";"83811503";"21414";"42";"1";"1";"7";"6";"0";"2";"1";"1";"0"
"21422";"83811503";"21422";"42";"3";"1";"7";"6";"1";"1";"0";"2";"0"
"21423";"83811503";"21423";"42";"1";"1";"7";"6";"0";"2";"1";"1";"0"
"21436";"83811503";"21436";"42";"1";"1";"1";"6";"0";"1";"1";"1";"0"
"21441";"83811503";"21441";"42";"1";"1";"7";"6";"0";"2";"1";"1";"0"
"21452";"83811510";"21452";"42";"1";"1";"7";"2";"0";"1";"2";"1";"0"
"21516";"83825502";"21516";"42";"3";"3";"1";"6";"0";"3";"1";"1";"0"
"21560";"83836103";"21560";"42";"3";"1";"7";"9";"0";"3";"1";"1";"0"
"21885";"83885206";"4436";"42";"1";"3";"1";"6";"0";"1";"0";"1";"0"
"22383";"84794503";"22383";"42";"3";"1";"7";"6";"0";"2";"2";"1";"0"
"22389";"84794503";"22389";"42";"1";"2";"1";"6";"1";"0";"1";"3";"0"
"22478";"84806207";"22478";"42";"1";"1";"7";"6";"1";"0";"1";"2";"0"
"22492";"84806207";"22492";"42";"1";"1";"7";"6";"0";"4";"0";"3";"0"
"22757";"84831405";"22757";"42";"3";"1";"7";"6";"0";"1";"1";"1";"0"
"22759";"84831405";"22759";"42";"1";"1";"7";"4";"0";"1";"1";"1";"0"
"22760";"84831405";"22760";"42";"1";"1";"7";"6";"2";"0";"0";"2";"0"
"22776";"84831412";"22776";"42";"1";"1";"7";"6";"0";"1";"1";"1";"0"
"22911";"84842105";"22911";"42";"1";"1";"7";"6";"0";"1";"3";"1";"0"
"22921";"84842204";"22921";"42";"1";"1";"7";"6";"0";"2";"0";"1";"0"
"22939";"84846501";"6853";"42";"1";"1";"7";"4";"0";"1";"1";"1";"0"
"22954";"84846501";"22954";"42";"3";"2";"1";"6";"0";"3";"0";"1";"0"
"22961";"84846503";"22961";"42";"1";"1";"7";"6";"0";"3";"0";"1";"0"
"22962";"84846503";"22962";"42";"1";"1";"7";"6";"0";"1";"1";"1";"0"
"23081";"84856401";"23081";"42";"2";"1";"7";"6";"0";"0";"1";"3";"0"
"23661";"84891414";"23661";"42";"1";"1";"7";"7";"0";"1";"1";"1";"0"