"accident_id";"lieu_id";"date_id";"cause_id";"lum_id";"intemp_id";"etat_surface_id";"impliq_id";"nb_blesses_graves";"nb_blesses_legers";"nb_indemnes";"gravite";"nb_morts"
"23790";"85772501";"23790";"42";"1";"1";"7";"5";"0";"2";"1";"1";"0"
"23841";"85786503";"23841";"42";"3";"1";"7";"6";"0";"1";"2";"1";"0"
"23845";"85786503";"23845";"42";"1";"1";"7";"6";"0";"1";"1";"1";"0"
"23846";"85786503";"23846";"42";"1";"1";"7";"6";"0";"4";"1";"1";"0"
"2395";"32711";"2395";"42";"1";"6";"7";"5";"0";"1";"1";"1";"0"
"3228";"39027";"3228";"42";"1";"1";"7";"6";"0";"1";"1";"1";"0"
"3772";"40051";"3772";"42";"3";"1";"7";"4";"0";"1";"1";"1";"0"
"14583";"78731504";"14583";"42";"1";"1";"7";"2";"0";"1";"1";"1";"0"
"14624";"78735501";"14624";"42";"1";"1";"7";"6";"0";"1";"1";"1";"0"
"14941";"78764303";"14941";"42";"1";"1";"7";"6";"0";"1";"1";"1";"0"
"15996";"79751303";"15996";"42";"3";"1";"7";"6";"0";"1";"1";"1";"0"
"16000";"79751303";"16000";"42";"3";"1";"7";"6";"0";"2";"1";"1";"0"
"16005";"79751303";"16005";"42";"3";"1";"7";"4";"0";"1";"1";"1";"0"
"16220";"79753503";"16220";"42";"1";"1";"7";"6";"1";"0";"1";"2";"0"
"16229";"79753503";"16229";"42";"1";"1";"7";"6";"0";"2";"0";"1";"0"
"16242";"79753503";"16242";"42";"2";"1";"7";"3";"0";"1";"1";"1";"0"
"16244";"79753503";"16244";"42";"1";"1";"7";"3";"0";"1";"1";"1";"0"
"16254";"79753504";"16254";"42";"1";"1";"7";"6";"0";"2";"0";"1";"0"
"16548";"79764101";"8849";"42";"1";"3";"1";"6";"0";"2";"1";"1";"0"
"16559";"79764103";"16559";"42";"1";"1";"7";"4";"0";"1";"1";"1";"0"
"16563";"79764103";"16563";"42";"1";"1";"7";"6";"0";"1";"2";"1";"0"
"16565";"79764103";"16565";"42";"1";"1";"2";"6";"0";"1";"1";"1";"0"
"16572";"79764201";"16572";"42";"1";"1";"7";"3";"0";"1";"1";"1";"0"
"16606";"79765102";"16606";"42";"1";"1";"7";"5";"0";"1";"1";"1";"0"
"16678";"79766401";"16678";"42";"1";"3";"2";"6";"0";"1";"2";"1";"0"
"16679";"79766401";"16679";"42";"1";"1";"7";"7";"0";"0";"1";"3";"0"
"16748";"79767301";"16748";"42";"3";"1";"7";"6";"0";"2";"2";"1";"0"
"16755";"79767301";"16755";"42";"1";"1";"7";"2";"0";"1";"1";"1";"0"
"16760";"79767301";"16760";"42";"1";"1";"7";"6";"0";"2";"1";"1";"0"
"16770";"79767301";"16770";"42";"1";"1";"7";"6";"0";"2";"1";"1";"0"
"16772";"79767301";"16772";"42";"3";"1";"7";"6";"0";"1";"2";"1";"0"
"16776";"79767301";"16776";"42";"1";"1";"7";"6";"0";"1";"1";"1";"0"
"16781";"79767301";"16781";"42";"1";"1";"7";"5";"1";"0";"1";"2";"0"
"16784";"79767301";"16784";"42";"1";"1";"7";"2";"0";"1";"1";"1";"0"
"16785";"79767301";"16785";"42";"4";"1";"1";"6";"0";"2";"1";"1";"0"
"16788";"79767301";"16788";"42";"1";"6";"7";"5";"0";"1";"1";"1";"0"
"16790";"79767301";"16790";"42";"1";"1";"7";"4";"0";"1";"2";"1";"0"
"16796";"79767301";"16796";"42";"5";"1";"7";"6";"0";"4";"2";"1";"0"
"16797";"79767301";"16797";"42";"5";"3";"1";"6";"0";"2";"2";"1";"0"
"16804";"79767301";"16804";"42";"1";"3";"1";"6";"0";"2";"1";"1";"0"
"16808";"79767301";"16808";"42";"3";"1";"7";"6";"0";"2";"0";"1";"0"
"16812";"79767301";"16812";"42";"1";"1";"7";"6";"0";"1";"1";"1";"0"
"16813";"79767301";"16813";"42";"1";"1";"7";"6";"0";"1";"2";"1";"0"
"16815";"79767301";"16815";"42";"3";"1";"7";"5";"0";"1";"2";"1";"0"
"16816";"79767301";"16816";"42";"1";"1";"7";"6";"0";"1";"1";"1";"0"
"16817";"79767301";"16817";"42";"1";"1";"7";"6";"0";"5";"1";"1";"0"
"16818";"79767301";"16818";"42";"1";"1";"7";"6";"0";"1";"3";"1";"0"
"16826";"79767303";"16826";"42";"1";"1";"7";"6";"0";"1";"1";"1";"0"
"16834";"79767303";"16834";"42";"1";"1";"7";"6";"0";"2";"2";"1";"0"
"16836";"79767303";"16836";"42";"1";"1";"7";"6";"0";"4";"1";"1";"0"
"16837";"79767303";"16837";"42";"1";"1";"7";"6";"0";"2";"0";"1";"0"
"16838";"79767303";"16838";"42";"3";"1";"7";"6";"0";"3";"0";"1";"0"
"16840";"79767303";"16840";"42";"1";"1";"7";"6";"0";"4";"1";"1";"0"
"16841";"79767303";"16841";"42";"3";"1";"7";"6";"0";"3";"4";"1";"0"
"16842";"79767303";"16842";"42";"1";"1";"7";"6";"0";"2";"1";"1";"0"
"16843";"79767303";"16843";"42";"1";"1";"7";"6";"0";"2";"2";"1";"0"
"16844";"79767303";"16844";"42";"1";"1";"7";"6";"0";"2";"1";"1";"0"
"16845";"79767303";"16845";"42";"1";"1";"7";"5";"0";"2";"1";"1";"0"
"16847";"79767303";"16847";"42";"2";"1";"2";"6";"0";"1";"1";"1";"0"
"16923";"79776103";"16923";"42";"1";"1";"7";"6";"0";"1";"2";"1";"0"
"16940";"79776107";"16940";"42";"1";"1";"7";"4";"0";"1";"1";"1";"0"
"17481";"80742112";"17481";"42";"3";"1";"7";"6";"0";"2";"1";"1";"0"
"17482";"80742112";"17482";"42";"1";"1";"7";"4";"1";"1";"0";"2";"0"
"17484";"80742112";"17484";"42";"1";"1";"7";"4";"1";"0";"1";"2";"0"
"17487";"80742112";"17487";"42";"3";"3";"1";"6";"0";"1";"1";"1";"0"
"17645";"80746405";"17645";"42";"1";"1";"7";"4";"1";"0";"1";"2";"0"
"17648";"80746405";"17648";"42";"3";"1";"7";"5";"0";"1";"1";"1";"0"
"17675";"80746405";"17675";"42";"1";"1";"7";"6";"0";"2";"1";"1";"0"
"17676";"80746405";"17676";"42";"1";"1";"2";"5";"0";"1";"1";"1";"0"
"17681";"80746405";"17681";"42";"1";"1";"7";"6";"0";"1";"1";"1";"0"
"17685";"80746405";"17685";"42";"1";"1";"2";"6";"0";"2";"0";"1";"0"
"17686";"80746405";"17686";"42";"3";"1";"7";"6";"0";"1";"2";"1";"0"
"17689";"80746405";"17689";"42";"1";"1";"7";"6";"0";"1";"2";"1";"0"
"17719";"80747101";"17719";"42";"1";"1";"7";"5";"1";"0";"1";"2";"0"
"17722";"80747101";"17722";"42";"3";"1";"7";"4";"0";"1";"1";"1";"0"
"17725";"80747101";"17725";"42";"1";"1";"7";"3";"0";"1";"1";"1";"0"
"18103";"80756501";"18103";"42";"3";"1";"7";"6";"0";"1";"1";"1";"0"
"18104";"80756501";"18104";"42";"1";"1";"7";"6";"0";"2";"0";"1";"0"
"18108";"80756501";"18108";"42";"1";"1";"7";"6";"0";"1";"1";"1";"0"
"18110";"80756501";"18110";"42";"3";"3";"1";"6";"0";"1";"1";"1";"0"
"18112";"80756501";"18112";"42";"1";"3";"2";"5";"0";"1";"1";"1";"0"
"18113";"80756501";"18113";"42";"1";"1";"7";"6";"0";"1";"1";"1";"0"
"18151";"80761201";"18151";"42";"3";"1";"7";"6";"0";"1";"1";"1";"0"
"18153";"80761201";"18153";"42";"1";"1";"7";"6";"0";"3";"1";"1";"0"
"18155";"80761201";"18155";"42";"1";"1";"2";"6";"0";"1";"1";"1";"0"
"18156";"80761201";"18156";"42";"1";"1";"7";"6";"0";"2";"1";"1";"0"
"18163";"80761201";"18163";"42";"1";"1";"7";"6";"0";"4";"0";"1";"0"
"18164";"80761201";"18164";"42";"1";"1";"7";"6";"0";"1";"2";"1";"0"
"18166";"80761201";"18166";"42";"3";"1";"1";"6";"1";"1";"1";"2";"0"
"18172";"80761201";"18172";"42";"1";"1";"7";"6";"0";"1";"1";"1";"0"
"18173";"80761201";"18173";"42";"1";"1";"7";"6";"0";"1";"1";"1";"0"
"18174";"80761201";"18174";"42";"3";"1";"7";"5";"0";"1";"1";"1";"0"
"18175";"80761201";"18175";"42";"1";"1";"7";"7";"0";"1";"1";"1";"0"
"18176";"80761201";"18176";"42";"1";"1";"7";"6";"0";"1";"1";"1";"0"
"18182";"80761202";"18182";"42";"1";"1";"7";"6";"0";"1";"2";"1";"0"
"18183";"80761202";"18183";"42";"5";"1";"7";"6";"0";"2";"2";"1";"0"
"18185";"80761202";"18185";"42";"1";"1";"7";"6";"0";"3";"0";"1";"0"
"18196";"80761301";"18196";"42";"1";"1";"7";"2";"0";"1";"1";"1";"0"
"18198";"80761301";"18198";"42";"1";"1";"7";"2";"0";"1";"1";"1";"0"
"18202";"80761301";"18202";"42";"1";"1";"7";"2";"0";"1";"1";"1";"0"
"18204";"80761302";"18204";"42";"1";"1";"7";"5";"0";"2";"0";"1";"0"
"18205";"80761302";"18205";"42";"1";"1";"7";"5";"0";"1";"1";"1";"0"
"18210";"80761302";"18210";"42";"1";"1";"7";"4";"0";"1";"1";"1";"0"
"18218";"80761306";"18218";"42";"3";"1";"7";"5";"1";"1";"1";"2";"0"
"18266";"80762105";"18266";"42";"3";"2";"2";"6";"0";"3";"2";"1";"0"
"18303";"80762403";"18303";"42";"3";"1";"7";"6";"0";"1";"1";"1";"0"
"18305";"80762403";"18305";"42";"1";"1";"7";"2";"0";"1";"1";"1";"0"
"18311";"80762403";"18311";"42";"1";"1";"7";"5";"0";"2";"0";"1";"0"
"18314";"80762403";"18314";"42";"3";"3";"2";"6";"0";"2";"2";"1";"0"
"18323";"80762405";"18323";"42";"1";"3";"7";"3";"0";"1";"1";"1";"0"
"18391";"80764203";"18391";"42";"1";"1";"7";"5";"0";"1";"1";"1";"0"
"18405";"80764302";"18405";"42";"1";"1";"7";"4";"0";"1";"1";"1";"0"
"18415";"80764302";"18415";"42";"2";"1";"2";"6";"0";"2";"1";"1";"0"
"18416";"80764302";"18416";"42";"1";"1";"7";"4";"0";"1";"1";"1";"0"
"18457";"80765201";"18457";"42";"1";"1";"7";"6";"0";"1";"1";"1";"0"
"18507";"80765405";"18507";"42";"3";"1";"7";"5";"0";"1";"2";"1";"0"
"18510";"80765405";"18510";"42";"2";"6";"2";"6";"0";"1";"2";"1";"0"
"18890";"80786302";"18890";"42";"2";"1";"7";"5";"0";"1";"1";"1";"0"
"18979";"80796303";"18979";"42";"1";"1";"7";"6";"0";"1";"4";"1";"0"
"12663";"70817410";"12663";"42";"1";"1";"7";"2";"0";"1";"1";"1";"0"
"12802";"71806405";"12802";"42";"1";"4";"4";"6";"0";"1";"2";"1";"0"
"13266";"75736501";"13266";"42";"1";"1";"7";"5";"0";"1";"1";"1";"0"
"13828";"77735513";"13828";"42";"1";"1";"7";"5";"0";"2";"1";"3";"1"
"24578";"85833211";"24578";"42";"1";"1";"7";"6";"0";"1";"3";"1";"0"
"24580";"85833211";"24580";"42";"1";"1";"7";"4";"0";"1";"1";"1";"0"
"24596";"85833401";"24596";"42";"1";"1";"7";"4";"0";"1";"0";"1";"0"
"24658";"85834308";"24658";"42";"1";"1";"7";"6";"1";"0";"1";"2";"0"
"24660";"85834308";"24660";"42";"1";"1";"7";"2";"0";"1";"1";"1";"0"
"25916";"85874508";"25916";"42";"2";"1";"7";"5";"1";"0";"1";"2";"0"
"25936";"85874508";"25936";"42";"1";"1";"7";"4";"0";"1";"1";"1";"0"
"26699";"86814202";"26699";"42";"1";"6";"1";"6";"0";"1";"1";"1";"0"
"27371";"86825506";"27371";"42";"1";"1";"7";"4";"0";"1";"1";"1";"0"
"19785";"81782211";"19785";"43";"1";"1";"7";"6";"0";"1";"3";"1";"0"
"19830";"81785514";"13468";"43";"1";"1";"1";"4";"0";"1";"1";"1";"0"
"20653";"82795503";"20653";"43";"1";"1";"7";"4";"0";"1";"1";"1";"0"
"20713";"82804402";"20713";"43";"1";"1";"1";"6";"0";"4";"0";"1";"0"
"20714";"82804402";"20714";"43";"1";"1";"7";"6";"0";"1";"1";"1";"0"
"20726";"82804402";"20726";"43";"1";"1";"7";"6";"1";"1";"1";"2";"0"
"20733";"82804402";"20733";"43";"1";"1";"7";"4";"0";"1";"1";"1";"0"
"20738";"82804402";"20738";"43";"1";"1";"7";"6";"0";"1";"0";"1";"0"
"20740";"82804402";"20740";"43";"3";"1";"1";"4";"0";"1";"1";"1";"0"
"20744";"82804402";"20744";"43";"1";"1";"7";"6";"2";"0";"0";"2";"0"
"20745";"82804402";"20745";"43";"1";"1";"7";"6";"0";"1";"1";"1";"0"
"20747";"82804402";"20747";"43";"3";"1";"7";"4";"0";"1";"1";"1";"0"
"20758";"82804410";"20758";"43";"1";"1";"7";"4";"1";"0";"1";"2";"0"
"21326";"83795404";"21326";"43";"1";"1";"7";"6";"0";"1";"1";"1";"0"
"21328";"83795404";"21328";"43";"1";"2";"1";"6";"0";"2";"3";"1";"0"
"21340";"83795405";"21340";"43";"1";"1";"7";"6";"0";"1";"1";"1";"0"
"21341";"83795405";"21341";"43";"3";"1";"7";"6";"0";"2";"1";"1";"0"
"21342";"83795405";"21342";"43";"1";"1";"7";"6";"0";"1";"1";"1";"0"
"21397";"83811503";"21397";"43";"1";"1";"2";"6";"0";"2";"0";"1";"0"
"21407";"83811503";"21407";"43";"2";"1";"7";"6";"0";"1";"1";"1";"0"
"21417";"83811503";"14527";"43";"1";"3";"2";"7";"1";"0";"1";"2";"0"
"21421";"83811503";"21421";"43";"1";"1";"7";"6";"0";"1";"1";"1";"0"
"21424";"83811503";"21424";"43";"3";"1";"7";"6";"0";"1";"3";"1";"0"
"21435";"83811503";"21435";"43";"1";"1";"7";"6";"0";"1";"1";"1";"0"
"21439";"83811503";"21439";"43";"1";"1";"7";"6";"0";"2";"3";"1";"0"
"21448";"83811509";"21448";"43";"1";"3";"1";"6";"0";"1";"2";"1";"0"
"21450";"83811509";"21450";"43";"3";"1";"7";"6";"0";"1";"2";"1";"0"
"21547";"83836103";"21547";"43";"2";"3";"1";"6";"1";"1";"1";"2";"0"
"21551";"83836103";"21551";"43";"1";"1";"7";"6";"0";"1";"0";"1";"0"
"22456";"84805104";"22456";"43";"1";"3";"2";"6";"1";"0";"2";"2";"0"
"22463";"84805104";"22463";"43";"1";"1";"7";"6";"0";"2";"2";"1";"0"
"22516";"84807325";"22516";"43";"3";"1";"7";"6";"0";"9";"0";"1";"0"
"22917";"84842106";"22917";"43";"1";"1";"7";"6";"0";"1";"1";"1";"0"
"22918";"84842106";"15330";"43";"1";"1";"7";"4";"0";"1";"1";"1";"0"
"22920";"84842204";"22920";"43";"3";"1";"1";"6";"0";"1";"1";"1";"0"
"22940";"84846501";"22940";"43";"2";"1";"7";"6";"0";"2";"0";"1";"0"
"22958";"84846502";"11925";"43";"3";"1";"7";"6";"0";"1";"1";"1";"0"
"22959";"84846502";"22959";"43";"1";"1";"7";"4";"0";"1";"1";"1";"0"
"22963";"84846503";"22963";"43";"3";"3";"1";"6";"0";"1";"1";"1";"0"
"23632";"84883501";"23632";"43";"3";"1";"7";"6";"2";"0";"0";"2";"0"
"16810";"79767301";"16810";"43";"2";"3";"1";"6";"1";"1";"4";"2";"0"
"16825";"79767303";"16825";"43";"3";"1";"7";"5";"0";"1";"1";"1";"0"
"16954";"79776306";"16954";"43";"1";"1";"7";"5";"0";"1";"1";"1";"0"
"18406";"80764302";"18406";"43";"1";"1";"7";"4";"0";"1";"1";"1";"0"
"14429";"78656401";"14429";"51";"1";"1";"7";"6";"0";"2";"1";"1";"0"
"14449";"78663303";"14449";"51";"1";"1";"7";"6";"0";"2";"0";"1";"0"
"14451";"78663303";"14451";"51";"2";"3";"1";"3";"1";"0";"2";"2";"0"
"14471";"78665505";"14471";"51";"1";"1";"7";"3";"0";"1";"1";"1";"0"
"14504";"78677304";"14504";"51";"1";"1";"7";"6";"0";"1";"3";"1";"0"
"14535";"78706205";"14535";"51";"1";"1";"7";"4";"1";"0";"1";"2";"0"
"14536";"78706205";"14536";"51";"1";"1";"7";"6";"0";"1";"0";"1";"0"
"14540";"78706205";"14540";"51";"2";"3";"2";"6";"1";"0";"1";"2";"0"
"14541";"78706205";"14541";"51";"1";"1";"7";"6";"1";"0";"1";"2";"0"
"14553";"78706410";"14553";"51";"1";"1";"7";"6";"0";"1";"1";"1";"0"
"14560";"78717103";"14560";"51";"1";"1";"7";"6";"1";"0";"0";"2";"0"
"14561";"78717103";"14561";"51";"1";"1";"7";"6";"0";"2";"1";"1";"0"
"14569";"78717402";"14569";"51";"5";"1";"7";"6";"0";"2";"1";"1";"0"
"14581";"78731504";"14581";"51";"1";"1";"7";"6";"0";"2";"1";"1";"0"
"14632";"78741209";"14632";"51";"1";"1";"7";"6";"0";"1";"1";"1";"0"
"14634";"78741214";"14634";"51";"1";"3";"2";"6";"0";"1";"1";"1";"0"
"14638";"78741215";"14638";"51";"1";"1";"7";"6";"0";"3";"2";"1";"0"
"14661";"78743301";"14661";"51";"1";"1";"7";"6";"0";"3";"0";"1";"0"
"14708";"78745307";"14708";"51";"1";"1";"7";"6";"0";"1";"2";"1";"0"
"14709";"78745307";"14709";"51";"1";"1";"7";"4";"0";"1";"1";"1";"0"
"14710";"78745307";"14710";"51";"1";"1";"7";"6";"0";"2";"1";"1";"0"
"14711";"78745307";"14711";"51";"5";"1";"7";"8";"0";"3";"1";"1";"0"
"14716";"78745307";"14716";"51";"1";"1";"7";"6";"0";"1";"1";"1";"0"
"14722";"78746311";"14722";"51";"1";"3";"2";"6";"0";"1";"1";"1";"0"
"14726";"78746407";"14726";"51";"1";"1";"7";"8";"0";"1";"1";"1";"0"
"14727";"78746407";"14727";"51";"1";"1";"7";"6";"0";"1";"2";"1";"0"
"14745";"78747104";"14745";"51";"1";"1";"7";"6";"0";"1";"1";"1";"0"
"14754";"78747112";"14754";"51";"1";"1";"7";"6";"0";"1";"1";"1";"0"
"14755";"78747308";"14755";"51";"1";"1";"7";"6";"0";"1";"4";"1";"0"
"14760";"78747502";"14760";"51";"1";"1";"7";"6";"0";"1";"1";"1";"0"
"14765";"78747510";"14765";"51";"1";"1";"7";"6";"0";"1";"1";"1";"0"
"14768";"78747510";"14768";"51";"1";"1";"7";"6";"0";"1";"1";"1";"0"
"14796";"78755204";"14796";"51";"1";"1";"7";"6";"0";"1";"3";"1";"0"
"14806";"78756502";"5752";"51";"2";"3";"2";"2";"0";"1";"1";"1";"0"
"14809";"78756503";"14809";"51";"1";"3";"2";"6";"0";"1";"1";"1";"0"
"14810";"78756503";"14810";"51";"1";"1";"7";"6";"1";"0";"1";"2";"0"
"14819";"78756503";"14819";"51";"5";"2";"1";"6";"0";"1";"3";"1";"0"
"14824";"78757301";"14824";"51";"1";"1";"7";"6";"0";"1";"1";"1";"0"
"14838";"78757504";"14838";"51";"1";"1";"7";"6";"0";"1";"2";"1";"0"
"14848";"78757504";"14848";"51";"3";"1";"7";"6";"0";"1";"1";"1";"0"
"14870";"78761520";"14870";"51";"3";"1";"7";"6";"0";"2";"0";"1";"0"
"14875";"78761521";"14875";"51";"3";"3";"2";"6";"0";"1";"3";"1";"0"
"14893";"78762504";"14893";"51";"1";"1";"7";"6";"0";"1";"1";"1";"0"
"14963";"78765201";"14963";"51";"3";"1";"7";"6";"0";"1";"2";"1";"0"
"14991";"78766102";"14991";"51";"2";"1";"1";"6";"0";"1";"1";"1";"0"
"15003";"78766510";"15003";"51";"5";"1";"7";"3";"1";"0";"1";"2";"0"
"15008";"78766510";"15008";"51";"1";"1";"7";"3";"0";"1";"1";"1";"0"
"15012";"78767101";"15012";"51";"1";"3";"2";"4";"0";"1";"1";"1";"0"
"15022";"78767402";"15022";"51";"1";"1";"7";"6";"0";"1";"1";"1";"0"
"15024";"78767402";"15024";"51";"1";"1";"7";"6";"0";"2";"1";"1";"0"
"15039";"78771108";"15039";"51";"1";"1";"7";"6";"0";"1";"1";"1";"0"
"15110";"78772502";"15110";"51";"1";"1";"7";"6";"0";"1";"1";"1";"0"
"15121";"78773307";"15121";"51";"3";"3";"1";"3";"0";"1";"1";"1";"0"
"15142";"78774105";"15142";"51";"1";"1";"7";"6";"0";"1";"1";"1";"0"
"15145";"78774303";"15145";"51";"1";"1";"7";"6";"0";"1";"1";"1";"0"
"15166";"78775104";"15166";"51";"3";"1";"1";"6";"0";"1";"1";"1";"0"
"15169";"78775104";"15169";"51";"3";"1";"7";"6";"0";"1";"1";"1";"0"
"15175";"78775105";"15175";"51";"1";"1";"7";"4";"0";"1";"1";"1";"0"
"15176";"78775105";"15176";"51";"3";"1";"7";"3";"1";"0";"1";"2";"0"
"15178";"78775105";"15178";"51";"3";"1";"1";"6";"0";"2";"0";"1";"0"
"15180";"78775105";"15180";"51";"1";"1";"7";"6";"0";"1";"4";"1";"0"
"15201";"78776301";"15201";"51";"1";"1";"7";"6";"0";"1";"1";"1";"0"
"15205";"78776308";"15205";"51";"3";"3";"2";"6";"0";"1";"4";"1";"0"
"15209";"78776308";"15209";"51";"2";"1";"7";"6";"0";"1";"2";"1";"0"
"15240";"78781402";"15240";"51";"1";"1";"7";"6";"0";"4";"1";"1";"0"
"15257";"78782205";"15257";"51";"1";"1";"7";"6";"1";"0";"1";"2";"0"
"15270";"78782205";"15270";"51";"2";"3";"2";"6";"0";"1";"2";"1";"0"
"15337";"78795403";"15337";"51";"1";"1";"7";"6";"0";"3";"2";"1";"0"
"15365";"78804101";"15365";"51";"3";"1";"7";"4";"0";"1";"1";"1";"0"
"15375";"78832401";"15375";"51";"1";"1";"7";"3";"0";"1";"1";"1";"0"
"15376";"78844502";"15376";"51";"3";"1";"7";"4";"0";"1";"1";"1";"0"
"15387";"78871109";"15387";"51";"1";"1";"7";"4";"0";"1";"1";"1";"0"
"15399";"78912102";"15399";"51";"1";"1";"7";"6";"0";"2";"0";"1";"0"
"15415";"79665401";"15415";"51";"2";"2";"2";"6";"0";"1";"2";"1";"0"
"15416";"79665502";"15416";"51";"5";"1";"7";"0";"0";"2";"0";"1";"0"
"15422";"79671219";"15422";"51";"1";"1";"7";"6";"1";"1";"3";"2";"0"
"15426";"79672107";"15426";"51";"1";"1";"7";"6";"1";"1";"0";"2";"0"
"15439";"79695502";"15439";"51";"1";"1";"7";"6";"0";"1";"1";"1";"0"
"15444";"79696403";"15444";"51";"1";"1";"7";"6";"0";"1";"1";"1";"0"
"15461";"79705305";"15461";"51";"1";"1";"7";"6";"0";"1";"1";"1";"0"
"15465";"79706402";"15465";"51";"1";"1";"7";"6";"0";"3";"0";"1";"0"
"15469";"79711221";"15469";"51";"3";"1";"7";"7";"1";"0";"1";"2";"0"
"15491";"79715411";"15491";"51";"1";"1";"7";"6";"0";"2";"0";"1";"0"
"15497";"79715411";"15497";"51";"2";"1";"7";"6";"0";"1";"1";"1";"0"
"15501";"79715503";"15501";"51";"1";"1";"7";"6";"0";"2";"0";"1";"0"
"15504";"79716203";"15504";"51";"2";"1";"7";"6";"0";"1";"2";"1";"0"
"15510";"79716303";"15510";"51";"1";"1";"7";"6";"1";"0";"1";"2";"0"
"15511";"79716303";"15511";"51";"1";"1";"7";"6";"1";"0";"1";"2";"0"
"15518";"79721103";"15518";"51";"1";"1";"7";"6";"0";"2";"1";"1";"0"
"15522";"79721407";"15522";"51";"1";"1";"7";"6";"1";"0";"2";"2";"0"
"15529";"79721407";"15529";"51";"1";"1";"7";"6";"0";"1";"1";"1";"0"
"15583";"79726304";"15583";"51";"3";"1";"7";"6";"0";"1";"2";"1";"0"
"15622";"79731409";"15622";"51";"1";"1";"7";"6";"0";"1";"2";"1";"0"
"15642";"79733202";"15642";"51";"1";"1";"7";"6";"0";"2";"1";"1";"0"
"15654";"79733202";"15654";"51";"1";"3";"1";"7";"0";"2";"2";"1";"0"
"15671";"79733306";"15671";"51";"3";"1";"7";"4";"1";"0";"1";"2";"0"
"15684";"79734202";"15684";"51";"3";"1";"7";"6";"0";"1";"1";"1";"0"
"15709";"79734504";"15709";"51";"5";"1";"7";"6";"0";"1";"1";"1";"0"
"15720";"79735201";"15720";"51";"1";"1";"7";"6";"0";"2";"0";"1";"0"
"15745";"79737101";"15745";"51";"1";"1";"7";"6";"0";"2";"0";"1";"0"
"15780";"79743501";"15780";"51";"1";"1";"7";"2";"0";"1";"1";"1";"0"
"15788";"79744105";"15788";"51";"1";"1";"7";"6";"0";"1";"1";"1";"0"
"15791";"79744202";"15791";"51";"1";"4";"2";"6";"0";"1";"1";"1";"0"
"15793";"79744202";"15793";"51";"1";"1";"7";"6";"0";"1";"0";"1";"0"
"15798";"79744203";"15798";"51";"1";"1";"7";"6";"0";"1";"1";"1";"0"
"15814";"79744501";"15814";"51";"3";"1";"7";"6";"0";"3";"1";"1";"0"
"15825";"79744502";"15825";"51";"3";"3";"2";"6";"0";"2";"1";"1";"0"
"15851";"79745404";"15851";"51";"1";"1";"7";"4";"0";"1";"2";"1";"0"
"15862";"79745406";"15862";"51";"1";"1";"7";"6";"0";"1";"1";"1";"0"
"15907";"79746507";"15907";"51";"1";"1";"7";"3";"0";"1";"1";"1";"0"
"15931";"79747502";"15931";"51";"1";"3";"1";"6";"0";"2";"2";"1";"0"
"15940";"79747502";"15940";"51";"3";"3";"2";"6";"0";"1";"3";"1";"0"
"15943";"79747502";"15943";"51";"3";"1";"7";"6";"0";"2";"0";"1";"0"
"15954";"79751206";"15954";"51";"3";"1";"7";"6";"0";"1";"1";"1";"0"
"16038";"79752301";"16038";"51";"3";"1";"7";"6";"0";"4";"2";"1";"0"
"16088";"79752403";"16088";"51";"1";"1";"7";"6";"0";"1";"1";"1";"0"
"16098";"79753103";"16098";"51";"1";"1";"7";"6";"0";"1";"1";"1";"0"
"16107";"79753104";"16107";"51";"5";"3";"7";"6";"0";"1";"2";"1";"0"
"16111";"79753104";"16111";"51";"1";"1";"7";"6";"0";"1";"2";"1";"0"
"16114";"79753104";"16114";"51";"1";"1";"7";"6";"0";"1";"1";"1";"0"
"16116";"79753104";"16116";"51";"1";"1";"7";"6";"0";"1";"2";"1";"0"
"16146";"79753106";"16146";"51";"1";"1";"7";"6";"0";"2";"1";"1";"0"
"16179";"79753203";"16179";"51";"1";"1";"7";"6";"0";"2";"1";"1";"0"
"16230";"79753503";"16230";"51";"1";"1";"7";"6";"1";"0";"1";"2";"0"
"16247";"79753503";"16247";"51";"3";"1";"2";"6";"0";"1";"1";"1";"0"
"16305";"79754507";"16305";"51";"1";"1";"7";"6";"0";"1";"1";"1";"0"
"16314";"79755107";"16314";"51";"1";"3";"2";"6";"0";"1";"2";"1";"0"
"16325";"79755401";"16325";"51";"3";"1";"7";"6";"0";"1";"1";"1";"0"
"16511";"79762202";"16511";"51";"1";"1";"7";"6";"0";"1";"1";"1";"0"
"16514";"79762303";"16514";"51";"1";"1";"7";"6";"0";"2";"1";"1";"0"
"16569";"79764201";"16569";"51";"1";"1";"7";"6";"0";"2";"2";"1";"0"
"16577";"79764301";"16577";"51";"3";"3";"2";"6";"0";"1";"1";"1";"0"
"16598";"79764401";"16598";"51";"3";"1";"7";"4";"0";"1";"1";"1";"0"
"16609";"79765201";"16609";"51";"1";"3";"2";"6";"0";"1";"1";"1";"0"
"16632";"79765505";"16632";"51";"1";"1";"7";"6";"0";"1";"2";"1";"0"