"accident_id";"lieu_id";"date_id";"cause_id";"lum_id";"intemp_id";"etat_surface_id";"impliq_id";"nb_blesses_graves";"nb_blesses_legers";"nb_indemnes";"gravite";"nb_morts"
"16661";"79766201";"16661";"51";"1";"7";"1";"6";"0";"1";"3";"1";"0"
"16681";"79766401";"16681";"51";"1";"1";"7";"6";"0";"2";"1";"1";"0"
"16682";"79766404";"16682";"51";"4";"1";"7";"6";"0";"2";"2";"1";"0"
"16684";"79766506";"16684";"51";"1";"1";"7";"6";"0";"1";"3";"1";"0"
"16685";"79766506";"16685";"51";"1";"1";"7";"6";"0";"1";"1";"1";"0"
"16690";"79766508";"16690";"51";"1";"1";"7";"6";"0";"1";"1";"1";"0"
"16699";"79767101";"16699";"51";"3";"1";"6";"6";"0";"1";"2";"1";"0"
"16757";"79767301";"16757";"51";"3";"1";"7";"3";"0";"1";"1";"1";"0"
"16758";"79767301";"16758";"51";"3";"1";"7";"6";"0";"1";"2";"1";"0"
"16789";"79767301";"16789";"51";"5";"3";"1";"6";"0";"2";"2";"1";"0"
"16883";"79773505";"16883";"51";"1";"1";"7";"6";"0";"1";"1";"1";"0"
"16892";"79773505";"16892";"51";"2";"1";"7";"6";"0";"1";"1";"1";"0"
"16895";"79773505";"16895";"51";"1";"1";"7";"6";"0";"1";"1";"1";"0"
"16904";"79774523";"16904";"51";"1";"1";"1";"6";"0";"1";"1";"1";"0"
"16907";"79775302";"16907";"51";"1";"3";"1";"6";"0";"1";"1";"1";"0"
"16910";"79775303";"16910";"51";"2";"1";"1";"6";"0";"1";"1";"1";"0"
"16916";"79775519";"16916";"51";"1";"1";"7";"6";"0";"2";"2";"1";"0"
"16917";"79775519";"16917";"51";"1";"3";"2";"6";"0";"2";"1";"1";"0"
"16933";"79776103";"16933";"51";"3";"1";"7";"6";"0";"1";"2";"1";"0"
"16948";"79776201";"16948";"51";"1";"3";"1";"6";"0";"0";"2";"0";"0"
"16966";"79777203";"16966";"51";"3";"3";"2";"3";"0";"1";"1";"1";"0"
"16999";"79784415";"16999";"51";"1";"3";"1";"6";"0";"1";"2";"1";"0"
"17001";"79785208";"17001";"51";"1";"1";"7";"6";"0";"1";"1";"1";"0"
"17004";"79785401";"17004";"51";"3";"3";"2";"3";"0";"1";"1";"1";"0"
"17008";"79785405";"17008";"51";"1";"1";"7";"6";"0";"1";"1";"1";"0"
"17018";"79786404";"17018";"51";"1";"3";"2";"6";"0";"1";"1";"1";"0"
"17039";"79791209";"17039";"51";"3";"3";"1";"3";"1";"0";"2";"2";"0"
"17070";"79793510";"17070";"51";"1";"1";"7";"6";"0";"1";"1";"1";"0"
"17086";"79795102";"17086";"51";"1";"1";"7";"6";"0";"1";"1";"1";"0"
"17090";"79795301";"17090";"51";"1";"1";"7";"6";"0";"1";"2";"1";"0"
"17097";"79795404";"17097";"51";"1";"1";"7";"6";"0";"1";"1";"1";"0"
"17108";"79796101";"17108";"51";"1";"3";"2";"6";"0";"1";"1";"1";"0"
"17115";"79797307";"17115";"51";"3";"1";"7";"7";"0";"1";"1";"1";"0"
"17116";"79797307";"17116";"51";"3";"4";"2";"6";"0";"2";"2";"1";"0"
"17119";"79804503";"17119";"51";"1";"1";"1";"6";"0";"1";"1";"1";"0"
"17126";"79805501";"17126";"51";"1";"3";"2";"6";"0";"1";"1";"1";"0"
"17135";"79806204";"17135";"51";"1";"1";"7";"4";"0";"1";"1";"1";"0"
"17139";"79813410";"17139";"51";"1";"1";"7";"7";"0";"1";"1";"1";"0"
"17143";"79814301";"17143";"51";"1";"1";"7";"6";"0";"1";"1";"1";"0"
"17151";"79816103";"17151";"51";"1";"1";"7";"4";"0";"1";"0";"1";"0"
"17169";"79826505";"17169";"51";"1";"1";"7";"6";"0";"2";"1";"1";"0"
"17184";"79837103";"17184";"51";"1";"1";"7";"6";"0";"1";"1";"1";"0"
"17220";"79916207";"17220";"51";"1";"1";"7";"3";"0";"1";"1";"1";"0"
"17268";"80725301";"17268";"51";"1";"1";"7";"4";"1";"0";"1";"2";"0"
"17287";"80731101";"17287";"51";"2";"1";"7";"6";"0";"1";"0";"1";"0"
"17289";"80731101";"17289";"51";"1";"3";"1";"5";"1";"0";"1";"2";"0"
"17304";"80731301";"17304";"51";"1";"1";"7";"6";"0";"2";"2";"1";"0"
"17308";"80731301";"17308";"51";"3";"3";"1";"6";"0";"3";"0";"1";"0"
"17312";"80732501";"17312";"51";"1";"3";"2";"6";"0";"4";"2";"1";"0"
"17390";"80737402";"17390";"51";"1";"1";"7";"6";"0";"1";"1";"1";"0"
"17393";"80737503";"17393";"51";"3";"1";"2";"6";"0";"3";"0";"1";"0"
"17410";"80741201";"17410";"51";"2";"1";"1";"6";"0";"1";"2";"1";"0"
"17411";"80741201";"17411";"51";"1";"1";"7";"6";"0";"1";"0";"1";"0"
"17451";"80741502";"17451";"51";"1";"2";"2";"6";"0";"1";"1";"1";"0"
"17459";"80742107";"17459";"51";"1";"1";"7";"6";"0";"1";"1";"1";"0"
"17472";"80742109";"17472";"51";"1";"1";"7";"6";"0";"1";"1";"1";"0"
"17479";"80742112";"17479";"51";"1";"1";"7";"6";"1";"1";"0";"2";"0"
"17499";"80742202";"17499";"51";"1";"7";"1";"6";"0";"1";"1";"1";"0"
"17502";"80742202";"17502";"51";"3";"1";"7";"5";"0";"1";"1";"1";"0"
"17519";"80742402";"17519";"51";"1";"1";"7";"3";"0";"1";"1";"1";"0"
"17568";"80743303";"17568";"51";"1";"1";"7";"6";"0";"1";"4";"1";"0"
"17614";"80745301";"17614";"51";"1";"1";"7";"7";"0";"2";"1";"1";"0"
"17625";"80745507";"17625";"51";"1";"1";"7";"6";"0";"1";"1";"1";"0"
"17634";"80746403";"17634";"51";"3";"1";"7";"6";"0";"1";"1";"1";"0"
"17716";"80746502";"17716";"51";"1";"1";"7";"6";"0";"2";"3";"1";"0"
"17737";"80747202";"17737";"51";"1";"2";"2";"6";"0";"1";"1";"1";"0"
"17743";"80747403";"17743";"51";"1";"1";"7";"6";"0";"1";"1";"1";"0"
"17751";"80747501";"17751";"51";"1";"1";"7";"6";"0";"1";"0";"1";"0"
"17785";"80751203";"10578";"51";"1";"1";"7";"6";"0";"1";"2";"1";"0"
"17797";"80751302";"17797";"51";"2";"1";"7";"3";"0";"1";"1";"1";"0"
"17813";"80751502";"17813";"51";"2";"1";"1";"3";"0";"1";"1";"1";"0"
"17814";"80751502";"17814";"51";"3";"1";"7";"6";"1";"0";"1";"2";"0"
"17815";"80751502";"17815";"51";"3";"1";"2";"4";"0";"1";"1";"1";"0"
"17816";"80751502";"17816";"51";"3";"1";"7";"4";"0";"1";"1";"1";"0"
"17831";"80752101";"17831";"51";"1";"1";"7";"6";"0";"1";"1";"1";"0"
"17890";"80753101";"17890";"51";"3";"1";"7";"6";"0";"1";"1";"1";"0"
"17921";"80753304";"17921";"51";"1";"1";"7";"6";"0";"1";"1";"1";"0"
"17925";"80753308";"17925";"51";"5";"3";"1";"4";"0";"1";"1";"1";"0"
"17958";"80753506";"17958";"51";"1";"1";"7";"6";"0";"1";"2";"1";"0"
"17968";"80754105";"17968";"51";"3";"3";"2";"6";"0";"2";"1";"1";"0"
"17973";"80754201";"17973";"51";"1";"1";"7";"6";"0";"1";"1";"1";"0"
"17976";"80754201";"17976";"51";"3";"1";"7";"6";"1";"0";"1";"2";"0"
"17981";"80754206";"17981";"51";"5";"1";"7";"6";"0";"1";"2";"1";"0"
"17987";"80754208";"17987";"51";"1";"1";"7";"6";"0";"1";"1";"1";"0"
"17990";"80754208";"17990";"51";"1";"1";"7";"6";"0";"1";"1";"1";"0"
"17994";"80754208";"17994";"51";"1";"1";"7";"6";"0";"2";"1";"1";"0"
"17997";"80754208";"17997";"51";"1";"1";"7";"6";"0";"3";"1";"1";"0"
"18003";"80754210";"18003";"51";"1";"1";"7";"6";"0";"1";"5";"1";"0"
"18008";"80754306";"10101";"51";"1";"1";"7";"6";"0";"1";"2";"1";"0"
"18035";"80755201";"18035";"51";"3";"1";"7";"5";"0";"2";"1";"1";"0"
"18075";"80755410";"18075";"51";"1";"1";"7";"5";"0";"1";"1";"1";"0"
"18090";"80756103";"18090";"51";"1";"1";"7";"6";"0";"1";"1";"1";"0"
"18118";"80756502";"18118";"51";"1";"1";"7";"6";"0";"1";"1";"1";"0"
"18126";"80757501";"18126";"51";"1";"2";"2";"6";"0";"3";"2";"1";"0"
"18134";"80761102";"18134";"51";"1";"1";"7";"6";"0";"2";"0";"1";"0"
"18135";"80761102";"18135";"51";"1";"1";"7";"6";"0";"1";"1";"1";"0"
"18177";"80761202";"18177";"51";"3";"1";"7";"6";"1";"0";"1";"2";"0"
"18178";"80761202";"18178";"51";"1";"1";"7";"6";"0";"1";"1";"1";"0"
"18184";"80761202";"18184";"51";"1";"1";"7";"6";"0";"1";"2";"1";"0"
"18197";"80761301";"18197";"51";"1";"3";"1";"6";"0";"1";"2";"1";"0"
"18209";"80761302";"18209";"51";"1";"1";"7";"6";"0";"1";"1";"1";"0"
"18212";"80761306";"18212";"51";"3";"1";"7";"6";"0";"3";"0";"1";"0"
"18245";"80762102";"18245";"51";"3";"1";"7";"6";"0";"2";"1";"1";"0"
"18251";"80762102";"18251";"51";"1";"1";"7";"6";"0";"1";"1";"1";"0"
"18269";"80762108";"18269";"51";"3";"2";"2";"9";"0";"2";"0";"1";"0"
"18276";"80762108";"18276";"51";"1";"1";"7";"6";"0";"1";"2";"1";"0"
"18278";"80762108";"18278";"51";"1";"1";"7";"6";"0";"1";"2";"1";"0"
"18313";"80762403";"18313";"51";"1";"1";"7";"6";"0";"2";"1";"1";"0"
"18335";"80763203";"18335";"51";"1";"2";"1";"6";"0";"1";"1";"1";"0"
"18361";"80764102";"18361";"51";"1";"1";"7";"6";"0";"1";"1";"1";"0"
"18363";"80764102";"18363";"51";"1";"1";"2";"6";"0";"1";"1";"1";"0"
"18379";"80764106";"18379";"51";"1";"1";"7";"6";"0";"1";"1";"1";"0"
"18436";"80764406";"18436";"51";"3";"1";"7";"6";"0";"2";"3";"1";"0"
"18454";"80765201";"18454";"51";"3";"1";"7";"6";"0";"1";"1";"1";"0"
"18490";"80765402";"18490";"51";"1";"1";"7";"6";"0";"1";"1";"1";"0"
"18515";"80765423";"18515";"51";"1";"1";"7";"3";"0";"1";"1";"1";"0"
"18526";"80765510";"18526";"51";"3";"1";"7";"6";"0";"1";"2";"1";"0"
"18537";"80766507";"18537";"51";"1";"3";"2";"6";"0";"1";"2";"1";"0"
"18599";"80772513";"18599";"51";"5";"1";"7";"6";"0";"1";"1";"1";"0"
"18606";"80773201";"18606";"51";"1";"1";"7";"6";"0";"1";"1";"1";"0"
"18613";"80773221";"18613";"51";"1";"1";"7";"6";"0";"1";"1";"1";"0"
"18632";"80774206";"18632";"51";"3";"1";"7";"6";"0";"1";"2";"1";"0"
"18641";"80774504";"18641";"51";"1";"1";"7";"6";"0";"3";"1";"1";"0"
"18642";"80774504";"8668";"51";"1";"1";"1";"6";"0";"1";"4";"1";"0"
"18677";"80774505";"18677";"51";"1";"1";"7";"6";"0";"1";"2";"1";"0"
"18691";"80775101";"18691";"51";"1";"1";"7";"6";"0";"2";"1";"1";"0"
"18709";"80775101";"18709";"51";"1";"3";"2";"6";"0";"1";"1";"1";"0"
"18716";"80775103";"18716";"51";"3";"1";"7";"6";"0";"1";"1";"1";"0"
"18717";"80775204";"16966";"51";"3";"1";"2";"6";"0";"2";"1";"1";"0"
"18733";"80776304";"18733";"51";"3";"6";"2";"6";"0";"2";"2";"1";"0"
"18755";"80781405";"18755";"51";"1";"1";"7";"4";"0";"2";"0";"1";"0"
"18764";"80782109";"18764";"51";"1";"1";"7";"6";"0";"1";"2";"1";"0"
"18845";"80785102";"18845";"51";"3";"1";"2";"6";"0";"1";"1";"1";"0"
"18846";"80785102";"18846";"51";"1";"1";"7";"6";"0";"1";"2";"1";"0"
"18864";"80785323";"18864";"51";"1";"1";"7";"6";"0";"1";"4";"1";"0"
"18879";"80786202";"18879";"51";"1";"1";"7";"6";"0";"2";"1";"1";"0"
"18880";"80786202";"18880";"51";"1";"1";"7";"6";"0";"1";"4";"1";"0"
"18886";"80786205";"18886";"51";"3";"1";"7";"6";"0";"1";"2";"1";"0"
"18901";"80786306";"18901";"51";"1";"1";"7";"4";"0";"1";"1";"1";"0"
"18905";"80786407";"18905";"51";"3";"1";"7";"6";"0";"1";"1";"1";"0"
"18918";"80786509";"18918";"51";"1";"1";"7";"6";"1";"0";"1";"2";"0"
"18953";"80794512";"18953";"51";"1";"1";"7";"3";"0";"1";"1";"1";"0"
"18961";"80796106";"18961";"51";"3";"3";"2";"3";"1";"0";"2";"2";"0"
"18976";"80796303";"18976";"51";"3";"1";"7";"6";"0";"1";"2";"1";"0"
"18977";"80796303";"18977";"51";"1";"1";"7";"6";"0";"1";"3";"1";"0"
"18991";"80797107";"18991";"51";"1";"1";"7";"3";"0";"1";"1";"1";"0"
"18996";"80797402";"18996";"51";"1";"2";"2";"6";"0";"4";"5";"1";"0"
"19000";"80797402";"19000";"51";"1";"1";"7";"6";"2";"0";"1";"2";"0"
"19012";"80797505";"19012";"51";"1";"2";"2";"8";"0";"1";"0";"1";"0"
"19013";"80797505";"19013";"51";"3";"1";"7";"6";"0";"1";"1";"1";"0"
"19014";"80797505";"19014";"51";"3";"1";"7";"6";"0";"1";"2";"1";"0"
"19016";"80797505";"19016";"51";"1";"1";"7";"6";"0";"1";"2";"1";"0"
"19017";"80797505";"19017";"51";"3";"1";"2";"7";"0";"0";"1";"3";"0"
"19024";"80797508";"19024";"51";"3";"1";"1";"6";"0";"1";"0";"1";"0"
"19040";"80804112";"19040";"51";"1";"1";"7";"0";"2";"0";"0";"2";"0"
"19051";"80804503";"19051";"51";"1";"1";"2";"3";"1";"0";"2";"2";"0"
"19055";"80804503";"19055";"51";"1";"1";"7";"6";"0";"1";"1";"1";"0"
"19074";"80806110";"19074";"51";"1";"1";"7";"6";"0";"1";"1";"1";"0"
"19077";"80806111";"19077";"51";"1";"1";"7";"6";"1";"0";"1";"2";"0"
"19083";"80807107";"19083";"51";"1";"1";"1";"4";"0";"1";"1";"1";"0"
"19107";"80812501";"19107";"51";"1";"1";"7";"7";"0";"1";"1";"1";"0"
"19116";"80813111";"19116";"51";"1";"1";"7";"4";"0";"1";"0";"1";"0"
"19120";"80813202";"19120";"51";"1";"1";"7";"6";"0";"1";"2";"1";"0"
"19134";"80837506";"19134";"51";"1";"1";"7";"6";"0";"1";"0";"1";"0"
"19146";"80877306";"19146";"51";"3";"3";"1";"0";"0";"1";"0";"1";"0"
"19155";"80886104";"19155";"51";"1";"1";"7";"6";"1";"0";"1";"2";"0"
"19162";"80897501";"19162";"51";"1";"1";"7";"3";"0";"1";"1";"1";"0"
"23933";"85812203";"23933";"51";"1";"1";"7";"6";"0";"1";"0";"1";"0"
"23970";"85813501";"23970";"51";"3";"1";"7";"6";"0";"3";"1";"1";"0"
"23971";"85813501";"23971";"51";"1";"1";"7";"6";"0";"1";"1";"1";"0"
"23980";"85814201";"23980";"51";"1";"1";"7";"6";"0";"1";"1";"1";"0"
"24007";"85814405";"24007";"51";"1";"1";"7";"6";"0";"1";"3";"1";"0"
"24028";"85815302";"24028";"51";"3";"3";"1";"0";"0";"1";"0";"1";"0"
"24029";"85815302";"24029";"51";"3";"3";"1";"0";"0";"1";"0";"1";"0"
"24030";"85815302";"24030";"51";"3";"1";"7";"0";"0";"1";"0";"1";"0"
"24038";"85815303";"24038";"51";"3";"1";"7";"0";"0";"2";"0";"1";"0"
"24040";"85815303";"24040";"51";"1";"1";"7";"6";"0";"1";"0";"1";"0"
"24047";"85815501";"3420";"51";"3";"1";"7";"6";"0";"1";"1";"1";"0"
"24053";"85815501";"24053";"51";"1";"3";"2";"6";"0";"1";"1";"1";"0"
"24058";"85815501";"24058";"51";"1";"1";"7";"6";"0";"1";"1";"1";"0"
"24059";"85815501";"24059";"51";"3";"1";"7";"6";"0";"2";"2";"1";"0"
"24082";"85816101";"24082";"51";"2";"2";"1";"7";"1";"0";"1";"2";"0"
"24089";"85816401";"24089";"51";"3";"1";"7";"0";"0";"2";"2";"1";"0"
"24118";"85817506";"24118";"51";"1";"1";"7";"3";"0";"0";"1";"3";"0"
"24150";"85821312";"24150";"51";"3";"1";"7";"4";"0";"1";"1";"1";"0"
"24193";"85822406";"24193";"51";"1";"1";"7";"6";"0";"1";"1";"1";"0"
"24205";"85822409";"24205";"51";"1";"4";"1";"6";"0";"1";"3";"1";"0"
"24222";"85823109";"24222";"51";"1";"3";"1";"4";"0";"1";"1";"1";"0"
"24262";"85823504";"24262";"51";"3";"3";"1";"4";"0";"1";"0";"1";"0"
"24263";"85823504";"24263";"51";"1";"1";"7";"6";"0";"1";"1";"1";"0"
"24295";"85824204";"24295";"51";"1";"3";"1";"6";"0";"1";"0";"1";"0"
"24335";"85825401";"23089";"51";"1";"1";"7";"4";"0";"1";"0";"1";"0"
"24358";"85825506";"24358";"51";"3";"1";"7";"6";"0";"1";"3";"1";"0"
"24362";"85825506";"24362";"51";"1";"1";"7";"0";"0";"1";"1";"1";"0"
"24378";"85826101";"24378";"51";"1";"1";"7";"7";"0";"0";"1";"0";"0"
"24379";"85826101";"24379";"51";"3";"1";"7";"6";"0";"2";"0";"1";"0"
"24385";"85826101";"24385";"51";"1";"1";"7";"6";"0";"1";"0";"1";"0"
"24389";"85826102";"24389";"51";"3";"1";"7";"6";"0";"1";"2";"1";"0"
"24390";"85826102";"24390";"51";"3";"1";"1";"6";"0";"2";"1";"1";"0"
"24396";"85826102";"24396";"51";"2";"1";"7";"0";"0";"1";"1";"1";"0"
"24447";"85826505";"24447";"51";"1";"1";"7";"6";"0";"3";"0";"1";"0"
"24449";"85826505";"24449";"51";"3";"3";"1";"6";"0";"1";"2";"1";"0"
"24450";"85827104";"24450";"51";"1";"1";"7";"6";"0";"1";"1";"1";"0"
"24464";"85827204";"24464";"51";"1";"1";"7";"2";"0";"1";"1";"1";"0"
"24511";"85831107";"24511";"51";"1";"1";"7";"6";"0";"1";"1";"1";"0"
"24529";"85831305";"24529";"51";"1";"1";"7";"4";"1";"0";"1";"2";"0"
"24539";"85832101";"24539";"51";"1";"3";"2";"7";"1";"1";"1";"2";"0"
"24551";"85832501";"24551";"51";"3";"1";"7";"0";"0";"1";"1";"1";"0"
"24557";"85833205";"24557";"51";"3";"1";"7";"6";"0";"1";"3";"1";"0"
"24571";"85833211";"24571";"51";"1";"1";"7";"6";"0";"2";"2";"1";"0"
"24591";"85833306";"24591";"51";"1";"1";"7";"6";"0";"1";"1";"1";"0"
"24598";"85834101";"24598";"51";"3";"1";"7";"4";"0";"1";"0";"1";"0"
"24622";"85834106";"24622";"51";"1";"1";"7";"2";"0";"1";"2";"1";"0"
"24632";"85834210";"24632";"51";"1";"1";"7";"6";"0";"1";"1";"1";"0"
"24642";"85834308";"24642";"51";"1";"1";"7";"6";"0";"1";"3";"1";"0"
"24652";"85834308";"2184";"51";"3";"1";"1";"6";"0";"1";"0";"1";"0"
"24708";"85835212";"24708";"51";"1";"1";"7";"3";"0";"0";"1";"3";"0"
"24734";"85835212";"24734";"51";"1";"1";"7";"6";"0";"1";"1";"1";"0"
"24769";"85835407";"24769";"51";"3";"1";"7";"2";"0";"1";"1";"1";"0"
"24780";"85836106";"24780";"51";"1";"1";"7";"7";"0";"2";"1";"1";"0"
"24789";"85836106";"24789";"51";"1";"1";"7";"9";"0";"1";"0";"1";"0"
"24831";"85837101";"24831";"51";"3";"1";"7";"6";"0";"1";"1";"1";"0"
"24835";"85837103";"24835";"51";"1";"3";"1";"0";"0";"4";"0";"1";"0"
"24845";"85837402";"24845";"51";"3";"1";"1";"6";"0";"1";"0";"1";"0"
"24849";"85837403";"24849";"51";"1";"1";"7";"6";"0";"1";"1";"1";"0"
"24850";"85837403";"24850";"51";"1";"1";"7";"7";"0";"1";"0";"1";"0"
"24868";"85841126";"24868";"51";"3";"1";"7";"6";"0";"1";"2";"1";"0"
"24882";"85841407";"24882";"51";"3";"1";"7";"6";"0";"1";"0";"1";"0"
"24903";"85841506";"24903";"51";"1";"3";"2";"6";"0";"1";"1";"1";"0"
"24928";"85842103";"24928";"51";"3";"1";"7";"6";"0";"3";"2";"1";"0"
"24929";"85842103";"24929";"51";"1";"1";"7";"6";"0";"1";"1";"1";"0"
"24934";"85842104";"24934";"51";"3";"1";"7";"3";"0";"1";"1";"1";"0"
"24941";"85842212";"24941";"51";"1";"1";"7";"6";"0";"1";"1";"1";"0"
"24945";"85842212";"24945";"51";"1";"3";"2";"6";"0";"3";"3";"1";"0"
"24951";"85842212";"24951";"51";"1";"1";"7";"6";"0";"1";"2";"1";"0"
"24957";"85842212";"24957";"51";"1";"1";"7";"6";"0";"2";"0";"1";"0"
"24961";"85842212";"24961";"51";"1";"1";"7";"6";"0";"1";"1";"1";"0"
"24972";"85844206";"24972";"51";"1";"1";"7";"3";"1";"0";"1";"2";"0"
"24984";"85844206";"24984";"51";"1";"1";"7";"6";"0";"1";"2";"1";"0"
"24985";"85844206";"24985";"51";"1";"1";"7";"6";"0";"1";"2";"1";"0"
"24990";"85844207";"24990";"51";"2";"1";"7";"0";"0";"1";"0";"1";"0"
"25000";"85844502";"25000";"51";"1";"3";"1";"6";"0";"1";"1";"1";"0"
"25020";"85845103";"25020";"51";"1";"1";"7";"3";"0";"1";"1";"1";"0"
"25048";"85845304";"25048";"51";"1";"1";"7";"6";"0";"2";"1";"1";"0"
"25057";"85845307";"25057";"51";"1";"1";"7";"6";"0";"1";"1";"1";"0"
"25092";"85846102";"25092";"51";"1";"1";"7";"6";"0";"1";"1";"1";"0"
"25127";"85847204";"25127";"51";"1";"1";"7";"4";"0";"1";"1";"1";"0"
"25134";"85847511";"25134";"51";"1";"1";"7";"6";"0";"1";"1";"1";"0"
"25145";"85851202";"25145";"51";"1";"3";"1";"6";"0";"1";"2";"1";"0"
"25146";"85851202";"25146";"51";"3";"3";"1";"6";"0";"7";"0";"1";"0"
"25188";"85851401";"25188";"51";"1";"1";"7";"6";"0";"1";"1";"1";"0"
"25190";"85851401";"14801";"51";"1";"1";"7";"6";"0";"1";"2";"1";"0"
"25191";"85851401";"25191";"51";"5";"1";"7";"6";"0";"1";"1";"1";"0"
"25206";"85851403";"9716";"51";"1";"1";"7";"6";"0";"1";"1";"1";"0"
"25208";"85851403";"25208";"51";"1";"1";"7";"3";"0";"1";"1";"1";"0"
"25251";"85851406";"25251";"51";"1";"1";"7";"3";"0";"1";"1";"1";"0"
"25270";"85852402";"25270";"51";"1";"1";"7";"6";"0";"1";"3";"1";"0"
"25310";"85853303";"25310";"51";"3";"3";"1";"6";"0";"1";"1";"1";"0"
"25312";"85853303";"25312";"51";"3";"1";"7";"4";"1";"0";"1";"2";"0"
"25336";"85854106";"7580";"51";"1";"1";"7";"4";"0";"1";"1";"1";"0"
"25338";"85854106";"25338";"51";"1";"3";"2";"3";"0";"1";"1";"1";"0"
"25348";"85854106";"25348";"51";"1";"3";"1";"6";"0";"3";"0";"1";"0"
"25350";"85854106";"25350";"51";"1";"3";"1";"6";"1";"0";"1";"2";"0"
"25372";"85854402";"25372";"51";"1";"7";"7";"4";"0";"1";"1";"1";"0"
"25387";"85855503";"25387";"51";"1";"1";"7";"4";"0";"1";"1";"1";"0"
"25398";"85855503";"25398";"51";"1";"1";"7";"3";"0";"1";"1";"1";"0"
"25428";"85857106";"25428";"51";"1";"1";"7";"6";"0";"1";"1";"1";"0"
"25443";"85857503";"25443";"51";"1";"1";"7";"7";"0";"1";"1";"1";"0"
"25446";"85857503";"25446";"51";"1";"1";"7";"6";"0";"1";"2";"1";"0"
"25459";"85861107";"25459";"51";"3";"1";"7";"6";"0";"1";"1";"1";"0"
"25479";"85861211";"25479";"51";"1";"1";"7";"4";"0";"1";"1";"1";"0"
"25486";"85861211";"25486";"51";"1";"1";"7";"6";"0";"1";"1";"1";"0"
"25496";"85861302";"23252";"51";"1";"1";"7";"6";"0";"1";"1";"1";"0"
"25519";"85861503";"25519";"51";"1";"3";"1";"6";"0";"1";"1";"1";"0"
"25550";"85862203";"25550";"51";"1";"1";"7";"3";"0";"1";"0";"1";"0"
"25560";"85862306";"25560";"51";"2";"3";"2";"6";"0";"1";"2";"1";"0"
"25578";"85863202";"25578";"51";"1";"1";"7";"6";"0";"1";"1";"1";"0"
"25580";"85863303";"25580";"51";"3";"3";"1";"6";"1";"0";"1";"2";"0"
"25581";"85863303";"25581";"51";"3";"1";"7";"6";"0";"1";"0";"1";"0"
"25585";"85863401";"25585";"51";"1";"1";"7";"3";"0";"1";"1";"1";"0"
"25680";"85865103";"25680";"51";"1";"1";"7";"6";"0";"1";"1";"1";"0"
"25717";"85865306";"25717";"51";"2";"1";"7";"4";"0";"1";"1";"1";"0"
"25723";"85865503";"25723";"51";"1";"1";"7";"4";"1";"0";"1";"2";"0"
"25745";"85866307";"25745";"51";"1";"1";"7";"6";"0";"1";"1";"1";"0"
"25747";"85866309";"25747";"51";"2";"1";"2";"3";"0";"1";"1";"1";"0"
"25785";"85871202";"25785";"51";"1";"1";"7";"6";"0";"1";"1";"1";"0"
"25832";"85872306";"25832";"51";"3";"1";"7";"6";"0";"1";"1";"1";"0"
"25861";"85873203";"25861";"51";"2";"3";"1";"3";"0";"1";"1";"1";"0"
"25888";"85874104";"25888";"51";"1";"1";"7";"6";"0";"1";"2";"1";"0"
"25896";"85874206";"25896";"51";"3";"3";"1";"5";"0";"1";"1";"1";"0"
"25901";"85874304";"25901";"51";"3";"1";"1";"6";"0";"1";"3";"1";"0"
"25924";"85874508";"25924";"51";"1";"1";"7";"6";"0";"1";"1";"1";"0"
"25925";"85874508";"25925";"51";"1";"1";"7";"6";"0";"1";"1";"1";"0"
"25937";"85874508";"25937";"51";"1";"1";"7";"6";"0";"1";"0";"1";"0"
"25945";"85875104";"25945";"51";"1";"1";"7";"6";"0";"1";"1";"1";"0"
"25948";"85875501";"25948";"51";"3";"1";"7";"6";"2";"0";"0";"2";"0"
"25950";"85875501";"25950";"51";"1";"1";"7";"6";"0";"1";"1";"1";"0"
"25954";"85875501";"25954";"51";"3";"6";"1";"3";"0";"1";"1";"1";"0"
"25971";"85876301";"25971";"51";"1";"1";"7";"3";"0";"1";"1";"1";"0"
"26002";"85877102";"26002";"51";"1";"3";"1";"4";"1";"0";"1";"2";"0"
"26016";"85877404";"26016";"51";"1";"1";"7";"6";"0";"1";"0";"1";"0"
"26017";"85877404";"26017";"51";"3";"1";"7";"7";"0";"1";"1";"1";"0"
"26041";"85882102";"26041";"51";"1";"1";"7";"6";"0";"1";"1";"1";"0"
"26045";"85882102";"26045";"51";"3";"2";"2";"6";"0";"1";"1";"1";"0"
"26046";"85882102";"26046";"51";"1";"1";"7";"6";"0";"1";"1";"1";"0"
"26050";"85882102";"26050";"51";"1";"1";"7";"6";"0";"1";"1";"1";"0"
"26061";"85882406";"26061";"51";"1";"1";"7";"4";"0";"0";"2";"3";"0"
"26064";"85883204";"26064";"51";"3";"1";"7";"6";"0";"1";"0";"1";"0"
"26076";"85883204";"26076";"51";"2";"1";"7";"6";"0";"1";"1";"1";"0"
"26082";"85884110";"26082";"51";"1";"1";"1";"3";"0";"1";"1";"1";"0"