"accident_id";"lieu_id";"date_id";"cause_id";"lum_id";"intemp_id";"etat_surface_id";"impliq_id";"nb_blesses_graves";"nb_blesses_legers";"nb_indemnes";"gravite";"nb_morts"
"26093";"85884301";"26093";"51";"1";"1";"1";"4";"0";"1";"1";"1";"0"
"26104";"85887401";"26104";"51";"1";"1";"7";"6";"0";"1";"1";"1";"0"
"26109";"85887504";"26109";"51";"1";"1";"7";"4";"0";"1";"1";"1";"0"
"26138";"85893404";"26138";"51";"1";"1";"7";"6";"0";"1";"1";"1";"0"
"26140";"85893404";"26140";"51";"1";"1";"7";"4";"0";"1";"2";"1";"0"
"26141";"85893405";"26141";"51";"1";"1";"7";"6";"4";"2";"1";"2";"0"
"26153";"85901304";"13847";"51";"2";"1";"7";"6";"0";"1";"1";"1";"0"
"26182";"86735201";"26182";"51";"1";"1";"7";"3";"0";"0";"1";"3";"0"
"26186";"86743104";"26186";"51";"1";"1";"7";"3";"0";"1";"1";"1";"0"
"26198";"86784303";"26198";"51";"1";"1";"7";"6";"0";"1";"2";"1";"0"
"26205";"86785405";"26205";"51";"1";"3";"2";"6";"0";"1";"1";"1";"0"
"26210";"86785405";"26210";"51";"1";"1";"7";"8";"0";"1";"1";"1";"0"
"26221";"86792506";"26221";"51";"3";"1";"7";"4";"1";"0";"0";"2";"0"
"26222";"86792506";"26222";"51";"1";"1";"7";"6";"0";"1";"1";"1";"0"
"26224";"86792506";"26224";"51";"1";"1";"7";"6";"0";"2";"0";"1";"0"
"26253";"86796401";"26253";"51";"1";"1";"7";"6";"1";"0";"1";"2";"0"
"26255";"86796405";"26255";"51";"3";"2";"2";"6";"0";"1";"0";"1";"0"
"26287";"86802101";"10384";"51";"1";"3";"2";"3";"0";"1";"0";"1";"0"
"26291";"86802101";"26291";"51";"3";"1";"7";"6";"0";"2";"1";"1";"0"
"26294";"86802101";"11132";"51";"1";"1";"7";"6";"0";"1";"1";"1";"0"
"26299";"86802401";"26299";"51";"1";"1";"5";"6";"0";"1";"1";"1";"0"
"26320";"86803103";"26320";"51";"1";"1";"7";"6";"0";"1";"0";"1";"0"
"26327";"86803403";"26327";"51";"1";"1";"7";"6";"0";"1";"1";"1";"0"
"26330";"86803403";"26330";"51";"1";"1";"7";"6";"0";"1";"1";"1";"0"
"26353";"86803503";"26353";"51";"3";"1";"7";"0";"0";"1";"0";"1";"0"
"26354";"86803505";"26354";"51";"1";"1";"7";"3";"0";"1";"1";"1";"0"
"26357";"86803505";"26357";"51";"3";"1";"7";"6";"0";"1";"2";"1";"0"
"26358";"86803505";"22674";"51";"2";"1";"7";"6";"0";"1";"1";"1";"0"
"26365";"86804201";"26365";"51";"1";"1";"7";"6";"0";"1";"1";"1";"0"
"26378";"86804302";"5293";"51";"3";"1";"7";"6";"0";"2";"1";"1";"0"
"26389";"86804302";"26389";"51";"1";"1";"7";"6";"0";"1";"2";"1";"0"
"26413";"86804507";"26413";"51";"2";"1";"1";"6";"0";"1";"1";"1";"0"
"26448";"86805404";"26448";"51";"1";"1";"7";"6";"0";"1";"1";"1";"0"
"26449";"86805404";"26449";"51";"1";"1";"7";"4";"0";"1";"0";"1";"0"
"26453";"86805404";"26453";"51";"1";"3";"1";"6";"0";"1";"2";"1";"0"
"26461";"86805404";"26461";"51";"1";"1";"1";"6";"0";"1";"2";"1";"0"
"26469";"86806206";"26469";"51";"1";"1";"7";"4";"0";"1";"1";"1";"0"
"26474";"86806402";"26474";"51";"1";"1";"7";"4";"0";"1";"1";"1";"0"
"26480";"86806504";"26480";"51";"1";"1";"7";"2";"0";"1";"1";"1";"0"
"26503";"86807113";"26503";"51";"1";"1";"7";"6";"0";"1";"1";"1";"0"
"26504";"86807113";"26504";"51";"1";"1";"7";"6";"0";"1";"2";"1";"0"
"26531";"86811201";"26531";"51";"1";"1";"7";"5";"0";"1";"1";"1";"0"
"26541";"86811207";"26541";"51";"1";"3";"1";"7";"0";"1";"1";"1";"0"
"26547";"86811207";"26547";"51";"1";"1";"7";"6";"0";"3";"1";"1";"0"
"26576";"86812203";"26576";"51";"1";"1";"7";"6";"0";"1";"1";"1";"0"
"26595";"86812403";"26595";"51";"1";"1";"1";"2";"0";"1";"1";"1";"0"
"26627";"86813101";"26627";"51";"1";"1";"7";"6";"0";"1";"1";"1";"0"
"26688";"86814101";"26688";"51";"3";"3";"1";"3";"0";"1";"1";"1";"0"
"26722";"86814504";"26722";"51";"1";"2";"2";"2";"0";"1";"1";"1";"0"
"26724";"86814504";"26724";"51";"1";"1";"7";"4";"0";"1";"1";"1";"0"
"26782";"86815504";"26782";"51";"3";"1";"1";"6";"0";"1";"1";"1";"0"
"26819";"86817101";"26819";"51";"3";"1";"7";"6";"0";"1";"8";"1";"0"
"26842";"86817101";"26842";"51";"1";"1";"7";"6";"0";"1";"1";"1";"0"
"26862";"86817304";"26862";"51";"1";"1";"7";"6";"0";"1";"1";"1";"0"
"26881";"86817401";"26881";"51";"3";"1";"7";"6";"0";"2";"0";"1";"0"
"26908";"86817504";"26908";"51";"1";"1";"7";"7";"0";"1";"1";"1";"0"
"26910";"86817504";"26910";"51";"1";"1";"7";"4";"0";"1";"1";"1";"0"
"26919";"86817504";"26919";"51";"3";"1";"7";"6";"0";"1";"1";"1";"0"
"26921";"86821102";"26921";"51";"3";"1";"7";"2";"0";"1";"2";"1";"0"
"26922";"86821102";"26922";"51";"1";"1";"7";"3";"0";"1";"0";"1";"0"
"26933";"86821402";"26933";"51";"3";"1";"7";"6";"0";"1";"2";"1";"0"
"26936";"86821402";"26936";"51";"3";"1";"1";"5";"0";"1";"1";"1";"0"
"26943";"86821406";"26943";"51";"1";"1";"7";"6";"0";"1";"2";"1";"0"
"26960";"86821501";"26960";"51";"3";"1";"7";"0";"0";"1";"1";"1";"0"
"26961";"86821502";"26961";"51";"1";"1";"7";"6";"0";"1";"1";"1";"0"
"26962";"86821502";"26962";"51";"1";"1";"7";"2";"0";"1";"2";"1";"0"
"26972";"86821505";"26972";"51";"1";"1";"7";"6";"0";"1";"1";"1";"0"
"27030";"86822407";"27030";"51";"1";"3";"1";"4";"0";"1";"1";"1";"0"
"27034";"86822502";"27034";"51";"1";"1";"7";"6";"0";"1";"2";"1";"0"
"27042";"86822502";"27042";"51";"1";"1";"7";"6";"0";"1";"2";"1";"0"
"27081";"86823301";"27081";"51";"3";"3";"2";"8";"0";"1";"1";"1";"0"
"27090";"86823301";"27090";"51";"1";"1";"7";"6";"0";"1";"1";"1";"0"
"27126";"86823307";"27126";"51";"3";"1";"7";"3";"0";"1";"1";"1";"0"
"27152";"86823406";"27152";"51";"3";"1";"7";"6";"0";"1";"0";"1";"0"
"27166";"86823503";"27166";"51";"1";"1";"7";"4";"0";"1";"1";"1";"0"
"27198";"86823503";"27198";"51";"1";"1";"7";"6";"0";"1";"4";"1";"0"
"27199";"86823503";"27199";"51";"2";"1";"7";"4";"0";"1";"0";"1";"0"
"27224";"86824204";"27224";"51";"2";"1";"7";"6";"0";"1";"1";"1";"0"
"27228";"86824207";"27228";"51";"3";"3";"1";"6";"0";"1";"1";"1";"0"
"27255";"86824404";"27255";"51";"1";"1";"7";"6";"0";"1";"5";"1";"0"
"27264";"86824404";"27264";"51";"1";"1";"7";"3";"0";"1";"0";"1";"0"
"27284";"86824407";"27284";"51";"1";"1";"7";"2";"0";"1";"1";"1";"0"
"27285";"86824407";"27285";"51";"3";"1";"7";"6";"0";"1";"8";"1";"0"
"27322";"86825105";"27322";"51";"1";"1";"7";"3";"0";"1";"2";"1";"0"
"27323";"86825105";"27323";"51";"3";"1";"7";"0";"2";"0";"0";"2";"0"
"27376";"86825506";"27376";"51";"3";"3";"1";"0";"0";"1";"1";"1";"0"
"27377";"86825506";"27377";"51";"3";"1";"7";"0";"0";"2";"0";"1";"0"
"27386";"86826101";"27386";"51";"3";"1";"7";"6";"0";"1";"3";"1";"0"
"27394";"86826102";"27394";"51";"1";"2";"1";"3";"0";"1";"0";"1";"0"
"27407";"86826103";"27407";"51";"1";"1";"7";"6";"0";"1";"1";"1";"0"
"27410";"86826103";"27410";"51";"1";"1";"7";"6";"0";"1";"2";"1";"0"
"27430";"86826201";"27430";"51";"3";"1";"7";"2";"1";"0";"2";"2";"0"
"27442";"86826306";"27442";"51";"1";"1";"7";"0";"0";"2";"0";"1";"0"
"27494";"86831101";"27494";"51";"1";"3";"2";"6";"0";"1";"1";"1";"0"
"27608";"86832206";"27608";"51";"1";"1";"7";"6";"0";"1";"1";"1";"0"
"27631";"86832403";"27631";"51";"1";"1";"7";"6";"0";"1";"1";"1";"0"
"27635";"86832407";"27635";"51";"1";"1";"7";"4";"0";"1";"1";"1";"0"
"27669";"86833103";"19338";"51";"1";"1";"7";"6";"0";"1";"2";"1";"0"
"27672";"86833103";"27672";"51";"1";"1";"7";"6";"0";"1";"1";"1";"0"
"27708";"86833407";"27708";"51";"1";"2";"1";"6";"0";"1";"3";"1";"0"
"27716";"86833503";"27716";"51";"1";"1";"7";"6";"1";"0";"3";"2";"0"
"27718";"86833503";"9726";"51";"1";"1";"7";"4";"0";"1";"1";"1";"0"
"27732";"86833503";"27732";"51";"1";"1";"7";"6";"0";"1";"0";"1";"0"
"27758";"86834105";"27758";"51";"3";"1";"7";"6";"0";"1";"1";"1";"0"
"27770";"86834105";"27770";"51";"1";"1";"7";"6";"0";"2";"3";"1";"0"
"27798";"86834202";"27798";"51";"1";"1";"7";"6";"0";"1";"1";"1";"0"
"27799";"86834202";"27799";"51";"1";"1";"7";"6";"0";"2";"0";"1";"0"
"27816";"86834302";"27816";"51";"1";"1";"7";"6";"0";"3";"0";"1";"0"
"27830";"86834501";"27830";"51";"2";"1";"7";"4";"1";"0";"1";"2";"0"
"27839";"86835101";"27839";"51";"1";"1";"7";"6";"0";"1";"1";"1";"0"
"27861";"86835101";"27861";"51";"3";"1";"1";"6";"0";"1";"0";"1";"0"
"27873";"86835105";"27873";"51";"3";"1";"7";"6";"0";"1";"0";"1";"0"
"27897";"86836201";"27897";"51";"1";"1";"7";"3";"0";"1";"1";"1";"0"
"27899";"86836202";"27138";"51";"2";"1";"7";"6";"0";"1";"1";"1";"0"
"27938";"86837202";"27938";"51";"1";"1";"7";"6";"0";"1";"1";"1";"0"
"27942";"86841102";"27942";"51";"1";"1";"7";"9";"0";"1";"2";"1";"0"
"27945";"86841205";"27945";"51";"1";"1";"7";"1";"0";"2";"0";"1";"0"
"27980";"86841422";"27980";"51";"1";"1";"7";"6";"0";"2";"1";"1";"0"
"27983";"86842102";"27983";"51";"1";"1";"7";"3";"0";"1";"1";"1";"0"
"27990";"86842103";"27990";"51";"1";"1";"7";"6";"0";"1";"1";"1";"0"
"28031";"86843209";"28031";"51";"1";"1";"7";"6";"0";"1";"2";"1";"0"
"28045";"86843506";"28045";"51";"1";"1";"1";"6";"0";"1";"1";"1";"0"
"28052";"86844102";"28052";"51";"1";"1";"1";"2";"0";"2";"0";"1";"0"
"28124";"86844417";"28124";"51";"3";"1";"7";"3";"0";"1";"1";"1";"0"
"28130";"86845102";"28130";"51";"1";"1";"7";"6";"0";"3";"1";"1";"0"
"28162";"86846101";"28162";"51";"3";"1";"7";"6";"0";"2";"1";"1";"0"
"28176";"86846505";"28176";"51";"1";"1";"1";"6";"0";"2";"0";"1";"0"
"28177";"86846505";"28177";"51";"3";"1";"7";"6";"0";"2";"0";"1";"0"
"28185";"86847113";"28185";"51";"1";"1";"7";"4";"0";"1";"1";"1";"0"
"28191";"86847403";"28191";"51";"1";"1";"7";"6";"0";"2";"0";"3";"0"
"28195";"86847406";"28195";"51";"3";"1";"7";"3";"0";"1";"1";"1";"0"
"28198";"86847406";"28198";"51";"1";"1";"7";"6";"0";"1";"0";"1";"0"
"28222";"86851307";"28222";"51";"1";"3";"2";"3";"0";"0";"1";"3";"0"
"28228";"86851307";"28228";"51";"1";"1";"7";"6";"0";"2";"0";"1";"0"
"28258";"86855103";"28258";"51";"1";"3";"1";"3";"0";"1";"1";"1";"0"
"28308";"86857110";"28308";"51";"3";"1";"7";"6";"0";"8";"1";"1";"0"
"28325";"86861101";"28325";"51";"1";"1";"7";"6";"0";"1";"1";"1";"0"
"28337";"86862202";"28337";"51";"1";"1";"7";"6";"0";"1";"1";"1";"0"
"28338";"86862202";"28338";"51";"1";"1";"7";"6";"0";"1";"0";"1";"0"
"28362";"86862302";"28362";"51";"1";"1";"7";"3";"0";"1";"1";"1";"0"
"28367";"86862504";"28367";"51";"1";"1";"7";"6";"0";"2";"0";"1";"0"
"28409";"86864203";"28409";"51";"1";"1";"7";"6";"0";"2";"1";"1";"0"
"28457";"86871504";"28457";"51";"1";"1";"7";"6";"0";"1";"1";"1";"0"
"28471";"86872303";"28471";"51";"2";"1";"7";"6";"0";"1";"1";"1";"0"
"28491";"86873203";"28491";"51";"1";"1";"7";"6";"0";"1";"1";"1";"0"
"28501";"86873203";"28501";"51";"1";"3";"1";"6";"0";"1";"1";"1";"0"
"28502";"86873203";"28502";"51";"1";"1";"7";"3";"0";"1";"1";"1";"0"
"28525";"86874406";"28525";"51";"1";"1";"7";"3";"0";"1";"1";"1";"0"
"28536";"86875508";"28536";"51";"1";"1";"7";"6";"0";"1";"1";"1";"0"
"28568";"86882310";"28568";"51";"3";"4";"4";"6";"0";"1";"1";"1";"0"
"28572";"86883101";"28572";"51";"1";"1";"7";"6";"0";"1";"1";"1";"0"
"28582";"86883201";"28582";"51";"1";"1";"7";"3";"0";"1";"1";"1";"0"
"28588";"86884103";"24661";"51";"1";"1";"7";"3";"0";"1";"1";"1";"0"
"28589";"86884103";"28589";"51";"3";"1";"7";"3";"0";"1";"1";"1";"0"
"28660";"87801403";"28660";"51";"1";"1";"7";"4";"1";"0";"1";"2";"0"
"28682";"87802211";"28682";"51";"3";"1";"7";"5";"0";"1";"1";"1";"0"
"28685";"87802412";"28685";"51";"1";"1";"7";"6";"0";"1";"1";"1";"0"
"4870";"43156";"4870";"51";"1";"1";"7";"6";"1";"0";"1";"2";"0"
"4874";"43157";"4874";"51";"3";"1";"7";"7";"1";"0";"1";"2";"0"
"4886";"43190";"4886";"51";"1";"1";"7";"6";"0";"1";"1";"1";"0"
"4915";"43272";"4915";"51";"1";"1";"7";"6";"0";"2";"0";"1";"0"
"4923";"43302";"4923";"51";"1";"1";"7";"6";"0";"1";"1";"1";"0"
"4932";"43305";"4932";"51";"2";"1";"4";"7";"0";"1";"1";"1";"0"
"4941";"43305";"2268";"51";"1";"3";"1";"6";"0";"1";"1";"1";"0"
"4946";"43305";"4946";"51";"1";"1";"7";"3";"0";"1";"1";"1";"0"
"4980";"43421";"4980";"51";"1";"1";"7";"0";"0";"1";"0";"1";"0"
"5001";"43516";"5001";"51";"1";"1";"7";"6";"0";"1";"3";"1";"0"
"5012";"43520";"5012";"51";"1";"1";"7";"2";"0";"0";"1";"3";"0"
"5040";"43615";"5040";"51";"5";"1";"7";"0";"0";"1";"0";"1";"0"
"5045";"43643";"5045";"51";"1";"1";"7";"2";"1";"0";"2";"2";"0"
"5056";"43770";"5056";"51";"1";"1";"7";"9";"0";"1";"0";"1";"0"
"5071";"44373";"5071";"51";"1";"1";"7";"6";"1";"0";"1";"2";"0"
"5114";"45254";"5114";"51";"1";"1";"7";"3";"0";"1";"1";"1";"0"
"5118";"45254";"5118";"51";"3";"1";"7";"6";"1";"2";"1";"2";"0"
"5120";"45255";"5120";"51";"1";"1";"7";"6";"0";"1";"1";"1";"0"
"5124";"45256";"5124";"51";"1";"1";"7";"3";"0";"1";"1";"1";"0"
"5127";"45256";"5127";"51";"1";"1";"7";"6";"0";"0";"2";"3";"0"
"5128";"45257";"5128";"51";"1";"1";"7";"6";"0";"1";"1";"1";"0"
"5148";"45331";"5148";"51";"3";"1";"7";"6";"0";"1";"1";"1";"0"
"5153";"45344";"5153";"51";"1";"1";"7";"4";"0";"1";"1";"1";"0"
"5180";"45386";"5180";"51";"1";"1";"7";"6";"0";"2";"0";"1";"0"
"5193";"45390";"5193";"51";"1";"1";"7";"6";"0";"1";"0";"1";"0"
"5216";"45394";"5216";"51";"1";"1";"7";"3";"0";"1";"1";"1";"0"
"5225";"45420";"5225";"51";"1";"1";"2";"7";"0";"4";"1";"1";"0"
"5228";"45420";"5228";"51";"1";"1";"7";"6";"1";"0";"1";"2";"0"
"5230";"45421";"5230";"51";"2";"1";"7";"3";"0";"2";"0";"1";"0"
"5240";"45424";"5240";"51";"2";"1";"7";"6";"0";"1";"2";"1";"0"
"5244";"45439";"5244";"51";"3";"1";"7";"9";"1";"0";"0";"2";"0"
"5247";"45447";"5247";"51";"1";"1";"7";"6";"0";"1";"1";"1";"0"
"5255";"45461";"5255";"51";"1";"1";"7";"6";"0";"2";"1";"1";"0"
"5257";"45462";"5257";"51";"1";"1";"2";"6";"0";"3";"1";"1";"0"
"5262";"45468";"5262";"51";"1";"1";"7";"6";"0";"1";"1";"1";"0"
"5271";"45486";"5271";"51";"1";"1";"7";"6";"0";"1";"1";"1";"0"
"5272";"45486";"5272";"51";"2";"1";"7";"6";"0";"1";"1";"1";"0"
"5275";"45486";"5275";"51";"2";"3";"2";"6";"0";"2";"2";"1";"0"
"5276";"45487";"5276";"51";"3";"2";"2";"6";"0";"1";"1";"1";"0"
"5278";"45487";"5278";"51";"1";"1";"7";"6";"0";"1";"1";"1";"0"
"5279";"45487";"5279";"51";"1";"1";"7";"6";"0";"1";"4";"1";"0"
"5280";"45487";"5280";"51";"1";"1";"7";"6";"0";"2";"0";"1";"0"
"5295";"45530";"5295";"51";"1";"1";"7";"6";"0";"1";"1";"1";"0"
"5297";"45530";"5297";"51";"1";"1";"7";"2";"1";"0";"1";"2";"0"
"5298";"45530";"5298";"51";"1";"1";"7";"7";"0";"1";"1";"1";"0"
"5300";"45530";"5300";"51";"1";"6";"1";"6";"0";"1";"2";"1";"0"
"5304";"45616";"5304";"51";"2";"6";"1";"6";"0";"1";"1";"1";"0"
"5305";"45616";"5305";"51";"3";"3";"1";"6";"0";"2";"2";"1";"0"
"5313";"45650";"5313";"51";"2";"1";"7";"3";"1";"0";"1";"2";"0"
"5314";"45650";"5314";"51";"1";"1";"7";"6";"0";"3";"0";"1";"0"
"5325";"45651";"5325";"51";"1";"3";"2";"6";"0";"4";"0";"1";"0"
"5326";"45651";"5326";"51";"1";"1";"7";"6";"0";"1";"3";"1";"0"
"5330";"45651";"1874";"51";"1";"2";"1";"6";"1";"2";"0";"2";"0"
"5345";"46254";"5345";"51";"1";"1";"7";"6";"1";"0";"1";"2";"0"
"5348";"46254";"5348";"51";"1";"1";"7";"6";"0";"6";"1";"1";"0"
"5354";"46304";"5354";"51";"3";"3";"2";"0";"0";"3";"2";"1";"0"
"5374";"46317";"5374";"51";"1";"1";"7";"0";"1";"0";"0";"2";"0"
"5377";"46320";"5377";"51";"1";"3";"2";"6";"0";"1";"1";"1";"0"
"5378";"46320";"5378";"51";"1";"1";"7";"6";"0";"2";"3";"1";"0"
"5379";"46320";"5379";"51";"1";"1";"7";"6";"0";"1";"1";"1";"0"
"5388";"46323";"5388";"51";"1";"6";"7";"6";"1";"0";"2";"2";"0"
"5394";"46327";"5394";"51";"3";"1";"7";"3";"1";"0";"1";"2";"0"
"5406";"46358";"5406";"51";"1";"1";"7";"0";"0";"1";"1";"1";"0"
"5416";"46368";"5416";"51";"2";"3";"2";"6";"1";"0";"2";"2";"0"
"5420";"46375";"5420";"51";"3";"1";"7";"3";"1";"0";"1";"2";"0"
"5426";"46388";"5426";"51";"3";"1";"7";"6";"0";"1";"0";"1";"0"
"5434";"46390";"5434";"51";"1";"1";"7";"4";"0";"2";"0";"1";"0"
"5445";"46396";"5445";"51";"1";"1";"7";"6";"0";"1";"2";"1";"0"
"5457";"46405";"5457";"51";"3";"3";"1";"6";"0";"1";"3";"1";"0"
"5458";"46406";"5458";"51";"1";"3";"1";"6";"0";"1";"1";"1";"0"
"5476";"46474";"5476";"51";"1";"1";"7";"3";"0";"1";"1";"1";"0"
"5486";"46524";"5486";"51";"1";"1";"7";"6";"0";"1";"3";"1";"0"
"5489";"46535";"5489";"51";"1";"1";"7";"6";"0";"1";"1";"1";"0"
"5491";"46609";"5491";"51";"1";"1";"7";"6";"0";"2";"1";"1";"0"
"5492";"46609";"5492";"51";"1";"1";"7";"6";"0";"1";"1";"1";"0"
"5494";"46616";"5494";"51";"1";"3";"1";"6";"0";"1";"1";"1";"0"
"5498";"46661";"5498";"51";"1";"1";"7";"6";"0";"1";"2";"1";"0"
"5499";"46662";"5499";"51";"1";"1";"7";"4";"0";"1";"1";"1";"0"
"5519";"47344";"5519";"51";"1";"1";"7";"6";"0";"1";"1";"1";"0"
"5526";"47349";"5526";"51";"1";"1";"7";"6";"0";"1";"1";"1";"0"
"5539";"47373";"5539";"51";"1";"1";"7";"6";"0";"1";"1";"1";"0"
"5550";"47375";"5550";"51";"1";"1";"7";"6";"0";"1";"1";"1";"0"
"5551";"47376";"5551";"51";"1";"1";"7";"6";"0";"1";"1";"1";"0"
"5552";"47377";"5552";"51";"1";"1";"7";"6";"0";"1";"2";"1";"0"
"5563";"47416";"5563";"51";"1";"1";"7";"6";"1";"1";"0";"2";"0"
"5576";"47471";"5576";"51";"1";"1";"7";"7";"0";"1";"1";"1";"0"
"5592";"47504";"5592";"51";"1";"1";"7";"3";"0";"1";"1";"1";"0"
"5608";"47526";"5608";"51";"3";"3";"1";"6";"0";"1";"1";"1";"0"
"5609";"47527";"5609";"51";"1";"1";"7";"6";"0";"1";"1";"1";"0"
"5612";"47531";"5612";"51";"1";"2";"1";"6";"0";"1";"1";"1";"0"
"5614";"47532";"5614";"51";"3";"1";"7";"6";"1";"3";"2";"2";"0"
"5619";"47533";"5619";"51";"3";"1";"7";"0";"0";"1";"0";"1";"0"
"5628";"47533";"5628";"51";"1";"3";"1";"6";"0";"1";"1";"1";"0"
"5629";"47533";"5629";"51";"1";"1";"7";"6";"0";"2";"0";"1";"0"
"5631";"47533";"5631";"51";"1";"1";"2";"6";"0";"2";"1";"1";"0"
"5633";"47533";"5633";"51";"1";"1";"7";"6";"0";"1";"2";"1";"0"
"5637";"47534";"5637";"51";"1";"1";"7";"0";"0";"1";"0";"1";"0"
"5639";"47534";"5639";"51";"1";"1";"7";"6";"0";"2";"1";"1";"0"
"5640";"47534";"5640";"51";"1";"2";"2";"6";"1";"0";"4";"2";"0"
"5643";"47534";"5643";"51";"3";"3";"1";"6";"0";"2";"3";"1";"0"
"5648";"47534";"5648";"51";"3";"3";"1";"6";"0";"1";"5";"1";"0"
"5650";"47534";"5650";"51";"1";"3";"1";"6";"0";"3";"0";"1";"0"
"5651";"47534";"5651";"51";"1";"3";"2";"6";"0";"2";"1";"1";"0"
"5655";"47537";"5655";"51";"1";"1";"7";"6";"0";"1";"1";"1";"0"
"5682";"47609";"5682";"51";"1";"1";"7";"6";"0";"2";"1";"1";"0"
"5689";"47618";"5689";"51";"3";"3";"1";"6";"0";"2";"0";"1";"0"
"5694";"47619";"5694";"51";"1";"3";"1";"6";"0";"1";"2";"1";"0"
"5695";"47619";"5695";"51";"2";"1";"7";"6";"0";"2";"2";"1";"0"
"5697";"47619";"5697";"51";"2";"1";"4";"6";"0";"1";"1";"1";"0"
"5698";"47620";"5698";"51";"3";"3";"2";"0";"0";"2";"0";"1";"0"
"5716";"47633";"5716";"51";"1";"3";"1";"6";"0";"1";"1";"1";"0"
"5720";"47638";"5720";"51";"1";"3";"2";"6";"1";"3";"1";"2";"0"
"5721";"47638";"5721";"51";"2";"1";"7";"6";"0";"1";"4";"1";"0"
"5723";"47638";"5723";"51";"1";"1";"7";"6";"0";"1";"4";"1";"0"
"5727";"47639";"5727";"51";"1";"4";"2";"6";"1";"0";"2";"2";"0"
"5730";"47640";"5730";"51";"3";"1";"7";"0";"0";"1";"0";"1";"0"
"5735";"47641";"5735";"51";"1";"1";"7";"6";"0";"2";"2";"1";"0"
"5736";"47641";"5736";"51";"1";"1";"7";"6";"1";"0";"3";"2";"0"
"5737";"47641";"5737";"51";"1";"1";"7";"6";"1";"0";"2";"2";"0"
"5738";"47641";"5738";"51";"2";"1";"7";"6";"0";"3";"1";"1";"0"
"5739";"47641";"5739";"51";"3";"3";"1";"7";"1";"0";"1";"2";"0"
"5741";"47641";"5741";"51";"3";"1";"7";"7";"0";"1";"1";"1";"0"
"5742";"47641";"5742";"51";"3";"1";"7";"6";"0";"1";"2";"1";"0"
"5745";"47643";"5745";"51";"1";"2";"2";"6";"0";"2";"1";"1";"0"
"5794";"48470";"5794";"51";"1";"1";"7";"6";"0";"1";"1";"1";"0"
"5797";"48490";"5797";"51";"1";"1";"1";"6";"0";"4";"1";"1";"0"
"5821";"48581";"5821";"51";"1";"1";"7";"6";"0";"1";"1";"1";"0"
"5828";"48582";"5828";"51";"3";"1";"1";"6";"0";"2";"5";"1";"0"
"5833";"48593";"5833";"51";"1";"1";"7";"6";"0";"1";"1";"1";"0"
"5838";"48595";"5838";"51";"1";"1";"7";"6";"0";"1";"1";"1";"0"
"5840";"48595";"5840";"51";"2";"2";"2";"6";"0";"1";"1";"1";"0"
"5843";"48596";"5843";"51";"1";"1";"7";"6";"0";"1";"1";"1";"0"
"5857";"48629";"5857";"51";"1";"3";"2";"3";"0";"1";"1";"1";"0"
"5869";"48633";"5869";"51";"1";"3";"2";"6";"0";"1";"1";"1";"0"
"5884";"48670";"5884";"51";"1";"1";"1";"6";"0";"1";"2";"1";"0"
"5895";"48755";"5895";"51";"1";"1";"7";"6";"0";"1";"3";"1";"0"
"5918";"48843";"5918";"51";"1";"1";"7";"6";"0";"1";"2";"1";"0"
"5926";"48848";"5926";"51";"1";"1";"7";"3";"0";"1";"1";"1";"0"
"5929";"48851";"5929";"51";"1";"1";"7";"8";"0";"2";"1";"1";"0"
"5930";"48851";"5930";"51";"1";"1";"7";"6";"0";"2";"1";"1";"0"
"5933";"48861";"5933";"51";"3";"1";"1";"6";"2";"3";"1";"2";"0"
"5934";"48861";"5934";"51";"3";"1";"7";"6";"0";"1";"2";"1";"0"
"5935";"48861";"5935";"51";"1";"1";"7";"6";"0";"2";"2";"1";"0"
"5938";"48862";"5938";"51";"1";"1";"7";"6";"0";"1";"2";"1";"0"
"5947";"48862";"5947";"51";"3";"3";"1";"6";"1";"0";"0";"2";"0"
"5953";"48865";"5953";"51";"3";"1";"7";"6";"0";"1";"1";"1";"0"
"5971";"48931";"5971";"51";"3";"1";"7";"6";"0";"2";"2";"1";"0"
"5980";"48933";"5980";"51";"2";"3";"2";"3";"0";"0";"2";"3";"0"
"5996";"49040";"5996";"51";"2";"1";"7";"6";"0";"1";"3";"1";"0"
"6007";"49063";"6007";"51";"1";"1";"7";"6";"0";"3";"3";"1";"0"
"6008";"49063";"6008";"51";"3";"2";"2";"6";"0";"2";"1";"1";"0"
"6009";"49063";"6009";"51";"1";"1";"7";"6";"0";"2";"3";"1";"0"
"6015";"49063";"6015";"51";"1";"4";"2";"6";"0";"1";"2";"1";"0"
"6021";"49066";"6021";"51";"3";"7";"2";"6";"0";"2";"0";"1";"0"
"6023";"49066";"6023";"51";"1";"1";"1";"6";"0";"1";"2";"1";"0"
"6025";"49066";"6025";"51";"3";"1";"7";"6";"0";"1";"4";"1";"0"
"6027";"49067";"6027";"51";"1";"1";"7";"6";"1";"0";"2";"2";"0"
"6030";"49067";"6030";"51";"1";"1";"7";"6";"0";"1";"1";"1";"0"
"6031";"49067";"6031";"51";"1";"1";"7";"6";"1";"0";"1";"2";"0"
"6033";"49067";"6033";"51";"1";"1";"7";"6";"0";"1";"2";"1";"0"
"6035";"49067";"6035";"51";"3";"1";"7";"6";"0";"1";"0";"1";"0"
"6037";"49067";"6037";"51";"1";"1";"7";"6";"1";"0";"1";"2";"0"
"6040";"49067";"6040";"51";"1";"3";"1";"7";"0";"1";"1";"1";"0"
"6042";"49067";"6042";"51";"1";"3";"2";"6";"2";"0";"0";"2";"0"
"6043";"49067";"6043";"51";"1";"1";"7";"6";"0";"1";"3";"1";"0"