"accident_id";"lieu_id";"date_id";"cause_id";"lum_id";"intemp_id";"etat_surface_id";"impliq_id";"nb_blesses_graves";"nb_blesses_legers";"nb_indemnes";"gravite";"nb_morts"
"6044";"49067";"6044";"51";"1";"3";"1";"6";"0";"1";"0";"1";"0"
"6049";"49067";"6049";"51";"1";"1";"7";"6";"0";"3";"0";"1";"0"
"6051";"49067";"6051";"51";"2";"1";"7";"6";"0";"2";"1";"1";"0"
"6052";"49067";"6052";"51";"3";"3";"2";"6";"0";"1";"1";"1";"0"
"6054";"49068";"6054";"51";"2";"2";"1";"6";"0";"1";"3";"1";"0"
"6062";"49079";"6062";"51";"1";"1";"7";"6";"0";"1";"1";"1";"0"
"6070";"49128";"6070";"51";"1";"1";"7";"6";"0";"1";"1";"1";"0"
"6073";"49163";"6073";"51";"1";"1";"7";"6";"0";"1";"1";"3";"0"
"6075";"49198";"6075";"51";"1";"1";"7";"7";"0";"1";"1";"1";"0"
"6092";"49238";"6092";"51";"1";"1";"7";"6";"0";"1";"2";"1";"0"
"6094";"49246";"6094";"51";"3";"1";"1";"6";"0";"1";"0";"1";"0"
"6097";"49250";"6097";"51";"1";"1";"7";"6";"0";"1";"2";"1";"0"
"6102";"49252";"6102";"51";"1";"1";"7";"6";"0";"1";"1";"1";"0"
"6104";"49252";"6104";"51";"1";"1";"7";"6";"1";"0";"1";"2";"0"
"6108";"49422";"6108";"51";"3";"3";"1";"4";"0";"2";"0";"1";"0"
"6117";"49440";"6117";"51";"1";"1";"7";"6";"0";"2";"0";"1";"0"
"6118";"49440";"6118";"51";"1";"1";"7";"6";"0";"1";"1";"1";"0"
"6136";"49574";"6136";"51";"1";"1";"7";"6";"1";"0";"1";"2";"0"
"6145";"49657";"6145";"51";"1";"1";"7";"6";"0";"3";"1";"1";"0"
"6146";"49657";"6146";"51";"3";"3";"2";"6";"0";"1";"2";"1";"0"
"6153";"49693";"6153";"51";"1";"1";"7";"6";"0";"2";"0";"1";"0"
"6167";"50122";"6167";"51";"2";"1";"7";"6";"0";"1";"1";"1";"0"
"6175";"50184";"6175";"51";"3";"1";"7";"7";"0";"1";"1";"1";"0"
"6176";"50184";"6176";"51";"1";"3";"2";"3";"0";"1";"2";"1";"0"
"6178";"50193";"6178";"51";"1";"1";"7";"6";"0";"1";"1";"1";"0"
"6197";"50214";"6197";"51";"1";"1";"7";"2";"1";"1";"1";"2";"0"
"6216";"50253";"6216";"51";"3";"1";"7";"3";"0";"1";"0";"1";"0"
"6219";"50260";"6219";"51";"3";"3";"2";"6";"0";"1";"2";"1";"0"
"6220";"50260";"6220";"51";"1";"4";"4";"6";"0";"1";"1";"1";"0"
"6237";"50289";"6237";"51";"1";"1";"7";"3";"0";"1";"0";"1";"0"
"6253";"50346";"6253";"51";"1";"1";"7";"3";"0";"1";"1";"1";"0"
"6260";"50492";"6260";"51";"1";"1";"7";"6";"0";"1";"1";"1";"0"
"6264";"51075";"6264";"51";"1";"1";"7";"0";"1";"0";"0";"2";"0"
"6281";"51846";"6281";"51";"1";"1";"7";"3";"0";"2";"1";"1";"0"
"6287";"51879";"6287";"51";"3";"3";"1";"6";"0";"1";"1";"1";"0"
"6292";"51886";"6292";"51";"2";"1";"2";"6";"1";"0";"2";"2";"0"
"6303";"51924";"6303";"51";"1";"1";"7";"6";"0";"1";"1";"1";"0"
"6319";"51984";"6319";"51";"3";"3";"1";"6";"0";"1";"0";"1";"0"
"6361";"52073";"1752";"51";"1";"1";"4";"2";"1";"0";"1";"2";"0"
"6375";"52191";"6375";"51";"1";"1";"7";"2";"1";"0";"1";"2";"0"
"6380";"52221";"6380";"51";"3";"4";"4";"6";"0";"1";"6";"1";"0"
"6417";"52935";"6417";"51";"1";"1";"7";"6";"0";"2";"1";"1";"0"
"6427";"53013";"6427";"51";"1";"1";"7";"4";"0";"1";"1";"1";"0"
"6451";"53083";"6451";"51";"1";"1";"7";"6";"0";"1";"0";"1";"0"
"6453";"53084";"6453";"51";"3";"3";"1";"6";"0";"1";"2";"1";"0"
"6461";"53088";"6461";"51";"3";"2";"2";"6";"0";"1";"1";"1";"0"
"6463";"53088";"6463";"51";"1";"1";"7";"6";"0";"1";"3";"1";"0"
"6464";"53088";"6464";"51";"1";"2";"2";"3";"0";"1";"1";"1";"0"
"6471";"53089";"6471";"51";"1";"1";"7";"3";"0";"1";"1";"1";"0"
"6473";"53104";"6473";"51";"3";"1";"7";"0";"0";"1";"1";"1";"0"
"6479";"53170";"6479";"51";"3";"1";"7";"4";"0";"1";"1";"1";"0"
"6488";"53173";"6488";"51";"1";"1";"7";"3";"0";"1";"1";"1";"0"
"6490";"53174";"6490";"51";"1";"1";"7";"6";"0";"2";"1";"1";"0"
"6505";"53331";"6505";"51";"3";"1";"7";"6";"0";"0";"1";"3";"0"
"6538";"54177";"6538";"51";"1";"3";"1";"6";"1";"0";"1";"2";"0"
"6546";"54214";"6546";"51";"3";"1";"7";"3";"0";"1";"2";"1";"0"
"6577";"54959";"6577";"51";"1";"1";"7";"3";"0";"1";"0";"1";"0"
"6639";"55761";"6639";"51";"3";"1";"7";"7";"0";"1";"1";"1";"0"
"6650";"55846";"6650";"51";"3";"1";"7";"6";"0";"1";"2";"1";"0"
"6657";"55856";"6657";"51";"1";"1";"7";"6";"0";"1";"1";"1";"0"
"6677";"57829";"6677";"51";"3";"7";"2";"7";"0";"0";"1";"3";"0"
"6699";"57928";"6699";"51";"2";"1";"7";"9";"0";"1";"2";"1";"0"
"6707";"58656";"6707";"51";"1";"1";"7";"6";"1";"0";"1";"2";"0"
"6739";"58781";"6739";"51";"3";"1";"7";"2";"1";"0";"2";"2";"0"
"6749";"58809";"6749";"51";"1";"1";"7";"2";"1";"0";"1";"2";"0"
"6783";"58997";"6783";"51";"1";"1";"7";"3";"1";"0";"1";"2";"0"
"6805";"59093";"6805";"51";"1";"3";"1";"1";"0";"2";"1";"1";"0"
"6810";"59144";"6810";"51";"1";"1";"7";"2";"0";"1";"1";"1";"0"
"6849";"59886";"6849";"51";"3";"1";"7";"3";"0";"1";"1";"1";"0"
"6855";"59890";"6855";"51";"1";"1";"7";"6";"0";"2";"2";"1";"0"
"6904";"59969";"6904";"51";"1";"1";"7";"6";"0";"1";"1";"1";"0"
"6907";"59969";"6907";"51";"1";"6";"1";"6";"0";"2";"1";"1";"0"
"6913";"59976";"6913";"51";"1";"1";"7";"6";"0";"1";"2";"1";"0"
"6918";"59979";"6918";"51";"1";"1";"7";"6";"0";"3";"6";"1";"0"
"6929";"59992";"6929";"51";"1";"1";"7";"6";"1";"0";"1";"2";"0"
"6930";"59992";"6930";"51";"1";"1";"1";"6";"0";"3";"0";"1";"0"
"6946";"60040";"6946";"51";"1";"1";"7";"3";"0";"0";"1";"3";"0"
"6962";"60119";"6962";"51";"3";"1";"7";"0";"0";"1";"2";"1";"0"
"6976";"60177";"6976";"51";"1";"3";"1";"2";"0";"1";"1";"1";"0"
"6981";"60179";"6981";"51";"3";"1";"1";"6";"0";"1";"1";"1";"0"
"7007";"60282";"7007";"51";"1";"1";"7";"5";"0";"1";"1";"1";"0"
"7008";"60282";"7008";"51";"4";"2";"2";"3";"0";"1";"1";"1";"0"
"7016";"60817";"7016";"51";"3";"3";"1";"6";"0";"1";"1";"1";"0"
"7018";"60819";"7018";"51";"1";"1";"7";"6";"0";"1";"1";"1";"0"
"7053";"60832";"7053";"51";"1";"1";"7";"3";"0";"1";"1";"1";"0"
"7074";"60851";"7074";"51";"1";"1";"7";"3";"1";"0";"1";"2";"0"
"7111";"60868";"7111";"51";"3";"1";"7";"6";"0";"1";"1";"1";"0"
"7163";"60925";"7163";"51";"1";"3";"2";"4";"0";"1";"1";"1";"0"
"7164";"60925";"7164";"51";"1";"1";"7";"7";"0";"1";"1";"1";"0"
"7167";"60925";"7167";"51";"3";"1";"7";"7";"1";"0";"0";"2";"0"
"7173";"60925";"7173";"51";"1";"1";"7";"0";"0";"2";"0";"1";"0"
"7174";"60925";"7174";"51";"2";"3";"1";"7";"1";"0";"1";"2";"0"
"7180";"60937";"7180";"51";"1";"1";"7";"2";"0";"1";"1";"1";"0"
"7194";"60948";"7194";"51";"1";"1";"7";"6";"0";"1";"1";"1";"0"
"7204";"60964";"7204";"51";"1";"1";"7";"6";"0";"1";"1";"1";"0"
"7206";"60964";"7206";"51";"3";"3";"1";"6";"0";"1";"1";"1";"0"
"7209";"60969";"7209";"51";"1";"1";"7";"7";"0";"1";"1";"1";"0"
"7210";"60969";"7210";"51";"1";"1";"7";"3";"0";"1";"1";"1";"0"
"7220";"60971";"7220";"51";"1";"1";"7";"6";"0";"2";"1";"1";"0"
"7226";"60974";"7226";"51";"1";"1";"7";"6";"0";"2";"2";"1";"0"
"7247";"60985";"7247";"51";"1";"1";"7";"6";"0";"1";"2";"1";"0"
"7248";"60985";"7248";"51";"1";"1";"7";"6";"0";"1";"1";"1";"0"
"7271";"61027";"7271";"51";"3";"1";"7";"6";"0";"1";"1";"1";"0"
"7302";"61095";"7302";"51";"1";"1";"7";"0";"0";"1";"0";"1";"0"
"7311";"61104";"7311";"51";"3";"2";"1";"6";"0";"3";"1";"1";"0"
"7330";"61123";"7330";"51";"1";"3";"2";"6";"0";"1";"3";"1";"0"
"7333";"61123";"7333";"51";"1";"1";"7";"6";"0";"1";"1";"1";"0"
"7334";"61123";"7334";"51";"1";"2";"1";"7";"0";"2";"0";"1";"0"
"7340";"61131";"7340";"51";"1";"1";"7";"2";"0";"2";"1";"1";"0"
"7342";"61132";"7342";"51";"1";"1";"7";"3";"0";"1";"1";"1";"0"
"7368";"61179";"7368";"51";"1";"1";"7";"6";"0";"1";"2";"1";"0"
"7374";"61182";"7374";"51";"1";"1";"7";"7";"0";"1";"1";"1";"0"
"7379";"61184";"7379";"51";"1";"1";"7";"9";"0";"1";"0";"1";"0"
"7386";"61189";"7386";"51";"1";"1";"7";"3";"0";"1";"1";"1";"0"
"7399";"61214";"7399";"51";"1";"1";"7";"6";"0";"1";"1";"1";"0"
"7442";"61273";"7442";"51";"3";"1";"7";"6";"0";"1";"2";"1";"0"
"7446";"61279";"7446";"51";"3";"3";"2";"0";"0";"2";"0";"1";"0"
"7453";"61282";"7453";"51";"2";"3";"1";"6";"0";"1";"2";"1";"0"
"7462";"61288";"7462";"51";"1";"1";"7";"6";"0";"1";"1";"1";"0"
"7478";"61298";"7478";"51";"3";"1";"7";"2";"0";"2";"2";"1";"0"
"7481";"61308";"7481";"51";"1";"1";"1";"7";"0";"1";"1";"1";"0"
"7485";"61313";"7485";"51";"3";"1";"7";"6";"0";"1";"1";"1";"0"
"7489";"61315";"7489";"51";"3";"2";"1";"6";"0";"1";"1";"1";"0"
"7516";"61356";"7516";"51";"1";"1";"7";"7";"0";"1";"1";"1";"0"
"7548";"61365";"7548";"51";"3";"1";"7";"0";"0";"2";"0";"1";"0"
"7557";"61381";"7557";"51";"1";"1";"7";"3";"0";"1";"1";"1";"0"
"7582";"61427";"7582";"51";"1";"3";"2";"3";"0";"1";"1";"1";"0"
"7588";"61434";"7588";"51";"1";"3";"1";"6";"0";"2";"0";"1";"0"
"7594";"61438";"7594";"51";"1";"3";"2";"6";"0";"3";"4";"1";"0"
"7603";"61442";"7603";"51";"1";"1";"7";"0";"2";"0";"1";"2";"0"
"7628";"61477";"7628";"51";"3";"3";"2";"8";"0";"2";"1";"1";"0"
"7633";"61477";"7633";"51";"1";"1";"7";"6";"0";"1";"2";"1";"0"
"7635";"61477";"7635";"51";"1";"1";"7";"5";"0";"1";"1";"1";"0"
"7639";"61478";"7639";"51";"3";"1";"7";"4";"0";"1";"1";"1";"0"
"7641";"61478";"7641";"51";"3";"3";"1";"6";"0";"1";"2";"1";"0"
"7652";"61480";"7652";"51";"3";"1";"7";"6";"0";"1";"1";"1";"0"
"7667";"61485";"7667";"51";"3";"2";"2";"4";"0";"1";"1";"1";"0"
"7677";"61486";"7677";"51";"1";"1";"7";"5";"0";"1";"1";"1";"0"
"7685";"61503";"7685";"51";"2";"1";"7";"3";"0";"1";"1";"1";"0"
"7686";"61503";"7686";"51";"1";"1";"7";"0";"0";"2";"0";"1";"0"
"7688";"61503";"7688";"51";"1";"1";"7";"7";"0";"1";"1";"1";"0"
"7691";"61505";"7691";"51";"1";"1";"7";"6";"0";"3";"1";"1";"0"
"7702";"61506";"7702";"51";"1";"1";"7";"6";"0";"2";"0";"1";"0"
"7703";"61506";"7703";"51";"1";"1";"7";"6";"0";"1";"1";"1";"0"
"7711";"61517";"7711";"51";"1";"1";"7";"6";"0";"1";"1";"1";"0"
"7738";"61537";"7738";"51";"1";"1";"7";"6";"0";"1";"1";"1";"0"
"7754";"61558";"7754";"51";"1";"1";"7";"3";"0";"1";"1";"1";"0"
"7755";"61558";"7755";"51";"1";"1";"7";"6";"0";"1";"1";"1";"0"
"7762";"61567";"7762";"51";"1";"1";"7";"6";"0";"1";"3";"1";"0"
"7782";"61594";"7782";"51";"1";"1";"7";"2";"0";"1";"1";"1";"0"
"7784";"61595";"7784";"51";"1";"1";"7";"3";"0";"1";"1";"1";"0"
"7838";"61695";"7838";"51";"1";"1";"7";"6";"0";"1";"1";"1";"0"
"7849";"61713";"7849";"51";"1";"1";"7";"1";"0";"1";"1";"1";"0"
"7873";"61734";"7873";"51";"3";"1";"7";"8";"0";"1";"1";"1";"0"
"7885";"61752";"7885";"51";"1";"1";"1";"6";"0";"1";"1";"1";"0"
"7891";"61753";"7891";"51";"1";"2";"2";"2";"1";"0";"1";"2";"0"
"7906";"61764";"7906";"51";"3";"1";"7";"0";"0";"2";"0";"1";"0"
"7913";"61764";"7913";"51";"1";"1";"7";"6";"0";"1";"1";"1";"0"
"7917";"61766";"7917";"51";"1";"3";"1";"6";"0";"1";"2";"1";"0"
"7920";"61766";"7920";"51";"1";"1";"7";"6";"0";"1";"1";"1";"0"
"7929";"61769";"7929";"51";"1";"1";"7";"3";"0";"1";"1";"1";"0"
"7930";"61769";"7930";"51";"1";"1";"7";"0";"1";"0";"0";"2";"0"
"7932";"61769";"7932";"51";"3";"1";"7";"4";"0";"1";"0";"1";"0"
"7934";"61769";"7934";"51";"1";"1";"7";"6";"0";"1";"0";"1";"0"
"7937";"61770";"7937";"51";"3";"1";"7";"8";"0";"2";"2";"1";"0"
"7942";"61771";"7942";"51";"3";"1";"4";"6";"0";"2";"0";"1";"0"
"7943";"61771";"7943";"51";"1";"3";"1";"6";"0";"2";"1";"1";"0"
"7947";"61772";"7947";"51";"1";"1";"1";"0";"0";"1";"0";"1";"0"
"7948";"61772";"7948";"51";"3";"1";"7";"0";"1";"0";"0";"2";"0"
"7949";"61772";"7949";"51";"1";"1";"1";"6";"0";"1";"1";"1";"0"
"7950";"61772";"7950";"51";"5";"3";"1";"6";"0";"3";"1";"1";"0"
"7953";"61781";"7953";"51";"3";"1";"7";"6";"0";"2";"2";"1";"0"
"7956";"61783";"7956";"51";"3";"1";"7";"6";"0";"1";"1";"1";"0"
"7958";"61783";"7958";"51";"1";"1";"7";"2";"1";"0";"1";"2";"0"
"7968";"61793";"7968";"51";"1";"1";"7";"6";"0";"1";"1";"1";"0"
"7983";"61798";"7983";"51";"3";"3";"2";"6";"0";"1";"2";"1";"0"
"7985";"61800";"7985";"51";"1";"1";"7";"6";"0";"1";"7";"1";"0"
"7987";"61802";"7987";"51";"2";"1";"1";"6";"0";"4";"1";"1";"0"
"7997";"61808";"7997";"51";"3";"1";"4";"2";"0";"2";"4";"1";"0"
"8020";"61819";"8020";"51";"1";"1";"2";"3";"0";"1";"1";"1";"0"
"8022";"61819";"8022";"51";"1";"1";"7";"6";"0";"0";"1";"3";"0"
"8052";"61830";"8052";"51";"3";"3";"2";"3";"0";"1";"1";"1";"0"
"8061";"61842";"8061";"51";"1";"1";"7";"6";"0";"1";"3";"1";"0"
"8063";"61842";"8063";"51";"1";"1";"7";"6";"0";"1";"1";"1";"0"
"8064";"61851";"8064";"51";"1";"1";"7";"0";"1";"0";"0";"2";"0"
"8070";"61858";"8070";"51";"2";"1";"7";"6";"0";"1";"0";"1";"0"
"8093";"61866";"8093";"51";"3";"1";"7";"6";"0";"1";"0";"1";"0"
"8141";"61893";"8141";"51";"1";"1";"1";"6";"0";"1";"1";"1";"0"
"8146";"61894";"8146";"51";"1";"1";"7";"6";"0";"1";"1";"1";"0"
"8150";"61895";"8150";"51";"1";"1";"7";"6";"0";"1";"1";"1";"0"
"8151";"61895";"8151";"51";"1";"1";"7";"3";"0";"1";"1";"1";"0"
"8154";"61895";"8154";"51";"1";"1";"7";"2";"0";"1";"1";"1";"0"
"8160";"61896";"8160";"51";"3";"3";"1";"6";"0";"3";"3";"1";"0"
"8166";"61899";"8166";"51";"2";"1";"7";"0";"0";"2";"1";"1";"0"
"8180";"61903";"8180";"51";"2";"1";"7";"6";"0";"1";"1";"1";"0"
"8186";"61906";"8186";"51";"3";"1";"7";"6";"1";"1";"0";"2";"0"
"8188";"61906";"8188";"51";"1";"3";"1";"6";"0";"2";"1";"1";"0"
"8200";"61908";"8200";"51";"1";"1";"7";"2";"0";"1";"1";"1";"0"
"8201";"61909";"8201";"51";"3";"1";"7";"8";"0";"1";"1";"1";"0"
"8215";"61923";"8215";"51";"1";"1";"7";"6";"0";"1";"0";"1";"0"
"8217";"61925";"8217";"51";"1";"1";"7";"6";"0";"1";"1";"1";"0"
"8218";"61925";"8218";"51";"1";"1";"1";"6";"0";"2";"0";"1";"0"
"8219";"61925";"8219";"51";"1";"1";"7";"3";"0";"1";"1";"1";"0"
"8242";"61963";"8242";"51";"1";"1";"7";"6";"0";"3";"1";"1";"0"
"8244";"61963";"8244";"51";"1";"1";"7";"6";"0";"1";"1";"1";"0"
"8249";"61967";"8249";"51";"3";"1";"7";"4";"0";"1";"3";"1";"0"
"8298";"62064";"8298";"51";"1";"3";"1";"3";"0";"1";"1";"1";"0"
"8301";"62065";"8301";"51";"2";"1";"7";"6";"0";"2";"2";"1";"0"
"8302";"62066";"8302";"51";"1";"1";"7";"4";"0";"1";"1";"1";"0"
"8305";"62067";"8305";"51";"1";"1";"7";"6";"0";"1";"1";"1";"0"
"8306";"62067";"8306";"51";"1";"1";"7";"4";"0";"1";"1";"1";"0"
"8309";"62067";"8309";"51";"1";"1";"7";"6";"0";"1";"1";"1";"0"
"8319";"62096";"8319";"51";"1";"1";"7";"6";"0";"1";"2";"1";"0"
"8323";"62102";"8323";"51";"1";"1";"7";"6";"0";"4";"0";"1";"0"
"8338";"62111";"8338";"51";"3";"1";"1";"6";"2";"1";"0";"2";"0"
"8345";"62111";"8345";"51";"3";"3";"1";"6";"0";"1";"2";"1";"0"
"8349";"62112";"8349";"51";"1";"1";"7";"6";"0";"1";"3";"1";"0"
"8352";"62113";"8352";"51";"3";"1";"4";"6";"0";"2";"1";"1";"0"
"8359";"62114";"8359";"51";"2";"1";"7";"6";"0";"2";"1";"1";"0"
"8363";"62115";"8363";"51";"1";"1";"7";"6";"0";"1";"2";"1";"0"
"8371";"62132";"8371";"51";"3";"1";"7";"4";"0";"1";"0";"1";"0"
"8383";"62156";"8383";"51";"1";"1";"7";"6";"0";"1";"2";"1";"0"
"8389";"62168";"8389";"51";"2";"1";"7";"6";"0";"1";"1";"1";"0"
"8397";"62171";"8397";"51";"1";"1";"7";"6";"0";"1";"2";"1";"0"
"8404";"62173";"8404";"51";"1";"1";"7";"6";"0";"1";"3";"1";"0"
"8406";"62176";"8406";"51";"1";"1";"7";"6";"0";"1";"1";"1";"0"
"8427";"62212";"8427";"51";"3";"1";"7";"0";"0";"2";"0";"1";"0"
"8431";"62214";"8431";"51";"3";"1";"1";"6";"0";"1";"1";"1";"0"
"8437";"62215";"8437";"51";"3";"7";"5";"7";"1";"0";"1";"2";"0"
"8444";"62216";"8444";"51";"1";"1";"7";"6";"0";"4";"0";"1";"0"
"8448";"62216";"8448";"51";"1";"1";"7";"0";"0";"1";"0";"1";"0"
"8449";"62216";"8449";"51";"1";"1";"7";"0";"0";"1";"0";"1";"0"
"8450";"62216";"8450";"51";"3";"3";"1";"6";"0";"2";"2";"1";"0"
"8457";"62217";"8457";"51";"1";"1";"7";"4";"0";"1";"2";"1";"0"
"8462";"62218";"8462";"51";"1";"1";"7";"6";"0";"1";"1";"1";"0"
"8471";"62221";"8471";"51";"1";"1";"7";"6";"0";"2";"0";"1";"0"
"8484";"62224";"8484";"51";"3";"1";"7";"6";"0";"1";"2";"1";"0"
"8487";"62224";"8487";"51";"1";"1";"7";"6";"0";"2";"0";"1";"0"
"8501";"62253";"8501";"51";"1";"1";"7";"6";"0";"1";"1";"1";"0"
"8516";"62278";"8516";"51";"2";"1";"7";"3";"0";"1";"1";"1";"0"
"8517";"62278";"8517";"51";"1";"3";"1";"3";"0";"1";"1";"1";"0"
"8518";"62278";"8518";"51";"1";"1";"7";"6";"0";"1";"2";"1";"0"
"8519";"62279";"8519";"51";"1";"3";"2";"6";"0";"1";"3";"1";"0"
"8521";"62279";"8521";"51";"1";"2";"1";"6";"0";"2";"2";"1";"0"
"8525";"62285";"8525";"51";"1";"1";"7";"3";"0";"1";"1";"1";"0"
"8529";"62285";"8529";"51";"1";"1";"7";"6";"1";"0";"1";"2";"0"
"8548";"62287";"8548";"51";"1";"1";"7";"6";"0";"1";"1";"1";"0"
"8549";"62287";"8549";"51";"1";"1";"7";"6";"0";"1";"0";"1";"0"
"8551";"62288";"8551";"51";"1";"1";"7";"2";"0";"1";"3";"1";"0"
"8555";"62288";"8555";"51";"1";"3";"1";"6";"0";"1";"1";"1";"0"
"8563";"62290";"8563";"51";"1";"3";"2";"6";"0";"1";"2";"1";"0"
"8565";"62290";"8565";"51";"1";"3";"1";"6";"0";"2";"4";"1";"0"
"8567";"62291";"8567";"51";"1";"3";"2";"6";"0";"1";"2";"1";"0"
"8570";"62291";"8570";"51";"3";"1";"7";"0";"1";"2";"0";"2";"0"
"8571";"62291";"8571";"51";"3";"1";"7";"0";"0";"1";"0";"1";"0"
"8603";"62357";"8603";"51";"1";"3";"1";"6";"0";"1";"2";"1";"0"
"8611";"62359";"8611";"51";"1";"1";"7";"6";"0";"1";"1";"1";"0"
"8617";"62362";"8617";"51";"1";"1";"7";"6";"0";"1";"3";"1";"0"
"8643";"62367";"8643";"51";"1";"3";"1";"6";"0";"1";"2";"1";"0"
"8648";"62368";"8648";"51";"3";"1";"7";"3";"0";"1";"1";"1";"0"
"8662";"62373";"8662";"51";"3";"2";"2";"3";"0";"1";"1";"1";"0"
"8684";"62416";"8684";"51";"3";"1";"7";"0";"0";"2";"0";"1";"0"
"8690";"62422";"8690";"51";"1";"1";"7";"6";"0";"1";"1";"1";"0"
"8701";"62453";"8701";"51";"1";"1";"7";"6";"0";"2";"0";"1";"0"
"8704";"62453";"8704";"51";"1";"1";"7";"6";"0";"1";"0";"1";"0"
"8707";"62455";"8707";"51";"1";"1";"7";"6";"0";"1";"1";"1";"0"
"8708";"62455";"8708";"51";"1";"1";"7";"6";"0";"2";"0";"1";"0"
"8726";"62472";"8726";"51";"1";"1";"7";"6";"0";"2";"1";"1";"0"
"8733";"62493";"8733";"51";"1";"1";"7";"6";"0";"1";"1";"1";"0"
"8739";"62497";"8739";"51";"3";"1";"7";"6";"0";"2";"0";"1";"0"
"8748";"62518";"8748";"51";"1";"1";"7";"1";"1";"0";"1";"2";"0"
"8757";"62544";"8757";"51";"1";"1";"1";"6";"0";"1";"2";"1";"0"
"8767";"62555";"8767";"51";"1";"1";"7";"2";"0";"1";"1";"1";"0"
"8782";"62591";"8782";"51";"1";"1";"7";"1";"0";"0";"2";"0";"0"
"8792";"62603";"8792";"51";"3";"3";"1";"6";"0";"2";"4";"1";"0"
"8804";"62606";"8804";"51";"3";"1";"7";"0";"0";"1";"0";"1";"0"
"8817";"62609";"8817";"51";"3";"3";"1";"3";"0";"1";"1";"1";"0"
"8842";"62638";"8842";"51";"2";"1";"7";"4";"0";"1";"1";"1";"0"
"8849";"62640";"8849";"51";"1";"3";"1";"6";"0";"1";"1";"1";"0"
"8850";"62640";"8850";"51";"1";"1";"1";"3";"0";"0";"1";"3";"0"
"8853";"62641";"8853";"51";"1";"1";"7";"6";"0";"2";"2";"1";"0"
"8855";"62641";"8855";"51";"1";"1";"7";"6";"0";"1";"2";"1";"0"
"8856";"62641";"8856";"51";"3";"4";"3";"7";"0";"1";"1";"1";"0"
"8857";"62641";"8857";"51";"1";"7";"6";"6";"0";"2";"0";"1";"0"
"8860";"62642";"8860";"51";"1";"1";"7";"3";"0";"1";"0";"1";"0"
"8874";"62650";"8874";"51";"1";"1";"7";"6";"0";"2";"2";"1";"0"
"8877";"62660";"8877";"51";"1";"1";"1";"6";"0";"1";"2";"1";"0"
"8898";"62701";"8898";"51";"1";"1";"7";"6";"0";"2";"2";"1";"0"
"8913";"62701";"8913";"51";"1";"3";"1";"6";"0";"1";"2";"1";"0"
"8929";"62717";"8929";"51";"1";"1";"7";"6";"0";"1";"1";"1";"0"
"8933";"62719";"8933";"51";"1";"1";"7";"3";"0";"1";"0";"1";"0"
"8947";"62736";"8947";"51";"3";"2";"2";"4";"0";"1";"1";"1";"0"
"8965";"62752";"8965";"51";"3";"1";"7";"6";"1";"2";"0";"2";"0"
"8966";"62755";"8966";"51";"3";"1";"7";"6";"0";"1";"1";"1";"0"
"8967";"62755";"8967";"51";"1";"1";"7";"6";"0";"1";"3";"1";"0"
"8971";"62792";"8971";"51";"1";"1";"7";"6";"0";"1";"1";"1";"0"
"8980";"62829";"8980";"51";"1";"1";"1";"2";"0";"1";"1";"1";"0"
"8981";"62829";"8981";"51";"1";"1";"7";"1";"0";"1";"1";"3";"0"
"8988";"62895";"8988";"51";"1";"1";"7";"1";"0";"1";"1";"1";"0"
"8989";"62918";"8989";"51";"1";"1";"7";"6";"0";"1";"2";"1";"0"
"8995";"62925";"8995";"51";"3";"3";"2";"6";"0";"2";"1";"1";"0"
"8997";"62941";"8997";"51";"3";"1";"7";"6";"0";"1";"0";"1";"0"
"8999";"62941";"8999";"51";"1";"1";"7";"5";"0";"1";"1";"1";"0"
"9004";"62945";"9004";"51";"1";"1";"7";"6";"0";"1";"5";"1";"0"
"9005";"62946";"9005";"51";"1";"1";"7";"4";"0";"1";"1";"1";"0"
"9008";"62947";"711";"51";"1";"1";"7";"6";"0";"1";"1";"1";"0"
"9013";"62949";"9013";"51";"1";"1";"7";"3";"0";"1";"1";"1";"0"
"9024";"62956";"9024";"51";"1";"1";"7";"6";"0";"2";"1";"1";"0"
"9039";"62993";"9039";"51";"1";"1";"7";"6";"0";"1";"0";"1";"0"
"9050";"63005";"9050";"51";"3";"3";"1";"2";"0";"1";"5";"1";"0"
"9064";"63026";"9064";"51";"1";"1";"1";"6";"0";"1";"1";"1";"0"
"9065";"63026";"9065";"51";"1";"1";"7";"6";"0";"1";"2";"1";"0"
"9075";"63036";"9075";"51";"3";"1";"7";"6";"0";"3";"0";"1";"0"
"9097";"63060";"9097";"51";"1";"1";"7";"0";"2";"0";"0";"2";"0"
"9100";"63060";"9100";"51";"1";"1";"7";"0";"0";"1";"0";"1";"0"
"9103";"63067";"9103";"51";"1";"1";"7";"4";"0";"1";"1";"1";"0"
"9108";"63083";"9108";"51";"1";"1";"7";"3";"0";"2";"0";"1";"0"
"9125";"64278";"9125";"51";"3";"1";"7";"3";"0";"0";"1";"3";"0"
"9158";"65102";"9158";"51";"1";"1";"7";"3";"1";"2";"0";"2";"0"
"9171";"65834";"9171";"51";"1";"1";"7";"6";"1";"0";"1";"2";"0"
"9221";"65915";"9221";"51";"3";"1";"1";"0";"1";"0";"0";"2";"0"
"9251";"65982";"9251";"51";"1";"1";"7";"6";"1";"0";"1";"2";"0"
"9252";"65982";"9252";"51";"1";"1";"7";"6";"1";"1";"2";"2";"0"
"9273";"66054";"9273";"51";"1";"1";"7";"6";"0";"1";"1";"1";"0"
"9305";"66124";"9305";"51";"3";"1";"2";"6";"1";"1";"1";"2";"0"
"9322";"66130";"9322";"51";"1";"1";"7";"6";"0";"1";"1";"1";"0"
"9332";"66138";"9332";"51";"5";"1";"1";"6";"0";"1";"3";"1";"0"
"9336";"66140";"9336";"51";"2";"1";"2";"6";"0";"1";"2";"1";"0"
"9338";"66164";"9338";"51";"1";"1";"7";"6";"0";"1";"1";"1";"0"
"9350";"66195";"9350";"51";"1";"1";"7";"6";"0";"1";"3";"1";"0"
"9351";"66197";"9351";"51";"1";"1";"7";"3";"1";"0";"1";"2";"0"
"9364";"66927";"9364";"51";"5";"1";"7";"6";"0";"3";"0";"1";"0"
"9371";"67525";"9371";"51";"1";"7";"7";"6";"0";"1";"3";"1";"0"
"9401";"68349";"9401";"51";"1";"1";"7";"6";"1";"0";"0";"2";"0"
"9402";"68349";"9402";"51";"2";"1";"7";"4";"0";"1";"0";"1";"0"