"accident_id";"lieu_id";"date_id";"cause_id";"lum_id";"intemp_id";"etat_surface_id";"impliq_id";"nb_blesses_graves";"nb_blesses_legers";"nb_indemnes";"gravite";"nb_morts"
"9426";"68517";"9426";"51";"1";"1";"7";"6";"0";"1";"1";"1";"0"
"9436";"68553";"9436";"51";"1";"3";"1";"6";"0";"2";"0";"1";"0"
"9441";"68554";"9441";"51";"1";"1";"7";"6";"1";"0";"1";"2";"0"
"9445";"68556";"9445";"51";"1";"1";"7";"6";"0";"1";"1";"1";"0"
"9448";"68557";"9448";"51";"1";"1";"7";"3";"0";"1";"2";"1";"0"
"9453";"68558";"9453";"51";"1";"1";"7";"6";"0";"1";"3";"1";"0"
"9479";"68696";"9479";"51";"1";"1";"7";"4";"0";"1";"1";"1";"0"
"9480";"68696";"9480";"51";"1";"1";"7";"6";"0";"2";"1";"1";"0"
"9491";"68702";"9491";"51";"1";"1";"7";"6";"0";"2";"0";"1";"0"
"9493";"68705";"9493";"51";"5";"1";"7";"3";"0";"0";"1";"3";"0"
"9495";"68725";"9495";"51";"1";"3";"1";"7";"0";"1";"1";"1";"0"
"9505";"68892";"9505";"51";"1";"1";"7";"6";"1";"0";"1";"2";"0"
"9510";"68899";"9510";"51";"1";"1";"7";"7";"0";"1";"1";"1";"0"
"9518";"68957";"9518";"51";"1";"1";"7";"7";"0";"1";"1";"1";"0"
"9525";"68974";"9525";"51";"1";"1";"7";"4";"0";"1";"1";"1";"0"
"9529";"68999";"9529";"51";"5";"1";"7";"6";"1";"0";"1";"3";"0"
"9532";"69001";"9532";"51";"1";"3";"2";"6";"0";"1";"1";"1";"0"
"9548";"69486";"9548";"51";"1";"1";"7";"3";"0";"1";"1";"1";"0"
"9574";"69607";"9574";"51";"1";"1";"7";"6";"0";"1";"1";"1";"0"
"9584";"69708";"9584";"51";"1";"1";"7";"0";"0";"1";"0";"1";"0"
"9600";"70302";"9600";"51";"1";"1";"7";"4";"0";"2";"0";"1";"0"
"9602";"70313";"9602";"51";"1";"1";"7";"2";"0";"1";"2";"1";"0"
"9612";"70455";"9612";"51";"5";"1";"7";"3";"1";"0";"1";"2";"0"
"9614";"70455";"9614";"51";"5";"1";"7";"4";"0";"1";"1";"1";"0"
"9629";"71091";"9629";"51";"3";"4";"3";"6";"0";"5";"2";"1";"0"
"127";"694";"127";"51";"1";"1";"7";"6";"0";"2";"4";"1";"0"
"173";"804";"173";"51";"1";"1";"7";"3";"1";"0";"1";"2";"0"
"209";"848";"209";"51";"1";"2";"2";"6";"0";"2";"2";"1";"0"
"210";"848";"210";"51";"1";"1";"7";"6";"0";"1";"1";"1";"0"
"213";"850";"213";"51";"1";"1";"7";"6";"0";"2";"1";"1";"0"
"214";"850";"214";"51";"3";"1";"7";"6";"0";"1";"1";"1";"0"
"215";"852";"215";"51";"1";"1";"7";"6";"1";"1";"2";"2";"0"
"222";"884";"222";"51";"1";"1";"7";"3";"0";"1";"1";"1";"0"
"239";"928";"239";"51";"3";"1";"7";"6";"0";"2";"0";"1";"0"
"252";"970";"252";"51";"1";"1";"7";"2";"0";"1";"1";"1";"0"
"268";"1014";"268";"51";"4";"1";"1";"7";"1";"0";"1";"2";"0"
"269";"1045";"269";"51";"1";"1";"7";"6";"0";"1";"1";"1";"0"
"279";"1103";"279";"51";"1";"1";"1";"2";"1";"0";"2";"2";"0"
"282";"1110";"282";"51";"1";"1";"7";"6";"0";"1";"0";"1";"0"
"308";"1232";"308";"51";"3";"1";"7";"6";"0";"3";"3";"1";"0"
"311";"1242";"311";"51";"1";"1";"7";"6";"0";"2";"1";"1";"0"
"314";"1277";"314";"51";"1";"1";"7";"4";"0";"1";"1";"1";"0"
"337";"1374";"337";"51";"1";"3";"1";"6";"0";"3";"2";"1";"0"
"344";"1380";"344";"51";"1";"1";"7";"3";"1";"0";"1";"2";"0"
"374";"1463";"374";"51";"1";"1";"7";"6";"0";"3";"2";"1";"0"
"395";"1606";"395";"51";"1";"1";"7";"0";"0";"2";"0";"1";"0"
"401";"1607";"401";"51";"1";"1";"7";"6";"0";"1";"1";"1";"0"
"412";"1850";"412";"51";"5";"1";"7";"4";"0";"1";"1";"1";"0"
"413";"1866";"413";"51";"3";"3";"1";"6";"0";"1";"3";"1";"0"
"414";"1866";"414";"51";"1";"3";"2";"6";"0";"2";"0";"1";"0"
"417";"1947";"417";"51";"2";"3";"2";"3";"0";"1";"1";"1";"0"
"421";"2022";"421";"51";"1";"1";"7";"6";"0";"4";"2";"1";"0"
"422";"2022";"422";"51";"1";"1";"7";"7";"1";"0";"1";"2";"0"
"430";"2137";"430";"51";"1";"1";"7";"6";"0";"1";"3";"1";"0"
"457";"3378";"457";"51";"1";"1";"7";"4";"0";"1";"1";"1";"0"
"459";"3378";"459";"51";"1";"1";"7";"6";"0";"2";"0";"1";"0"
"463";"3457";"463";"51";"1";"1";"7";"6";"0";"1";"1";"1";"0"
"486";"3528";"486";"51";"1";"1";"7";"6";"2";"0";"0";"2";"0"
"493";"3534";"493";"51";"1";"1";"4";"6";"1";"0";"1";"2";"0"
"503";"3550";"503";"51";"1";"3";"1";"3";"0";"1";"1";"1";"0"
"525";"3618";"525";"51";"3";"1";"7";"3";"0";"1";"1";"1";"0"
"530";"3620";"530";"51";"1";"1";"7";"7";"0";"1";"1";"1";"0"
"543";"3653";"543";"51";"1";"1";"7";"2";"0";"0";"2";"3";"0"
"577";"3840";"577";"51";"3";"3";"2";"7";"1";"0";"1";"2";"0"
"583";"3841";"583";"51";"3";"2";"1";"6";"0";"1";"1";"1";"0"
"584";"3842";"584";"51";"1";"3";"2";"3";"1";"1";"0";"2";"0"
"585";"3842";"585";"51";"1";"1";"7";"6";"0";"1";"1";"1";"0"
"586";"3843";"586";"51";"3";"3";"2";"3";"0";"0";"1";"3";"0"
"587";"3843";"587";"51";"3";"1";"2";"6";"1";"1";"1";"2";"0"
"617";"4608";"617";"51";"1";"1";"7";"3";"0";"0";"1";"3";"0"
"619";"4701";"619";"51";"1";"1";"7";"4";"1";"0";"1";"2";"0"
"628";"4857";"628";"51";"5";"1";"7";"6";"0";"2";"1";"1";"0"
"638";"4873";"638";"51";"1";"1";"7";"3";"1";"0";"1";"2";"0"
"656";"5438";"656";"51";"5";"1";"7";"6";"0";"1";"1";"1";"0"
"660";"5476";"656";"51";"5";"1";"7";"6";"0";"1";"1";"1";"0"
"684";"5600";"684";"51";"1";"1";"7";"6";"0";"0";"1";"3";"0"
"695";"6292";"695";"51";"5";"1";"7";"0";"2";"0";"0";"2";"0"
"719";"7067";"719";"51";"1";"1";"7";"3";"0";"1";"1";"1";"0"
"722";"7067";"722";"51";"2";"1";"7";"6";"0";"2";"0";"1";"0"
"724";"7068";"724";"51";"2";"1";"7";"6";"0";"1";"1";"1";"0"
"780";"7213";"780";"51";"1";"3";"2";"6";"0";"2";"0";"1";"0"
"796";"7646";"796";"51";"1";"1";"7";"6";"0";"1";"1";"1";"0"
"806";"7675";"806";"51";"3";"1";"7";"0";"1";"0";"0";"2";"0"
"808";"7681";"808";"51";"1";"2";"2";"6";"0";"2";"0";"1";"0"
"851";"8249";"851";"51";"3";"1";"7";"4";"0";"1";"1";"1";"0"
"876";"8305";"876";"51";"3";"1";"1";"3";"0";"1";"1";"1";"0"
"889";"9657";"889";"51";"1";"1";"7";"6";"0";"1";"1";"1";"0"
"892";"9657";"892";"51";"1";"1";"7";"6";"0";"1";"1";"1";"0"
"896";"9657";"896";"51";"2";"3";"1";"6";"0";"1";"1";"1";"0"
"921";"10457";"921";"51";"1";"1";"7";"4";"1";"0";"2";"2";"0"
"933";"10464";"933";"51";"3";"6";"1";"6";"3";"2";"0";"2";"0"
"965";"10546";"965";"51";"1";"1";"7";"3";"0";"1";"1";"1";"0"
"966";"10547";"966";"51";"1";"1";"7";"7";"0";"1";"1";"1";"0"
"969";"11289";"969";"51";"1";"1";"7";"3";"0";"1";"2";"1";"0"
"979";"12017";"979";"51";"1";"1";"7";"7";"0";"1";"1";"1";"0"
"989";"12024";"989";"51";"1";"1";"7";"7";"1";"0";"1";"2";"0"
"1002";"12156";"1002";"51";"1";"1";"7";"9";"0";"1";"0";"1";"0"
"1053";"12456";"1053";"51";"1";"1";"7";"6";"1";"0";"1";"2";"0"
"1059";"12564";"1059";"51";"1";"1";"1";"4";"1";"0";"1";"2";"0"
"1079";"13130";"1079";"51";"3";"1";"7";"6";"0";"2";"4";"1";"0"
"1104";"13239";"1104";"51";"1";"1";"7";"6";"0";"1";"1";"1";"0"
"1105";"13251";"1105";"51";"3";"1";"7";"0";"1";"0";"0";"2";"0"
"1116";"13312";"1116";"51";"1";"1";"7";"6";"0";"1";"2";"1";"0"
"1120";"13312";"1120";"51";"1";"1";"7";"6";"0";"3";"4";"1";"0"
"1124";"13313";"1124";"51";"1";"3";"1";"6";"0";"1";"3";"1";"0"
"1127";"13313";"1127";"51";"2";"3";"1";"6";"0";"2";"1";"1";"0"
"1128";"13313";"1128";"51";"1";"1";"1";"6";"0";"2";"3";"1";"0"
"1138";"13334";"1138";"51";"1";"1";"7";"6";"0";"1";"1";"1";"0"
"1154";"13349";"1154";"51";"3";"1";"7";"6";"0";"1";"1";"1";"0"
"1160";"13376";"1160";"51";"1";"1";"7";"6";"0";"1";"1";"1";"0"
"1161";"13385";"1161";"51";"1";"1";"7";"0";"0";"1";"0";"1";"0"
"1163";"13408";"1163";"51";"1";"3";"2";"6";"0";"1";"1";"1";"0"
"1174";"13422";"1174";"51";"1";"1";"7";"6";"0";"2";"1";"1";"0"
"1181";"13426";"1181";"51";"3";"3";"1";"6";"0";"1";"4";"1";"0"
"1192";"13429";"1192";"51";"1";"1";"7";"6";"0";"1";"1";"1";"0"
"1199";"13430";"1199";"51";"3";"1";"1";"6";"0";"1";"0";"1";"0"
"1200";"13430";"1200";"51";"3";"2";"1";"6";"0";"1";"1";"1";"0"
"1201";"13430";"1201";"51";"1";"1";"7";"6";"0";"1";"1";"1";"0"
"1202";"13431";"1202";"51";"1";"1";"7";"6";"0";"1";"1";"1";"0"
"1206";"13432";"1206";"51";"3";"1";"7";"6";"0";"1";"1";"1";"0"
"1209";"13433";"1209";"51";"1";"1";"7";"0";"0";"1";"0";"1";"0"
"1241";"13607";"1241";"51";"1";"1";"7";"4";"1";"0";"1";"2";"0"
"1243";"13607";"1243";"51";"3";"1";"7";"6";"0";"1";"1";"1";"0"
"1246";"13609";"1246";"51";"1";"1";"7";"6";"0";"1";"1";"1";"0"
"1247";"13615";"1247";"51";"1";"4";"4";"4";"0";"1";"1";"1";"0"
"1250";"13617";"1250";"51";"1";"1";"7";"6";"1";"0";"1";"2";"0"
"1253";"13617";"1253";"51";"3";"1";"1";"0";"0";"1";"0";"1";"0"
"1254";"13617";"1254";"51";"1";"1";"7";"6";"0";"3";"1";"1";"0"
"1255";"13617";"1255";"51";"1";"1";"7";"6";"0";"1";"1";"1";"0"
"1265";"13670";"1265";"51";"1";"1";"7";"6";"1";"0";"2";"2";"0"
"1273";"13692";"1273";"51";"3";"1";"7";"6";"0";"3";"0";"1";"0"
"1277";"13695";"1277";"51";"1";"1";"7";"7";"0";"3";"1";"1";"0"
"1293";"13777";"1293";"51";"1";"1";"7";"6";"0";"1";"3";"1";"0"
"1294";"13777";"1294";"51";"1";"3";"1";"6";"0";"2";"0";"1";"0"
"1353";"15991";"1353";"51";"3";"1";"7";"6";"1";"0";"2";"2";"0"
"1365";"16696";"1365";"51";"1";"3";"1";"6";"0";"1";"1";"1";"0"
"1379";"16745";"1379";"51";"1";"1";"7";"6";"0";"1";"1";"1";"0"
"1381";"16760";"1381";"51";"3";"2";"1";"6";"0";"2";"2";"1";"0"
"1383";"16763";"1383";"51";"3";"1";"7";"9";"0";"1";"1";"1";"0"
"1395";"17963";"1395";"51";"1";"1";"7";"5";"0";"1";"1";"1";"0"
"1403";"17981";"1403";"51";"1";"3";"2";"6";"1";"0";"1";"2";"0"
"1416";"17992";"1416";"51";"3";"1";"7";"2";"1";"0";"1";"2";"0"
"1419";"17997";"1419";"51";"3";"1";"7";"6";"0";"1";"1";"1";"0"
"1427";"18026";"1427";"51";"2";"1";"7";"0";"1";"0";"0";"2";"0"
"1458";"19640";"1458";"51";"3";"6";"1";"6";"1";"0";"0";"2";"0"
"1464";"19680";"1464";"51";"1";"1";"7";"6";"0";"1";"0";"1";"0"
"1465";"19693";"1465";"51";"1";"3";"2";"6";"0";"1";"1";"1";"0"
"1494";"21238";"1494";"51";"5";"1";"7";"6";"0";"4";"0";"1";"0"
"1517";"21935";"1517";"51";"1";"1";"7";"3";"0";"1";"1";"3";"0"
"1530";"21949";"1530";"51";"1";"1";"7";"9";"0";"1";"0";"1";"0"
"1532";"21953";"1532";"51";"1";"1";"7";"3";"0";"1";"1";"1";"0"
"1538";"22063";"1538";"51";"1";"1";"2";"6";"0";"3";"0";"1";"0"
"1559";"22752";"1559";"51";"1";"3";"1";"7";"0";"2";"3";"1";"0"
"1560";"22752";"1560";"51";"3";"1";"7";"6";"1";"0";"1";"2";"0"
"1577";"22900";"1577";"51";"1";"1";"7";"9";"1";"0";"1";"2";"0"
"1580";"23526";"1580";"51";"1";"1";"7";"9";"0";"1";"0";"1";"0"
"1586";"24198";"1586";"51";"1";"1";"7";"6";"1";"0";"2";"2";"0"
"1590";"24222";"1590";"51";"1";"1";"7";"2";"1";"0";"1";"2";"0"
"1604";"24284";"1604";"51";"1";"3";"2";"0";"2";"0";"1";"2";"0"
"1624";"25053";"1624";"51";"2";"1";"7";"4";"0";"1";"1";"1";"0"
"1630";"25127";"1630";"51";"1";"1";"7";"4";"0";"2";"1";"1";"0"
"1634";"25205";"1634";"51";"1";"3";"2";"6";"1";"1";"1";"2";"0"
"1649";"25209";"1649";"51";"3";"1";"1";"6";"0";"2";"2";"1";"0"
"1653";"25211";"1653";"51";"1";"1";"7";"6";"0";"1";"2";"1";"0"
"1658";"25213";"1658";"51";"1";"2";"2";"6";"0";"1";"2";"1";"0"
"1683";"25274";"1683";"51";"1";"1";"7";"6";"0";"1";"1";"1";"0"
"1687";"25278";"1687";"51";"1";"1";"7";"7";"0";"1";"1";"1";"0"
"1691";"25279";"1691";"51";"1";"1";"7";"8";"0";"2";"1";"1";"0"
"1693";"25279";"1693";"51";"2";"1";"7";"6";"0";"1";"0";"1";"0"
"1711";"25356";"1711";"51";"1";"3";"1";"3";"0";"1";"1";"1";"0"
"1713";"25407";"1713";"51";"1";"1";"7";"3";"1";"0";"1";"2";"0"
"1741";"26783";"1741";"51";"1";"3";"1";"6";"0";"1";"1";"1";"0"
"1745";"26785";"1745";"51";"1";"1";"7";"6";"0";"1";"1";"1";"0"
"1766";"26866";"1766";"51";"1";"1";"7";"7";"0";"1";"1";"1";"0"
"1772";"26905";"1772";"51";"1";"1";"7";"8";"0";"1";"1";"1";"0"
"1792";"26933";"1792";"51";"1";"1";"7";"6";"0";"1";"1";"1";"0"
"1806";"26998";"1806";"51";"1";"1";"7";"4";"0";"1";"0";"1";"0"
"1809";"27013";"1809";"51";"3";"1";"7";"6";"0";"1";"1";"1";"0"
"1823";"27024";"1823";"51";"1";"1";"7";"4";"0";"1";"0";"1";"0"
"1851";"27116";"1851";"51";"3";"3";"1";"6";"0";"1";"3";"1";"0"
"1855";"27120";"1855";"51";"1";"1";"7";"6";"0";"1";"1";"1";"0"
"1879";"27286";"1879";"51";"1";"1";"7";"6";"0";"1";"1";"1";"0"
"1888";"27298";"1888";"51";"1";"1";"7";"6";"0";"1";"1";"1";"0"
"1895";"27302";"1895";"51";"2";"6";"1";"6";"0";"2";"2";"1";"0"
"1899";"27872";"1899";"51";"1";"1";"7";"6";"0";"2";"0";"1";"0"
"1912";"27966";"1912";"51";"1";"1";"7";"6";"0";"1";"1";"1";"0"
"1925";"27980";"1925";"51";"1";"1";"7";"6";"0";"1";"1";"1";"0"
"1936";"28043";"1936";"51";"1";"1";"7";"6";"0";"1";"1";"1";"0"
"1942";"28068";"1942";"51";"3";"1";"7";"6";"0";"1";"1";"1";"0"
"1946";"28105";"1946";"51";"1";"1";"1";"6";"0";"1";"4";"1";"0"
"1982";"28214";"1982";"51";"2";"3";"1";"3";"0";"1";"1";"1";"0"
"1987";"28248";"1987";"51";"1";"1";"7";"6";"0";"1";"1";"1";"0"
"1989";"28288";"1989";"51";"1";"1";"7";"0";"0";"2";"0";"1";"0"
"2021";"28340";"2021";"51";"1";"3";"1";"6";"0";"1";"2";"1";"0"
"2036";"28959";"2036";"51";"1";"1";"7";"8";"0";"2";"1";"1";"0"
"2041";"28987";"2041";"51";"1";"1";"7";"3";"0";"1";"1";"1";"0"
"2043";"28989";"2043";"51";"1";"1";"7";"3";"0";"1";"2";"1";"0"
"2044";"28991";"2044";"51";"1";"1";"7";"6";"0";"1";"0";"1";"0"
"2046";"28994";"2046";"51";"1";"1";"7";"6";"0";"1";"1";"1";"0"
"2053";"29003";"2053";"51";"1";"1";"7";"3";"0";"1";"1";"1";"0"
"2058";"29036";"2058";"51";"3";"1";"7";"5";"1";"0";"1";"2";"0"
"2068";"29040";"2068";"51";"3";"1";"7";"0";"0";"2";"0";"1";"0"
"2088";"29061";"2088";"51";"1";"1";"7";"6";"0";"1";"1";"1";"0"
"2113";"29114";"2113";"51";"1";"1";"2";"6";"0";"1";"1";"1";"0"
"2117";"29117";"2117";"51";"1";"1";"7";"6";"0";"1";"1";"1";"0"
"2133";"29127";"2133";"51";"1";"1";"7";"6";"0";"1";"1";"1";"0"
"2135";"29128";"2135";"51";"1";"1";"7";"6";"0";"1";"0";"1";"0"
"2138";"29145";"2138";"51";"1";"1";"7";"3";"0";"1";"1";"1";"0"
"2142";"29148";"2142";"51";"1";"3";"1";"6";"2";"2";"0";"2";"0"
"2144";"29152";"2144";"51";"3";"1";"2";"6";"0";"1";"2";"1";"0"
"2146";"29152";"2146";"51";"1";"3";"1";"3";"1";"0";"1";"2";"0"
"2153";"29171";"2153";"51";"1";"1";"7";"6";"0";"1";"1";"1";"0"
"2154";"29171";"2154";"51";"3";"3";"1";"2";"0";"1";"2";"1";"0"
"2155";"29175";"2155";"51";"3";"1";"7";"6";"0";"1";"0";"1";"0"
"2161";"29206";"2161";"51";"1";"1";"7";"1";"1";"0";"1";"2";"0"
"2243";"29455";"2243";"51";"1";"1";"7";"0";"1";"0";"0";"2";"0"
"2255";"29504";"2255";"51";"1";"1";"7";"6";"1";"0";"2";"2";"0"
"2265";"29523";"2265";"51";"5";"3";"2";"6";"1";"2";"2";"2";"0"
"2269";"29523";"2269";"51";"5";"1";"7";"0";"0";"2";"0";"1";"0"
"2270";"29523";"2270";"51";"3";"1";"1";"0";"0";"1";"0";"1";"0"
"2279";"29526";"2279";"51";"1";"1";"7";"6";"0";"2";"0";"1";"0"
"2282";"29577";"2282";"51";"1";"1";"7";"6";"0";"2";"1";"1";"0"
"2285";"29626";"2285";"51";"1";"2";"2";"7";"1";"0";"1";"2";"0"
"2289";"29703";"2289";"51";"2";"6";"1";"6";"0";"1";"1";"1";"0"
"2291";"29735";"2291";"51";"1";"1";"7";"6";"0";"1";"4";"1";"0"
"2298";"29796";"2298";"51";"1";"1";"7";"6";"0";"1";"1";"1";"0"
"2343";"31867";"2343";"51";"2";"4";"4";"3";"0";"1";"1";"1";"0"
"2358";"31937";"2358";"51";"1";"1";"7";"3";"1";"0";"1";"2";"0"
"2366";"31969";"2366";"51";"3";"1";"7";"9";"0";"1";"0";"1";"0"
"2369";"31979";"2369";"51";"3";"1";"7";"3";"1";"0";"1";"2";"0"
"2390";"32711";"2390";"51";"5";"2";"2";"6";"3";"0";"2";"2";"0"
"2392";"32711";"2392";"51";"1";"3";"2";"7";"0";"2";"1";"1";"0"
"2433";"33441";"2433";"51";"1";"2";"1";"6";"0";"1";"3";"1";"0"
"2448";"33450";"2448";"51";"1";"1";"7";"6";"0";"1";"1";"1";"0"
"2467";"33562";"2467";"51";"1";"1";"7";"3";"0";"1";"1";"1";"0"
"2480";"33626";"2480";"51";"1";"2";"1";"6";"0";"1";"6";"1";"0"
"2481";"33627";"2481";"51";"1";"1";"7";"6";"0";"1";"1";"1";"0"
"2482";"33627";"2482";"51";"1";"1";"7";"6";"0";"2";"0";"1";"0"
"2491";"33639";"2491";"51";"1";"3";"2";"3";"0";"1";"1";"1";"0"
"2496";"33641";"2496";"51";"3";"3";"1";"4";"0";"1";"1";"1";"0"
"2498";"33643";"2498";"51";"1";"3";"2";"6";"0";"2";"2";"1";"0"
"2500";"33644";"2500";"51";"2";"3";"1";"6";"1";"0";"1";"2";"0"
"2508";"33647";"2508";"51";"1";"1";"7";"6";"0";"1";"1";"1";"0"
"2513";"33649";"2513";"51";"1";"1";"7";"6";"0";"1";"1";"1";"0"
"2516";"33652";"2516";"51";"1";"1";"7";"6";"0";"2";"1";"1";"0"
"2540";"33767";"2540";"51";"1";"1";"7";"6";"0";"1";"1";"1";"0"
"2542";"33771";"2542";"51";"3";"1";"7";"4";"0";"1";"2";"1";"0"
"2565";"33909";"2565";"51";"3";"3";"1";"3";"0";"1";"1";"1";"0"
"2569";"33934";"2569";"51";"3";"3";"1";"3";"0";"1";"1";"1";"0"
"2570";"33938";"2570";"51";"1";"1";"7";"4";"0";"2";"0";"1";"0"
"2612";"34714";"2612";"51";"1";"1";"7";"6";"0";"1";"1";"1";"0"
"2614";"34714";"2614";"51";"1";"1";"7";"2";"0";"1";"1";"1";"0"
"2615";"34714";"2615";"51";"1";"1";"7";"2";"0";"1";"1";"1";"0"
"2619";"34726";"2619";"51";"1";"1";"7";"6";"0";"1";"0";"1";"0"
"2634";"35472";"2634";"51";"1";"1";"1";"3";"0";"1";"1";"1";"0"
"2637";"35475";"2637";"51";"1";"1";"7";"0";"0";"1";"0";"1";"0"
"2647";"35500";"2647";"51";"3";"4";"3";"8";"0";"1";"0";"1";"0"
"2648";"35500";"2648";"51";"1";"1";"1";"7";"1";"0";"1";"2";"0"
"2665";"35593";"2665";"51";"1";"1";"7";"3";"0";"1";"1";"1";"0"
"2666";"35599";"2666";"51";"3";"1";"7";"6";"0";"1";"1";"1";"0"
"2679";"35633";"2679";"51";"1";"1";"7";"6";"1";"0";"1";"2";"0"
"2699";"35719";"2699";"51";"3";"1";"7";"6";"0";"1";"2";"1";"0"
"2719";"36363";"2719";"51";"1";"3";"2";"6";"1";"1";"1";"2";"0"
"2732";"36454";"2732";"51";"1";"1";"7";"7";"0";"3";"1";"1";"0"
"2734";"36454";"2734";"51";"1";"1";"7";"6";"0";"1";"1";"1";"0"
"2769";"37260";"2769";"51";"3";"1";"7";"6";"0";"1";"1";"1";"0"
"2770";"37280";"2770";"51";"1";"1";"7";"7";"0";"1";"1";"1";"0"
"2782";"37309";"2782";"51";"2";"7";"2";"6";"0";"1";"2";"1";"0"
"2783";"37312";"2783";"51";"1";"1";"1";"6";"0";"1";"1";"1";"0"
"2789";"37323";"2789";"51";"1";"1";"1";"5";"0";"1";"1";"1";"0"
"2794";"37348";"2794";"51";"1";"1";"2";"7";"0";"2";"1";"1";"0"
"2822";"38065";"2822";"51";"3";"3";"2";"6";"0";"1";"4";"1";"0"
"2874";"38120";"2874";"51";"3";"1";"7";"4";"0";"1";"1";"1";"0"
"2889";"38148";"2889";"51";"1";"1";"7";"6";"1";"1";"1";"2";"0"
"2901";"38172";"2901";"51";"1";"1";"7";"6";"0";"1";"1";"1";"0"
"2902";"38175";"2902";"51";"1";"1";"7";"6";"1";"0";"1";"2";"0"
"2911";"38206";"2911";"51";"1";"1";"7";"6";"0";"1";"1";"1";"0"
"2927";"38271";"2927";"51";"1";"1";"7";"6";"0";"1";"2";"1";"0"
"2931";"38294";"2931";"51";"2";"2";"2";"6";"0";"1";"2";"1";"0"
"2934";"38314";"2934";"51";"1";"1";"7";"6";"0";"1";"2";"1";"0"
"2956";"38434";"2956";"51";"1";"1";"7";"6";"0";"2";"1";"1";"0"
"2977";"38483";"2977";"51";"5";"1";"7";"6";"0";"2";"1";"1";"0"
"2982";"38490";"2982";"51";"1";"1";"7";"6";"0";"1";"2";"1";"0"
"2995";"38520";"2995";"51";"1";"1";"7";"6";"0";"3";"1";"1";"0"
"2997";"38520";"2997";"51";"1";"1";"7";"0";"0";"1";"0";"1";"0"
"3002";"38520";"3002";"51";"1";"1";"7";"6";"0";"3";"1";"1";"0"
"3011";"38521";"3011";"51";"3";"1";"7";"6";"0";"1";"2";"1";"0"
"3012";"38521";"3012";"51";"1";"3";"2";"6";"0";"1";"2";"1";"0"
"3014";"38521";"3014";"51";"1";"3";"2";"6";"0";"1";"1";"1";"0"
"3017";"38521";"3017";"51";"3";"1";"7";"6";"0";"2";"1";"1";"0"
"3020";"38522";"3020";"51";"4";"3";"1";"6";"0";"1";"1";"1";"0"
"3022";"38526";"3022";"51";"1";"1";"7";"0";"0";"3";"0";"1";"0"
"3025";"38538";"3025";"51";"3";"1";"7";"3";"0";"1";"0";"1";"0"
"3026";"38544";"3026";"51";"1";"1";"7";"6";"0";"1";"2";"1";"0"
"3042";"38594";"3042";"51";"1";"1";"7";"6";"0";"1";"1";"1";"0"
"3090";"38792";"3090";"51";"1";"1";"2";"6";"0";"2";"1";"1";"0"
"3096";"38798";"3096";"51";"1";"1";"7";"6";"0";"1";"1";"1";"0"
"3097";"38798";"3097";"51";"3";"1";"7";"6";"0";"1";"1";"1";"0"
"3100";"38798";"3100";"51";"1";"1";"7";"6";"0";"2";"1";"1";"0"
"3105";"38824";"3105";"51";"1";"3";"1";"6";"0";"1";"1";"1";"0"
"3121";"38886";"3121";"51";"3";"6";"2";"6";"0";"1";"4";"1";"0"
"3138";"38933";"3138";"51";"3";"1";"6";"6";"0";"2";"2";"1";"0"
"3184";"38987";"3184";"51";"4";"1";"7";"6";"0";"1";"2";"1";"0"
"3194";"38994";"3194";"51";"1";"1";"7";"6";"0";"1";"4";"1";"0"
"3204";"38998";"3204";"51";"1";"1";"7";"6";"0";"1";"1";"1";"0"
"3206";"39018";"3206";"51";"3";"1";"7";"6";"1";"0";"1";"2";"0"
"3211";"39018";"3211";"51";"1";"1";"7";"6";"0";"1";"1";"1";"0"
"3220";"39023";"3220";"51";"3";"1";"7";"6";"0";"1";"1";"1";"0"
"3221";"39023";"3221";"51";"1";"1";"7";"6";"0";"1";"1";"1";"0"
"3224";"39027";"3224";"51";"1";"1";"7";"6";"0";"1";"1";"1";"0"
"3233";"39031";"3233";"51";"1";"1";"7";"6";"0";"2";"1";"1";"0"
"3235";"39031";"3235";"51";"1";"2";"1";"6";"0";"2";"2";"1";"0"
"3278";"39058";"3278";"51";"1";"1";"7";"6";"0";"1";"1";"1";"0"
"3284";"39059";"3284";"51";"3";"1";"7";"6";"0";"2";"1";"1";"0"
"3304";"39127";"3304";"51";"1";"1";"7";"6";"0";"3";"0";"1";"0"
"3314";"39148";"3314";"51";"3";"1";"7";"6";"0";"2";"0";"1";"0"
"3315";"39148";"3315";"51";"3";"3";"2";"6";"0";"2";"1";"1";"0"
"3342";"39206";"3342";"51";"1";"1";"7";"6";"1";"0";"1";"2";"0"
"3360";"39298";"3360";"51";"3";"1";"7";"5";"0";"1";"1";"1";"0"
"3425";"39480";"3425";"51";"5";"3";"1";"6";"0";"2";"3";"1";"0"
"3445";"39535";"3445";"51";"1";"1";"7";"6";"0";"1";"1";"1";"0"
"3446";"39535";"3446";"51";"1";"1";"7";"6";"0";"1";"2";"1";"0"
"3459";"39548";"3459";"51";"1";"1";"7";"6";"0";"1";"1";"1";"0"
"3507";"39614";"3507";"51";"3";"2";"2";"6";"0";"1";"2";"1";"0"
"3541";"39650";"3541";"51";"2";"1";"7";"6";"0";"1";"0";"1";"0"
"3542";"39653";"3542";"51";"1";"1";"7";"6";"0";"1";"1";"1";"0"
"3549";"39658";"3549";"51";"1";"1";"7";"6";"0";"2";"1";"1";"0"
"3555";"39658";"3555";"51";"1";"1";"7";"4";"0";"1";"1";"1";"0"
"3557";"39658";"3557";"51";"1";"1";"7";"3";"0";"1";"1";"1";"0"
"3563";"39661";"3563";"51";"3";"1";"7";"6";"0";"3";"2";"1";"0"
"3564";"39661";"3564";"51";"1";"1";"7";"6";"0";"1";"4";"1";"0"
"3568";"39661";"3568";"51";"1";"1";"7";"6";"0";"1";"1";"1";"0"
"3578";"39692";"3578";"51";"3";"1";"7";"0";"0";"1";"0";"1";"0"
"3580";"39693";"3580";"51";"1";"1";"7";"6";"0";"1";"1";"1";"0"
"3582";"39694";"3582";"51";"1";"1";"7";"4";"0";"1";"1";"1";"0"
"3587";"39695";"3587";"51";"1";"1";"7";"6";"0";"1";"2";"1";"0"
"3593";"39695";"3593";"51";"1";"1";"7";"6";"0";"2";"2";"1";"0"
"3603";"39703";"3603";"51";"1";"1";"7";"6";"0";"1";"1";"1";"0"