"accident_id";"lieu_id";"date_id";"cause_id";"lum_id";"intemp_id";"etat_surface_id";"impliq_id";"nb_blesses_graves";"nb_blesses_legers";"nb_indemnes";"gravite";"nb_morts"
"3607";"39704";"3607";"51";"1";"1";"7";"6";"0";"3";"2";"1";"0"
"3608";"39705";"3608";"51";"1";"1";"7";"6";"0";"1";"3";"1";"0"
"3609";"39705";"3609";"51";"1";"1";"7";"6";"0";"1";"1";"1";"0"
"3633";"39755";"3633";"51";"1";"1";"7";"6";"0";"1";"2";"1";"0"
"3639";"39776";"3639";"51";"3";"1";"7";"6";"0";"2";"1";"1";"0"
"3640";"39776";"3640";"51";"1";"3";"2";"6";"0";"1";"4";"1";"0"
"3641";"39776";"3641";"51";"1";"3";"2";"6";"0";"2";"1";"1";"0"
"3644";"39776";"3644";"51";"1";"3";"2";"6";"0";"1";"2";"1";"0"
"3647";"39783";"3647";"51";"1";"1";"7";"6";"0";"2";"3";"1";"0"
"3654";"39788";"3654";"51";"1";"1";"7";"6";"0";"1";"3";"1";"0"
"3687";"39902";"3687";"51";"1";"3";"2";"6";"0";"1";"2";"1";"0"
"3698";"39907";"3698";"51";"5";"1";"7";"2";"0";"1";"1";"1";"0"
"3709";"39943";"3709";"51";"1";"1";"7";"6";"0";"1";"1";"1";"0"
"3718";"39970";"3718";"51";"1";"1";"7";"4";"0";"1";"1";"1";"0"
"3767";"40047";"3767";"51";"1";"1";"7";"6";"0";"1";"1";"1";"0"
"3796";"40056";"3796";"51";"3";"3";"1";"6";"0";"1";"1";"1";"0"
"3799";"40067";"3799";"51";"1";"1";"7";"6";"0";"2";"1";"1";"0"
"3806";"40085";"3806";"51";"1";"1";"7";"6";"0";"1";"1";"1";"0"
"3808";"40085";"3808";"51";"1";"1";"7";"6";"0";"1";"2";"1";"0"
"3813";"40085";"3813";"51";"1";"1";"7";"6";"0";"1";"2";"1";"0"
"3824";"40086";"3824";"51";"1";"1";"1";"6";"0";"1";"1";"1";"0"
"3825";"40086";"3825";"51";"1";"1";"7";"6";"0";"2";"2";"1";"0"
"3827";"40086";"3827";"51";"1";"1";"7";"6";"0";"1";"2";"1";"0"
"3831";"40087";"3831";"51";"1";"1";"7";"6";"0";"1";"2";"1";"0"
"3836";"40089";"3836";"51";"1";"1";"7";"6";"0";"1";"1";"1";"0"
"3839";"40090";"3839";"51";"1";"1";"7";"6";"0";"2";"2";"1";"0"
"3841";"40091";"3841";"51";"1";"1";"7";"8";"0";"1";"2";"1";"0"
"3849";"40098";"3849";"51";"1";"1";"7";"6";"0";"1";"1";"1";"0"
"3853";"40099";"3853";"51";"1";"3";"2";"6";"0";"1";"1";"1";"0"
"3863";"40102";"3863";"51";"1";"1";"7";"3";"0";"1";"1";"1";"0"
"3865";"40103";"3865";"51";"1";"1";"7";"6";"0";"1";"1";"1";"0"
"3871";"40106";"3871";"51";"3";"1";"7";"6";"0";"2";"0";"1";"0"
"3879";"40120";"3879";"51";"3";"1";"7";"5";"0";"1";"2";"1";"0"
"3884";"40159";"3884";"51";"1";"1";"7";"6";"0";"1";"1";"1";"0"
"3898";"40178";"3898";"51";"1";"1";"7";"6";"0";"1";"2";"1";"0"
"3899";"40178";"3899";"51";"1";"2";"2";"6";"0";"2";"1";"1";"0"
"3924";"40225";"3924";"51";"1";"1";"7";"6";"0";"1";"4";"1";"0"
"3926";"40225";"3926";"51";"1";"1";"2";"6";"0";"1";"2";"1";"0"
"3927";"40225";"3927";"51";"1";"1";"7";"6";"0";"1";"3";"1";"0"
"3928";"40225";"3928";"51";"1";"1";"7";"6";"0";"1";"3";"1";"0"
"3930";"40225";"3930";"51";"1";"1";"7";"6";"0";"2";"1";"1";"0"
"3944";"40285";"3944";"51";"1";"3";"2";"6";"0";"1";"2";"1";"0"
"3946";"40289";"3946";"51";"1";"1";"7";"3";"0";"1";"1";"1";"0"
"3948";"40292";"3948";"51";"1";"1";"7";"6";"0";"1";"3";"1";"0"
"3949";"40293";"3949";"51";"1";"1";"7";"6";"0";"1";"1";"1";"0"
"3955";"40303";"3955";"51";"1";"1";"7";"6";"0";"1";"1";"1";"0"
"3970";"40308";"3970";"51";"1";"3";"7";"6";"0";"1";"1";"1";"0"
"3997";"40347";"3997";"51";"3";"1";"7";"6";"0";"1";"1";"1";"0"
"4011";"40370";"4011";"51";"1";"3";"1";"6";"0";"2";"0";"3";"0"
"4021";"40379";"4021";"51";"1";"1";"7";"6";"0";"1";"1";"1";"0"
"4024";"40379";"4024";"51";"1";"1";"7";"6";"0";"1";"1";"1";"0"
"4036";"40381";"4036";"51";"1";"1";"7";"6";"0";"1";"2";"1";"0"
"4057";"40392";"4057";"51";"1";"1";"7";"6";"0";"4";"2";"1";"0"
"4079";"40478";"4079";"51";"3";"1";"7";"6";"1";"0";"4";"2";"0"
"4081";"40478";"4081";"51";"1";"2";"2";"6";"0";"2";"3";"1";"0"
"4083";"40478";"4083";"51";"1";"3";"2";"6";"0";"1";"3";"1";"0"
"4086";"40479";"4083";"51";"1";"2";"2";"6";"0";"2";"1";"1";"0"
"4087";"40479";"4087";"51";"1";"1";"1";"6";"0";"3";"3";"1";"0"
"4089";"40479";"4089";"51";"1";"2";"2";"6";"0";"1";"2";"1";"0"
"4112";"40517";"4112";"51";"1";"1";"7";"4";"0";"1";"1";"1";"0"
"4118";"40535";"4118";"51";"3";"1";"7";"6";"0";"1";"2";"1";"0"
"4119";"40536";"4119";"51";"1";"1";"7";"6";"0";"1";"1";"1";"0"
"4158";"40698";"4158";"51";"1";"1";"7";"6";"0";"1";"1";"1";"0"
"4163";"40711";"4163";"51";"1";"1";"7";"5";"1";"0";"3";"2";"0"
"4182";"40751";"4182";"51";"1";"3";"2";"6";"0";"1";"3";"1";"0"
"4252";"40852";"4252";"51";"3";"1";"7";"6";"0";"1";"3";"1";"0"
"4272";"40889";"4272";"51";"1";"3";"2";"6";"0";"1";"2";"1";"0"
"4285";"40930";"4285";"51";"3";"3";"2";"3";"0";"1";"1";"1";"0"
"4293";"40937";"4293";"51";"3";"1";"7";"6";"0";"1";"1";"1";"0"
"4296";"40939";"4296";"51";"1";"1";"7";"6";"1";"0";"2";"2";"0"
"4297";"40940";"4297";"51";"1";"1";"7";"6";"0";"2";"3";"1";"0"
"4328";"41013";"4328";"51";"1";"3";"1";"6";"0";"2";"0";"1";"0"
"4330";"41014";"4330";"51";"1";"1";"7";"6";"0";"1";"1";"1";"0"
"4335";"41014";"4335";"51";"4";"1";"7";"6";"0";"2";"1";"1";"0"
"4339";"41018";"4339";"51";"3";"1";"7";"3";"0";"1";"1";"1";"0"
"4341";"41018";"4341";"51";"1";"1";"7";"6";"0";"1";"1";"1";"0"
"4345";"41022";"4345";"51";"1";"1";"7";"6";"0";"1";"1";"1";"0"
"4348";"41024";"4348";"51";"1";"1";"7";"6";"0";"1";"1";"1";"0"
"4357";"41033";"4357";"51";"5";"1";"7";"6";"1";"0";"1";"2";"0"
"4363";"41073";"4363";"51";"1";"1";"7";"7";"0";"1";"2";"1";"0"
"4364";"41078";"4364";"51";"1";"1";"2";"6";"0";"2";"1";"1";"0"
"4369";"41084";"4369";"51";"2";"1";"7";"6";"0";"1";"1";"1";"0"
"4370";"41109";"4370";"51";"3";"1";"7";"6";"0";"3";"0";"1";"0"
"4376";"41130";"4376";"51";"1";"1";"7";"6";"0";"1";"2";"1";"0"
"4383";"41132";"4383";"51";"1";"3";"2";"6";"0";"2";"2";"1";"0"
"4390";"41152";"4390";"51";"1";"1";"7";"6";"0";"1";"1";"1";"0"
"4391";"41163";"4391";"51";"1";"3";"2";"6";"0";"3";"2";"1";"0"
"4393";"41169";"4393";"51";"1";"1";"7";"6";"0";"1";"1";"1";"0"
"4394";"41169";"4394";"51";"1";"3";"2";"6";"0";"1";"2";"1";"0"
"4400";"41191";"4400";"51";"1";"1";"7";"6";"1";"1";"1";"2";"0"
"4410";"41202";"4410";"51";"1";"1";"7";"2";"0";"1";"1";"1";"0"
"4413";"41207";"4413";"51";"1";"1";"7";"6";"0";"2";"2";"1";"0"
"4418";"41234";"4418";"51";"3";"1";"7";"6";"0";"2";"1";"1";"0"
"4419";"41234";"4419";"51";"3";"1";"7";"6";"0";"2";"0";"1";"0"
"4430";"41236";"4430";"51";"3";"1";"7";"6";"0";"1";"2";"1";"0"
"4435";"41236";"4435";"51";"1";"1";"7";"6";"0";"1";"1";"1";"0"
"4443";"41239";"4443";"51";"1";"1";"7";"6";"0";"1";"1";"1";"0"
"4448";"41239";"4448";"51";"1";"3";"2";"6";"0";"1";"3";"1";"0"
"4450";"41252";"4450";"51";"3";"1";"7";"6";"0";"2";"2";"1";"0"
"4466";"41282";"4466";"51";"1";"1";"7";"6";"0";"1";"1";"1";"0"
"4472";"41306";"4472";"51";"3";"1";"7";"6";"0";"1";"4";"1";"0"
"4487";"41383";"4487";"51";"1";"1";"1";"6";"0";"1";"1";"1";"0"
"4494";"41406";"4494";"51";"3";"1";"7";"6";"0";"1";"1";"1";"0"
"4508";"41422";"4508";"51";"1";"1";"7";"5";"0";"1";"1";"1";"0"
"4511";"41422";"4511";"51";"3";"3";"2";"6";"0";"2";"0";"1";"0"
"4512";"41424";"4512";"51";"2";"1";"7";"6";"0";"1";"2";"1";"0"
"4523";"41454";"4523";"51";"1";"1";"2";"6";"0";"1";"2";"1";"0"
"4524";"41454";"4524";"51";"3";"1";"7";"3";"0";"1";"1";"1";"0"
"4532";"41462";"4532";"51";"1";"1";"7";"6";"0";"1";"2";"1";"0"
"4537";"41509";"4537";"51";"1";"1";"7";"3";"0";"1";"1";"1";"0"
"4543";"41532";"4543";"51";"1";"3";"2";"6";"0";"1";"2";"1";"0"
"4553";"41566";"4553";"51";"1";"3";"2";"6";"0";"1";"1";"1";"0"
"4565";"41579";"4565";"51";"1";"1";"7";"6";"0";"1";"1";"1";"0"
"4567";"41593";"4567";"51";"1";"1";"7";"7";"0";"1";"1";"1";"0"
"4572";"41598";"4572";"51";"5";"1";"7";"6";"0";"1";"2";"1";"0"
"4573";"41598";"4573";"51";"1";"1";"7";"6";"0";"1";"1";"1";"0"
"4575";"41598";"4575";"51";"1";"1";"7";"6";"0";"1";"2";"1";"0"
"4577";"41599";"4577";"51";"1";"1";"7";"6";"0";"1";"2";"1";"0"
"4581";"41599";"467";"51";"1";"1";"7";"6";"0";"3";"2";"1";"0"
"4584";"41599";"4584";"51";"1";"3";"2";"6";"0";"1";"2";"1";"0"
"4586";"41599";"4586";"51";"1";"1";"2";"6";"0";"3";"1";"1";"0"
"4587";"41599";"4587";"51";"1";"1";"2";"6";"0";"2";"1";"1";"0"
"4588";"41599";"4588";"51";"3";"1";"7";"6";"0";"1";"0";"1";"0"
"4592";"41602";"4592";"51";"1";"1";"7";"6";"0";"1";"3";"1";"0"
"4593";"41602";"4593";"51";"1";"1";"7";"6";"0";"2";"1";"1";"0"
"4603";"41617";"4603";"51";"5";"1";"7";"6";"0";"2";"1";"1";"0"
"4604";"41617";"4604";"51";"1";"2";"1";"6";"0";"3";"3";"1";"0"
"4605";"41617";"4605";"51";"1";"1";"7";"6";"0";"1";"2";"1";"0"
"4606";"41617";"4606";"51";"1";"1";"7";"6";"0";"2";"2";"1";"0"
"4608";"41617";"4608";"51";"1";"3";"2";"6";"0";"1";"2";"1";"0"
"4609";"41617";"4609";"51";"1";"3";"2";"6";"0";"2";"2";"1";"0"
"4620";"41633";"4620";"51";"2";"1";"7";"6";"0";"2";"0";"1";"0"
"4626";"41643";"4626";"51";"3";"2";"2";"6";"0";"1";"5";"1";"0"
"4640";"41672";"4640";"51";"5";"3";"1";"4";"0";"1";"1";"1";"0"
"4646";"41676";"4646";"51";"1";"1";"7";"6";"0";"1";"1";"1";"0"
"4648";"41678";"4648";"51";"1";"1";"2";"6";"0";"1";"2";"1";"0"
"4651";"41678";"4651";"51";"1";"1";"7";"6";"0";"3";"0";"1";"0"
"4652";"41678";"4652";"51";"1";"1";"7";"6";"0";"1";"1";"1";"0"
"4653";"41678";"4653";"51";"1";"1";"7";"6";"0";"1";"1";"1";"0"
"4654";"41678";"4654";"51";"1";"2";"2";"6";"0";"1";"2";"1";"0"
"4655";"41680";"4655";"51";"1";"3";"2";"5";"0";"1";"1";"1";"0"
"4658";"41683";"4658";"51";"1";"1";"7";"6";"0";"1";"2";"1";"0"
"4663";"41683";"4663";"51";"1";"3";"1";"6";"0";"1";"3";"1";"0"
"4665";"41683";"4665";"51";"1";"1";"7";"6";"0";"1";"3";"1";"0"
"4668";"41683";"4668";"51";"1";"1";"7";"6";"0";"1";"1";"1";"0"
"4669";"41690";"4669";"51";"1";"3";"2";"6";"0";"2";"2";"1";"0"
"4671";"41690";"4671";"51";"3";"2";"2";"6";"0";"3";"0";"1";"0"
"4674";"41690";"4674";"51";"1";"3";"1";"6";"0";"2";"3";"1";"0"
"4675";"41691";"4675";"51";"3";"1";"7";"6";"0";"1";"1";"1";"0"
"4679";"41699";"4679";"51";"4";"1";"7";"6";"0";"1";"1";"1";"0"
"4686";"41701";"4686";"51";"1";"3";"1";"6";"0";"1";"4";"1";"0"
"4697";"41742";"4697";"51";"3";"1";"7";"6";"0";"1";"0";"1";"0"
"4750";"42222";"4750";"51";"1";"1";"7";"6";"0";"1";"1";"1";"0"
"4765";"42364";"4765";"51";"1";"1";"7";"4";"0";"2";"0";"1";"0"
"4771";"42960";"4771";"51";"1";"1";"7";"6";"0";"1";"1";"1";"0"
"4778";"42965";"4778";"51";"3";"1";"7";"0";"0";"1";"0";"1";"0"
"4788";"42973";"874";"51";"1";"1";"7";"6";"0";"2";"2";"1";"0"
"4791";"42978";"4791";"51";"1";"1";"7";"3";"0";"1";"1";"1";"0"
"4793";"42982";"4793";"51";"1";"1";"7";"6";"0";"1";"1";"1";"0"
"4817";"43095";"4817";"51";"1";"1";"7";"6";"0";"1";"1";"1";"0"
"4819";"43095";"4819";"51";"1";"1";"7";"6";"0";"1";"3";"1";"0"
"4827";"43099";"4827";"51";"1";"1";"2";"6";"0";"2";"2";"1";"0"
"4831";"43101";"4831";"51";"1";"1";"7";"3";"0";"1";"1";"1";"0"
"4832";"43102";"4832";"51";"1";"1";"7";"3";"0";"1";"1";"1";"0"
"4834";"43102";"4834";"51";"1";"1";"7";"4";"0";"1";"1";"1";"0"
"4850";"43110";"4850";"51";"2";"1";"7";"6";"0";"1";"1";"1";"0"
"4856";"43115";"4856";"51";"1";"1";"7";"6";"0";"1";"1";"1";"0"
"19167";"80907104";"19167";"51";"1";"1";"1";"6";"0";"1";"1";"1";"0"
"19171";"80913501";"19171";"51";"1";"1";"7";"6";"0";"1";"1";"1";"0"
"19203";"81705407";"19203";"51";"1";"1";"7";"6";"0";"1";"2";"1";"0"
"19212";"81707301";"19212";"51";"3";"1";"7";"6";"0";"1";"1";"1";"0"
"19218";"81711506";"19218";"51";"1";"3";"1";"6";"0";"1";"2";"1";"0"
"19225";"81714205";"19225";"51";"1";"1";"7";"6";"0";"1";"2";"1";"0"
"19244";"81721504";"19244";"51";"1";"1";"7";"6";"1";"0";"1";"2";"0"
"19255";"81722513";"19255";"51";"1";"1";"7";"6";"0";"1";"1";"1";"0"
"19259";"81723101";"19259";"51";"1";"1";"1";"6";"0";"2";"2";"1";"0"
"19277";"81726407";"19277";"51";"1";"1";"7";"4";"0";"1";"1";"1";"0"
"19287";"81733201";"19287";"51";"1";"1";"7";"7";"1";"0";"1";"2";"0"
"19313";"81741501";"19313";"51";"2";"1";"7";"3";"0";"1";"0";"1";"0"
"19331";"81747504";"19331";"51";"1";"3";"2";"6";"0";"1";"1";"1";"0"
"19332";"81747504";"19332";"51";"1";"1";"7";"6";"0";"1";"1";"1";"0"
"19333";"81747505";"19333";"51";"3";"1";"7";"6";"0";"2";"0";"1";"0"
"19343";"81751201";"19343";"51";"3";"1";"7";"6";"0";"1";"2";"1";"0"
"19357";"81753201";"19357";"51";"1";"1";"7";"6";"0";"2";"1";"1";"0"
"19358";"81753201";"19358";"51";"1";"1";"7";"6";"0";"2";"1";"1";"0"
"19377";"81755102";"19377";"51";"1";"3";"2";"6";"0";"1";"1";"1";"0"
"19392";"81755304";"19392";"51";"1";"1";"7";"6";"0";"1";"1";"1";"0"
"19406";"81756102";"19406";"51";"3";"2";"2";"6";"0";"1";"2";"1";"0"
"19422";"81757201";"19422";"51";"1";"1";"7";"5";"0";"2";"1";"1";"0"
"19425";"81757401";"19425";"51";"1";"3";"2";"0";"0";"1";"1";"1";"0"
"19434";"81761307";"19434";"51";"3";"1";"7";"6";"0";"2";"1";"1";"0"
"19439";"81761307";"19439";"51";"1";"3";"1";"6";"0";"1";"1";"1";"0"
"19451";"81762201";"19451";"51";"1";"1";"1";"6";"0";"1";"1";"1";"0"
"19554";"81764301";"19554";"51";"1";"3";"1";"6";"0";"1";"2";"1";"0"
"19583";"81765204";"19583";"51";"1";"1";"7";"6";"0";"1";"2";"1";"0"
"19594";"81765421";"19594";"51";"3";"1";"7";"6";"0";"2";"1";"1";"0"
"19607";"81766202";"19607";"51";"1";"1";"7";"6";"0";"1";"1";"1";"0"
"19692";"81772304";"19692";"51";"1";"1";"7";"6";"1";"0";"1";"2";"0"
"19720";"81774202";"19720";"51";"1";"1";"7";"6";"0";"1";"1";"1";"0"
"19747";"81776203";"19747";"51";"3";"1";"2";"6";"0";"1";"1";"1";"0"
"19749";"81776204";"19749";"51";"1";"1";"7";"6";"0";"3";"1";"1";"0"
"19750";"81776204";"19750";"51";"3";"1";"7";"6";"0";"1";"1";"1";"0"
"19751";"81776204";"19751";"51";"1";"1";"7";"6";"0";"3";"1";"1";"0"
"19777";"81781302";"19777";"51";"3";"1";"7";"6";"0";"1";"2";"1";"0"
"19792";"81782213";"19792";"51";"1";"1";"1";"6";"0";"1";"1";"1";"0"
"19797";"81783201";"19797";"51";"1";"1";"7";"6";"0";"1";"1";"1";"0"
"19826";"81785514";"19826";"51";"1";"1";"7";"6";"1";"0";"0";"2";"0"
"19831";"81785515";"19831";"51";"1";"1";"7";"6";"0";"1";"1";"1";"0"
"19858";"81787415";"19858";"51";"3";"3";"2";"0";"0";"1";"0";"1";"0"
"19874";"81791507";"19874";"51";"1";"1";"7";"3";"0";"1";"1";"1";"0"
"19905";"81794504";"19905";"51";"1";"1";"7";"6";"0";"2";"2";"1";"0"
"19950";"81797303";"19950";"51";"3";"3";"1";"6";"0";"1";"0";"1";"0"
"19960";"81797309";"19960";"51";"1";"3";"2";"6";"0";"1";"3";"1";"0"
"19971";"81803105";"19971";"51";"1";"1";"1";"1";"0";"1";"1";"1";"0"
"19975";"81803504";"19975";"51";"3";"1";"7";"6";"0";"1";"3";"1";"0"
"20007";"81812101";"20007";"51";"1";"1";"7";"6";"1";"0";"1";"2";"0"
"20008";"81812102";"20008";"51";"1";"1";"7";"6";"0";"1";"1";"1";"0"
"20010";"81812301";"20010";"51";"1";"1";"7";"6";"0";"1";"2";"1";"0"
"20018";"81813403";"20018";"51";"1";"1";"7";"6";"0";"1";"5";"1";"0"
"20037";"81823210";"20037";"51";"3";"1";"7";"3";"1";"0";"1";"2";"0"
"20040";"81824401";"20040";"51";"1";"1";"7";"3";"1";"0";"1";"2";"0"
"20081";"81845303";"20081";"51";"1";"1";"7";"3";"0";"1";"1";"1";"0"
"20082";"81845303";"20082";"51";"1";"1";"7";"6";"0";"1";"3";"1";"0"
"20098";"81874202";"20098";"51";"1";"1";"7";"5";"0";"3";"0";"1";"0"
"20145";"81906305";"20145";"51";"1";"1";"7";"4";"0";"1";"1";"1";"0"
"20147";"81907301";"20147";"51";"3";"1";"7";"2";"1";"0";"1";"3";"0"
"20172";"81927202";"20172";"51";"1";"1";"7";"6";"0";"2";"1";"1";"0"
"20174";"82703502";"20174";"51";"1";"1";"7";"6";"0";"1";"3";"1";"0"
"20201";"82713207";"20201";"51";"1";"1";"7";"3";"1";"0";"1";"2";"0"
"20234";"82733110";"20234";"51";"2";"1";"7";"6";"3";"0";"0";"2";"0"
"20240";"82741401";"20240";"51";"1";"3";"1";"6";"0";"1";"2";"1";"0"
"20263";"82744514";"20263";"51";"1";"1";"7";"6";"1";"0";"1";"2";"0"
"20265";"82745401";"20265";"51";"1";"3";"2";"6";"0";"1";"2";"1";"0"
"20274";"82751202";"20274";"51";"1";"1";"7";"6";"0";"1";"1";"1";"0"
"20294";"82751503";"20294";"51";"1";"1";"7";"6";"0";"1";"1";"1";"0"
"20314";"82752502";"20314";"51";"1";"1";"7";"4";"0";"1";"3";"1";"0"
"20346";"82755503";"20346";"51";"1";"1";"7";"6";"0";"1";"1";"1";"0"
"20365";"82756309";"20365";"51";"1";"1";"7";"6";"0";"1";"1";"1";"0"
"20369";"82756320";"20369";"51";"1";"1";"2";"5";"0";"1";"1";"1";"0"
"20423";"82762301";"20423";"51";"1";"1";"2";"6";"0";"1";"2";"1";"0"
"20437";"82763102";"20437";"51";"2";"1";"7";"6";"0";"1";"2";"1";"0"
"20454";"82764304";"20454";"51";"1";"1";"7";"6";"0";"2";"1";"1";"0"
"20472";"82765404";"20472";"51";"1";"3";"1";"6";"0";"1";"2";"1";"0"
"20502";"82771204";"20502";"51";"1";"1";"7";"6";"0";"1";"1";"1";"0"
"20537";"82776202";"20537";"51";"1";"1";"4";"6";"1";"0";"2";"2";"0"
"20540";"82776202";"20540";"51";"3";"3";"1";"6";"0";"1";"2";"1";"0"
"20547";"82776211";"20547";"51";"2";"2";"1";"6";"1";"1";"1";"2";"0"
"20578";"82785309";"20578";"51";"3";"7";"7";"7";"1";"0";"1";"2";"0"
"20579";"82785309";"20579";"51";"1";"1";"7";"6";"1";"0";"2";"2";"0"
"20605";"82792504";"20605";"51";"1";"1";"7";"6";"0";"1";"2";"1";"0"
"20618";"82792510";"20618";"51";"1";"1";"7";"6";"0";"1";"1";"1";"0"
"20620";"82793203";"20620";"51";"1";"3";"1";"6";"0";"1";"5";"1";"0"
"20635";"82795503";"20635";"51";"3";"1";"4";"6";"0";"2";"0";"1";"0"
"20637";"82795503";"20637";"51";"1";"1";"7";"6";"0";"3";"1";"1";"0"
"20640";"82795503";"20640";"51";"1";"3";"2";"6";"0";"1";"2";"1";"0"
"20644";"82795503";"20644";"51";"1";"1";"1";"6";"0";"1";"1";"1";"0"
"20645";"82795503";"20645";"51";"1";"3";"2";"6";"0";"1";"1";"1";"0"
"20655";"82797504";"20655";"51";"3";"3";"2";"6";"0";"1";"2";"1";"0"
"20662";"82797504";"20662";"51";"3";"3";"1";"6";"0";"3";"3";"1";"0"
"20663";"82797504";"20663";"51";"3";"1";"7";"6";"0";"4";"2";"1";"0"
"20664";"82797504";"20664";"51";"1";"2";"2";"6";"0";"1";"1";"1";"0"
"20665";"82797504";"20665";"51";"1";"1";"2";"6";"1";"1";"1";"2";"0"
"20668";"82797504";"20668";"51";"3";"3";"1";"6";"0";"1";"0";"1";"0"
"20671";"82797504";"20671";"51";"3";"3";"1";"6";"0";"2";"1";"1";"0"
"20674";"82797504";"20674";"51";"1";"1";"7";"6";"0";"1";"6";"1";"0"
"20675";"82797504";"20675";"51";"3";"3";"1";"6";"0";"1";"1";"1";"0"
"20676";"82797504";"20676";"51";"3";"3";"1";"6";"0";"4";"4";"1";"0"
"20677";"82797504";"20677";"51";"1";"3";"1";"6";"0";"2";"2";"1";"0"
"20678";"82797504";"20678";"51";"2";"3";"1";"6";"0";"1";"7";"1";"0"
"20679";"82797504";"20679";"51";"3";"1";"7";"6";"0";"3";"1";"1";"0"
"20680";"82797504";"20680";"51";"1";"3";"1";"6";"0";"2";"1";"1";"0"
"20681";"82797504";"20681";"51";"1";"1";"7";"6";"0";"1";"2";"1";"0"
"20707";"82802201";"20707";"51";"2";"1";"7";"6";"1";"1";"1";"2";"0"
"20717";"82804402";"20717";"51";"3";"3";"1";"6";"0";"1";"3";"1";"0"
"20730";"82804402";"20730";"51";"3";"1";"7";"6";"0";"1";"1";"1";"0"
"20739";"82804402";"20739";"51";"1";"1";"7";"6";"0";"3";"0";"1";"0"
"20782";"82816303";"20782";"51";"3";"1";"1";"6";"1";"4";"0";"2";"0"
"20783";"82816303";"20783";"51";"1";"1";"7";"6";"0";"1";"2";"1";"0"
"20794";"82816303";"20794";"51";"1";"1";"7";"6";"0";"2";"1";"1";"0"
"20799";"82816308";"20799";"51";"1";"1";"7";"6";"1";"0";"1";"2";"0"
"20805";"82822207";"20805";"51";"5";"3";"2";"6";"0";"1";"1";"1";"0"
"20829";"82843406";"20829";"51";"1";"1";"7";"6";"0";"3";"1";"1";"0"
"20837";"82854205";"20837";"51";"1";"1";"7";"6";"0";"1";"1";"1";"0"
"20871";"82887105";"20871";"51";"2";"1";"7";"6";"0";"1";"1";"1";"0"
"20892";"82923403";"20892";"51";"1";"1";"1";"7";"0";"1";"1";"1";"0"
"20931";"83733502";"20931";"51";"1";"1";"7";"6";"0";"2";"1";"1";"0"
"20936";"83736107";"20936";"51";"1";"1";"7";"6";"0";"2";"2";"1";"0"
"20956";"83741304";"20956";"51";"1";"1";"7";"6";"0";"3";"0";"1";"0"
"20959";"83741304";"20959";"51";"1";"1";"7";"6";"0";"1";"3";"1";"0"
"20964";"83742202";"20964";"51";"1";"1";"7";"6";"0";"1";"1";"1";"0"
"20972";"83745102";"20972";"51";"1";"3";"2";"6";"1";"0";"1";"2";"0"
"20983";"83747213";"20983";"51";"1";"1";"1";"6";"1";"0";"1";"2";"0"
"20991";"83747310";"20991";"51";"1";"1";"2";"5";"2";"0";"1";"2";"0"
"21049";"83753205";"21049";"51";"4";"1";"7";"6";"0";"1";"1";"1";"0"
"21059";"83754202";"21059";"51";"1";"1";"7";"6";"0";"1";"1";"1";"0"
"21115";"83762208";"21115";"51";"1";"1";"7";"6";"0";"4";"4";"1";"0"
"21123";"83762304";"21123";"51";"1";"1";"7";"6";"0";"2";"0";"1";"0"
"21124";"83762304";"21124";"51";"1";"1";"7";"6";"0";"1";"0";"1";"0"
"21129";"83762411";"21129";"51";"1";"1";"7";"6";"0";"2";"1";"1";"0"
"21149";"83764211";"21149";"51";"1";"1";"7";"6";"0";"1";"1";"1";"0"
"21197";"83773504";"21197";"51";"3";"1";"7";"6";"0";"1";"1";"1";"0"
"21233";"83783305";"21233";"51";"1";"1";"7";"6";"0";"1";"1";"1";"0"
"21235";"83784204";"21235";"51";"1";"1";"1";"6";"0";"1";"2";"1";"0"
"21238";"83784206";"21238";"51";"1";"1";"7";"6";"1";"1";"1";"2";"0"
"21244";"83785405";"21244";"51";"1";"1";"7";"6";"0";"1";"2";"1";"0"
"21248";"83786410";"21248";"51";"1";"1";"7";"6";"0";"2";"1";"1";"0"
"21255";"83786504";"21255";"51";"1";"1";"7";"6";"0";"2";"1";"1";"0"
"21270";"83791505";"21270";"51";"1";"1";"7";"0";"0";"1";"0";"1";"0"
"21292";"83794402";"21292";"51";"3";"3";"1";"6";"0";"2";"1";"1";"0"
"21294";"83794402";"21294";"51";"1";"1";"7";"6";"0";"1";"1";"1";"0"
"21296";"83794402";"21296";"51";"1";"1";"1";"6";"0";"1";"3";"1";"0"
"21298";"83794402";"21298";"51";"1";"2";"1";"6";"0";"2";"3";"1";"0"
"21299";"83794402";"21299";"51";"3";"3";"1";"6";"0";"2";"0";"1";"0"
"21301";"83794402";"21301";"51";"3";"3";"1";"6";"0";"1";"2";"1";"0"
"21305";"83795404";"21305";"51";"1";"7";"7";"6";"0";"1";"3";"1";"0"
"21312";"83795404";"21312";"51";"1";"1";"7";"6";"0";"1";"3";"1";"0"
"21321";"83795404";"21321";"51";"1";"1";"7";"6";"0";"1";"3";"1";"0"
"21322";"83795404";"21322";"51";"1";"1";"7";"6";"0";"1";"2";"1";"0"
"21324";"83795404";"21324";"51";"3";"3";"2";"6";"0";"2";"3";"1";"0"
"21337";"83795404";"21337";"51";"1";"1";"7";"0";"0";"1";"0";"1";"0"
"21357";"83804215";"21357";"51";"1";"1";"7";"6";"0";"1";"1";"1";"0"
"21362";"83805506";"21362";"51";"1";"1";"7";"6";"0";"1";"1";"1";"0"