"accident_id";"lieu_id";"date_id";"cause_id";"lum_id";"intemp_id";"etat_surface_id";"impliq_id";"nb_blesses_graves";"nb_blesses_legers";"nb_indemnes";"gravite";"nb_morts"
"21371";"83806211";"21371";"51";"1";"1";"7";"6";"1";"0";"1";"2";"0"
"21377";"83806211";"21377";"51";"1";"1";"7";"6";"0";"2";"2";"1";"0"
"21381";"83806211";"21381";"51";"1";"1";"7";"6";"0";"1";"1";"1";"0"
"21395";"83811503";"21395";"51";"3";"2";"2";"6";"0";"5";"1";"1";"0"
"21410";"83811503";"21410";"51";"1";"1";"7";"6";"0";"1";"1";"1";"0"
"21419";"83811503";"21419";"51";"1";"1";"7";"6";"0";"1";"1";"1";"0"
"21458";"83813505";"21458";"51";"1";"1";"7";"6";"0";"1";"3";"1";"0"
"21470";"83815103";"21470";"51";"1";"1";"7";"0";"0";"2";"0";"1";"0"
"21473";"83815403";"21473";"51";"1";"1";"7";"6";"0";"2";"1";"1";"0"
"21475";"83815403";"21475";"51";"1";"1";"7";"6";"0";"1";"2";"1";"0"
"21482";"83817205";"21482";"51";"3";"3";"1";"6";"0";"1";"1";"1";"0"
"21485";"83817302";"21485";"51";"1";"1";"7";"3";"0";"1";"1";"1";"0"
"21490";"83817302";"21490";"51";"1";"1";"1";"4";"0";"1";"1";"1";"0"
"21498";"83817408";"21498";"51";"3";"1";"7";"0";"0";"0";"0";"3";"0"
"21508";"83825501";"21508";"51";"1";"1";"1";"6";"0";"1";"0";"1";"0"
"21566";"83836105";"21566";"51";"1";"1";"7";"6";"0";"1";"2";"1";"0"
"21567";"83836105";"21567";"51";"3";"1";"7";"8";"0";"6";"1";"1";"0"
"21582";"83836503";"21582";"51";"1";"1";"7";"6";"0";"1";"1";"1";"0"
"21584";"83836504";"21584";"51";"1";"1";"7";"6";"0";"2";"1";"1";"0"
"21618";"83847401";"21618";"51";"1";"3";"1";"6";"0";"1";"1";"1";"0"
"21620";"83847504";"21620";"51";"1";"1";"7";"6";"0";"1";"1";"1";"0"
"21645";"83857304";"21645";"51";"1";"1";"7";"6";"1";"0";"1";"2";"0"
"21668";"83866307";"21668";"51";"1";"1";"7";"3";"0";"1";"1";"1";"0"
"21706";"83867502";"21706";"51";"1";"1";"7";"6";"0";"1";"1";"1";"0"
"21736";"83867504";"21736";"51";"1";"3";"1";"6";"0";"2";"1";"1";"0"
"21737";"83867504";"21737";"51";"1";"1";"7";"6";"0";"2";"0";"1";"0"
"21746";"83867509";"21746";"51";"1";"1";"7";"7";"1";"0";"1";"2";"0"
"21749";"83867509";"21749";"51";"3";"3";"1";"6";"0";"1";"1";"1";"0"
"21766";"83874409";"21766";"51";"1";"1";"7";"4";"0";"1";"1";"1";"0"
"21773";"83874503";"21773";"51";"1";"3";"1";"3";"0";"1";"1";"1";"0"
"21786";"83875203";"21786";"51";"1";"1";"7";"3";"0";"1";"1";"1";"0"
"21792";"83875301";"21792";"51";"1";"1";"7";"4";"0";"1";"1";"1";"0"
"21797";"83875504";"21797";"51";"1";"1";"7";"6";"0";"1";"2";"1";"0"
"21809";"83876311";"21809";"51";"1";"1";"7";"6";"0";"1";"1";"1";"0"
"21832";"83876401";"21832";"51";"1";"1";"7";"6";"0";"1";"2";"1";"0"
"21880";"83885206";"18608";"51";"1";"3";"2";"6";"0";"1";"2";"1";"0"
"21888";"83885315";"21888";"51";"1";"3";"1";"6";"0";"1";"1";"1";"0"
"21890";"83885315";"21890";"51";"1";"1";"7";"6";"0";"1";"1";"1";"0"
"21892";"83886202";"21892";"51";"1";"1";"1";"6";"0";"1";"2";"1";"0"
"21895";"83887402";"21895";"51";"3";"4";"4";"2";"1";"0";"1";"2";"0"
"21901";"83887503";"21901";"51";"1";"6";"7";"6";"0";"2";"3";"1";"0"
"21903";"83887504";"21903";"51";"4";"1";"1";"4";"0";"2";"1";"1";"0"
"21933";"83893501";"21933";"51";"3";"1";"1";"6";"0";"1";"1";"1";"0"
"21949";"83895204";"21949";"51";"1";"3";"1";"6";"0";"1";"1";"1";"0"
"21962";"83901204";"21962";"51";"1";"1";"7";"6";"1";"0";"1";"2";"0"
"21964";"83903502";"21964";"51";"1";"1";"7";"6";"0";"1";"1";"1";"0"
"21965";"83906301";"21965";"51";"1";"1";"7";"6";"0";"4";"1";"1";"0"
"21972";"83906301";"21972";"51";"1";"6";"1";"6";"0";"1";"1";"1";"0"
"21974";"83906301";"21974";"51";"1";"3";"1";"6";"0";"4";"1";"1";"0"
"21975";"83911206";"21975";"51";"1";"3";"1";"6";"0";"2";"0";"1";"0"
"21985";"83922105";"21985";"51";"3";"3";"2";"6";"0";"1";"1";"1";"0"
"21991";"83922204";"21991";"51";"3";"1";"1";"6";"0";"2";"0";"1";"0"
"21994";"83922301";"21994";"51";"1";"1";"7";"3";"0";"1";"1";"1";"0"
"22004";"83923402";"22004";"51";"3";"2";"2";"6";"0";"2";"0";"1";"0"
"22068";"84695101";"22068";"51";"5";"1";"7";"6";"0";"1";"1";"1";"0"
"22074";"84721505";"22074";"51";"1";"6";"7";"6";"1";"1";"0";"2";"0"
"22076";"84721505";"22076";"51";"1";"1";"7";"6";"0";"2";"1";"1";"0"
"22096";"84741507";"22096";"51";"3";"3";"2";"4";"0";"1";"1";"1";"0"
"22124";"84743202";"22124";"51";"1";"1";"7";"6";"0";"1";"1";"1";"0"
"22144";"84744315";"22144";"51";"1";"1";"1";"6";"0";"2";"0";"1";"0"
"22155";"84744315";"22155";"51";"1";"1";"7";"6";"0";"2";"1";"1";"0"
"22213";"84757502";"22213";"51";"1";"1";"7";"6";"0";"1";"1";"1";"0"
"22216";"84757502";"22216";"51";"1";"1";"7";"6";"0";"1";"1";"1";"0"
"22218";"84761513";"22218";"51";"3";"1";"7";"6";"0";"2";"0";"1";"0"
"22226";"84762210";"22226";"51";"3";"1";"7";"6";"0";"3";"0";"1";"0"
"22252";"84764508";"22252";"51";"1";"3";"1";"7";"0";"1";"1";"1";"0"
"22264";"84767404";"22264";"51";"1";"3";"1";"6";"0";"1";"1";"1";"0"
"22276";"84773307";"22276";"51";"1";"1";"1";"6";"0";"1";"2";"1";"0"
"22277";"84773307";"22277";"51";"1";"1";"7";"6";"0";"1";"1";"1";"0"
"22283";"84773307";"22283";"51";"1";"3";"1";"6";"0";"2";"0";"1";"0"
"22304";"84776102";"22304";"51";"1";"1";"7";"6";"0";"1";"1";"1";"0"
"22313";"84777103";"22313";"51";"2";"1";"7";"6";"0";"1";"1";"1";"0"
"22319";"84777212";"22319";"51";"1";"1";"7";"4";"0";"1";"0";"1";"0"
"22346";"84791404";"22346";"51";"3";"1";"7";"6";"0";"2";"0";"1";"0"
"22381";"84794503";"22381";"51";"1";"3";"2";"6";"1";"0";"1";"2";"0"
"22386";"84794503";"22386";"51";"1";"1";"7";"6";"0";"2";"6";"1";"0"
"22396";"84794503";"22396";"51";"1";"3";"2";"6";"0";"1";"0";"1";"0"
"22398";"84794517";"22398";"51";"1";"1";"7";"6";"0";"1";"1";"1";"0"
"22403";"84803404";"22403";"51";"3";"2";"2";"6";"0";"1";"1";"1";"0"
"22421";"84804504";"22421";"51";"3";"3";"1";"6";"0";"1";"1";"1";"0"
"22433";"84804507";"22433";"51";"1";"1";"7";"6";"0";"1";"1";"1";"0"
"22434";"84804507";"22434";"51";"1";"1";"7";"6";"0";"1";"1";"1";"0"
"22438";"84804507";"22438";"51";"1";"1";"7";"6";"0";"1";"1";"1";"0"
"22449";"84805102";"22449";"51";"1";"1";"7";"6";"0";"1";"3";"1";"0"
"22453";"84805102";"22453";"51";"3";"2";"1";"6";"0";"1";"2";"1";"0"
"22454";"84805102";"22454";"51";"1";"1";"1";"6";"0";"1";"2";"1";"0"
"22457";"84805104";"22457";"51";"1";"3";"2";"6";"0";"1";"2";"1";"0"
"22459";"84805104";"22459";"51";"3";"2";"2";"6";"0";"2";"1";"1";"0"
"22461";"84805104";"22461";"51";"1";"6";"1";"6";"0";"1";"2";"1";"0"
"22472";"84806207";"22472";"51";"3";"3";"2";"6";"0";"1";"1";"1";"0"
"22474";"84806207";"22474";"51";"3";"1";"7";"6";"0";"4";"2";"1";"0"
"22477";"84806207";"22477";"51";"3";"1";"1";"6";"0";"1";"2";"1";"0"
"22479";"84806207";"20075";"51";"1";"1";"7";"6";"0";"1";"2";"1";"0"
"22482";"84806207";"22482";"51";"1";"1";"7";"6";"0";"1";"3";"1";"0"
"22484";"84806207";"22484";"51";"1";"1";"1";"0";"0";"1";"0";"1";"0"
"22487";"84806207";"22487";"51";"1";"2";"1";"5";"0";"1";"1";"1";"0"
"22488";"84806207";"22488";"51";"3";"3";"1";"0";"1";"0";"0";"2";"0"
"22497";"84806207";"22497";"51";"1";"1";"7";"6";"0";"1";"2";"1";"0"
"22501";"84807309";"22501";"51";"1";"1";"7";"6";"0";"1";"1";"1";"0"
"22504";"84807309";"22504";"51";"3";"1";"7";"6";"0";"1";"1";"1";"0"
"22505";"84807309";"22505";"51";"1";"3";"2";"6";"0";"2";"2";"1";"0"
"22515";"84807313";"22515";"51";"1";"1";"7";"6";"0";"1";"1";"1";"0"
"22519";"84807405";"22519";"51";"1";"1";"1";"0";"1";"0";"0";"2";"0"
"22530";"84811104";"22530";"51";"1";"1";"7";"6";"0";"2";"0";"1";"0"
"22584";"84815115";"22584";"51";"3";"3";"2";"3";"0";"1";"1";"1";"0"
"22593";"84816103";"22593";"51";"1";"1";"7";"6";"0";"2";"0";"1";"0"
"22597";"84816202";"22597";"51";"1";"1";"7";"6";"0";"1";"2";"1";"0"
"22602";"84816211";"22602";"51";"3";"1";"7";"3";"0";"1";"1";"1";"0"
"22618";"84816408";"22618";"51";"1";"3";"5";"0";"0";"1";"0";"1";"0"
"22629";"84817309";"22629";"51";"1";"1";"7";"6";"0";"1";"1";"1";"0"
"22631";"84817309";"22631";"51";"1";"1";"7";"6";"0";"1";"2";"1";"0"
"22656";"84822210";"6067";"51";"1";"1";"7";"6";"0";"1";"1";"1";"0"
"22696";"84824309";"22696";"51";"1";"3";"1";"6";"0";"1";"1";"1";"0"
"22700";"84825107";"22700";"51";"1";"1";"7";"6";"0";"2";"2";"1";"0"
"22756";"84831405";"22756";"51";"3";"1";"7";"6";"0";"1";"1";"1";"0"
"22772";"84831405";"22772";"51";"1";"1";"7";"6";"1";"0";"1";"2";"0"
"22773";"84831407";"22773";"51";"1";"2";"1";"6";"0";"2";"0";"1";"0"
"22795";"84834202";"22795";"51";"1";"3";"2";"6";"0";"1";"2";"1";"0"
"22797";"84834202";"18995";"51";"1";"3";"1";"7";"0";"1";"1";"1";"0"
"22818";"84835203";"22818";"51";"3";"1";"7";"4";"1";"0";"1";"2";"0"
"22855";"84836301";"22855";"51";"3";"1";"1";"6";"0";"1";"1";"1";"0"
"22858";"84836301";"22858";"51";"1";"1";"1";"4";"1";"1";"1";"2";"0"
"22895";"84837413";"22895";"51";"1";"1";"7";"6";"0";"1";"2";"1";"0"
"22913";"84842105";"22913";"51";"3";"1";"7";"6";"0";"1";"1";"1";"0"
"22978";"84847402";"2229";"51";"1";"1";"7";"6";"1";"0";"1";"2";"0"
"22985";"84851401";"22985";"51";"1";"1";"7";"6";"0";"1";"0";"1";"0"
"22998";"84851409";"22998";"51";"1";"3";"1";"6";"0";"1";"1";"1";"0"
"23001";"84851502";"23001";"51";"2";"1";"7";"3";"0";"1";"1";"1";"0"
"23005";"84852406";"23005";"51";"1";"1";"7";"6";"0";"1";"1";"1";"0"
"23012";"84852409";"23012";"51";"1";"1";"7";"6";"0";"1";"2";"1";"0"
"23113";"84857404";"23113";"51";"1";"1";"7";"7";"0";"1";"1";"1";"0"
"23119";"84857404";"23119";"51";"1";"1";"7";"6";"0";"1";"1";"1";"0"
"23125";"84857501";"23125";"51";"1";"1";"7";"6";"0";"1";"1";"1";"0"
"23137";"84857507";"23137";"51";"1";"1";"7";"6";"0";"1";"1";"1";"0"
"23144";"84861303";"23144";"51";"1";"1";"7";"6";"0";"1";"1";"1";"0"
"23151";"84861501";"23151";"51";"3";"1";"7";"6";"0";"1";"1";"1";"0"
"23173";"84862101";"23173";"51";"1";"1";"7";"6";"0";"1";"1";"1";"0"
"23192";"84862103";"23192";"51";"3";"1";"7";"4";"1";"0";"1";"2";"0"
"23233";"84863303";"23233";"51";"1";"1";"7";"6";"0";"1";"1";"1";"0"
"23244";"84863402";"23244";"51";"1";"1";"7";"3";"0";"1";"1";"1";"0"
"23268";"84864502";"23268";"51";"1";"1";"7";"7";"0";"1";"1";"1";"0"
"23309";"84865304";"13626";"51";"2";"3";"1";"6";"0";"1";"3";"1";"0"
"23317";"84866301";"23317";"51";"1";"3";"2";"6";"0";"1";"1";"1";"0"
"23332";"84867107";"23332";"51";"1";"1";"1";"3";"0";"1";"2";"1";"0"
"23337";"84867206";"23337";"51";"1";"1";"7";"6";"0";"1";"1";"1";"0"
"23340";"84867206";"23340";"51";"1";"3";"1";"6";"0";"1";"1";"1";"0"
"23342";"84867206";"23342";"51";"1";"1";"7";"6";"0";"1";"0";"1";"0"
"23360";"84867403";"23360";"51";"1";"1";"7";"6";"0";"1";"1";"1";"0"
"23368";"84871108";"23368";"51";"1";"1";"7";"6";"0";"1";"3";"1";"0"
"23382";"84871108";"23382";"51";"1";"4";"5";"6";"0";"1";"1";"1";"0"
"23399";"84871503";"23399";"51";"1";"1";"7";"6";"0";"2";"2";"1";"0"
"23437";"84873303";"23437";"51";"3";"3";"1";"6";"0";"1";"2";"1";"0"
"23442";"84873303";"23442";"51";"1";"1";"7";"3";"0";"1";"1";"1";"0"
"23444";"84873303";"23444";"51";"3";"3";"2";"6";"0";"1";"1";"1";"0"
"23475";"84874402";"23475";"51";"1";"1";"7";"6";"1";"0";"1";"2";"0"
"23495";"84875303";"23495";"51";"1";"1";"7";"6";"0";"1";"1";"1";"0"
"23505";"84875501";"23505";"51";"2";"1";"2";"6";"0";"1";"1";"1";"0"
"23507";"84875501";"23507";"51";"1";"1";"7";"3";"0";"1";"1";"1";"0"
"23508";"84875502";"23508";"51";"1";"3";"1";"6";"0";"2";"1";"1";"0"
"23531";"84876506";"23531";"51";"1";"1";"7";"6";"0";"1";"1";"1";"0"
"23536";"84876506";"23536";"51";"1";"1";"7";"6";"0";"1";"3";"1";"0"
"23548";"84877104";"23548";"51";"1";"1";"7";"6";"0";"1";"1";"1";"0"
"23581";"84877406";"23581";"51";"3";"1";"7";"3";"0";"1";"1";"1";"0"
"23589";"84877506";"23589";"51";"1";"1";"7";"6";"0";"2";"2";"1";"0"
"23633";"84883501";"23633";"51";"3";"1";"7";"5";"0";"2";"0";"1";"0"
"23639";"84885402";"10828";"51";"1";"6";"2";"6";"0";"1";"1";"1";"0"
"23641";"84885402";"23641";"51";"1";"3";"2";"6";"0";"2";"0";"1";"0"
"23709";"85732506";"23709";"51";"1";"1";"7";"6";"1";"1";"1";"2";"0"
"23767";"85772501";"23767";"51";"3";"1";"7";"7";"0";"1";"1";"1";"0"
"23779";"85772501";"8260";"51";"1";"1";"1";"6";"1";"1";"1";"2";"0"
"23783";"85772501";"23783";"51";"1";"1";"7";"6";"1";"0";"1";"2";"0"
"23786";"85772501";"23786";"51";"1";"1";"7";"6";"0";"3";"2";"1";"0"
"23787";"85772501";"23787";"51";"1";"1";"7";"6";"0";"2";"2";"1";"0"
"23788";"85772501";"23788";"51";"1";"1";"7";"8";"0";"2";"1";"1";"0"
"23796";"85772501";"10604";"51";"5";"1";"7";"6";"0";"2";"1";"1";"0"
"23799";"85772501";"23799";"51";"1";"1";"7";"6";"0";"2";"3";"1";"0"
"23812";"85785203";"23812";"51";"3";"1";"1";"6";"0";"3";"0";"1";"0"
"23814";"85785203";"23814";"51";"1";"6";"1";"7";"0";"2";"1";"1";"0"
"23819";"85785203";"23819";"51";"1";"1";"7";"6";"0";"2";"1";"1";"0"
"23826";"85785203";"23826";"51";"3";"3";"1";"6";"0";"1";"2";"1";"0"
"23831";"85786503";"23831";"51";"1";"1";"7";"6";"0";"1";"1";"1";"0"
"23835";"85786503";"23835";"51";"1";"1";"7";"6";"0";"1";"1";"1";"0"
"23837";"85786503";"23837";"51";"1";"6";"1";"6";"0";"2";"0";"1";"0"
"23838";"85786503";"23838";"51";"1";"1";"7";"6";"0";"1";"2";"1";"0"
"23840";"85786503";"23840";"51";"1";"1";"7";"6";"1";"1";"3";"2";"0"
"23842";"85786503";"23842";"51";"1";"1";"7";"6";"0";"1";"1";"1";"0"
"23847";"85786503";"23847";"51";"1";"1";"7";"6";"0";"1";"0";"1";"0"
"23850";"85786503";"23850";"51";"1";"1";"7";"6";"1";"0";"1";"2";"0"
"23854";"85793402";"23854";"51";"3";"1";"4";"6";"0";"2";"1";"1";"0"
"23856";"85801107";"23856";"51";"1";"1";"7";"3";"0";"1";"1";"1";"0"
"23858";"85801502";"23858";"51";"3";"1";"7";"0";"1";"0";"0";"2";"0"
"23867";"85806402";"23867";"51";"1";"1";"7";"6";"0";"1";"1";"1";"0"
"23881";"85807501";"23881";"51";"3";"1";"7";"6";"0";"1";"2";"1";"0"
"23888";"85807501";"23888";"51";"1";"1";"1";"3";"0";"1";"0";"1";"0"
"23897";"85807502";"23897";"51";"3";"1";"7";"6";"0";"1";"1";"1";"0"
"23901";"85811105";"23901";"51";"3";"1";"7";"6";"0";"1";"1";"1";"0"
"23902";"85811105";"23902";"51";"1";"1";"7";"3";"0";"1";"1";"1";"0"
"23911";"85811403";"23911";"51";"1";"1";"7";"2";"0";"1";"1";"1";"0"
"23924";"85812203";"23924";"51";"1";"1";"7";"6";"0";"1";"2";"1";"0"
"28702";"87802501";"28702";"51";"1";"1";"7";"6";"0";"1";"1";"1";"0"
"28730";"87803305";"28730";"51";"1";"1";"7";"4";"2";"0";"1";"2";"0"
"28748";"87803408";"28748";"51";"2";"3";"2";"6";"0";"1";"1";"1";"0"
"28771";"87804405";"28771";"51";"1";"1";"7";"6";"0";"1";"1";"1";"0"
"28773";"87804414";"28773";"51";"2";"1";"7";"6";"0";"1";"1";"1";"0"
"28819";"87807107";"28819";"51";"3";"6";"1";"6";"0";"1";"0";"1";"0"
"28832";"87807408";"28832";"51";"1";"1";"7";"3";"1";"0";"1";"2";"0"
"28838";"87811201";"28838";"51";"1";"1";"7";"7";"0";"1";"1";"1";"0"
"28889";"87811202";"28889";"51";"3";"1";"7";"6";"0";"1";"1";"1";"0"
"28902";"87811202";"28902";"51";"1";"1";"7";"6";"0";"1";"1";"1";"0"
"28956";"87812201";"28956";"51";"3";"1";"1";"4";"0";"1";"0";"1";"0"
"28995";"87813301";"28995";"51";"1";"1";"7";"4";"0";"1";"1";"1";"0"
"29018";"87813401";"29018";"51";"3";"1";"2";"6";"0";"2";"0";"1";"0"
"29060";"87814302";"29060";"51";"1";"3";"2";"6";"0";"1";"2";"1";"0"
"29076";"87815109";"29076";"51";"3";"1";"1";"0";"0";"1";"0";"1";"0"
"29082";"87817304";"29082";"51";"1";"3";"2";"3";"1";"0";"1";"2";"0"
"29089";"87817316";"29089";"51";"1";"1";"7";"3";"0";"1";"0";"1";"0"
"29120";"87821305";"19507";"51";"1";"1";"7";"6";"0";"1";"0";"1";"0"
"29126";"87821501";"29126";"51";"1";"1";"7";"6";"0";"2";"0";"1";"0"
"29182";"87822404";"29182";"51";"1";"1";"7";"6";"0";"2";"1";"1";"0"
"29188";"87822501";"29188";"51";"3";"3";"2";"6";"0";"1";"1";"1";"0"
"29197";"87822501";"29197";"51";"1";"1";"7";"6";"0";"1";"2";"1";"0"
"29204";"87823506";"29204";"51";"3";"2";"2";"4";"0";"1";"1";"1";"0"
"29205";"87823511";"29205";"51";"1";"4";"3";"6";"0";"1";"1";"1";"0"
"29206";"87823511";"29206";"51";"1";"6";"1";"6";"0";"2";"2";"1";"0"
"29209";"87824101";"29209";"51";"1";"1";"7";"0";"0";"1";"0";"1";"0"
"29215";"87824403";"29215";"51";"1";"1";"7";"6";"0";"1";"3";"1";"0"
"29217";"87824403";"24274";"51";"1";"1";"2";"6";"0";"1";"1";"1";"0"
"29222";"87825405";"29222";"51";"1";"1";"7";"4";"0";"1";"1";"1";"0"
"29225";"87825405";"29225";"51";"1";"1";"7";"6";"0";"2";"0";"1";"0"
"29266";"87827303";"29266";"51";"2";"1";"7";"6";"0";"2";"1";"1";"0"
"29325";"87834405";"29325";"51";"1";"1";"7";"6";"0";"1";"3";"1";"0"
"29355";"87836401";"29355";"51";"3";"1";"7";"6";"0";"1";"2";"1";"0"
"29359";"87836401";"29359";"51";"1";"3";"2";"6";"0";"3";"0";"1";"0"
"29367";"87836503";"29367";"51";"1";"1";"7";"6";"0";"1";"1";"1";"0"
"29420";"87842304";"29420";"51";"3";"1";"1";"3";"1";"1";"2";"2";"0"
"29437";"87844210";"29437";"51";"1";"1";"7";"6";"0";"1";"1";"1";"0"
"29460";"87846107";"7505";"51";"1";"3";"1";"4";"0";"1";"1";"1";"0"
"29493";"87847109";"29493";"51";"1";"1";"7";"6";"0";"1";"1";"1";"0"
"29514";"88791306";"29514";"51";"3";"1";"7";"6";"0";"2";"0";"1";"0"
"29530";"88793301";"29530";"51";"1";"3";"1";"6";"0";"3";"0";"1";"0"
"29542";"88796203";"29542";"51";"1";"1";"7";"4";"1";"0";"2";"2";"0"
"29548";"88801304";"29548";"51";"1";"1";"7";"6";"1";"0";"1";"2";"0"
"29570";"88804201";"29570";"51";"1";"1";"1";"6";"0";"1";"2";"1";"0"
"29576";"88804504";"29576";"51";"3";"3";"1";"0";"0";"1";"0";"1";"0"
"29619";"88832403";"29619";"51";"3";"1";"7";"6";"1";"0";"1";"2";"0"
"29622";"88832405";"29622";"51";"1";"1";"7";"6";"1";"0";"1";"2";"0"
"29632";"88833403";"29632";"51";"1";"1";"7";"6";"0";"1";"0";"1";"0"
"29638";"88833403";"138";"51";"1";"1";"7";"6";"0";"1";"2";"1";"0"
"29654";"88841107";"29654";"51";"1";"1";"7";"4";"0";"1";"1";"1";"0"
"29662";"88842105";"29662";"51";"1";"1";"7";"6";"0";"1";"1";"1";"0"
"29671";"88842204";"29671";"51";"1";"2";"2";"6";"0";"1";"1";"1";"0"
"29673";"88842204";"29673";"51";"3";"3";"2";"6";"0";"1";"0";"1";"0"
"29676";"88842204";"29676";"51";"2";"1";"7";"6";"0";"1";"0";"1";"0"
"29680";"88842501";"29680";"51";"1";"1";"7";"6";"0";"4";"0";"1";"0"
"29684";"88843106";"29684";"51";"3";"1";"7";"6";"0";"1";"1";"1";"0"
"29685";"88843107";"29685";"51";"1";"1";"1";"3";"0";"1";"0";"1";"0"
"29689";"88843301";"29689";"51";"1";"1";"7";"6";"0";"1";"2";"1";"0"
"29729";"88846401";"29729";"51";"1";"1";"7";"4";"0";"1";"1";"1";"0"
"29735";"89734403";"29735";"51";"1";"3";"1";"6";"0";"1";"2";"1";"0"
"29739";"89745102";"29739";"51";"1";"1";"7";"3";"1";"0";"1";"2";"0"
"29746";"89762103";"29746";"51";"1";"1";"7";"3";"0";"1";"1";"1";"0"
"29757";"89812406";"29757";"51";"1";"3";"1";"6";"0";"1";"2";"1";"0"
"29768";"89814307";"29768";"51";"1";"1";"7";"0";"0";"1";"4";"1";"0"
"29794";"89821303";"29794";"51";"1";"1";"7";"4";"0";"3";"0";"1";"0"
"9635";"71145";"9635";"51";"3";"3";"2";"0";"0";"1";"0";"1";"0"
"9651";"71225";"9651";"51";"1";"1";"4";"9";"0";"1";"0";"1";"0"
"9667";"71825";"9667";"51";"1";"1";"7";"6";"1";"0";"1";"2";"0"
"9679";"71835";"9679";"51";"1";"1";"7";"6";"0";"1";"1";"1";"0"
"9701";"71870";"9701";"51";"1";"1";"7";"4";"1";"0";"1";"2";"0"
"9706";"71877";"9706";"51";"3";"3";"2";"6";"1";"0";"2";"2";"0"
"9707";"71877";"9707";"51";"2";"1";"7";"4";"0";"1";"1";"1";"0"
"9713";"71890";"9713";"51";"1";"1";"7";"4";"0";"1";"2";"1";"0"
"9720";"71911";"9720";"51";"1";"3";"1";"4";"0";"1";"1";"1";"0"
"9732";"71996";"9732";"51";"1";"1";"7";"4";"0";"1";"1";"1";"0"
"9752";"72020";"9752";"51";"1";"1";"7";"6";"0";"1";"1";"1";"0"
"9776";"72068";"9776";"51";"1";"1";"7";"3";"0";"1";"1";"1";"0"
"9794";"72086";"9794";"51";"3";"1";"7";"6";"0";"1";"1";"1";"0"
"9811";"72092";"9811";"51";"3";"1";"7";"6";"0";"1";"1";"1";"0"
"9814";"72099";"9814";"51";"1";"3";"1";"6";"0";"1";"1";"1";"0"
"9816";"72099";"9816";"51";"3";"3";"1";"6";"0";"1";"1";"1";"0"
"9818";"72103";"9818";"51";"2";"3";"2";"6";"0";"1";"1";"1";"0"
"9822";"72108";"9822";"51";"1";"1";"7";"7";"0";"1";"1";"1";"0"
"9849";"72151";"9849";"51";"1";"1";"7";"6";"0";"1";"1";"1";"0"
"9865";"72173";"9865";"51";"1";"3";"1";"6";"1";"0";"1";"2";"0"
"9870";"72180";"9870";"51";"1";"1";"7";"6";"1";"0";"1";"2";"0"
"9875";"72188";"9875";"51";"1";"1";"7";"6";"0";"1";"1";"1";"0"
"9883";"72201";"9883";"51";"3";"1";"7";"6";"0";"1";"1";"1";"0"
"9891";"72214";"9891";"51";"3";"1";"7";"2";"1";"0";"1";"2";"0"
"9916";"72274";"9916";"51";"3";"1";"7";"4";"0";"1";"1";"1";"0"
"9944";"72346";"9944";"51";"3";"1";"1";"6";"0";"1";"1";"1";"0"
"9950";"72350";"9950";"51";"1";"1";"7";"3";"0";"1";"1";"1";"0"
"9958";"72350";"9958";"51";"1";"1";"1";"6";"0";"1";"1";"1";"0"
"9964";"72372";"9964";"51";"3";"1";"1";"6";"1";"0";"1";"2";"0"
"9969";"72374";"9969";"51";"1";"1";"7";"3";"0";"1";"1";"1";"0"
"9972";"72374";"9972";"51";"1";"1";"1";"6";"0";"2";"0";"1";"0"
"9975";"72376";"9975";"51";"1";"1";"7";"6";"0";"1";"1";"1";"0"
"9976";"72378";"9976";"51";"1";"1";"7";"6";"0";"2";"0";"1";"0"
"9977";"72378";"9977";"51";"3";"1";"7";"3";"0";"1";"1";"1";"0"
"9978";"72378";"9978";"51";"3";"1";"7";"6";"2";"0";"1";"2";"0"
"9986";"72403";"9986";"51";"2";"1";"7";"7";"0";"1";"1";"1";"0"
"10016";"72460";"10016";"51";"1";"1";"7";"6";"0";"1";"2";"1";"0"
"10045";"72506";"10045";"51";"1";"1";"7";"6";"0";"1";"1";"1";"0"
"10046";"72508";"10046";"51";"1";"1";"7";"6";"0";"1";"2";"1";"0"
"10047";"72508";"10047";"51";"1";"1";"7";"6";"0";"2";"0";"1";"0"
"10049";"72512";"10049";"51";"1";"1";"7";"3";"0";"1";"1";"1";"0"
"10053";"72529";"10053";"51";"1";"1";"7";"6";"0";"1";"3";"1";"0"
"10064";"72532";"10064";"51";"3";"1";"7";"3";"0";"1";"1";"1";"0"
"10065";"72532";"10065";"51";"1";"1";"7";"6";"0";"1";"1";"1";"0"
"10069";"72536";"10069";"51";"1";"2";"2";"3";"0";"2";"1";"1";"0"
"10071";"72539";"10071";"51";"1";"1";"7";"3";"0";"1";"1";"1";"0"
"10072";"72539";"10072";"51";"1";"1";"1";"3";"0";"2";"0";"1";"0"
"10080";"72545";"10080";"51";"3";"1";"2";"6";"0";"1";"1";"1";"0"
"10083";"72545";"2450";"51";"3";"1";"1";"4";"0";"1";"1";"1";"0"