"accident_id";"lieu_id";"date_id";"cause_id";"lum_id";"intemp_id";"etat_surface_id";"impliq_id";"nb_blesses_graves";"nb_blesses_legers";"nb_indemnes";"gravite";"nb_morts"
"10098";"72555";"10098";"51";"3";"1";"7";"6";"0";"1";"1";"1";"0"
"10132";"72620";"10132";"51";"1";"1";"7";"4";"0";"2";"1";"1";"0"
"10134";"72621";"10134";"51";"1";"3";"1";"6";"0";"1";"1";"1";"0"
"10137";"72623";"10137";"51";"1";"1";"1";"6";"0";"1";"2";"1";"0"
"10138";"72626";"10138";"51";"1";"4";"4";"4";"1";"1";"1";"2";"0"
"10139";"72626";"10139";"51";"1";"3";"1";"6";"0";"1";"1";"1";"0"
"10140";"72627";"10140";"51";"1";"1";"7";"6";"0";"1";"1";"1";"0"
"10150";"72631";"10150";"51";"1";"3";"2";"6";"0";"1";"1";"1";"0"
"10160";"72631";"10160";"51";"1";"3";"1";"7";"0";"0";"1";"3";"0"
"10169";"72633";"10169";"51";"3";"3";"1";"6";"1";"0";"1";"2";"0"
"10178";"72636";"10178";"51";"2";"1";"7";"6";"1";"0";"2";"2";"0"
"10206";"72649";"10206";"51";"3";"1";"1";"6";"1";"0";"0";"2";"0"
"10213";"72653";"10213";"51";"1";"1";"7";"6";"0";"2";"0";"1";"0"
"10239";"72695";"10239";"51";"1";"1";"7";"6";"2";"0";"0";"2";"0"
"10256";"72712";"10256";"51";"1";"1";"7";"6";"0";"1";"1";"1";"0"
"10259";"72715";"5656";"51";"1";"1";"7";"4";"0";"1";"1";"1";"0"
"10286";"72749";"10286";"51";"1";"1";"1";"6";"0";"1";"2";"1";"0"
"10312";"72822";"10312";"51";"1";"1";"7";"3";"0";"1";"1";"1";"0"
"10349";"72954";"10349";"51";"2";"4";"3";"7";"0";"1";"1";"1";"0"
"10356";"72955";"10356";"51";"1";"1";"7";"8";"0";"1";"1";"1";"0"
"10361";"72956";"10361";"51";"1";"1";"7";"3";"0";"1";"1";"1";"0"
"10388";"73008";"10388";"51";"1";"1";"7";"6";"0";"1";"1";"1";"0"
"10400";"73032";"10400";"51";"1";"1";"7";"4";"0";"1";"1";"1";"0"
"10403";"73032";"10403";"51";"1";"1";"7";"6";"0";"1";"1";"1";"0"
"10415";"73055";"10415";"51";"1";"1";"1";"6";"0";"2";"0";"1";"0"
"10425";"73057";"10425";"51";"1";"3";"2";"6";"0";"1";"1";"1";"0"
"10436";"73078";"10436";"51";"3";"2";"1";"6";"0";"1";"2";"1";"0"
"10441";"73078";"10441";"51";"1";"3";"1";"3";"0";"1";"1";"1";"0"
"10451";"73084";"10451";"51";"1";"1";"7";"4";"1";"1";"0";"2";"0"
"10459";"73104";"10459";"51";"1";"1";"7";"3";"0";"1";"1";"1";"0"
"10468";"73105";"10468";"51";"1";"1";"7";"7";"0";"1";"1";"1";"0"
"10471";"73106";"10471";"51";"1";"1";"7";"6";"0";"1";"1";"1";"0"
"10505";"73209";"10505";"51";"2";"1";"7";"6";"0";"1";"1";"1";"0"
"10509";"73209";"10509";"51";"1";"1";"7";"4";"0";"1";"1";"1";"0"
"10514";"73211";"10514";"51";"1";"2";"2";"6";"0";"1";"3";"1";"0"
"10523";"73217";"10523";"51";"1";"1";"7";"6";"0";"1";"2";"1";"0"
"10542";"73265";"10542";"51";"2";"1";"7";"0";"0";"1";"0";"1";"0"
"10583";"73332";"10583";"51";"3";"3";"1";"0";"0";"2";"0";"1";"0"
"10589";"73336";"10589";"51";"1";"2";"2";"6";"0";"1";"1";"1";"0"
"10593";"73336";"10593";"51";"1";"1";"1";"6";"0";"1";"1";"1";"0"
"10603";"73356";"10603";"51";"1";"1";"7";"4";"0";"1";"1";"1";"0"
"10610";"73366";"10610";"51";"3";"1";"1";"6";"0";"1";"1";"1";"0"
"10631";"73448";"10631";"51";"1";"1";"7";"6";"0";"1";"1";"1";"0"
"10666";"73468";"10666";"51";"4";"1";"7";"6";"1";"0";"1";"2";"0"
"10674";"73480";"10674";"51";"1";"1";"7";"6";"0";"1";"1";"1";"0"
"10677";"73493";"10677";"51";"1";"1";"7";"0";"0";"1";"0";"1";"0"
"10726";"73588";"10726";"51";"3";"3";"2";"3";"0";"1";"1";"1";"0"
"10730";"73591";"10730";"51";"3";"4";"4";"6";"0";"2";"1";"1";"0"
"10731";"73592";"10731";"51";"1";"1";"7";"3";"0";"1";"1";"1";"0"
"10759";"73678";"10759";"51";"1";"1";"7";"6";"1";"0";"1";"2";"0"
"10761";"73681";"10761";"51";"1";"1";"7";"6";"0";"1";"1";"1";"0"
"10765";"73696";"10765";"51";"3";"1";"7";"0";"0";"1";"0";"1";"0"
"10774";"73710";"10774";"51";"1";"1";"7";"1";"0";"1";"2";"1";"0"
"10781";"73716";"10781";"51";"1";"1";"7";"6";"0";"2";"1";"1";"0"
"10785";"73716";"10785";"51";"1";"1";"7";"3";"0";"2";"0";"1";"0"
"10787";"73723";"10787";"51";"3";"1";"7";"6";"0";"1";"1";"1";"0"
"10790";"73724";"10790";"51";"3";"1";"7";"6";"0";"1";"0";"1";"0"
"10793";"73727";"10793";"51";"1";"1";"1";"6";"0";"3";"0";"1";"0"
"10794";"73728";"10794";"51";"1";"1";"7";"6";"0";"4";"0";"1";"0"
"10813";"73743";"10813";"51";"3";"1";"7";"6";"0";"3";"0";"1";"0"
"10817";"73743";"10817";"51";"3";"1";"7";"3";"1";"0";"1";"2";"0"
"10823";"73767";"10823";"51";"1";"1";"7";"4";"0";"1";"1";"1";"0"
"10824";"73767";"10824";"51";"1";"3";"1";"6";"0";"1";"1";"1";"0"
"10836";"73961";"10836";"51";"1";"1";"7";"6";"0";"1";"6";"1";"0"
"10840";"73972";"10840";"51";"2";"1";"7";"3";"1";"0";"1";"2";"0"
"10841";"73972";"10841";"51";"1";"1";"7";"6";"0";"1";"1";"1";"0"
"10842";"73972";"10842";"51";"1";"2";"1";"6";"0";"1";"3";"1";"0"
"10843";"73972";"10843";"51";"3";"3";"1";"6";"1";"0";"2";"2";"0"
"10846";"73975";"10846";"51";"1";"1";"7";"3";"0";"1";"1";"1";"0"
"10850";"73991";"10850";"51";"1";"1";"7";"6";"0";"5";"0";"1";"0"
"10904";"75227";"10904";"51";"5";"6";"7";"6";"0";"2";"1";"1";"0"
"10905";"75227";"10905";"51";"5";"3";"1";"2";"0";"2";"1";"1";"0"
"10910";"75232";"3024";"51";"1";"1";"7";"7";"1";"0";"0";"2";"0"
"10922";"75928";"10922";"51";"1";"1";"7";"3";"0";"1";"1";"1";"0"
"10923";"75928";"10923";"51";"3";"1";"7";"6";"0";"2";"1";"1";"0"
"10924";"75928";"10924";"51";"3";"1";"7";"7";"0";"2";"3";"1";"0"
"10929";"75937";"10929";"51";"1";"1";"7";"4";"1";"0";"1";"2";"0"
"10934";"75950";"10934";"51";"1";"1";"7";"4";"0";"1";"1";"1";"0"
"10943";"75994";"10943";"51";"1";"1";"7";"6";"0";"0";"4";"3";"2"
"10952";"76658";"10952";"51";"1";"1";"7";"6";"0";"2";"2";"1";"0"
"10976";"76746";"10976";"51";"5";"1";"1";"9";"1";"0";"0";"2";"0"
"10977";"76749";"10977";"51";"1";"1";"7";"3";"1";"0";"1";"2";"0"
"10979";"76749";"10979";"51";"3";"3";"2";"6";"0";"2";"0";"1";"0"
"10981";"76750";"10981";"51";"2";"1";"7";"6";"0";"1";"1";"1";"0"
"10982";"76751";"10982";"51";"5";"7";"7";"4";"0";"1";"1";"1";"0"
"10985";"76751";"10985";"51";"5";"6";"1";"7";"0";"1";"1";"1";"0"
"10986";"76751";"10986";"51";"5";"6";"7";"4";"1";"0";"0";"3";"0"
"10990";"76751";"10990";"51";"1";"3";"2";"6";"0";"4";"0";"1";"0"
"11016";"76780";"11016";"51";"1";"2";"1";"6";"1";"1";"0";"2";"0"
"11017";"76780";"11017";"51";"5";"6";"1";"6";"0";"2";"1";"1";"0"
"11031";"76816";"11031";"51";"1";"1";"7";"6";"0";"1";"1";"1";"0"
"11032";"76818";"11032";"51";"1";"1";"7";"3";"0";"1";"1";"1";"0"
"11062";"76964";"11062";"51";"5";"1";"7";"3";"0";"1";"1";"1";"0"
"11066";"76986";"11066";"51";"1";"6";"2";"6";"0";"1";"3";"1";"0"
"11070";"76996";"11070";"51";"1";"1";"7";"6";"0";"0";"1";"3";"0"
"11081";"78245";"11081";"51";"1";"3";"2";"4";"1";"0";"1";"2";"0"
"11082";"78255";"11082";"51";"1";"1";"7";"6";"0";"1";"1";"1";"0"
"11090";"78278";"11090";"51";"1";"1";"7";"6";"0";"1";"2";"1";"0"
"11094";"78287";"11094";"51";"1";"1";"7";"6";"1";"0";"1";"2";"0"
"11104";"78327";"11104";"51";"1";"1";"7";"3";"0";"1";"1";"1";"0"
"11106";"78328";"11106";"51";"1";"1";"7";"6";"0";"1";"1";"1";"0"
"11108";"78351";"11108";"51";"1";"1";"7";"6";"0";"1";"1";"1";"0"
"11113";"78353";"11113";"51";"1";"3";"1";"6";"0";"3";"4";"1";"0"
"11115";"78353";"11115";"51";"1";"1";"7";"6";"0";"1";"2";"1";"0"
"11116";"78353";"11116";"51";"3";"1";"7";"6";"0";"1";"1";"1";"0"
"11117";"78353";"11117";"51";"1";"3";"1";"6";"0";"1";"2";"1";"0"
"11123";"78355";"11123";"51";"3";"1";"7";"6";"0";"2";"2";"1";"0"
"11124";"78355";"11124";"51";"3";"1";"4";"0";"1";"0";"0";"2";"0"
"11125";"78355";"11125";"51";"1";"1";"7";"6";"0";"1";"0";"1";"0"
"11127";"78359";"11127";"51";"1";"1";"7";"3";"0";"2";"0";"1";"0"
"11148";"78446";"11148";"51";"1";"1";"7";"6";"0";"1";"1";"1";"0"
"11151";"78447";"11151";"51";"1";"1";"7";"6";"1";"1";"0";"2";"0"
"11174";"78514";"11174";"51";"1";"1";"7";"0";"0";"1";"0";"1";"0"
"11197";"78556";"11197";"51";"1";"1";"7";"0";"0";"1";"0";"1";"0"
"11217";"78674";"11217";"51";"1";"1";"7";"7";"0";"1";"1";"1";"0"
"11221";"78683";"11221";"51";"3";"1";"1";"2";"0";"1";"0";"1";"0"
"11238";"78821";"11238";"51";"3";"1";"7";"0";"0";"2";"0";"3";"0"
"11242";"78831";"11242";"51";"1";"1";"7";"6";"0";"1";"4";"1";"0"
"11243";"78833";"11243";"51";"1";"1";"7";"6";"0";"1";"3";"1";"0"
"11245";"78833";"11245";"51";"1";"1";"7";"6";"0";"1";"1";"1";"0"
"11247";"78836";"11247";"51";"3";"1";"7";"0";"0";"1";"0";"1";"0"
"11248";"78836";"11248";"51";"1";"1";"7";"0";"0";"0";"0";"0";"0"
"11250";"78838";"11250";"51";"1";"1";"7";"0";"0";"1";"0";"1";"0"
"11251";"78840";"11251";"51";"3";"1";"7";"0";"0";"1";"3";"1";"0"
"11252";"78841";"11252";"51";"3";"1";"7";"0";"0";"2";"0";"1";"0"
"11253";"78841";"11253";"51";"1";"1";"1";"6";"0";"1";"1";"1";"0"
"11254";"78841";"11254";"51";"1";"1";"7";"6";"0";"1";"0";"1";"0"
"11255";"78841";"11255";"51";"3";"1";"7";"0";"0";"2";"0";"1";"0"
"11256";"78841";"11256";"51";"1";"4";"1";"6";"0";"1";"0";"1";"0"
"11257";"78841";"11257";"51";"3";"3";"1";"0";"0";"1";"1";"1";"0"
"11258";"78841";"11258";"51";"1";"1";"7";"7";"1";"0";"1";"2";"0"
"11260";"78855";"11260";"51";"3";"1";"1";"0";"1";"0";"0";"3";"0"
"11267";"78886";"11267";"51";"3";"1";"7";"0";"0";"1";"0";"1";"0"
"11268";"78899";"11268";"51";"1";"1";"7";"6";"0";"1";"0";"1";"0"
"11269";"78905";"11269";"51";"1";"1";"7";"0";"0";"1";"0";"1";"0"
"11272";"78922";"11272";"51";"1";"1";"1";"0";"0";"1";"0";"1";"0"
"11273";"78922";"11273";"51";"1";"1";"7";"6";"0";"1";"1";"1";"0"
"11274";"78922";"11274";"51";"3";"1";"7";"0";"0";"1";"0";"3";"0"
"11275";"78922";"11275";"51";"1";"1";"7";"6";"0";"3";"1";"1";"0"
"11276";"78924";"11276";"51";"3";"1";"1";"0";"1";"0";"0";"2";"0"
"11282";"79426";"11282";"51";"1";"1";"7";"6";"0";"1";"1";"1";"0"
"11284";"79431";"11284";"51";"1";"1";"1";"6";"1";"0";"1";"2";"0"
"11287";"79442";"11287";"51";"1";"1";"7";"6";"1";"1";"0";"2";"0"
"11294";"79449";"11294";"51";"1";"1";"7";"6";"0";"1";"1";"1";"0"
"11328";"79559";"11328";"51";"1";"3";"2";"6";"0";"1";"2";"1";"0"
"11334";"79622";"11334";"51";"1";"1";"7";"4";"1";"1";"0";"2";"0"
"11335";"79629";"11335";"51";"1";"1";"7";"0";"0";"1";"0";"1";"0"
"11338";"79631";"11338";"51";"1";"1";"7";"0";"0";"2";"0";"1";"0"
"11365";"80445";"11365";"51";"1";"1";"7";"3";"0";"1";"0";"1";"0"
"11369";"80450";"11369";"51";"3";"1";"7";"2";"0";"1";"1";"1";"0"
"11382";"80491";"11382";"51";"1";"1";"7";"0";"0";"1";"0";"1";"0"
"11386";"80491";"11386";"51";"3";"1";"7";"6";"0";"1";"0";"1";"0"
"11390";"80494";"11390";"51";"3";"1";"7";"6";"0";"1";"0";"1";"0"
"11432";"80652";"11432";"51";"3";"1";"7";"6";"0";"1";"3";"1";"0"
"11434";"80655";"11434";"51";"1";"1";"7";"6";"0";"2";"1";"1";"0"
"11455";"80736";"11455";"51";"1";"7";"1";"6";"0";"1";"1";"1";"0"
"11460";"80737";"11460";"51";"1";"3";"2";"6";"0";"1";"1";"1";"0"
"11461";"80737";"11461";"51";"1";"1";"7";"6";"0";"3";"0";"1";"0"
"11470";"80787";"11470";"51";"2";"3";"1";"6";"0";"1";"1";"1";"0"
"11483";"80858";"11483";"51";"1";"4";"2";"3";"0";"1";"1";"1";"0"
"11488";"80868";"11488";"51";"1";"1";"7";"3";"1";"0";"2";"2";"0"
"11502";"80914";"11502";"51";"2";"1";"7";"4";"0";"2";"1";"1";"0"
"11504";"80923";"11504";"51";"1";"1";"7";"6";"0";"1";"1";"1";"0"
"11507";"80938";"11507";"51";"1";"1";"7";"6";"0";"1";"1";"1";"0"
"11514";"80959";"11514";"51";"3";"1";"1";"6";"0";"1";"1";"1";"0"
"11516";"80963";"11516";"51";"1";"3";"2";"6";"1";"0";"1";"2";"0"
"11541";"81018";"11541";"51";"1";"1";"7";"6";"0";"1";"1";"1";"0"
"11542";"81020";"11542";"51";"1";"1";"7";"7";"1";"0";"1";"2";"0"
"11544";"81043";"11544";"51";"3";"1";"7";"0";"0";"1";"0";"1";"0"
"11564";"81075";"11564";"51";"1";"1";"7";"3";"0";"2";"0";"1";"0"
"11574";"81097";"11574";"51";"3";"4";"3";"6";"0";"3";"3";"1";"0"
"11587";"81115";"11587";"51";"1";"1";"7";"7";"0";"2";"1";"1";"0"
"11591";"81118";"11516";"51";"1";"2";"2";"6";"0";"1";"1";"1";"0"
"11596";"81118";"11596";"51";"1";"2";"1";"0";"0";"0";"0";"3";"0"
"11602";"81126";"11602";"51";"3";"1";"7";"0";"0";"1";"0";"1";"0"
"11606";"81126";"11606";"51";"3";"1";"7";"3";"0";"1";"0";"1";"0"
"11608";"81135";"11608";"51";"1";"1";"7";"9";"0";"2";"0";"1";"0"
"11614";"81136";"11614";"51";"1";"1";"7";"3";"0";"1";"0";"1";"0"
"11619";"81168";"11619";"51";"3";"1";"7";"0";"0";"1";"0";"1";"0"
"11633";"81202";"11633";"51";"1";"1";"7";"7";"0";"1";"1";"1";"0"
"11650";"81233";"11650";"51";"1";"1";"7";"6";"0";"1";"1";"1";"0"
"11651";"81234";"11651";"51";"1";"1";"7";"6";"0";"1";"1";"1";"0"
"11654";"81240";"11654";"51";"3";"1";"7";"4";"0";"1";"1";"1";"0"
"11661";"81251";"11661";"51";"3";"1";"7";"0";"0";"3";"2";"1";"0"
"11663";"81255";"11663";"51";"1";"3";"1";"0";"0";"2";"0";"1";"0"
"11667";"81258";"11667";"51";"1";"1";"7";"4";"0";"1";"0";"1";"0"
"11676";"81295";"11676";"51";"1";"1";"7";"6";"0";"1";"1";"1";"0"
"11677";"81295";"11677";"51";"3";"3";"1";"4";"0";"1";"1";"1";"0"
"11682";"81302";"11682";"51";"1";"1";"7";"3";"0";"1";"1";"1";"0"
"11690";"81304";"11690";"51";"1";"1";"7";"6";"0";"2";"1";"1";"0"
"11729";"81477";"11729";"51";"3";"3";"2";"6";"0";"1";"1";"1";"0"
"11742";"81518";"11742";"51";"1";"1";"7";"3";"1";"0";"1";"2";"0"
"11754";"81554";"11754";"51";"3";"1";"7";"6";"0";"1";"1";"1";"0"
"11759";"81565";"11759";"51";"3";"1";"7";"0";"0";"3";"0";"1";"0"
"11762";"81589";"11762";"51";"3";"3";"1";"6";"0";"1";"1";"1";"0"
"11766";"81601";"11766";"51";"1";"1";"7";"6";"0";"1";"3";"1";"0"
"11777";"81608";"11777";"51";"3";"2";"2";"4";"0";"1";"1";"1";"0"
"11778";"81608";"11778";"51";"3";"2";"1";"6";"0";"1";"1";"1";"0"
"11786";"81610";"11786";"51";"3";"1";"7";"3";"0";"1";"0";"1";"0"
"11811";"81839";"11811";"51";"1";"3";"1";"6";"0";"1";"1";"1";"0"
"11825";"81903";"11825";"51";"1";"1";"7";"6";"0";"1";"1";"1";"0"
"11830";"81928";"11830";"51";"1";"1";"7";"2";"0";"1";"0";"1";"0"
"11831";"81933";"11831";"51";"1";"1";"7";"6";"0";"1";"1";"1";"0"
"11856";"82487";"11856";"51";"3";"1";"7";"6";"0";"3";"0";"1";"0"
"11860";"82497";"11860";"51";"1";"1";"7";"7";"1";"1";"1";"2";"0"
"11865";"82547";"11865";"51";"1";"1";"7";"5";"1";"0";"1";"2";"0"
"11874";"82610";"2814";"51";"1";"1";"7";"5";"1";"0";"1";"2";"0"
"11876";"82629";"11876";"51";"3";"3";"2";"3";"1";"0";"1";"2";"0"
"11901";"83415";"11901";"51";"1";"1";"7";"6";"0";"1";"1";"1";"0"
"11950";"84859";"11950";"51";"1";"1";"7";"0";"0";"1";"0";"1";"0"
"11953";"84859";"11953";"51";"3";"1";"7";"3";"1";"0";"1";"2";"0"
"11966";"90009";"11966";"51";"1";"3";"2";"6";"0";"2";"1";"1";"0"
"11974";"90017";"11974";"51";"1";"1";"1";"6";"1";"0";"2";"2";"0"
"11983";"90051";"11983";"51";"3";"1";"7";"6";"0";"1";"1";"1";"0"
"11984";"90051";"11984";"51";"3";"1";"7";"9";"0";"1";"0";"3";"0"
"11987";"90066";"11987";"51";"3";"1";"1";"7";"1";"0";"1";"2";"0"
"11989";"90069";"11989";"51";"1";"6";"1";"6";"0";"2";"0";"1";"0"
"12000";"90096";"12000";"51";"1";"1";"7";"7";"0";"1";"3";"1";"0"
"12053";"90207";"12053";"51";"3";"1";"7";"6";"0";"3";"0";"1";"0"
"12087";"90263";"12087";"51";"1";"1";"2";"6";"0";"3";"1";"1";"0"
"12092";"90263";"12092";"51";"1";"1";"7";"6";"0";"1";"1";"1";"0"
"12101";"90271";"12101";"51";"3";"1";"7";"6";"1";"1";"3";"2";"0"
"12119";"90280";"12119";"51";"1";"1";"7";"8";"0";"1";"2";"1";"0"
"12125";"90286";"12125";"51";"1";"1";"7";"6";"0";"3";"0";"1";"0"
"12126";"90290";"12126";"51";"1";"1";"7";"6";"0";"2";"1";"1";"0"
"12129";"90291";"12129";"51";"3";"1";"1";"6";"1";"0";"1";"2";"0"
"12131";"90291";"12131";"51";"1";"1";"7";"6";"0";"1";"2";"1";"0"
"12136";"90297";"12136";"51";"1";"1";"7";"2";"0";"0";"1";"3";"0"
"12141";"90303";"12141";"51";"1";"1";"7";"6";"0";"1";"0";"1";"0"
"12151";"90308";"12151";"51";"3";"1";"1";"6";"1";"2";"0";"2";"0"
"12162";"90316";"12162";"51";"1";"1";"7";"4";"0";"1";"1";"1";"0"
"12173";"90331";"12173";"51";"3";"1";"7";"4";"0";"1";"1";"1";"0"
"12174";"90332";"12174";"51";"3";"2";"2";"4";"0";"1";"1";"1";"0"
"12182";"90332";"12182";"51";"1";"1";"7";"6";"0";"1";"2";"1";"0"
"12187";"90332";"12187";"51";"1";"1";"7";"6";"0";"1";"1";"1";"0"
"12198";"90333";"12198";"51";"3";"1";"7";"6";"0";"1";"1";"1";"0"
"12201";"90333";"12201";"51";"1";"1";"7";"6";"0";"1";"1";"1";"0"
"12203";"90334";"12203";"51";"3";"1";"7";"6";"0";"1";"1";"1";"0"
"12205";"90334";"12205";"51";"3";"1";"7";"3";"0";"1";"1";"1";"0"
"12231";"90392";"12231";"51";"1";"3";"1";"6";"0";"1";"2";"1";"0"
"12232";"90392";"12232";"51";"1";"3";"2";"6";"0";"1";"2";"1";"0"
"12240";"90434";"12240";"51";"3";"1";"7";"3";"0";"1";"0";"1";"0"
"12241";"90434";"12241";"51";"1";"1";"7";"3";"1";"0";"1";"2";"0"
"12245";"90437";"12245";"51";"1";"1";"7";"6";"0";"1";"1";"1";"0"
"12249";"90437";"12249";"51";"1";"1";"7";"6";"0";"1";"3";"1";"0"
"12282";"90485";"12282";"51";"1";"1";"7";"2";"0";"2";"0";"1";"0"
"12283";"90499";"12283";"51";"1";"1";"7";"4";"2";"0";"0";"2";"0"
"12320";"90619";"12320";"51";"1";"1";"7";"6";"0";"1";"1";"1";"0"
"12327";"90631";"12327";"51";"1";"1";"7";"6";"0";"1";"1";"1";"0"
"12334";"90659";"12334";"51";"1";"1";"7";"3";"1";"0";"1";"2";"0"
"12338";"90665";"12338";"51";"3";"6";"1";"3";"1";"0";"0";"2";"0"
"12380";"90780";"12380";"51";"1";"1";"7";"6";"1";"0";"2";"2";"0"
"12382";"90782";"12382";"51";"2";"1";"7";"3";"0";"1";"1";"1";"0"
"12383";"90782";"12383";"51";"1";"7";"7";"6";"0";"1";"1";"1";"0"
"12390";"90791";"10582";"51";"3";"1";"7";"6";"0";"2";"2";"1";"0"
"12393";"90794";"12393";"51";"3";"1";"7";"6";"3";"6";"0";"2";"0"
"12414";"90829";"12414";"51";"1";"1";"7";"1";"0";"1";"1";"1";"0"
"12468";"67644501";"12468";"51";"3";"4";"3";"2";"0";"1";"1";"1";"0"
"12471";"67644511";"12471";"51";"1";"1";"7";"6";"0";"1";"4";"1";"0"
"12472";"67645502";"12472";"51";"1";"1";"7";"3";"0";"1";"1";"1";"0"
"12538";"68807507";"12538";"51";"1";"1";"7";"5";"0";"2";"1";"1";"0"
"12575";"70706103";"12575";"51";"1";"1";"7";"6";"0";"1";"1";"1";"0"
"12578";"70706103";"12158";"51";"1";"1";"7";"6";"1";"0";"1";"2";"0"
"12579";"70706103";"12579";"51";"3";"1";"7";"6";"1";"0";"2";"2";"0"
"12583";"70706103";"12583";"51";"1";"6";"7";"6";"0";"1";"5";"1";"0"
"12585";"70804203";"12585";"51";"3";"1";"1";"6";"0";"1";"3";"1";"0"
"12600";"70813505";"12600";"51";"1";"3";"1";"6";"0";"3";"0";"1";"0"
"12602";"70814503";"12602";"51";"1";"1";"7";"3";"0";"1";"1";"1";"0"
"12626";"70816201";"12626";"51";"1";"1";"7";"6";"1";"0";"1";"2";"0"
"12659";"70817410";"12659";"51";"3";"1";"7";"6";"0";"1";"1";"1";"0"
"12678";"70824501";"12678";"51";"1";"1";"7";"3";"0";"1";"1";"1";"0"
"12710";"70826303";"12710";"51";"1";"1";"7";"3";"1";"0";"1";"2";"0"
"12720";"70826402";"12720";"51";"1";"1";"7";"3";"0";"1";"1";"1";"0"
"12724";"70827103";"12724";"51";"1";"1";"7";"3";"1";"0";"1";"2";"0"
"12743";"70827305";"12743";"51";"1";"3";"1";"7";"0";"0";"1";"3";"0"
"12779";"71704402";"12779";"51";"1";"1";"7";"2";"0";"2";"1";"1";"0"
"12787";"71797213";"12787";"51";"1";"1";"7";"6";"0";"1";"1";"1";"0"
"12808";"71811408";"12808";"51";"1";"1";"7";"3";"0";"1";"1";"1";"0"
"12818";"71811505";"12818";"51";"1";"1";"7";"6";"0";"2";"2";"1";"0"
"12833";"71813207";"12833";"51";"1";"1";"7";"4";"0";"1";"1";"1";"0"
"12849";"71813406";"390";"51";"1";"1";"7";"6";"0";"1";"2";"1";"0"
"12862";"71814104";"12862";"51";"1";"1";"7";"6";"0";"1";"2";"1";"0"
"12885";"71821104";"12885";"51";"1";"7";"7";"6";"0";"1";"1";"1";"0"
"12910";"71821208";"12910";"51";"1";"1";"7";"3";"1";"0";"1";"2";"0"
"12935";"71823104";"12935";"51";"1";"1";"7";"2";"1";"0";"1";"2";"0"
"12937";"71823206";"12937";"51";"1";"1";"7";"6";"0";"1";"4";"1";"0"
"12960";"71824215";"12960";"51";"1";"1";"7";"3";"0";"1";"1";"1";"0"
"12977";"71825108";"12977";"51";"1";"2";"2";"7";"1";"0";"1";"2";"0"
"12995";"71826107";"12995";"51";"3";"1";"7";"3";"0";"2";"0";"1";"0"
"13000";"71827102";"13000";"51";"1";"1";"7";"3";"1";"0";"1";"2";"0"
"13004";"71827203";"13004";"51";"1";"1";"7";"3";"0";"1";"1";"1";"0"
"13053";"72682106";"13053";"51";"1";"1";"7";"6";"0";"1";"2";"1";"0"
"13058";"72703405";"13058";"51";"1";"1";"7";"6";"1";"1";"0";"2";"0"
"13075";"72803302";"13075";"51";"1";"1";"7";"6";"0";"2";"0";"1";"0"
"13082";"72821307";"13082";"51";"3";"3";"2";"0";"0";"1";"0";"1";"0"
"13099";"72823312";"13099";"51";"1";"1";"7";"6";"0";"1";"1";"1";"0"
"13118";"72836202";"13118";"51";"1";"1";"7";"3";"0";"1";"1";"1";"0"
"13135";"73713504";"13135";"51";"1";"1";"7";"3";"0";"0";"1";"3";"0"
"13136";"73714301";"13136";"51";"1";"1";"7";"6";"1";"0";"3";"2";"0"
"13139";"73714301";"13139";"51";"1";"2";"1";"6";"1";"0";"1";"2";"0"
"13140";"73714304";"13140";"51";"1";"1";"7";"6";"1";"0";"1";"2";"0"
"13141";"73743304";"13141";"51";"1";"7";"7";"3";"1";"0";"1";"2";"0"
"13146";"73791401";"13146";"51";"1";"1";"7";"6";"0";"2";"1";"1";"0"
"13147";"73791401";"13147";"51";"2";"3";"1";"6";"0";"1";"2";"1";"0"
"13151";"73791401";"13151";"51";"3";"1";"7";"6";"4";"0";"0";"3";"1"
"13221";"74757204";"13221";"51";"3";"1";"7";"7";"0";"0";"1";"3";"0"
"13296";"75747304";"2593";"51";"3";"1";"7";"6";"0";"2";"1";"1";"0"
"13297";"75747304";"13297";"51";"3";"1";"7";"3";"1";"0";"0";"2";"0"
"13312";"75764507";"13312";"51";"1";"1";"7";"6";"0";"1";"2";"1";"0"
"13314";"75765307";"13314";"51";"1";"3";"2";"6";"0";"2";"1";"1";"0"
"13379";"75796502";"13379";"51";"1";"1";"7";"6";"0";"2";"1";"1";"0"
"13465";"76731405";"13465";"51";"3";"1";"7";"6";"1";"0";"1";"2";"0"
"13469";"76731405";"13469";"51";"1";"1";"7";"3";"0";"1";"1";"1";"0"
"13502";"76734309";"13502";"51";"1";"1";"7";"6";"0";"1";"1";"1";"0"
"13515";"76735303";"13515";"51";"1";"1";"7";"6";"0";"1";"1";"1";"0"
"13518";"76736510";"13518";"51";"2";"1";"7";"6";"1";"0";"1";"2";"0"
"13526";"76737508";"13526";"51";"2";"3";"1";"6";"0";"2";"3";"1";"0"
"13531";"76746404";"13531";"51";"1";"1";"7";"6";"0";"1";"1";"1";"0"
"13532";"76746404";"13532";"51";"1";"3";"2";"7";"0";"1";"2";"1";"0"
"13641";"76774405";"13641";"51";"4";"3";"1";"6";"0";"1";"1";"1";"0"
"13642";"76774405";"13642";"51";"1";"1";"7";"7";"0";"1";"1";"1";"0"
"13660";"76775406";"13660";"51";"2";"1";"7";"6";"0";"7";"1";"1";"0"