"accident_id";"lieu_id";"date_id";"cause_id";"lum_id";"intemp_id";"etat_surface_id";"impliq_id";"nb_blesses_graves";"nb_blesses_legers";"nb_indemnes";"gravite";"nb_morts"
"13676";"76777204";"13676";"51";"1";"1";"7";"6";"0";"1";"1";"1";"0"
"13703";"76906204";"13703";"51";"1";"1";"7";"6";"0";"1";"1";"1";"0"
"13704";"76906204";"13704";"51";"1";"3";"2";"5";"0";"2";"1";"1";"0"
"13705";"76906204";"13705";"51";"3";"1";"7";"6";"0";"1";"1";"1";"0"
"13716";"77683203";"13716";"51";"1";"1";"7";"6";"0";"4";"1";"1";"0"
"13728";"77715402";"13728";"51";"1";"1";"7";"6";"0";"1";"1";"1";"0"
"13731";"77715402";"13731";"51";"1";"3";"2";"6";"0";"2";"3";"1";"0"
"13765";"77723107";"13765";"51";"1";"3";"2";"6";"0";"2";"0";"1";"0"
"13783";"77724304";"13783";"51";"1";"1";"7";"6";"0";"3";"1";"1";"0"
"13796";"77732201";"13796";"51";"1";"1";"7";"7";"0";"1";"1";"1";"0"
"13807";"77732501";"13807";"51";"1";"1";"7";"6";"0";"2";"1";"1";"0"
"13813";"77734509";"13813";"51";"1";"1";"7";"6";"0";"1";"1";"1";"0"
"13821";"77735411";"13821";"51";"3";"1";"7";"6";"0";"2";"0";"1";"0"
"13841";"77736318";"13841";"51";"1";"3";"2";"6";"0";"1";"1";"1";"0"
"13859";"77737301";"13859";"51";"1";"1";"7";"6";"0";"4";"1";"1";"0"
"13885";"77742209";"13885";"51";"1";"1";"7";"6";"0";"1";"1";"1";"0"
"13886";"77742209";"13886";"51";"1";"1";"7";"6";"0";"1";"3";"1";"0"
"13898";"77743102";"13898";"51";"1";"1";"7";"6";"0";"3";"2";"1";"0"
"13901";"77743104";"13071";"51";"3";"1";"7";"6";"0";"1";"1";"1";"0"
"13904";"77744102";"13904";"51";"2";"3";"2";"6";"0";"1";"2";"1";"0"
"13948";"77746210";"13948";"51";"1";"1";"7";"6";"0";"1";"2";"1";"0"
"13960";"77747205";"13960";"51";"3";"1";"7";"6";"1";"0";"1";"2";"0"
"13974";"77752502";"13974";"51";"2";"3";"2";"6";"0";"2";"0";"1";"0"
"14016";"77757408";"14016";"51";"1";"1";"7";"6";"0";"1";"1";"1";"0"
"14057";"77764202";"14057";"51";"1";"1";"7";"3";"0";"1";"1";"1";"0"
"14066";"77764517";"14066";"51";"1";"1";"7";"6";"0";"1";"2";"1";"0"
"14122";"77767505";"14122";"51";"1";"1";"7";"6";"0";"2";"4";"1";"0"
"14135";"77771403";"14135";"51";"3";"3";"2";"3";"0";"1";"1";"1";"0"
"14160";"77772505";"14160";"51";"4";"1";"7";"6";"0";"1";"1";"1";"0"
"14170";"77774403";"14170";"51";"1";"1";"7";"6";"0";"1";"1";"1";"0"
"14172";"77774405";"14172";"51";"1";"1";"7";"6";"0";"1";"1";"1";"0"
"14200";"77776305";"14200";"51";"1";"1";"7";"6";"0";"2";"1";"1";"0"
"14296";"77787307";"14296";"51";"3";"1";"7";"3";"0";"1";"1";"1";"0"
"14310";"77815202";"14310";"51";"1";"1";"7";"6";"0";"3";"3";"1";"0"
"14325";"77877401";"14325";"51";"1";"3";"1";"6";"0";"2";"0";"1";"0"
"14343";"77902304";"14343";"51";"1";"1";"7";"2";"0";"1";"1";"1";"0"
"9637";"71145";"9637";"52";"3";"1";"7";"7";"0";"1";"1";"1";"0"
"9638";"71145";"9638";"52";"3";"1";"7";"6";"0";"1";"0";"1";"0"
"9641";"71147";"9641";"52";"3";"1";"7";"6";"0";"1";"0";"1";"0"
"9647";"71153";"9647";"52";"1";"1";"4";"0";"0";"1";"0";"1";"0"
"9653";"71225";"9653";"52";"1";"2";"1";"6";"0";"1";"0";"1";"0"
"9655";"71240";"9655";"52";"3";"6";"1";"0";"0";"1";"0";"1";"0"
"9656";"71241";"9656";"52";"3";"7";"2";"6";"0";"2";"0";"1";"0"
"9658";"71241";"9658";"52";"2";"1";"7";"0";"0";"1";"0";"1";"0"
"9662";"71252";"9662";"52";"3";"4";"3";"0";"1";"0";"0";"2";"0"
"9672";"71829";"9672";"52";"3";"1";"7";"0";"0";"1";"0";"1";"0"
"9673";"71830";"9673";"52";"1";"1";"7";"6";"0";"2";"0";"1";"0"
"9694";"71866";"9694";"52";"5";"1";"7";"0";"0";"1";"0";"1";"0"
"9695";"71866";"9695";"52";"2";"1";"7";"0";"0";"1";"0";"1";"0"
"9697";"71868";"9697";"52";"1";"1";"7";"6";"0";"1";"1";"1";"0"
"9712";"71886";"9712";"52";"1";"1";"1";"6";"0";"1";"2";"1";"0"
"9723";"71933";"9723";"52";"5";"1";"7";"0";"0";"1";"0";"1";"0"
"9725";"71934";"9725";"52";"3";"1";"1";"6";"0";"3";"0";"1";"0"
"9730";"71974";"9730";"52";"1";"1";"7";"0";"0";"1";"0";"1";"0"
"9733";"71996";"9733";"52";"1";"1";"1";"0";"0";"1";"4";"1";"0"
"9737";"72004";"9737";"52";"3";"4";"3";"6";"0";"1";"1";"1";"0"
"9749";"72018";"9749";"52";"1";"1";"1";"0";"0";"1";"0";"1";"0"
"9765";"72050";"9765";"52";"1";"3";"1";"6";"0";"2";"0";"1";"0"
"9791";"72086";"9791";"52";"1";"4";"1";"6";"0";"1";"1";"1";"0"
"9812";"72096";"9812";"52";"2";"3";"2";"0";"0";"1";"0";"1";"0"
"9832";"72123";"9832";"52";"3";"4";"4";"0";"0";"1";"1";"1";"0"
"9842";"72146";"9842";"52";"3";"1";"7";"2";"1";"0";"1";"2";"0"
"9844";"72148";"9844";"52";"1";"1";"7";"6";"0";"1";"1";"1";"0"
"9859";"72163";"9859";"52";"1";"1";"7";"0";"1";"3";"0";"2";"0"
"9863";"72171";"9863";"52";"1";"1";"7";"2";"0";"1";"1";"1";"0"
"9874";"72188";"9874";"52";"1";"1";"7";"0";"1";"1";"0";"2";"0"
"9878";"72194";"9878";"52";"1";"1";"7";"2";"0";"1";"1";"1";"0"
"9887";"72202";"9887";"52";"2";"1";"7";"0";"0";"1";"0";"3";"0"
"9900";"72245";"9900";"52";"1";"1";"5";"6";"1";"0";"1";"2";"0"
"9906";"72258";"9906";"52";"1";"1";"4";"6";"0";"1";"1";"1";"0"
"9907";"72258";"9907";"52";"3";"1";"7";"3";"0";"1";"1";"1";"0"
"9908";"72259";"9908";"52";"1";"3";"2";"0";"0";"1";"0";"1";"0"
"9909";"72259";"9909";"52";"1";"2";"1";"6";"0";"1";"1";"1";"0"
"9913";"72266";"9913";"52";"2";"1";"7";"6";"0";"2";"0";"1";"0"
"9919";"72277";"9916";"52";"1";"1";"7";"0";"0";"1";"0";"1";"0"
"9927";"72341";"9927";"52";"3";"3";"1";"6";"0";"1";"1";"1";"0"
"9948";"72349";"9948";"52";"1";"3";"1";"6";"0";"2";"0";"1";"0"
"9968";"72374";"9968";"52";"1";"3";"1";"0";"0";"1";"0";"1";"0"
"9995";"72425";"9995";"52";"1";"1";"7";"0";"0";"1";"0";"1";"0"
"10011";"72457";"10011";"52";"1";"1";"7";"0";"1";"0";"0";"2";"0"
"10012";"72457";"10012";"52";"2";"1";"1";"0";"0";"1";"0";"3";"0"
"10013";"72459";"10013";"52";"3";"1";"7";"0";"0";"1";"0";"1";"0"
"10022";"72463";"10022";"52";"3";"1";"4";"0";"0";"0";"0";"3";"0"
"10023";"72465";"10023";"52";"3";"3";"2";"0";"0";"1";"0";"1";"0"
"10024";"72466";"10024";"52";"1";"1";"1";"0";"1";"1";"0";"2";"0"
"10025";"72466";"10025";"52";"2";"1";"4";"3";"0";"1";"2";"1";"0"
"10027";"72468";"10027";"52";"1";"3";"2";"0";"0";"1";"0";"1";"0"
"10035";"72499";"10035";"52";"1";"1";"7";"6";"0";"1";"1";"1";"0"
"10052";"72526";"10052";"52";"1";"1";"7";"6";"0";"1";"1";"1";"0"
"10056";"72530";"10056";"52";"3";"3";"2";"0";"0";"1";"0";"1";"0"
"10058";"72530";"10058";"52";"3";"1";"4";"0";"0";"1";"0";"1";"0"
"10059";"72530";"10059";"52";"2";"1";"7";"6";"0";"1";"1";"3";"0"
"10060";"72530";"10060";"52";"3";"1";"7";"6";"1";"0";"1";"2";"0"
"10074";"72539";"10074";"52";"3";"1";"7";"0";"2";"0";"0";"2";"0"
"10082";"72545";"10082";"52";"1";"1";"7";"6";"0";"1";"1";"1";"0"
"10090";"72548";"10090";"52";"1";"1";"1";"6";"0";"1";"1";"1";"0"
"10091";"72548";"7911";"52";"1";"3";"1";"6";"0";"2";"0";"1";"0"
"10092";"72549";"10092";"52";"1";"1";"7";"2";"0";"1";"1";"1";"0"
"10093";"72552";"10093";"52";"3";"1";"7";"6";"0";"1";"1";"1";"0"
"10095";"72554";"10095";"52";"1";"1";"7";"6";"0";"1";"2";"1";"0"
"10104";"72571";"10104";"52";"1";"1";"1";"0";"0";"2";"0";"1";"0"
"10106";"72571";"10106";"52";"3";"6";"1";"0";"0";"1";"0";"1";"0"
"10109";"72575";"10109";"52";"1";"1";"1";"6";"0";"1";"1";"1";"0"
"10113";"72579";"10113";"52";"1";"1";"7";"6";"0";"1";"3";"1";"0"
"10120";"72594";"10120";"52";"3";"1";"7";"6";"0";"3";"1";"1";"0"
"10129";"72618";"10129";"52";"1";"3";"1";"0";"0";"1";"0";"1";"0"
"10168";"72632";"10168";"52";"3";"1";"4";"0";"2";"1";"0";"2";"0"
"10171";"72633";"10171";"52";"3";"1";"4";"0";"0";"1";"0";"1";"0"
"10193";"72642";"10193";"52";"1";"1";"7";"6";"0";"1";"1";"1";"0"
"10246";"72707";"10246";"52";"1";"1";"7";"2";"3";"0";"1";"3";"2"
"10247";"72707";"10247";"52";"3";"6";"1";"0";"0";"1";"0";"1";"0"
"10257";"72713";"10257";"52";"1";"1";"7";"0";"0";"2";"0";"1";"0"
"10324";"72863";"10324";"52";"3";"1";"7";"0";"0";"1";"0";"1";"0"
"10325";"72863";"10325";"52";"1";"1";"7";"6";"0";"1";"1";"1";"0"
"10327";"72863";"10327";"52";"3";"3";"1";"0";"0";"1";"1";"1";"0"
"10334";"72897";"10334";"52";"1";"1";"7";"6";"0";"1";"1";"1";"0"
"10346";"72953";"10346";"52";"1";"1";"7";"4";"0";"7";"1";"1";"0"
"10350";"72955";"10350";"52";"1";"1";"7";"0";"1";"0";"0";"2";"0"
"10351";"72955";"10351";"52";"3";"4";"4";"0";"0";"1";"0";"1";"0"
"10352";"72955";"10352";"52";"1";"1";"1";"0";"0";"4";"0";"1";"0"
"10353";"72955";"10353";"52";"1";"1";"1";"0";"0";"1";"0";"1";"0"
"10354";"72955";"10354";"52";"1";"1";"7";"0";"1";"0";"0";"2";"0"
"10357";"72956";"10357";"52";"3";"1";"7";"0";"0";"2";"0";"1";"0"
"10387";"73008";"10387";"52";"3";"1";"7";"6";"0";"1";"1";"1";"0"
"10406";"73035";"10406";"52";"1";"1";"7";"0";"1";"0";"0";"2";"0"
"10421";"73057";"10421";"52";"3";"1";"7";"0";"0";"1";"0";"1";"0"
"10422";"73057";"10422";"52";"1";"1";"7";"0";"1";"0";"0";"2";"0"
"10423";"73057";"10423";"52";"1";"1";"7";"0";"0";"1";"0";"1";"0"
"10424";"73057";"10424";"52";"3";"1";"7";"0";"0";"2";"0";"1";"0"
"10427";"73057";"10427";"52";"3";"1";"1";"0";"0";"1";"0";"1";"0"
"10433";"73078";"10433";"52";"1";"3";"2";"6";"0";"2";"0";"1";"0"
"10434";"73078";"10434";"52";"1";"3";"2";"6";"0";"2";"0";"1";"0"
"10437";"73078";"10437";"52";"1";"1";"7";"6";"0";"3";"0";"1";"0"
"10439";"73078";"10439";"52";"1";"1";"7";"6";"0";"2";"0";"1";"0"
"10440";"73078";"10440";"52";"1";"3";"1";"6";"0";"2";"1";"1";"0"
"10442";"73078";"10442";"52";"3";"1";"7";"6";"1";"1";"0";"2";"0"
"10443";"73078";"10443";"52";"1";"3";"1";"6";"0";"2";"0";"1";"0"
"10458";"73103";"10458";"52";"3";"1";"7";"0";"0";"3";"0";"1";"0"
"10462";"73104";"10462";"52";"3";"1";"7";"0";"1";"1";"0";"2";"0"
"10463";"73104";"10463";"52";"3";"3";"2";"0";"0";"1";"0";"1";"0"
"10464";"73104";"10464";"52";"3";"1";"7";"0";"1";"0";"0";"2";"0"
"10473";"73108";"10473";"52";"1";"1";"4";"6";"0";"1";"1";"1";"0"
"10487";"73174";"10487";"52";"1";"3";"1";"2";"0";"1";"1";"1";"0"
"10504";"73208";"10504";"52";"1";"1";"7";"5";"0";"1";"1";"1";"0"
"10508";"73209";"10508";"52";"3";"1";"4";"0";"0";"1";"1";"1";"0"
"10537";"73263";"10537";"52";"3";"1";"7";"0";"0";"1";"0";"1";"0"
"10557";"73282";"10557";"52";"1";"1";"7";"6";"0";"1";"1";"1";"0"
"10564";"73302";"10564";"52";"2";"3";"1";"6";"0";"2";"0";"1";"0"
"10565";"73302";"10565";"52";"1";"1";"7";"6";"1";"0";"1";"2";"0"
"10584";"73335";"10584";"52";"3";"3";"1";"0";"0";"1";"0";"1";"0"
"10586";"73336";"10586";"52";"3";"1";"7";"6";"0";"1";"1";"1";"0"
"10591";"73336";"10591";"52";"1";"1";"7";"0";"0";"1";"0";"1";"0"
"10592";"73336";"10592";"52";"3";"3";"1";"0";"0";"1";"0";"1";"0"
"10594";"73336";"10594";"52";"3";"1";"1";"0";"0";"1";"0";"1";"0"
"10595";"73337";"10595";"52";"3";"1";"7";"0";"1";"0";"0";"2";"0"
"10597";"73337";"10597";"52";"1";"1";"1";"6";"0";"1";"1";"1";"0"
"10620";"73388";"10620";"52";"2";"3";"1";"6";"1";"0";"1";"2";"0"
"10624";"73398";"10624";"52";"5";"4";"2";"6";"0";"0";"1";"3";"0"
"10625";"73399";"10625";"52";"1";"7";"7";"3";"0";"2";"0";"1";"0"
"10627";"73402";"10627";"52";"3";"1";"7";"6";"0";"1";"1";"1";"0"
"10634";"73453";"10634";"52";"1";"1";"7";"0";"0";"0";"0";"0";"0"
"10641";"73455";"10641";"52";"3";"1";"7";"0";"0";"1";"0";"1";"0"
"10643";"73455";"10643";"52";"3";"4";"4";"3";"0";"1";"1";"1";"0"
"10645";"73455";"10645";"52";"3";"1";"7";"0";"0";"2";"0";"1";"0"
"10646";"73455";"10646";"52";"3";"1";"7";"6";"1";"3";"0";"2";"0"
"10708";"73501";"10708";"52";"3";"1";"7";"6";"0";"1";"1";"1";"0"
"10723";"73586";"10723";"52";"1";"1";"1";"6";"0";"2";"1";"1";"0"
"10727";"73588";"10727";"52";"1";"1";"7";"6";"0";"1";"1";"1";"0"
"10744";"73657";"10744";"52";"1";"1";"7";"6";"0";"1";"1";"1";"0"
"10754";"73658";"10754";"52";"3";"1";"7";"6";"1";"0";"1";"2";"0"
"10758";"73672";"10758";"52";"3";"1";"7";"6";"0";"1";"0";"1";"0"
"10769";"73701";"10769";"52";"3";"1";"7";"6";"0";"1";"1";"1";"0"
"10791";"73724";"10791";"52";"1";"1";"7";"6";"0";"4";"0";"1";"0"
"10795";"73728";"10795";"52";"3";"1";"7";"6";"0";"1";"1";"1";"0"
"10804";"73739";"1318";"52";"3";"1";"7";"6";"0";"1";"1";"1";"0"
"10818";"73747";"10818";"52";"3";"1";"7";"0";"0";"1";"0";"1";"0"
"10820";"73757";"10820";"52";"3";"3";"2";"0";"0";"1";"0";"1";"0"
"10821";"73757";"10821";"52";"1";"1";"7";"6";"0";"1";"1";"1";"0"
"10822";"73757";"10822";"52";"1";"1";"7";"6";"0";"1";"1";"1";"0"
"10826";"73828";"10826";"52";"3";"1";"7";"0";"0";"1";"0";"1";"0"
"10830";"73832";"10830";"52";"1";"1";"7";"7";"0";"0";"1";"3";"0"
"10854";"74000";"10854";"52";"3";"1";"7";"0";"1";"0";"0";"3";"0"
"10858";"74018";"10858";"52";"3";"1";"7";"2";"0";"1";"1";"1";"0"
"10864";"74046";"10864";"52";"1";"3";"1";"2";"0";"2";"1";"1";"0"
"10895";"74153";"10895";"52";"1";"1";"7";"0";"1";"0";"0";"2";"0"
"10902";"74599";"10902";"52";"1";"1";"7";"0";"0";"1";"4";"1";"0"
"10906";"75227";"10906";"52";"1";"3";"1";"6";"0";"1";"0";"3";"0"
"10908";"75227";"10908";"52";"1";"1";"1";"6";"0";"2";"0";"1";"0"
"10909";"75227";"10909";"52";"1";"2";"1";"6";"0";"1";"0";"3";"0"
"10917";"75908";"10917";"52";"1";"1";"7";"0";"0";"1";"0";"1";"0"
"10920";"75913";"10920";"52";"3";"1";"7";"3";"1";"0";"1";"2";"0"
"10921";"75913";"10921";"52";"5";"3";"1";"6";"0";"2";"4";"1";"0"
"10925";"75928";"10925";"52";"3";"1";"1";"0";"0";"0";"0";"3";"0"
"10926";"75936";"10926";"52";"1";"1";"4";"6";"1";"0";"1";"2";"0"
"10927";"75936";"10927";"52";"1";"7";"7";"0";"0";"2";"3";"1";"0"
"10928";"75936";"10928";"52";"3";"6";"7";"0";"1";"0";"1";"2";"0"
"10930";"75939";"10930";"52";"1";"3";"1";"6";"0";"2";"2";"1";"0"
"10931";"75943";"10931";"52";"3";"3";"2";"6";"0";"5";"0";"1";"0"
"10935";"75950";"10935";"52";"5";"1";"7";"0";"1";"1";"0";"2";"0"
"10937";"75985";"10937";"52";"1";"1";"7";"6";"1";"0";"1";"2";"0"
"10938";"75993";"10938";"52";"5";"1";"7";"0";"0";"0";"0";"3";"0"
"10939";"75993";"10939";"52";"5";"1";"7";"0";"0";"0";"0";"3";"0"
"10940";"75993";"10940";"52";"1";"1";"7";"0";"1";"0";"0";"2";"0"
"10942";"75993";"10942";"52";"1";"3";"1";"0";"0";"0";"0";"3";"0"
"10945";"76638";"10945";"52";"1";"1";"7";"0";"1";"0";"0";"2";"0"
"10946";"76655";"10946";"52";"1";"2";"1";"6";"0";"1";"0";"1";"0"
"10947";"76656";"10947";"52";"2";"1";"7";"0";"0";"2";"0";"1";"0"
"10951";"76658";"10951";"52";"2";"1";"2";"6";"0";"1";"0";"3";"0"
"10953";"76659";"10953";"52";"1";"6";"4";"0";"0";"1";"0";"1";"0"
"10957";"76682";"10957";"52";"3";"1";"7";"6";"0";"1";"2";"1";"0"
"10958";"76682";"10958";"52";"3";"1";"7";"6";"0";"1";"2";"1";"0"
"10962";"76685";"10962";"52";"1";"4";"4";"6";"0";"1";"1";"1";"0"
"10969";"76730";"10969";"52";"3";"1";"7";"0";"1";"2";"0";"2";"0"
"10971";"76737";"10971";"52";"1";"1";"5";"6";"1";"0";"1";"2";"0"
"10973";"76739";"10973";"52";"3";"1";"7";"0";"0";"1";"0";"1";"0"
"10974";"76739";"10974";"52";"1";"1";"7";"7";"0";"1";"1";"1";"0"
"10980";"76750";"10980";"52";"3";"1";"7";"0";"0";"4";"1";"1";"0"
"10987";"76751";"10987";"52";"1";"1";"7";"0";"0";"1";"0";"1";"0"
"11007";"76778";"11007";"52";"5";"4";"4";"0";"0";"1";"0";"1";"0"
"11008";"76778";"11008";"52";"5";"3";"1";"0";"0";"1";"0";"1";"0"
"11010";"76778";"11010";"52";"5";"1";"7";"0";"0";"1";"0";"1";"0"
"11011";"76778";"11011";"52";"5";"1";"7";"0";"0";"0";"0";"3";"0"
"11012";"76778";"11012";"52";"5";"1";"7";"0";"1";"0";"0";"2";"0"
"11013";"76778";"11013";"52";"5";"1";"7";"0";"0";"0";"0";"3";"0"
"11014";"76780";"11014";"52";"5";"1";"7";"0";"0";"1";"0";"1";"0"
"11019";"76781";"11019";"52";"5";"1";"7";"0";"1";"0";"0";"3";"0"
"11020";"76781";"11020";"52";"1";"3";"1";"0";"1";"0";"0";"2";"0"
"11023";"76781";"11023";"52";"2";"1";"6";"0";"1";"0";"0";"2";"0"
"11024";"76782";"11024";"52";"5";"1";"7";"6";"0";"1";"1";"1";"0"
"11029";"76805";"11029";"52";"1";"1";"7";"0";"1";"0";"0";"2";"0"
"11035";"76820";"11035";"52";"3";"1";"7";"6";"0";"1";"1";"1";"0"
"11036";"76822";"11036";"52";"3";"3";"2";"6";"0";"1";"2";"1";"0"
"11037";"76826";"11037";"52";"1";"1";"4";"7";"0";"2";"0";"1";"0"
"11038";"76831";"11038";"52";"5";"4";"3";"0";"1";"0";"0";"2";"0"
"11040";"76834";"11040";"52";"3";"1";"7";"0";"0";"2";"0";"1";"0"
"11041";"76834";"11041";"52";"1";"7";"1";"0";"0";"1";"0";"1";"0"
"11042";"76836";"11042";"52";"3";"1";"7";"0";"0";"2";"0";"1";"0"
"11043";"76836";"11043";"52";"3";"1";"7";"0";"2";"0";"0";"2";"0"
"11045";"76836";"11045";"52";"1";"1";"4";"6";"0";"2";"1";"3";"0"
"11046";"76836";"11046";"52";"1";"1";"1";"0";"0";"1";"0";"1";"0"
"11048";"76836";"11048";"52";"3";"1";"1";"0";"2";"0";"0";"2";"0"
"11049";"76836";"11049";"52";"1";"2";"1";"0";"1";"2";"0";"2";"0"
"11051";"76836";"11051";"52";"3";"1";"7";"0";"0";"1";"2";"1";"0"
"11053";"76847";"11053";"52";"1";"1";"7";"0";"0";"2";"0";"1";"0"
"11054";"76879";"11054";"52";"5";"1";"7";"0";"0";"1";"0";"1";"0"
"11057";"76933";"11057";"52";"1";"3";"2";"6";"1";"1";"0";"2";"0"
"11058";"76957";"11058";"52";"1";"3";"2";"6";"0";"7";"0";"1";"0"
"11063";"76982";"11063";"52";"1";"6";"4";"6";"0";"1";"1";"1";"0"
"11064";"76983";"11064";"52";"3";"3";"1";"2";"1";"0";"1";"2";"0"
"11073";"77562";"11073";"52";"5";"3";"2";"6";"1";"1";"0";"2";"0"
"11074";"77562";"11074";"52";"5";"6";"1";"0";"1";"0";"0";"2";"0"
"11075";"77563";"11075";"52";"5";"4";"2";"0";"2";"0";"0";"2";"0"
"11076";"77563";"11076";"52";"5";"3";"1";"6";"2";"0";"0";"2";"0"
"11077";"77564";"11077";"52";"5";"1";"7";"6";"1";"0";"2";"2";"0"
"11084";"78264";"11084";"52";"1";"1";"7";"6";"0";"1";"0";"1";"0"
"11092";"78285";"11092";"52";"3";"3";"5";"0";"1";"0";"0";"2";"0"
"11093";"78286";"11093";"52";"2";"1";"7";"0";"0";"1";"0";"1";"0"
"11103";"78327";"11103";"52";"3";"1";"7";"6";"0";"2";"2";"1";"0"
"11105";"78327";"11105";"52";"3";"1";"7";"0";"0";"1";"0";"1";"0"
"11109";"78351";"11109";"52";"1";"1";"7";"6";"0";"1";"1";"1";"0"
"11111";"78353";"11111";"52";"1";"1";"2";"0";"0";"3";"0";"1";"0"
"11118";"78353";"11118";"52";"1";"1";"7";"0";"0";"2";"0";"1";"0"
"11126";"78355";"11126";"52";"1";"1";"7";"0";"0";"1";"0";"1";"0"
"11160";"78480";"11160";"52";"3";"1";"7";"0";"1";"0";"0";"2";"0"
"11165";"78494";"11165";"52";"2";"1";"7";"6";"1";"0";"1";"2";"0"
"11182";"78531";"11182";"52";"1";"1";"7";"6";"0";"1";"1";"1";"0"
"11185";"78538";"11185";"52";"1";"1";"4";"0";"0";"1";"0";"1";"0"
"11186";"78538";"11186";"52";"1";"1";"7";"0";"2";"0";"0";"2";"0"
"11194";"78544";"11194";"52";"1";"1";"7";"4";"1";"0";"1";"2";"0"
"11196";"78554";"11196";"52";"3";"1";"7";"0";"0";"1";"0";"1";"0"
"11206";"78620";"11206";"52";"1";"3";"1";"0";"0";"1";"0";"1";"0"
"11239";"78823";"11239";"52";"1";"1";"7";"6";"0";"2";"0";"1";"0"
"11259";"78841";"11259";"52";"3";"1";"7";"0";"0";"1";"0";"1";"0"
"11261";"78857";"11261";"52";"1";"1";"7";"0";"0";"1";"0";"1";"0"
"11262";"78872";"11262";"52";"1";"3";"1";"6";"0";"1";"1";"1";"0"
"11263";"78872";"11263";"52";"1";"1";"7";"6";"0";"1";"1";"1";"0"
"11264";"78872";"11264";"52";"1";"3";"1";"6";"0";"1";"1";"1";"0"
"11266";"78872";"11266";"52";"3";"1";"7";"0";"1";"1";"0";"2";"0"
"11271";"78913";"11271";"52";"3";"3";"4";"6";"0";"3";"1";"1";"0"
"11286";"79435";"11286";"52";"3";"1";"7";"0";"1";"4";"0";"2";"0"
"11327";"79543";"11327";"52";"3";"7";"7";"0";"0";"1";"0";"1";"0"
"11331";"79591";"11331";"52";"1";"1";"7";"0";"0";"1";"0";"1";"0"
"11332";"79601";"11332";"52";"1";"1";"7";"0";"1";"0";"1";"2";"0"
"11343";"79718";"11343";"52";"1";"1";"1";"6";"1";"1";"0";"3";"0"
"11344";"79718";"11344";"52";"5";"1";"7";"0";"2";"0";"0";"2";"0"
"11345";"79718";"11345";"52";"1";"1";"7";"0";"0";"1";"0";"1";"0"
"11347";"79719";"11347";"52";"1";"1";"7";"0";"1";"0";"0";"2";"0"
"11348";"79719";"11348";"52";"1";"3";"2";"0";"0";"2";"0";"1";"0"
"11355";"79744";"11355";"52";"1";"2";"2";"6";"1";"2";"0";"2";"0"
"11362";"79841";"11362";"52";"1";"7";"2";"7";"1";"0";"1";"3";"0"
"11372";"80455";"11372";"52";"3";"1";"7";"6";"0";"1";"1";"1";"0"
"11383";"80491";"11383";"52";"1";"1";"7";"0";"0";"1";"0";"1";"0"
"11395";"80519";"11395";"52";"3";"1";"1";"6";"1";"0";"1";"2";"0"
"11416";"80650";"11416";"52";"3";"1";"7";"0";"0";"5";"0";"1";"0"
"11464";"80737";"11464";"52";"1";"1";"7";"6";"0";"1";"2";"1";"0"
"11481";"80856";"11481";"52";"1";"1";"7";"2";"0";"1";"1";"1";"0"
"11491";"80884";"11491";"52";"1";"1";"7";"0";"0";"2";"0";"1";"0"
"11492";"80885";"11492";"52";"1";"1";"7";"6";"0";"1";"1";"1";"0"
"11505";"80923";"11505";"52";"3";"3";"1";"6";"0";"1";"1";"1";"0"
"11561";"81058";"11561";"52";"3";"1";"7";"0";"1";"0";"0";"2";"0"
"11567";"81094";"11567";"52";"1";"1";"4";"0";"0";"3";"0";"1";"0"
"11571";"81095";"11571";"52";"1";"1";"4";"0";"0";"1";"0";"1";"0"
"11572";"81097";"11572";"52";"3";"1";"7";"7";"0";"2";"1";"1";"0"
"11573";"81097";"11573";"52";"1";"1";"7";"0";"0";"2";"0";"1";"0"
"11575";"81098";"11575";"52";"1";"4";"5";"7";"1";"0";"0";"2";"0"
"11576";"81098";"11576";"52";"1";"1";"7";"6";"0";"2";"0";"1";"0"
"11584";"81115";"11584";"52";"1";"2";"2";"0";"1";"0";"0";"2";"0"
"11600";"81122";"11600";"52";"3";"7";"1";"6";"0";"1";"1";"1";"0"
"11604";"81126";"11604";"52";"3";"1";"4";"6";"0";"5";"1";"1";"0"
"11618";"81167";"11618";"52";"1";"1";"7";"0";"1";"0";"0";"2";"0"
"11621";"81173";"11621";"52";"2";"3";"1";"2";"0";"1";"1";"1";"0"
"11622";"81182";"11622";"52";"3";"1";"7";"0";"0";"1";"0";"1";"0"
"11626";"81195";"11626";"52";"1";"3";"1";"6";"0";"1";"1";"1";"0"
"11627";"81195";"11627";"52";"3";"1";"7";"0";"0";"3";"0";"1";"0"
"11642";"81231";"11642";"52";"3";"1";"7";"0";"1";"1";"0";"2";"0"
"11655";"81241";"11655";"52";"1";"7";"7";"6";"0";"1";"1";"1";"0"
"11659";"81244";"11659";"52";"3";"1";"7";"6";"2";"1";"0";"2";"0"
"11662";"81254";"11662";"52";"3";"3";"1";"0";"0";"2";"0";"1";"0"
"11674";"81283";"11674";"52";"3";"2";"1";"6";"0";"1";"2";"1";"0"
"11678";"81295";"11678";"52";"3";"3";"2";"6";"0";"1";"0";"1";"0"
"11693";"81333";"11693";"52";"1";"1";"7";"0";"0";"1";"0";"1";"0"
"11703";"81369";"11703";"52";"1";"1";"7";"6";"0";"1";"1";"1";"0"
"11705";"81371";"11705";"52";"1";"1";"7";"0";"0";"2";"0";"1";"0"
"11722";"81444";"11722";"52";"3";"1";"7";"6";"0";"1";"0";"1";"0"