"accident_id";"lieu_id";"date_id";"cause_id";"lum_id";"intemp_id";"etat_surface_id";"impliq_id";"nb_blesses_graves";"nb_blesses_legers";"nb_indemnes";"gravite";"nb_morts"
"11726";"81468";"11726";"52";"3";"1";"7";"0";"0";"1";"0";"1";"0"
"11734";"81480";"11734";"52";"1";"1";"7";"6";"0";"1";"1";"1";"0"
"11740";"81516";"11740";"52";"3";"1";"1";"6";"0";"1";"0";"1";"0"
"11751";"81552";"11751";"52";"3";"2";"1";"6";"0";"1";"1";"1";"0"
"11755";"81554";"11755";"52";"1";"1";"7";"6";"0";"1";"0";"1";"0"
"11769";"81602";"11769";"52";"1";"1";"7";"0";"1";"0";"0";"2";"0"
"11774";"81606";"11774";"52";"1";"1";"7";"0";"0";"2";"0";"1";"0"
"11787";"81612";"11787";"52";"3";"1";"7";"0";"0";"1";"0";"1";"0"
"11794";"81670";"11794";"52";"1";"1";"1";"6";"0";"1";"4";"1";"0"
"11796";"81687";"11796";"52";"1";"4";"3";"2";"0";"1";"0";"1";"0"
"11797";"81701";"11797";"52";"1";"1";"7";"6";"0";"1";"0";"1";"0"
"11805";"81824";"11805";"52";"3";"1";"7";"0";"0";"3";"2";"1";"0"
"11810";"81838";"11810";"52";"1";"1";"1";"2";"0";"1";"1";"1";"0"
"11812";"81840";"11812";"52";"1";"1";"7";"0";"0";"0";"0";"3";"0"
"11837";"81982";"8156";"52";"1";"1";"7";"6";"0";"2";"0";"1";"0"
"11846";"82432";"11846";"52";"5";"6";"4";"0";"0";"1";"0";"1";"0"
"11847";"82433";"11847";"52";"2";"3";"1";"6";"3";"2";"0";"2";"0"
"11852";"82434";"11852";"52";"5";"1";"7";"0";"0";"0";"1";"3";"0"
"11853";"82435";"11853";"52";"1";"1";"7";"0";"0";"0";"0";"3";"0"
"11854";"82449";"11854";"52";"1";"4";"3";"0";"0";"1";"0";"3";"0"
"11855";"82486";"11855";"52";"1";"1";"4";"6";"0";"1";"1";"1";"0"
"11867";"82548";"11867";"52";"5";"1";"4";"6";"0";"2";"1";"1";"0"
"11868";"82548";"11868";"52";"1";"1";"7";"7";"1";"1";"0";"2";"0"
"11873";"82577";"11873";"52";"5";"1";"1";"6";"3";"0";"0";"3";"2"
"11883";"82684";"11883";"52";"5";"1";"7";"0";"1";"0";"2";"3";"2"
"11884";"82685";"11884";"52";"1";"7";"2";"3";"1";"0";"1";"2";"0"
"11886";"82791";"11886";"52";"5";"1";"7";"6";"1";"1";"1";"2";"0"
"11888";"82791";"11888";"52";"1";"1";"7";"6";"0";"2";"0";"1";"0"
"11893";"83394";"11893";"52";"1";"2";"2";"6";"1";"2";"0";"2";"0"
"11896";"83414";"11896";"52";"3";"3";"2";"6";"0";"4";"0";"1";"0"
"11898";"83414";"11898";"52";"3";"4";"4";"6";"0";"1";"1";"1";"0"
"11905";"83418";"11905";"52";"1";"1";"7";"6";"0";"1";"1";"1";"0"
"11906";"83420";"11906";"52";"1";"7";"1";"6";"0";"1";"1";"1";"0"
"11907";"83421";"11907";"52";"3";"3";"1";"0";"0";"4";"0";"1";"0"
"11916";"83459";"11916";"52";"3";"3";"2";"0";"0";"1";"0";"1";"0"
"11917";"83459";"11917";"52";"3";"1";"4";"0";"1";"0";"0";"2";"0"
"11918";"83459";"11918";"52";"1";"1";"7";"7";"1";"0";"1";"2";"0"
"11919";"83459";"11919";"52";"1";"1";"7";"6";"0";"1";"1";"1";"0"
"11931";"83483";"11931";"52";"1";"1";"7";"0";"0";"1";"0";"1";"0"
"11936";"83564";"11936";"52";"1";"1";"7";"0";"2";"0";"0";"2";"0"
"11941";"84178";"11941";"52";"1";"1";"7";"0";"1";"0";"0";"2";"0"
"11942";"84190";"11942";"52";"3";"1";"7";"0";"1";"1";"0";"2";"0"
"11943";"84190";"11943";"52";"5";"3";"2";"6";"1";"0";"1";"2";"0"
"11945";"84819";"11945";"52";"1";"1";"7";"0";"1";"0";"0";"2";"0"
"11947";"84835";"11947";"52";"1";"1";"7";"7";"0";"1";"0";"1";"0"
"11957";"84894";"11957";"52";"3";"1";"7";"0";"0";"1";"1";"1";"0"
"11958";"84894";"11958";"52";"1";"1";"1";"0";"1";"2";"0";"2";"0"
"11959";"84895";"11959";"52";"1";"1";"7";"0";"0";"1";"0";"1";"0"
"11960";"84895";"11960";"52";"5";"1";"7";"0";"0";"2";"2";"1";"0"
"11961";"84896";"11961";"52";"1";"1";"7";"0";"1";"0";"0";"2";"0"
"11969";"90012";"11969";"52";"5";"4";"3";"6";"4";"0";"1";"2";"0"
"11970";"90012";"11970";"52";"1";"3";"1";"6";"0";"1";"2";"1";"0"
"11972";"90013";"11972";"52";"5";"4";"3";"6";"1";"2";"4";"2";"0"
"11979";"90042";"11979";"52";"3";"1";"7";"0";"1";"0";"0";"2";"0"
"11982";"90050";"11982";"52";"1";"1";"7";"4";"0";"1";"1";"1";"0"
"11992";"90086";"11992";"52";"1";"3";"2";"0";"1";"0";"0";"2";"0"
"11993";"90086";"11993";"52";"3";"6";"4";"0";"1";"2";"1";"2";"0"
"11994";"90087";"11994";"52";"5";"1";"7";"0";"0";"0";"0";"3";"0"
"11996";"90087";"11996";"52";"1";"1";"7";"0";"1";"0";"0";"2";"0"
"11997";"90088";"11997";"52";"1";"1";"7";"7";"0";"1";"1";"1";"0"
"11998";"90089";"11998";"52";"5";"1";"4";"7";"2";"0";"0";"2";"0"
"12002";"90100";"12002";"52";"5";"1";"7";"6";"0";"1";"1";"1";"0"
"12004";"90101";"12004";"52";"1";"1";"7";"0";"1";"0";"3";"2";"0"
"12006";"90101";"12006";"52";"1";"1";"7";"0";"1";"0";"0";"2";"0"
"12007";"90101";"12007";"52";"1";"1";"7";"0";"1";"0";"0";"2";"0"
"12009";"90101";"12009";"52";"1";"1";"5";"0";"0";"5";"1";"1";"0"
"12010";"90101";"12010";"52";"1";"1";"1";"6";"0";"2";"0";"1";"0"
"12011";"90106";"12011";"52";"1";"2";"1";"6";"1";"1";"0";"2";"0"
"12014";"90112";"12014";"52";"3";"1";"7";"0";"0";"1";"0";"1";"0"
"12018";"90134";"12018";"52";"1";"1";"7";"6";"0";"3";"1";"1";"0"
"12020";"90141";"12020";"52";"3";"4";"4";"3";"0";"1";"1";"1";"0"
"12026";"90143";"12026";"52";"1";"4";"3";"6";"3";"0";"0";"2";"0"
"12028";"90155";"478";"52";"1";"1";"7";"0";"0";"1";"0";"1";"0"
"12029";"90155";"12029";"52";"3";"4";"4";"0";"1";"1";"1";"2";"0"
"12030";"90155";"12030";"52";"1";"3";"2";"6";"0";"1";"1";"1";"0"
"12055";"90208";"12055";"52";"1";"1";"5";"0";"0";"1";"0";"1";"0"
"12062";"90210";"12062";"52";"3";"1";"7";"0";"0";"1";"0";"1";"0"
"12070";"90216";"12070";"52";"5";"1";"7";"0";"2";"0";"0";"2";"0"
"12078";"90244";"12078";"52";"1";"3";"1";"8";"1";"0";"1";"2";"0"
"12083";"90253";"12083";"52";"3";"1";"7";"0";"0";"1";"0";"1";"0"
"12100";"90271";"12100";"52";"3";"1";"7";"0";"0";"1";"0";"1";"0"
"12112";"90277";"12112";"52";"1";"3";"2";"6";"0";"1";"2";"1";"0"
"12115";"90277";"12115";"52";"3";"3";"1";"2";"0";"1";"1";"1";"0"
"12120";"90280";"12120";"52";"3";"3";"1";"0";"0";"1";"0";"1";"0"
"12135";"90297";"12135";"52";"5";"1";"4";"0";"2";"1";"0";"2";"0"
"12138";"90297";"12138";"52";"1";"3";"2";"0";"0";"2";"1";"1";"0"
"12139";"90297";"12139";"52";"5";"3";"2";"6";"0";"2";"0";"1";"0"
"12140";"90301";"12140";"52";"1";"1";"7";"6";"1";"0";"0";"2";"0"
"12155";"90309";"12155";"52";"3";"1";"2";"6";"0";"1";"1";"1";"0"
"12160";"90316";"724";"52";"1";"1";"1";"0";"0";"1";"0";"1";"0"
"12163";"90318";"12163";"52";"5";"3";"2";"0";"1";"0";"0";"2";"0"
"12165";"90318";"12165";"52";"5";"1";"7";"0";"0";"2";"0";"1";"0"
"12166";"90318";"12166";"52";"1";"1";"7";"6";"0";"3";"0";"1";"0"
"12169";"90327";"12169";"52";"1";"1";"4";"6";"0";"1";"1";"1";"0"
"12181";"90332";"12181";"52";"1";"1";"7";"6";"0";"2";"1";"1";"0"
"12210";"90336";"12210";"52";"1";"1";"7";"0";"0";"1";"0";"1";"0"
"12213";"90349";"12213";"52";"1";"1";"2";"6";"0";"1";"0";"1";"0"
"12222";"90365";"12222";"52";"2";"1";"7";"6";"0";"1";"1";"1";"0"
"12223";"90368";"12223";"52";"3";"1";"7";"7";"1";"0";"1";"2";"0"
"12246";"90437";"12246";"52";"3";"1";"2";"0";"0";"2";"0";"1";"0"
"12253";"90439";"12253";"52";"3";"1";"7";"6";"2";"1";"0";"2";"0"
"12256";"90447";"12256";"52";"5";"7";"4";"0";"0";"1";"0";"1";"0"
"12258";"90450";"12258";"52";"2";"1";"4";"6";"0";"2";"0";"1";"0"
"12259";"90450";"12259";"52";"3";"1";"1";"0";"1";"0";"0";"2";"0"
"12260";"90451";"12260";"52";"4";"1";"1";"0";"0";"1";"0";"1";"0"
"12264";"90470";"12264";"52";"3";"1";"7";"6";"0";"1";"1";"1";"0"
"12269";"90476";"12269";"52";"3";"1";"7";"6";"0";"1";"0";"1";"0"
"12284";"90499";"12284";"52";"1";"4";"4";"0";"0";"2";"0";"1";"0"
"12288";"90518";"12288";"52";"3";"3";"2";"6";"0";"1";"1";"1";"0"
"12290";"90520";"12290";"52";"1";"1";"7";"7";"0";"1";"2";"1";"0"
"12296";"90549";"12296";"52";"3";"1";"7";"0";"0";"2";"0";"1";"0"
"12304";"90575";"12304";"52";"3";"1";"7";"0";"0";"1";"0";"1";"0"
"12308";"90591";"12308";"52";"1";"1";"7";"2";"2";"0";"3";"2";"0"
"12309";"90610";"12309";"52";"1";"1";"7";"0";"0";"1";"0";"1";"0"
"12313";"90610";"12313";"52";"3";"3";"1";"0";"0";"1";"0";"1";"0"
"12315";"90614";"12315";"52";"1";"1";"7";"6";"1";"0";"0";"2";"0"
"12324";"90625";"12324";"52";"2";"1";"7";"0";"0";"1";"0";"1";"0"
"12325";"90626";"12325";"52";"3";"1";"1";"6";"0";"1";"2";"1";"0"
"12335";"90659";"12335";"52";"1";"1";"7";"6";"0";"1";"1";"1";"0"
"12337";"90662";"12337";"52";"1";"1";"7";"6";"0";"1";"3";"1";"0"
"12345";"90698";"12345";"52";"1";"1";"7";"6";"0";"1";"2";"1";"0"
"12346";"90699";"12346";"52";"3";"3";"1";"0";"0";"1";"0";"1";"0"
"12372";"90770";"12372";"52";"1";"3";"2";"6";"0";"2";"1";"1";"0"
"12373";"90770";"12373";"52";"3";"1";"7";"0";"1";"0";"0";"2";"0"
"12381";"90780";"12381";"52";"3";"1";"7";"0";"0";"3";"0";"1";"0"
"12392";"90792";"12392";"52";"1";"1";"1";"0";"0";"1";"2";"1";"0"
"12400";"90810";"12400";"52";"5";"4";"3";"6";"3";"0";"0";"2";"0"
"12401";"90810";"12401";"52";"1";"1";"4";"6";"0";"2";"2";"3";"1"
"12403";"90810";"12403";"52";"3";"1";"7";"6";"1";"0";"1";"2";"0"
"12409";"90824";"12409";"52";"3";"1";"7";"0";"1";"0";"0";"2";"0"
"12415";"90834";"12415";"52";"1";"1";"4";"6";"0";"1";"0";"3";"0"
"12420";"90840";"12420";"52";"1";"3";"1";"6";"0";"1";"0";"1";"0"
"12421";"90845";"12421";"52";"1";"3";"2";"0";"3";"1";"0";"2";"0"
"12423";"90846";"12423";"52";"1";"1";"7";"6";"0";"4";"0";"1";"0"
"12429";"90861";"12429";"52";"1";"1";"7";"0";"0";"0";"0";"3";"0"
"12430";"90861";"12430";"52";"1";"1";"7";"6";"0";"1";"1";"1";"0"
"12434";"90874";"12434";"52";"1";"1";"7";"0";"0";"1";"0";"1";"0"
"12436";"90882";"12436";"52";"1";"1";"7";"0";"1";"2";"1";"2";"0"
"12437";"90882";"12437";"52";"1";"1";"7";"6";"1";"2";"0";"2";"0"
"12438";"90882";"12438";"52";"1";"3";"2";"4";"3";"0";"1";"2";"0"
"12477";"67645503";"12477";"52";"5";"3";"1";"0";"0";"3";"1";"1";"0"
"12500";"67657403";"12500";"52";"1";"7";"1";"2";"1";"0";"1";"2";"0"
"12502";"68642408";"12502";"52";"5";"1";"7";"0";"0";"1";"0";"1";"0"
"12524";"68662310";"12524";"52";"1";"1";"7";"0";"0";"1";"0";"1";"0"
"12530";"68667103";"12530";"52";"1";"1";"7";"7";"0";"0";"1";"3";"0"
"12559";"69813105";"12559";"52";"3";"1";"7";"6";"1";"0";"2";"2";"0"
"12572";"70706103";"12572";"52";"1";"1";"7";"6";"0";"1";"4";"1";"0"
"12625";"70816105";"12625";"52";"1";"3";"1";"7";"0";"1";"2";"1";"0"
"12673";"70823301";"12673";"52";"1";"1";"7";"5";"1";"0";"1";"2";"0"
"12717";"70826311";"12717";"52";"3";"1";"7";"0";"1";"0";"0";"3";"0"
"12748";"70827308";"12748";"52";"3";"3";"2";"0";"0";"2";"1";"1";"0"
"12782";"71785503";"12782";"52";"1";"1";"7";"0";"1";"0";"1";"2";"0"
"12828";"71812410";"12828";"52";"3";"1";"7";"6";"1";"1";"1";"2";"0"
"12859";"71814104";"12859";"52";"2";"1";"7";"0";"3";"0";"0";"2";"0"
"12861";"71814104";"12861";"52";"1";"6";"2";"4";"1";"4";"0";"2";"0"
"12870";"71814509";"12870";"52";"3";"1";"7";"0";"1";"4";"0";"2";"0"
"12872";"71814510";"12872";"52";"3";"3";"2";"3";"1";"0";"1";"2";"0"
"12875";"71814510";"12875";"52";"3";"1";"7";"0";"0";"1";"0";"1";"0"
"12908";"71821203";"12908";"52";"3";"1";"7";"6";"1";"0";"1";"2";"0"
"12930";"71822111";"12930";"52";"1";"1";"7";"0";"1";"0";"0";"2";"0"
"13011";"71832204";"13011";"52";"3";"1";"7";"0";"0";"2";"6";"1";"0"
"13014";"71832306";"13014";"52";"1";"1";"7";"6";"1";"2";"0";"2";"0"
"13064";"72791405";"13064";"52";"3";"1";"4";"6";"0";"2";"0";"1";"0"
"13067";"72802104";"11581";"52";"1";"1";"7";"0";"0";"1";"0";"1";"0"
"13072";"72802214";"13072";"52";"1";"1";"7";"2";"0";"1";"1";"1";"0"
"13074";"72803209";"13074";"52";"3";"1";"1";"0";"0";"1";"0";"1";"0"
"13103";"72825305";"13103";"52";"3";"1";"7";"6";"0";"1";"3";"1";"0"
"13109";"72825505";"13109";"52";"1";"1";"7";"0";"1";"0";"0";"2";"0"
"13110";"72825505";"13110";"52";"1";"1";"7";"6";"0";"3";"2";"1";"0"
"13111";"72825505";"13111";"52";"3";"1";"7";"0";"2";"0";"0";"3";"0"
"13127";"73695106";"13127";"52";"1";"1";"7";"6";"0";"3";"0";"1";"0"
"13137";"73714301";"13137";"52";"1";"3";"2";"0";"1";"0";"0";"2";"0"
"13199";"74734101";"13199";"52";"1";"1";"7";"0";"0";"1";"0";"1";"0"
"13204";"74735203";"13204";"52";"1";"4";"3";"6";"0";"1";"2";"1";"0"
"13211";"74737303";"13211";"52";"5";"1";"7";"0";"0";"0";"0";"3";"0"
"13223";"74761303";"13223";"52";"1";"1";"7";"0";"1";"0";"0";"2";"0"
"13240";"75695101";"13240";"52";"5";"1";"1";"7";"1";"0";"1";"2";"0"
"13241";"75704503";"13241";"52";"2";"1";"7";"2";"0";"1";"0";"3";"0"
"13243";"75712402";"13243";"52";"3";"1";"4";"6";"1";"1";"0";"2";"0"
"13405";"75805204";"13405";"52";"3";"1";"7";"6";"0";"2";"1";"1";"0"
"13413";"75806102";"13413";"52";"3";"1";"7";"0";"0";"1";"0";"1";"0"
"13420";"75806411";"13420";"52";"1";"3";"2";"0";"0";"1";"0";"1";"0"
"13436";"76693305";"13436";"52";"3";"1";"1";"6";"0";"3";"5";"1";"0"
"13467";"76731405";"13467";"52";"2";"1";"7";"0";"0";"1";"1";"1";"0"
"13541";"76752103";"13541";"52";"3";"1";"7";"0";"0";"1";"0";"1";"0"
"13542";"76752103";"13542";"52";"1";"2";"2";"6";"0";"2";"0";"1";"0"
"13544";"76752110";"13544";"52";"2";"1";"7";"6";"0";"1";"1";"1";"0"
"13554";"76753306";"13554";"52";"5";"1";"4";"0";"0";"1";"0";"1";"0"
"13560";"76755104";"3677";"52";"3";"1";"2";"0";"0";"3";"0";"1";"0"
"13569";"76764509";"13569";"52";"1";"1";"7";"0";"0";"0";"0";"3";"0"
"13575";"76765307";"13575";"52";"3";"1";"7";"0";"1";"0";"0";"2";"0"
"13590";"76771205";"13590";"52";"3";"3";"2";"0";"0";"1";"0";"1";"0"
"13619";"76773503";"13619";"52";"1";"1";"7";"0";"1";"0";"0";"2";"0"
"13620";"76773507";"13620";"52";"1";"1";"7";"2";"0";"1";"1";"1";"0"
"13689";"76817304";"13689";"52";"1";"1";"7";"0";"1";"0";"0";"2";"0"
"13701";"76896104";"13701";"52";"3";"1";"6";"0";"0";"1";"0";"1";"0"
"13722";"77696519";"13722";"52";"1";"1";"7";"6";"1";"0";"1";"2";"0"
"13726";"77714202";"13726";"52";"1";"1";"7";"0";"0";"2";"3";"1";"0"
"13733";"77715415";"1992";"52";"1";"2";"2";"0";"0";"1";"0";"1";"0"
"13786";"77724304";"13786";"52";"3";"1";"7";"0";"0";"6";"0";"1";"0"
"13797";"77732201";"13797";"52";"1";"1";"7";"0";"0";"1";"1";"1";"0"
"13812";"77734507";"13812";"52";"1";"1";"7";"0";"0";"2";"0";"1";"0"
"13815";"77735105";"13815";"52";"1";"1";"7";"4";"0";"1";"1";"1";"0"
"13845";"77736407";"13845";"52";"1";"3";"2";"2";"0";"1";"1";"1";"0"
"13846";"77736407";"13846";"52";"3";"1";"7";"0";"3";"0";"0";"3";"0"
"13849";"77736502";"13849";"52";"3";"1";"7";"0";"0";"1";"0";"1";"0"
"13890";"77743102";"13890";"52";"3";"1";"7";"0";"0";"1";"0";"1";"0"
"13909";"77744210";"13909";"52";"1";"1";"7";"6";"0";"1";"2";"1";"0"
"13922";"77745103";"13922";"52";"3";"1";"7";"0";"0";"1";"0";"1";"0"
"14039";"77763203";"14039";"52";"3";"3";"1";"0";"2";"0";"0";"2";"0"
"14312";"77836304";"14312";"52";"1";"2";"1";"0";"0";"1";"0";"1";"0"
"14321";"77851108";"14321";"52";"1";"1";"7";"1";"0";"1";"1";"1";"0"
"14326";"77884101";"14326";"52";"3";"6";"1";"0";"1";"0";"0";"2";"0"
"14328";"77893209";"14328";"52";"1";"1";"7";"0";"0";"1";"0";"1";"0"
"14359";"77902514";"14359";"52";"3";"6";"1";"6";"0";"1";"1";"1";"0"
"14368";"77903306";"14368";"52";"1";"1";"7";"1";"0";"4";"1";"1";"0"
"14377";"77903504";"14377";"52";"3";"3";"1";"0";"0";"1";"0";"1";"0"
"14397";"77904410";"14397";"52";"3";"3";"2";"6";"0";"1";"2";"1";"0"
"4873";"43156";"4873";"52";"3";"1";"7";"0";"0";"1";"0";"1";"0"
"4875";"43157";"4875";"52";"1";"1";"7";"0";"0";"0";"0";"3";"0"
"4878";"43157";"4878";"52";"3";"3";"1";"9";"0";"1";"0";"1";"0"
"4883";"43165";"4883";"52";"1";"1";"7";"7";"0";"1";"0";"1";"0"
"4891";"43207";"4891";"52";"3";"1";"7";"6";"0";"1";"0";"1";"0"
"4892";"43210";"4892";"52";"3";"7";"7";"0";"0";"1";"0";"1";"0"
"4898";"43214";"4898";"52";"1";"1";"7";"0";"0";"2";"0";"1";"0"
"4914";"43267";"4914";"52";"1";"1";"7";"6";"0";"1";"1";"1";"0"
"4921";"43283";"4921";"52";"1";"4";"3";"2";"0";"1";"1";"1";"0"
"4925";"43303";"4925";"52";"1";"3";"2";"0";"0";"0";"0";"3";"0"
"4927";"43304";"4927";"52";"3";"1";"7";"0";"1";"2";"0";"3";"1"
"4928";"43304";"4928";"52";"3";"1";"7";"0";"0";"2";"3";"1";"0"
"4934";"43305";"4934";"52";"3";"1";"7";"0";"0";"2";"0";"1";"0"
"4936";"43305";"4936";"52";"3";"1";"7";"0";"1";"3";"0";"2";"0"
"4937";"43305";"4937";"52";"1";"1";"7";"6";"0";"2";"0";"1";"0"
"4940";"43305";"4940";"52";"1";"2";"1";"6";"0";"1";"4";"1";"0"
"4942";"43305";"4942";"52";"1";"3";"1";"0";"0";"1";"0";"1";"0"
"4944";"43305";"4944";"52";"1";"1";"4";"0";"0";"1";"1";"1";"0"
"4945";"43305";"4945";"52";"1";"2";"2";"7";"0";"1";"1";"1";"0"
"4963";"43387";"4963";"52";"1";"1";"7";"0";"0";"0";"0";"3";"0"
"4979";"43421";"4979";"52";"3";"1";"7";"6";"0";"1";"0";"1";"0"
"4982";"43422";"4982";"52";"1";"1";"7";"6";"1";"0";"0";"2";"0"
"4986";"43461";"4986";"52";"1";"2";"2";"0";"0";"1";"0";"1";"0"
"4989";"43461";"4989";"52";"1";"1";"7";"0";"0";"1";"0";"1";"0"
"4991";"43477";"4991";"52";"3";"1";"7";"0";"1";"0";"0";"2";"0"
"5000";"43516";"5000";"52";"1";"1";"4";"6";"0";"1";"1";"1";"0"
"5017";"43522";"5017";"52";"1";"7";"7";"0";"0";"1";"0";"1";"0"
"5028";"43548";"5028";"52";"3";"1";"7";"0";"0";"1";"0";"1";"0"
"5038";"43604";"5038";"52";"1";"1";"7";"0";"0";"1";"0";"1";"0"
"5052";"43767";"5052";"52";"3";"3";"2";"0";"0";"1";"0";"1";"0"
"5054";"43768";"5054";"52";"3";"3";"1";"0";"0";"1";"1";"1";"0"
"5055";"43768";"5055";"52";"3";"1";"7";"6";"0";"3";"0";"1";"0"
"5063";"43810";"5063";"52";"1";"1";"7";"0";"0";"1";"0";"1";"0"
"5073";"44386";"5073";"52";"1";"7";"2";"6";"0";"1";"3";"1";"0"
"5085";"45145";"5085";"52";"5";"1";"4";"0";"2";"0";"0";"2";"0"
"5087";"45150";"5087";"52";"2";"1";"7";"0";"0";"1";"0";"1";"0"
"5122";"45255";"5122";"52";"3";"1";"7";"0";"0";"2";"0";"1";"0"
"5130";"45257";"5130";"52";"1";"1";"7";"6";"0";"1";"1";"1";"0"
"5132";"45268";"5132";"52";"3";"3";"1";"6";"0";"2";"0";"1";"0"
"5136";"45274";"5136";"52";"1";"1";"7";"0";"0";"6";"0";"1";"0"
"5155";"45349";"5155";"52";"3";"3";"2";"6";"0";"1";"0";"1";"0"
"5161";"45382";"5161";"52";"1";"1";"7";"6";"0";"4";"0";"1";"0"
"5163";"45382";"5163";"52";"3";"1";"2";"6";"0";"3";"1";"1";"0"
"5181";"45386";"5181";"52";"3";"1";"7";"6";"0";"1";"0";"1";"0"
"5192";"45390";"5192";"52";"3";"1";"7";"6";"1";"0";"1";"2";"0"
"5199";"45390";"5199";"52";"3";"1";"7";"6";"0";"3";"1";"1";"0"
"5210";"45394";"5210";"52";"3";"1";"1";"7";"0";"1";"0";"3";"0"
"5242";"45425";"5242";"52";"2";"1";"7";"0";"0";"1";"2";"1";"0"
"5243";"45427";"5243";"52";"3";"1";"7";"0";"0";"1";"0";"1";"0"
"5252";"45461";"5252";"52";"3";"1";"7";"0";"0";"1";"0";"1";"0"
"5254";"45461";"5254";"52";"1";"3";"2";"0";"0";"0";"0";"3";"0"
"5258";"45463";"5258";"52";"3";"1";"7";"0";"1";"0";"0";"2";"0"
"5267";"45479";"5267";"52";"1";"1";"7";"0";"0";"1";"0";"1";"0"
"5286";"45516";"5286";"52";"3";"1";"7";"0";"0";"1";"0";"1";"0"
"5293";"45520";"5293";"52";"3";"1";"7";"0";"0";"1";"0";"1";"0"
"5299";"45530";"5299";"52";"5";"1";"7";"0";"0";"1";"0";"1";"0"
"5319";"45650";"5319";"52";"3";"1";"5";"0";"0";"1";"0";"1";"0"
"5323";"45651";"5323";"52";"1";"1";"7";"0";"2";"2";"0";"2";"0"
"5327";"45651";"5327";"52";"1";"6";"1";"6";"0";"2";"0";"1";"0"
"5333";"46216";"5333";"52";"1";"1";"7";"6";"0";"1";"0";"1";"0"
"5334";"46216";"5334";"52";"1";"1";"7";"1";"1";"0";"1";"2";"0"
"5340";"46244";"5340";"52";"3";"4";"3";"6";"0";"1";"2";"1";"0"
"5355";"46304";"5355";"52";"2";"3";"5";"6";"0";"2";"0";"1";"0"
"5356";"46304";"5356";"52";"3";"1";"7";"0";"1";"0";"0";"2";"0"
"5358";"46304";"5358";"52";"3";"1";"7";"0";"0";"3";"0";"1";"0"
"5383";"46322";"5383";"52";"1";"1";"1";"6";"3";"2";"0";"2";"0"
"5386";"46323";"5386";"52";"1";"3";"1";"0";"0";"1";"0";"1";"0"
"5415";"46367";"5415";"52";"1";"1";"4";"6";"1";"1";"0";"2";"0"
"5427";"46390";"5427";"52";"3";"1";"7";"0";"0";"3";"0";"1";"0"
"5428";"46390";"5428";"52";"1";"3";"2";"4";"1";"0";"1";"2";"0"
"5432";"46390";"5432";"52";"3";"3";"1";"2";"0";"1";"1";"1";"0"
"5437";"46390";"5437";"52";"3";"1";"7";"0";"0";"1";"0";"1";"0"
"5448";"46397";"5448";"52";"1";"1";"7";"6";"0";"5";"0";"1";"0"
"5453";"46400";"5453";"52";"3";"1";"7";"6";"0";"1";"1";"1";"0"
"5461";"46408";"5461";"52";"1";"1";"7";"6";"0";"1";"1";"1";"0"
"5467";"46458";"5467";"52";"1";"1";"7";"7";"1";"0";"0";"2";"0"
"5483";"46522";"5483";"52";"1";"2";"2";"8";"0";"5";"0";"1";"0"
"5495";"46616";"5495";"52";"3";"1";"1";"6";"0";"2";"1";"1";"0"
"5496";"46616";"5496";"52";"1";"1";"7";"9";"1";"0";"0";"2";"0"
"5497";"46616";"5497";"52";"2";"3";"1";"6";"0";"2";"3";"1";"0"
"5507";"47276";"5507";"52";"3";"1";"1";"0";"0";"1";"1";"1";"0"
"5510";"47289";"5510";"52";"3";"1";"7";"6";"0";"1";"1";"1";"0"
"5532";"47362";"5532";"52";"3";"1";"1";"6";"0";"2";"0";"1";"0"
"5559";"47397";"5559";"52";"1";"1";"7";"5";"1";"1";"0";"2";"0"
"5578";"47477";"5578";"52";"5";"1";"7";"6";"0";"1";"1";"1";"0"
"5581";"47481";"5581";"52";"2";"3";"1";"6";"0";"1";"2";"1";"0"
"5588";"47490";"5588";"52";"1";"1";"7";"6";"0";"2";"2";"1";"0"
"5598";"47520";"5598";"52";"3";"1";"7";"0";"0";"2";"0";"1";"0"
"5606";"47526";"5606";"52";"3";"3";"2";"0";"0";"1";"0";"1";"0"
"5613";"47531";"5613";"52";"1";"1";"7";"0";"0";"3";"0";"1";"0"
"5616";"47533";"5616";"52";"1";"3";"2";"6";"0";"0";"1";"3";"0"
"5620";"47533";"5620";"52";"1";"1";"7";"0";"0";"1";"0";"1";"0"
"5622";"47533";"5622";"52";"3";"1";"7";"0";"2";"0";"0";"2";"0"
"5624";"47533";"5624";"52";"3";"1";"7";"0";"0";"1";"1";"1";"0"
"5625";"47533";"5625";"52";"3";"1";"7";"0";"0";"1";"0";"1";"0"
"5626";"47533";"5626";"52";"1";"1";"7";"0";"0";"1";"0";"1";"0"
"5630";"47533";"5630";"52";"2";"1";"7";"0";"0";"1";"0";"1";"0"
"5632";"47533";"5632";"52";"2";"1";"2";"0";"0";"1";"0";"1";"0"
"5634";"47534";"5634";"52";"1";"3";"2";"0";"0";"1";"0";"1";"0"
"5635";"47534";"5635";"52";"3";"1";"7";"6";"0";"4";"0";"1";"0"
"5636";"47534";"5636";"52";"4";"1";"7";"0";"2";"0";"0";"3";"0"
"5641";"47534";"5641";"52";"3";"1";"7";"0";"0";"1";"0";"1";"0"
"5642";"47534";"5642";"52";"1";"1";"1";"0";"0";"2";"0";"1";"0"
"5644";"47534";"5644";"52";"1";"3";"1";"6";"0";"1";"1";"1";"0"
"5646";"47534";"5646";"52";"5";"7";"1";"0";"0";"1";"0";"3";"0"
"5647";"47534";"5647";"52";"3";"3";"1";"0";"0";"0";"1";"0";"0"