"accident_id";"lieu_id";"date_id";"cause_id";"lum_id";"intemp_id";"etat_surface_id";"impliq_id";"nb_blesses_graves";"nb_blesses_legers";"nb_indemnes";"gravite";"nb_morts"
"5661";"47541";"5661";"52";"1";"1";"7";"0";"0";"1";"1";"1";"0"
"5679";"47608";"5679";"52";"1";"3";"1";"0";"0";"2";"0";"1";"0"
"5684";"47613";"5684";"52";"3";"3";"2";"6";"0";"4";"3";"1";"0"
"5685";"47614";"5685";"52";"1";"1";"1";"0";"0";"1";"0";"1";"0"
"5687";"47614";"5687";"52";"1";"4";"4";"0";"0";"1";"0";"1";"0"
"5690";"47618";"5690";"52";"1";"1";"7";"0";"0";"1";"1";"1";"0"
"5692";"47618";"5692";"52";"1";"1";"7";"0";"0";"1";"0";"1";"0"
"5693";"47619";"5693";"52";"3";"1";"7";"0";"0";"1";"0";"1";"0"
"5699";"47620";"5699";"52";"1";"1";"7";"5";"0";"1";"1";"1";"0"
"5703";"47625";"5703";"52";"1";"1";"7";"0";"0";"1";"0";"1";"0"
"5713";"47632";"5713";"52";"1";"1";"7";"0";"0";"0";"0";"3";"0"
"5718";"47634";"5718";"52";"2";"3";"2";"6";"0";"1";"1";"1";"0"
"5725";"47639";"5725";"52";"3";"6";"2";"0";"1";"2";"0";"2";"0"
"5726";"47639";"5726";"52";"3";"1";"7";"0";"0";"1";"0";"1";"0"
"5728";"47640";"5728";"52";"3";"1";"7";"0";"0";"1";"0";"1";"0"
"5729";"47640";"5729";"52";"1";"1";"7";"0";"0";"2";"0";"1";"0"
"5731";"47640";"5731";"52";"1";"1";"7";"0";"0";"1";"0";"1";"0"
"5732";"47640";"5732";"52";"3";"3";"2";"0";"0";"1";"1";"1";"0"
"5734";"47640";"5734";"52";"1";"1";"7";"0";"0";"0";"0";"3";"0"
"5740";"47641";"5740";"52";"3";"1";"7";"0";"0";"1";"1";"1";"0"
"5743";"47641";"5743";"52";"3";"1";"7";"0";"0";"1";"0";"1";"0"
"5744";"47643";"5744";"52";"1";"2";"2";"0";"0";"0";"0";"3";"0"
"5746";"47643";"5746";"52";"1";"1";"2";"0";"0";"1";"0";"1";"0"
"5764";"47713";"5764";"52";"1";"1";"7";"7";"1";"0";"1";"2";"0"
"5774";"48312";"5774";"52";"1";"1";"7";"0";"2";"3";"0";"2";"0"
"5775";"48312";"5775";"52";"3";"1";"7";"0";"1";"0";"0";"2";"0"
"5796";"48489";"5796";"52";"1";"1";"7";"6";"0";"1";"1";"1";"0"
"5802";"48516";"5802";"52";"1";"1";"7";"2";"1";"0";"1";"2";"0"
"5811";"48569";"5811";"52";"1";"1";"7";"6";"0";"3";"0";"1";"0"
"5813";"48569";"5813";"52";"3";"1";"2";"0";"0";"1";"0";"1";"0"
"5817";"48580";"5817";"52";"3";"3";"1";"0";"1";"0";"0";"2";"0"
"5818";"48580";"5818";"52";"3";"1";"7";"0";"1";"0";"0";"2";"0"
"5819";"48580";"5819";"52";"1";"3";"2";"0";"1";"0";"0";"2";"0"
"5820";"48580";"5820";"52";"3";"1";"2";"0";"0";"2";"0";"1";"0"
"5822";"48581";"5822";"52";"3";"1";"1";"0";"0";"3";"2";"1";"0"
"5824";"48582";"5824";"52";"1";"1";"7";"0";"1";"0";"0";"2";"0"
"5825";"48582";"5825";"52";"1";"1";"7";"0";"0";"1";"0";"1";"0"
"5827";"48582";"5827";"52";"1";"3";"1";"6";"0";"4";"1";"1";"0"
"5839";"48595";"5839";"52";"2";"1";"7";"6";"0";"1";"0";"1";"0"
"5846";"48597";"5846";"52";"1";"1";"7";"6";"0";"1";"1";"1";"0"
"5848";"48599";"5848";"52";"1";"1";"7";"6";"0";"1";"0";"3";"0"
"5856";"48629";"5856";"52";"1";"1";"7";"0";"1";"2";"0";"2";"0"
"5859";"48629";"5859";"52";"3";"3";"2";"0";"1";"0";"0";"3";"0"
"5863";"48630";"5863";"52";"3";"1";"7";"0";"0";"1";"0";"1";"0"
"5883";"48669";"5883";"52";"1";"4";"2";"7";"1";"0";"1";"2";"0"
"5889";"48698";"5889";"52";"1";"1";"7";"6";"0";"1";"1";"1";"0"
"5894";"48755";"5894";"52";"1";"1";"7";"6";"0";"2";"2";"1";"0"
"5897";"48790";"5897";"52";"3";"1";"7";"0";"0";"3";"0";"1";"0"
"5904";"48838";"5904";"52";"2";"2";"2";"6";"0";"2";"1";"1";"0"
"5905";"48838";"908";"52";"1";"3";"1";"6";"3";"3";"0";"2";"0"
"5907";"48839";"5907";"52";"1";"1";"7";"6";"4";"0";"0";"2";"0"
"5917";"48842";"5917";"52";"5";"3";"2";"6";"0";"1";"3";"1";"0"
"5924";"48847";"5924";"52";"1";"1";"7";"6";"0";"1";"0";"1";"0"
"5936";"48862";"5936";"52";"1";"1";"7";"6";"1";"1";"2";"2";"0"
"5937";"48862";"5937";"52";"1";"4";"3";"6";"0";"2";"0";"1";"0"
"5939";"48862";"5939";"52";"1";"2";"2";"0";"0";"0";"0";"3";"0"
"5940";"48862";"5940";"52";"3";"1";"7";"0";"0";"0";"0";"3";"0"
"5941";"48862";"5941";"52";"3";"1";"1";"0";"1";"0";"0";"2";"0"
"5943";"48862";"5943";"52";"1";"1";"7";"2";"1";"0";"1";"2";"0"
"5944";"48862";"5944";"52";"3";"1";"7";"0";"0";"1";"0";"1";"0"
"5949";"48862";"5949";"52";"3";"1";"7";"0";"0";"0";"0";"3";"0"
"5951";"48862";"5951";"52";"1";"1";"7";"0";"0";"1";"0";"1";"0"
"5955";"48919";"5955";"52";"3";"1";"7";"0";"0";"1";"0";"1";"0"
"5958";"48919";"5958";"52";"3";"3";"1";"0";"1";"0";"2";"2";"0"
"5972";"48931";"5972";"52";"1";"1";"7";"2";"1";"0";"1";"2";"0"
"5977";"48933";"5977";"52";"1";"3";"2";"0";"0";"0";"0";"3";"0"
"5983";"48933";"5983";"52";"1";"1";"1";"0";"0";"1";"0";"1";"0"
"5986";"48933";"5986";"52";"3";"1";"7";"6";"1";"0";"1";"2";"0"
"5987";"48933";"5987";"52";"3";"6";"1";"0";"2";"0";"0";"2";"0"
"5990";"48966";"5990";"52";"1";"2";"1";"6";"0";"1";"1";"1";"0"
"6005";"49063";"6005";"52";"3";"1";"1";"0";"0";"1";"0";"1";"0"
"6006";"49063";"6006";"52";"3";"1";"7";"0";"0";"0";"0";"3";"0"
"6010";"49063";"6010";"52";"3";"1";"7";"0";"0";"2";"0";"1";"0"
"6013";"49063";"6013";"52";"1";"3";"1";"0";"0";"1";"0";"1";"0"
"6017";"49064";"6017";"52";"1";"1";"1";"0";"0";"0";"0";"3";"0"
"6018";"49065";"6018";"52";"3";"3";"2";"0";"0";"2";"0";"1";"0"
"6020";"49066";"6020";"52";"3";"2";"2";"0";"0";"3";"0";"1";"0"
"6024";"49066";"6024";"52";"3";"1";"7";"0";"0";"1";"0";"1";"0"
"6029";"49067";"6029";"52";"3";"1";"4";"0";"1";"1";"0";"3";"0"
"6032";"49067";"6032";"52";"3";"1";"1";"0";"2";"1";"0";"2";"0"
"6034";"49067";"6034";"52";"3";"1";"7";"0";"1";"0";"0";"2";"0"
"6036";"49067";"6036";"52";"3";"1";"1";"0";"1";"0";"0";"2";"0"
"6038";"49067";"6038";"52";"3";"1";"7";"0";"0";"1";"0";"1";"0"
"6041";"49067";"6041";"52";"1";"7";"2";"6";"0";"1";"5";"1";"0"
"6047";"49067";"6047";"52";"3";"1";"7";"0";"0";"1";"0";"1";"0"
"6048";"49067";"6048";"52";"3";"1";"7";"0";"0";"1";"0";"1";"0"
"6050";"49067";"6050";"52";"3";"1";"7";"0";"0";"1";"0";"1";"0"
"6053";"49068";"6053";"52";"3";"1";"4";"0";"0";"1";"0";"1";"0"
"6056";"49069";"6056";"52";"3";"3";"1";"0";"0";"1";"0";"1";"0"
"6057";"49070";"6057";"52";"1";"1";"7";"0";"1";"0";"0";"2";"0"
"6058";"49071";"6058";"52";"3";"1";"7";"0";"0";"1";"0";"1";"0"
"6059";"49071";"6059";"52";"1";"1";"1";"6";"0";"1";"1";"1";"0"
"6061";"49079";"6061";"52";"3";"1";"7";"0";"0";"1";"0";"1";"0"
"6069";"49128";"6069";"52";"1";"1";"7";"7";"1";"0";"2";"2";"0"
"6071";"49129";"6071";"52";"5";"1";"7";"0";"0";"0";"0";"3";"0"
"6077";"49205";"6077";"52";"1";"3";"1";"9";"1";"0";"0";"2";"0"
"6082";"49217";"6082";"52";"3";"1";"7";"0";"4";"0";"0";"3";"0"
"6083";"49217";"6083";"52";"3";"1";"7";"0";"1";"1";"0";"2";"0"
"6084";"49218";"6084";"52";"3";"1";"7";"0";"1";"0";"0";"2";"0"
"6086";"49220";"6086";"52";"1";"3";"2";"0";"0";"1";"0";"1";"0"
"6088";"49225";"6088";"52";"3";"1";"7";"0";"0";"1";"0";"1";"0"
"6090";"49226";"6090";"52";"3";"1";"7";"6";"3";"0";"0";"2";"0"
"6091";"49226";"6091";"52";"3";"3";"2";"0";"2";"0";"0";"2";"0"
"6096";"49250";"6096";"52";"1";"3";"1";"0";"0";"1";"0";"1";"0"
"6098";"49250";"6098";"52";"1";"1";"7";"0";"0";"1";"0";"1";"0"
"6099";"49251";"6099";"52";"3";"1";"7";"6";"1";"0";"5";"2";"0"
"6103";"49252";"6103";"52";"1";"3";"1";"0";"0";"2";"2";"1";"0"
"6107";"49422";"6107";"52";"3";"1";"7";"0";"1";"0";"0";"2";"0"
"6111";"49423";"6111";"52";"1";"1";"7";"0";"0";"1";"0";"1";"0"
"6114";"49439";"6114";"52";"3";"1";"1";"0";"0";"1";"0";"1";"0"
"6115";"49440";"6115";"52";"1";"1";"7";"0";"1";"0";"0";"2";"0"
"6116";"49440";"6116";"52";"3";"3";"2";"0";"0";"1";"0";"1";"0"
"6121";"49464";"6121";"52";"1";"1";"7";"0";"0";"1";"1";"1";"0"
"6122";"49467";"6122";"52";"1";"1";"7";"6";"0";"1";"2";"1";"0"
"6143";"49643";"6143";"52";"3";"1";"7";"0";"2";"0";"0";"2";"0"
"6144";"49643";"6144";"52";"1";"7";"1";"0";"0";"0";"0";"3";"0"
"6148";"49663";"6148";"52";"1";"1";"2";"6";"0";"2";"0";"1";"0"
"6149";"49683";"6149";"52";"5";"1";"1";"0";"0";"2";"0";"1";"0"
"6150";"49683";"6150";"52";"3";"1";"2";"0";"0";"2";"0";"1";"0"
"6152";"49692";"6149";"52";"5";"1";"1";"0";"0";"2";"0";"1";"0"
"6155";"49696";"6155";"52";"1";"1";"7";"0";"0";"1";"0";"1";"0"
"6158";"49712";"6158";"52";"4";"6";"7";"0";"1";"0";"0";"2";"0"
"6173";"50183";"6173";"52";"1";"1";"7";"6";"0";"1";"1";"1";"0"
"6182";"50195";"6182";"52";"3";"1";"7";"6";"0";"1";"1";"1";"0"
"6203";"50219";"6203";"52";"3";"2";"2";"6";"0";"1";"1";"1";"0"
"6207";"50235";"6207";"52";"1";"1";"7";"6";"0";"1";"1";"1";"0"
"6210";"50235";"6210";"52";"1";"1";"7";"6";"0";"3";"1";"1";"0"
"6230";"50279";"6230";"52";"2";"1";"7";"0";"0";"2";"0";"1";"0"
"6231";"50283";"6231";"52";"1";"1";"7";"6";"0";"1";"1";"1";"0"
"6233";"50288";"6233";"52";"1";"1";"7";"0";"0";"2";"0";"1";"0"
"6238";"50289";"6238";"52";"1";"3";"1";"0";"0";"2";"0";"1";"0"
"6241";"50290";"6241";"52";"1";"1";"7";"6";"0";"2";"0";"1";"0"
"6252";"50345";"6252";"52";"3";"1";"7";"6";"0";"1";"0";"1";"0"
"6259";"50491";"6259";"52";"1";"1";"7";"8";"0";"0";"1";"0";"0"
"6262";"51065";"6262";"52";"1";"1";"7";"0";"0";"3";"1";"1";"0"
"6269";"51096";"6269";"52";"2";"1";"7";"0";"0";"0";"0";"3";"0"
"6270";"51140";"6270";"52";"5";"1";"7";"0";"1";"0";"1";"2";"0"
"6290";"51885";"6290";"52";"3";"1";"7";"0";"0";"1";"0";"1";"0"
"6294";"51888";"6294";"52";"1";"3";"2";"7";"1";"1";"1";"2";"0"
"6299";"51896";"6299";"52";"3";"1";"7";"0";"0";"1";"1";"1";"0"
"6306";"51926";"6306";"52";"3";"1";"7";"0";"0";"1";"0";"1";"0"
"6309";"51954";"6309";"52";"1";"1";"7";"1";"1";"0";"1";"2";"0"
"6336";"52008";"6336";"52";"1";"1";"2";"6";"2";"0";"1";"2";"0"
"6350";"52030";"6350";"52";"1";"1";"7";"0";"1";"0";"0";"2";"0"
"6355";"52063";"6355";"52";"3";"1";"7";"9";"0";"1";"1";"1";"0"
"6363";"52075";"6363";"52";"1";"1";"7";"0";"0";"0";"1";"0";"0"
"6381";"52221";"6381";"52";"3";"1";"7";"0";"0";"2";"0";"1";"0"
"6382";"52221";"6382";"52";"3";"1";"7";"0";"0";"2";"1";"1";"0"
"6385";"52221";"6385";"52";"3";"1";"7";"0";"0";"1";"0";"1";"0"
"6400";"52862";"2891";"52";"3";"1";"7";"0";"0";"2";"3";"1";"0"
"6402";"52862";"6402";"52";"2";"1";"7";"0";"0";"1";"0";"1";"0"
"6404";"52863";"6404";"52";"1";"1";"7";"6";"0";"2";"2";"1";"0"
"6405";"52863";"6405";"52";"3";"1";"7";"0";"0";"1";"0";"1";"0"
"6440";"53036";"6440";"52";"1";"1";"7";"6";"0";"1";"0";"1";"0"
"6441";"53036";"6441";"52";"3";"1";"7";"6";"0";"1";"5";"1";"0"
"6448";"53083";"6448";"52";"3";"3";"2";"0";"0";"3";"1";"1";"0"
"6452";"53084";"6452";"52";"3";"1";"1";"6";"1";"1";"2";"2";"0"
"6454";"53085";"6454";"52";"1";"3";"1";"4";"0";"2";"1";"1";"0"
"6457";"53088";"6457";"52";"3";"1";"7";"0";"0";"1";"0";"1";"0"
"6476";"53147";"6476";"52";"1";"1";"7";"0";"1";"0";"2";"2";"0"
"6486";"53173";"6486";"52";"1";"1";"7";"6";"0";"4";"0";"1";"0"
"6489";"53174";"6489";"52";"1";"1";"7";"6";"0";"1";"2";"1";"0"
"6495";"53249";"6495";"52";"3";"1";"7";"6";"0";"1";"0";"1";"0"
"6497";"53257";"6497";"52";"3";"1";"7";"0";"0";"1";"0";"1";"0"
"6498";"53261";"6498";"52";"1";"1";"7";"0";"0";"1";"0";"1";"0"
"6499";"53264";"6499";"52";"1";"2";"1";"0";"1";"4";"0";"2";"0"
"6501";"53311";"6501";"52";"1";"1";"7";"0";"0";"1";"0";"1";"0"
"6508";"53333";"6508";"52";"3";"3";"1";"0";"1";"0";"0";"2";"0"
"6515";"53968";"6515";"52";"1";"1";"4";"0";"0";"2";"0";"1";"0"
"6523";"54024";"6523";"52";"1";"1";"7";"6";"0";"1";"1";"1";"0"
"6524";"54024";"6524";"52";"3";"1";"7";"0";"0";"2";"0";"1";"0"
"6525";"54025";"6525";"52";"3";"1";"7";"0";"1";"4";"0";"2";"0"
"6528";"54026";"6528";"52";"3";"1";"7";"6";"0";"2";"0";"1";"0"
"6532";"54072";"6532";"52";"5";"3";"1";"6";"0";"3";"0";"1";"0"
"6533";"54073";"6533";"52";"1";"1";"7";"6";"1";"2";"0";"2";"0"
"6537";"54127";"6537";"52";"1";"1";"7";"6";"0";"1";"2";"1";"0"
"6544";"54210";"6544";"52";"3";"1";"1";"6";"0";"3";"0";"1";"0"
"6549";"54220";"6549";"52";"3";"1";"4";"6";"1";"2";"0";"2";"0"
"6551";"54222";"6551";"52";"3";"1";"7";"0";"1";"1";"0";"2";"0"
"6557";"54238";"6557";"52";"1";"1";"7";"0";"0";"4";"0";"1";"0"
"6558";"54238";"6558";"52";"1";"1";"7";"0";"1";"0";"0";"2";"0"
"6559";"54238";"6559";"52";"5";"2";"1";"6";"0";"1";"1";"1";"0"
"6560";"54239";"6560";"52";"3";"1";"7";"0";"0";"1";"0";"1";"0"
"6563";"54246";"6563";"52";"2";"3";"1";"6";"1";"0";"1";"2";"0"
"6564";"54318";"6564";"52";"1";"1";"7";"0";"0";"1";"0";"1";"0"
"6565";"54323";"6565";"52";"3";"1";"7";"0";"0";"1";"1";"3";"0"
"6566";"54323";"6566";"52";"1";"1";"1";"0";"0";"3";"0";"1";"0"
"6571";"54331";"6571";"52";"1";"1";"7";"0";"0";"1";"0";"1";"0"
"6573";"54396";"6573";"52";"1";"1";"7";"0";"0";"2";"0";"1";"0"
"6574";"54923";"2571";"52";"1";"3";"2";"6";"0";"1";"4";"1";"0"
"6576";"54959";"6576";"52";"5";"2";"2";"0";"1";"1";"1";"2";"0"
"6578";"54959";"6578";"52";"5";"1";"7";"0";"0";"2";"2";"1";"0"
"6581";"54975";"6581";"52";"1";"1";"4";"6";"1";"0";"1";"2";"0"
"6584";"55011";"6584";"52";"1";"1";"7";"0";"0";"1";"0";"1";"0"
"6589";"55625";"6589";"52";"1";"1";"7";"6";"0";"4";"1";"1";"0"
"6592";"55639";"6592";"52";"1";"3";"1";"0";"1";"0";"0";"2";"0"
"6604";"55681";"6604";"52";"3";"1";"7";"6";"0";"1";"3";"1";"0"
"6605";"55682";"6605";"52";"3";"1";"7";"6";"0";"1";"2";"1";"0"
"6615";"55698";"6615";"52";"1";"1";"7";"4";"0";"2";"0";"1";"0"
"6641";"55761";"6641";"52";"5";"1";"2";"0";"0";"1";"0";"1";"0"
"6644";"55777";"6644";"52";"1";"1";"4";"6";"0";"2";"0";"1";"0"
"6646";"55839";"6646";"52";"1";"3";"2";"3";"0";"1";"1";"1";"0"
"6647";"55845";"6647";"52";"2";"1";"7";"7";"0";"1";"1";"1";"0"
"6656";"55856";"6656";"52";"1";"1";"7";"6";"0";"1";"1";"1";"0"
"6661";"57084";"6661";"52";"3";"1";"1";"0";"0";"1";"0";"1";"0"
"6665";"57093";"6665";"52";"3";"1";"7";"0";"0";"1";"0";"1";"0"
"6666";"57093";"6666";"52";"1";"1";"7";"0";"0";"1";"0";"1";"0"
"6667";"57094";"6667";"52";"1";"1";"7";"0";"1";"1";"0";"2";"0"
"6668";"57094";"6668";"52";"3";"1";"7";"0";"1";"0";"0";"2";"0"
"6671";"57819";"6671";"52";"1";"1";"7";"0";"1";"0";"0";"2";"0"
"6675";"57824";"6675";"52";"3";"1";"4";"0";"1";"1";"0";"2";"0"
"6678";"57830";"6678";"52";"1";"1";"7";"0";"1";"0";"0";"2";"0"
"6680";"57832";"6680";"52";"1";"1";"7";"5";"1";"0";"1";"2";"0"
"6684";"57869";"6684";"52";"1";"1";"7";"6";"0";"1";"0";"3";"0"
"6688";"57870";"6688";"52";"1";"1";"7";"0";"1";"0";"0";"2";"0"
"6690";"57888";"6690";"52";"1";"1";"7";"0";"1";"3";"1";"2";"0"
"6701";"57955";"6701";"52";"1";"1";"7";"6";"0";"2";"0";"1";"0"
"6702";"57962";"6702";"52";"1";"1";"7";"0";"0";"1";"0";"1";"0"
"6703";"57968";"6703";"52";"1";"1";"7";"0";"0";"1";"0";"1";"0"
"6704";"57971";"6704";"52";"1";"1";"1";"0";"1";"0";"1";"2";"0"
"6706";"58024";"6706";"52";"1";"1";"7";"0";"0";"1";"0";"1";"0"
"6718";"58661";"6718";"52";"1";"1";"7";"6";"0";"2";"0";"1";"0"
"6738";"58775";"6738";"52";"3";"1";"7";"0";"1";"0";"0";"2";"0"
"6755";"58831";"6755";"52";"3";"3";"1";"0";"0";"2";"0";"1";"0"
"6768";"58926";"6768";"52";"1";"1";"7";"0";"0";"1";"0";"1";"0"
"6774";"58979";"6774";"52";"1";"1";"4";"6";"0";"1";"2";"1";"0"
"6786";"58998";"6786";"52";"3";"1";"7";"0";"1";"0";"0";"2";"0"
"6791";"59002";"6791";"52";"1";"1";"7";"6";"3";"0";"0";"2";"0"
"6792";"59002";"6792";"52";"1";"1";"7";"7";"1";"2";"1";"2";"0"
"6796";"59004";"6796";"52";"1";"1";"7";"7";"1";"0";"1";"2";"0"
"6804";"59093";"6804";"52";"1";"3";"1";"4";"1";"0";"1";"2";"0"
"6806";"59096";"6806";"52";"1";"1";"7";"2";"1";"0";"1";"2";"0"
"6807";"59118";"6807";"52";"2";"1";"7";"0";"0";"0";"0";"3";"0"
"6808";"59124";"6808";"52";"1";"3";"1";"5";"0";"1";"1";"1";"0"
"6809";"59129";"6809";"52";"3";"1";"7";"6";"1";"0";"1";"2";"0"
"6817";"59776";"6817";"52";"1";"1";"1";"6";"1";"0";"1";"2";"0"
"6840";"59873";"6840";"52";"1";"3";"1";"6";"0";"6";"0";"1";"0"
"6845";"59884";"6845";"52";"1";"1";"7";"0";"0";"1";"0";"1";"0"
"6846";"59884";"6846";"52";"1";"2";"1";"0";"0";"2";"0";"1";"0"
"6847";"59884";"6847";"52";"1";"1";"7";"6";"0";"1";"1";"1";"0"
"6848";"59885";"6848";"52";"1";"1";"4";"0";"1";"0";"0";"2";"0"
"6850";"59886";"6850";"52";"3";"1";"7";"0";"0";"2";"0";"1";"0"
"6852";"59886";"6852";"52";"3";"1";"7";"0";"0";"1";"0";"1";"0"
"6862";"59907";"6862";"52";"1";"1";"4";"0";"0";"1";"1";"1";"0"
"6865";"59907";"6865";"52";"1";"1";"7";"6";"1";"1";"0";"2";"0"
"6867";"59908";"6867";"52";"1";"1";"7";"6";"1";"0";"2";"2";"0"
"6870";"59912";"6870";"52";"1";"3";"1";"0";"0";"1";"0";"1";"0"
"6894";"59962";"6894";"52";"3";"1";"7";"0";"1";"0";"0";"2";"0"
"6895";"59964";"6895";"52";"1";"1";"7";"6";"0";"1";"2";"1";"0"
"6906";"59969";"6906";"52";"3";"1";"1";"4";"0";"1";"1";"1";"0"
"6923";"59982";"6923";"52";"3";"1";"7";"0";"0";"2";"0";"1";"0"
"6926";"59987";"6926";"52";"3";"1";"7";"0";"0";"1";"0";"1";"0"
"6928";"59989";"6928";"52";"3";"1";"7";"0";"0";"0";"0";"3";"0"
"6934";"59995";"6934";"52";"1";"3";"1";"6";"0";"1";"1";"1";"0"
"6938";"60036";"6938";"52";"1";"1";"7";"0";"0";"1";"0";"1";"0"
"6939";"60036";"6939";"52";"1";"3";"2";"0";"0";"1";"0";"1";"0"
"6941";"60039";"6941";"52";"3";"1";"7";"0";"0";"1";"0";"1";"0"
"6945";"60040";"6945";"52";"1";"1";"7";"0";"0";"2";"0";"1";"0"
"6948";"60041";"6948";"52";"1";"1";"7";"4";"0";"1";"1";"1";"0"
"6949";"60041";"6949";"52";"1";"1";"7";"0";"0";"1";"0";"1";"0"
"6957";"60092";"6957";"52";"3";"1";"7";"0";"1";"0";"0";"2";"0"
"6978";"60179";"6978";"52";"3";"1";"4";"6";"1";"1";"0";"2";"0"
"6985";"60204";"6985";"52";"2";"1";"7";"0";"0";"1";"0";"1";"0"
"6988";"60206";"6988";"52";"1";"1";"7";"0";"1";"0";"0";"2";"0"
"6993";"60220";"6993";"52";"1";"1";"4";"0";"0";"1";"0";"1";"0"
"6994";"60220";"6994";"52";"2";"1";"7";"0";"0";"1";"0";"1";"0"
"7002";"60263";"7002";"52";"3";"1";"1";"0";"0";"2";"0";"1";"0"
"7003";"60263";"7003";"52";"3";"6";"7";"6";"0";"1";"1";"1";"0"
"7009";"60282";"7009";"52";"1";"3";"2";"6";"1";"1";"0";"2";"0"
"7064";"60842";"7064";"52";"1";"1";"7";"2";"0";"2";"1";"1";"0"
"7065";"60843";"7065";"52";"1";"1";"7";"6";"0";"1";"1";"1";"0"
"7139";"60905";"7139";"52";"1";"4";"4";"0";"0";"1";"1";"1";"0"
"7160";"60924";"7160";"52";"1";"1";"7";"0";"1";"1";"0";"2";"0"
"7168";"60925";"7168";"52";"3";"1";"7";"0";"1";"2";"1";"2";"0"
"7170";"60925";"7170";"52";"3";"1";"7";"0";"1";"2";"0";"2";"0"
"7171";"60925";"7171";"52";"1";"3";"2";"0";"0";"1";"0";"1";"0"
"7175";"60925";"7175";"52";"1";"1";"7";"6";"0";"2";"1";"1";"0"
"7192";"60941";"7192";"52";"3";"3";"1";"6";"2";"0";"2";"2";"0"
"7201";"60962";"7201";"52";"1";"1";"7";"6";"0";"1";"3";"1";"0"
"7205";"60964";"7205";"52";"1";"2";"2";"6";"1";"0";"1";"2";"0"
"7243";"60985";"7243";"52";"3";"1";"7";"0";"0";"2";"0";"1";"0"
"7255";"60988";"7255";"52";"1";"1";"7";"0";"0";"2";"0";"1";"0"
"7257";"60989";"7257";"52";"1";"1";"7";"2";"1";"2";"0";"2";"0"
"7263";"61008";"7263";"52";"3";"1";"1";"0";"0";"1";"0";"1";"0"
"7276";"61055";"7276";"52";"1";"1";"7";"0";"1";"1";"2";"3";"1"
"7297";"61083";"7297";"52";"1";"3";"1";"0";"0";"6";"0";"1";"0"
"7312";"61104";"7312";"52";"1";"1";"7";"6";"0";"1";"1";"1";"0"
"7375";"61182";"7375";"52";"3";"2";"1";"0";"0";"2";"1";"1";"0"
"7407";"61220";"7407";"52";"3";"1";"7";"0";"0";"2";"0";"1";"0"
"7416";"61236";"7416";"52";"1";"1";"7";"0";"0";"1";"1";"1";"0"
"7472";"61292";"7472";"52";"3";"1";"7";"6";"0";"2";"0";"1";"0"
"7482";"61308";"7482";"52";"3";"1";"7";"0";"0";"1";"0";"1";"0"
"7533";"61363";"7533";"52";"3";"1";"7";"0";"0";"1";"0";"1";"0"
"7546";"61365";"7546";"52";"3";"1";"7";"6";"0";"1";"1";"1";"0"
"7570";"61408";"7570";"52";"1";"3";"2";"2";"0";"2";"2";"1";"0"
"7585";"61430";"7585";"52";"3";"1";"1";"2";"1";"0";"1";"2";"0"
"7589";"61435";"7589";"52";"3";"6";"1";"6";"0";"1";"1";"1";"0"
"7630";"61477";"7630";"52";"1";"3";"2";"2";"0";"1";"2";"1";"0"
"7669";"61485";"7669";"52";"1";"1";"4";"6";"1";"1";"0";"2";"0"
"7672";"61486";"7672";"52";"1";"6";"1";"0";"0";"0";"0";"3";"0"
"7675";"61486";"7675";"52";"3";"1";"7";"0";"0";"1";"0";"3";"0"
"7684";"61503";"7684";"52";"3";"1";"7";"0";"0";"3";"1";"1";"0"
"7687";"61503";"7687";"52";"1";"1";"7";"2";"0";"2";"1";"1";"0"
"7742";"61541";"7742";"52";"3";"1";"7";"6";"0";"1";"0";"1";"0"
"7757";"61561";"7757";"52";"1";"1";"7";"0";"0";"0";"0";"3";"0"
"7758";"61561";"7758";"52";"1";"1";"7";"0";"0";"2";"0";"1";"0"
"7760";"61565";"7760";"52";"3";"1";"1";"0";"1";"0";"0";"2";"0"
"7761";"61565";"7761";"52";"1";"1";"4";"0";"0";"0";"0";"3";"0"
"7769";"61574";"7769";"52";"1";"3";"2";"0";"0";"1";"0";"1";"0"
"7772";"61580";"7772";"52";"1";"1";"7";"6";"0";"2";"3";"1";"0"
"7789";"61601";"7789";"52";"1";"1";"7";"0";"0";"1";"0";"1";"0"
"7831";"61693";"7831";"52";"1";"1";"7";"6";"1";"0";"2";"2";"0"
"7834";"61693";"7834";"52";"3";"3";"1";"6";"0";"1";"0";"1";"0"
"7843";"61703";"7843";"52";"1";"1";"7";"6";"0";"0";"1";"0";"0"
"7850";"61714";"7850";"52";"1";"1";"7";"7";"0";"1";"1";"1";"0"
"7881";"61744";"7881";"52";"5";"1";"7";"6";"0";"1";"3";"1";"0"
"7900";"61763";"7900";"52";"3";"3";"1";"6";"0";"1";"0";"1";"0"
"7902";"61763";"7902";"52";"3";"1";"2";"0";"1";"3";"0";"2";"0"
"7907";"61764";"7907";"52";"1";"1";"7";"6";"0";"1";"1";"1";"0"
"7908";"61764";"7908";"52";"3";"3";"2";"0";"1";"0";"0";"3";"0"
"7909";"61764";"7909";"52";"1";"1";"7";"6";"0";"2";"0";"1";"0"
"7910";"61764";"7910";"52";"3";"3";"1";"0";"0";"1";"1";"1";"0"
"7916";"61766";"7916";"52";"3";"1";"7";"0";"1";"0";"0";"2";"0"
"7919";"61766";"7919";"52";"1";"3";"2";"0";"0";"1";"0";"1";"0"
"7921";"61766";"7921";"52";"3";"1";"7";"6";"4";"0";"1";"2";"0"
"7924";"61767";"7924";"52";"3";"1";"1";"0";"0";"1";"0";"1";"0"
"7931";"61769";"7931";"52";"3";"1";"7";"0";"0";"1";"0";"1";"0"
"7933";"61769";"7933";"52";"3";"1";"7";"0";"0";"1";"0";"1";"0"
"7939";"61771";"7939";"52";"3";"1";"7";"0";"0";"1";"0";"1";"0"
"7944";"61771";"7944";"52";"1";"3";"1";"6";"1";"2";"4";"2";"0"
"7981";"61797";"7981";"52";"3";"1";"7";"2";"0";"1";"1";"1";"0"
"7989";"61806";"7989";"52";"1";"1";"7";"6";"0";"3";"1";"1";"0"
"7996";"61806";"7996";"52";"3";"1";"7";"2";"0";"3";"1";"1";"0"
"8019";"61819";"8019";"52";"1";"1";"7";"6";"0";"1";"1";"1";"0"