"accident_id";"lieu_id";"date_id";"cause_id";"lum_id";"intemp_id";"etat_surface_id";"impliq_id";"nb_blesses_graves";"nb_blesses_legers";"nb_indemnes";"gravite";"nb_morts"
"8059";"61841";"8059";"52";"1";"1";"7";"6";"0";"1";"0";"1";"0"
"8075";"61858";"8075";"52";"1";"1";"7";"6";"0";"1";"0";"1";"0"
"8101";"61876";"8101";"52";"1";"1";"7";"0";"0";"0";"0";"3";"0"
"8121";"61890";"8121";"52";"3";"1";"7";"3";"0";"1";"0";"1";"0"
"8131";"61892";"8131";"52";"1";"3";"2";"6";"0";"1";"1";"1";"0"
"8173";"61902";"8173";"52";"1";"1";"7";"6";"0";"1";"2";"1";"0"
"8174";"61902";"8174";"52";"3";"1";"7";"6";"0";"1";"0";"1";"0"
"8208";"61911";"8208";"52";"3";"1";"7";"7";"0";"1";"1";"3";"0"
"8216";"61925";"8216";"52";"1";"1";"7";"6";"0";"2";"0";"1";"0"
"8221";"61929";"8221";"52";"1";"1";"7";"6";"0";"1";"1";"1";"0"
"8263";"62003";"8263";"52";"1";"1";"7";"0";"0";"1";"0";"1";"0"
"8278";"62021";"8278";"52";"3";"1";"7";"6";"0";"1";"0";"1";"0"
"8316";"62096";"8316";"52";"3";"1";"7";"0";"0";"0";"0";"3";"0"
"8317";"62096";"8317";"52";"1";"6";"1";"0";"0";"1";"3";"1";"0"
"8356";"62113";"8356";"52";"3";"3";"1";"0";"0";"2";"4";"1";"0"
"8369";"62116";"8369";"52";"3";"1";"7";"0";"1";"1";"3";"2";"0"
"8376";"62145";"8376";"52";"3";"1";"7";"0";"0";"2";"0";"3";"0"
"8420";"62193";"8420";"52";"1";"1";"7";"0";"0";"1";"0";"1";"0"
"8443";"62216";"8443";"52";"3";"3";"1";"0";"3";"1";"0";"2";"0"
"8445";"62216";"8445";"52";"1";"1";"7";"0";"0";"2";"0";"1";"0"
"8446";"62216";"8446";"52";"3";"3";"1";"0";"0";"2";"0";"1";"0"
"8452";"62216";"8452";"52";"3";"1";"7";"0";"0";"2";"1";"1";"0"
"8453";"62216";"8453";"52";"3";"1";"7";"0";"0";"2";"0";"1";"0"
"8454";"62216";"8454";"52";"3";"1";"7";"0";"0";"1";"1";"1";"0"
"8483";"62223";"8483";"52";"3";"1";"7";"0";"0";"4";"0";"1";"0"
"8490";"62240";"8490";"52";"1";"1";"7";"2";"0";"1";"1";"1";"0"
"8539";"62286";"8539";"52";"3";"1";"7";"0";"1";"0";"0";"2";"0"
"8557";"62288";"8557";"52";"3";"1";"7";"0";"0";"0";"0";"3";"0"
"8559";"62288";"8559";"52";"3";"3";"1";"0";"0";"1";"1";"1";"0"
"8596";"62354";"8596";"52";"1";"1";"7";"0";"0";"0";"0";"3";"0"
"8705";"62453";"8705";"52";"1";"3";"1";"0";"2";"1";"0";"3";"0"
"8710";"62456";"8710";"52";"1";"1";"7";"0";"0";"4";"0";"1";"0"
"8715";"62463";"8715";"52";"1";"1";"7";"7";"0";"1";"1";"1";"0"
"8730";"62479";"8730";"52";"1";"1";"7";"6";"0";"1";"1";"1";"0"
"8734";"62495";"8734";"52";"1";"4";"3";"0";"0";"1";"0";"1";"0"
"8737";"62496";"8737";"52";"3";"3";"1";"6";"0";"2";"0";"1";"0"
"8738";"62497";"8738";"52";"1";"3";"1";"0";"2";"1";"2";"2";"0"
"8754";"62533";"8754";"52";"1";"1";"7";"6";"0";"2";"1";"1";"0"
"8761";"62546";"8761";"52";"3";"1";"7";"6";"0";"3";"0";"1";"0"
"8772";"62572";"8772";"52";"1";"1";"7";"0";"1";"0";"0";"2";"0"
"8815";"62609";"8815";"52";"1";"1";"7";"0";"0";"0";"0";"3";"0"
"8816";"62609";"8816";"52";"1";"1";"7";"0";"0";"2";"0";"1";"0"
"8823";"62610";"8823";"52";"1";"1";"7";"0";"0";"1";"0";"3";"0"
"8825";"62610";"8825";"52";"3";"1";"7";"0";"1";"0";"0";"3";"0"
"8871";"62647";"8871";"52";"3";"1";"7";"0";"0";"1";"0";"1";"0"
"9009";"62947";"9009";"52";"2";"1";"7";"0";"0";"2";"0";"1";"0"
"9010";"62947";"9010";"52";"3";"1";"1";"0";"1";"0";"0";"2";"0"
"9027";"62962";"9027";"52";"2";"1";"7";"6";"0";"1";"0";"1";"0"
"9095";"63053";"9095";"52";"3";"1";"7";"0";"0";"0";"0";"3";"0"
"9098";"63060";"9095";"52";"3";"1";"7";"0";"0";"0";"0";"3";"0"
"9113";"63533";"9113";"52";"3";"3";"2";"0";"1";"0";"0";"2";"0"
"9117";"64262";"9117";"52";"5";"1";"7";"0";"1";"0";"0";"2";"0"
"9120";"64266";"9120";"52";"3";"3";"2";"0";"2";"2";"1";"2";"0"
"9128";"64279";"9128";"52";"5";"6";"7";"0";"1";"1";"0";"2";"0"
"9130";"64280";"9130";"52";"3";"1";"4";"7";"1";"0";"4";"3";"2"
"9132";"64282";"9132";"52";"5";"1";"7";"6";"0";"2";"0";"1";"0"
"9137";"64331";"9137";"52";"1";"2";"2";"0";"1";"0";"1";"2";"0"
"9142";"64394";"9142";"52";"1";"1";"5";"6";"1";"0";"2";"2";"0"
"9143";"64394";"9143";"52";"1";"1";"7";"7";"0";"1";"1";"1";"0"
"9144";"64394";"9144";"52";"1";"3";"1";"6";"1";"0";"1";"2";"0"
"9146";"64443";"9146";"52";"1";"1";"2";"7";"0";"0";"1";"3";"0"
"9152";"65076";"9152";"52";"1";"3";"1";"0";"1";"0";"0";"2";"0"
"9159";"65102";"9159";"52";"1";"1";"7";"0";"3";"0";"0";"3";"2"
"9164";"65110";"9164";"52";"3";"3";"1";"6";"1";"1";"2";"2";"0"
"9165";"65122";"9165";"52";"1";"2";"1";"6";"1";"1";"1";"2";"0"
"9168";"65171";"9168";"52";"3";"1";"1";"0";"0";"1";"3";"1";"0"
"9169";"65182";"9169";"52";"1";"1";"7";"0";"0";"2";"0";"1";"0"
"9176";"65868";"9176";"52";"1";"1";"7";"2";"0";"1";"1";"1";"0"
"9178";"65875";"9178";"52";"3";"1";"4";"7";"0";"1";"1";"1";"0"
"9196";"65901";"9196";"52";"5";"1";"1";"0";"0";"0";"0";"3";"0"
"9198";"65902";"9198";"52";"3";"1";"7";"0";"1";"0";"0";"2";"0"
"9224";"65916";"9224";"52";"3";"3";"1";"0";"2";"0";"0";"2";"0"
"9225";"65916";"9225";"52";"1";"1";"6";"0";"0";"1";"0";"1";"0"
"9226";"65916";"9226";"52";"3";"3";"1";"0";"0";"2";"0";"1";"0"
"9228";"65916";"9228";"52";"1";"1";"7";"0";"0";"1";"1";"1";"0"
"9235";"65933";"9235";"52";"3";"1";"7";"0";"0";"1";"0";"1";"0"
"9239";"65950";"9239";"52";"1";"1";"7";"6";"0";"1";"1";"1";"0"
"9247";"65960";"9247";"52";"1";"1";"7";"6";"0";"1";"1";"1";"0"
"9250";"65973";"9250";"52";"1";"1";"7";"0";"1";"0";"0";"2";"0"
"9258";"65995";"9258";"52";"1";"1";"7";"6";"0";"1";"1";"1";"0"
"9268";"66024";"9268";"52";"1";"1";"7";"0";"0";"2";"1";"1";"0"
"9271";"66053";"9271";"52";"1";"1";"7";"0";"0";"1";"0";"1";"0"
"9284";"66069";"9284";"52";"5";"1";"7";"6";"1";"1";"2";"2";"0"
"9288";"66072";"9288";"52";"1";"3";"1";"0";"0";"1";"1";"1";"0"
"9289";"66072";"9289";"52";"2";"3";"1";"6";"0";"2";"1";"1";"0"
"9297";"66106";"9297";"52";"1";"1";"7";"0";"0";"1";"0";"1";"0"
"9298";"66106";"9298";"52";"1";"1";"7";"0";"0";"1";"0";"1";"0"
"9310";"66124";"9310";"52";"1";"1";"7";"6";"0";"3";"1";"1";"0"
"9311";"66124";"9311";"52";"1";"3";"1";"6";"0";"1";"1";"1";"0"
"9313";"66125";"9313";"52";"1";"1";"2";"2";"0";"2";"1";"1";"0"
"9317";"66128";"9317";"52";"1";"3";"2";"6";"0";"1";"3";"1";"0"
"9318";"66128";"9318";"52";"1";"1";"7";"0";"0";"1";"0";"1";"0"
"9319";"66129";"9319";"52";"1";"1";"7";"0";"0";"1";"0";"1";"0"
"9321";"66130";"9321";"52";"1";"1";"1";"0";"0";"1";"0";"1";"0"
"9323";"66131";"9323";"52";"1";"1";"7";"0";"0";"2";"0";"1";"0"
"9325";"66135";"9325";"52";"1";"3";"1";"0";"1";"0";"0";"2";"0"
"9331";"66138";"9331";"52";"1";"1";"5";"0";"0";"1";"0";"1";"0"
"9342";"66165";"9342";"52";"1";"4";"1";"0";"0";"1";"0";"1";"0"
"9345";"66165";"9345";"52";"1";"6";"1";"6";"0";"2";"1";"1";"0"
"9348";"66194";"9348";"52";"1";"1";"7";"0";"0";"1";"0";"1";"0"
"9349";"66194";"9349";"52";"1";"1";"7";"0";"0";"1";"0";"1";"0"
"9354";"66798";"9354";"52";"1";"1";"1";"3";"1";"0";"1";"2";"0"
"9358";"66824";"9358";"52";"1";"1";"7";"6";"0";"1";"1";"1";"0"
"9359";"66828";"9359";"52";"1";"3";"1";"6";"0";"2";"1";"1";"0"
"9368";"67518";"9368";"52";"5";"3";"1";"7";"1";"0";"1";"2";"0"
"9370";"67520";"3349";"52";"1";"1";"7";"0";"0";"2";"0";"1";"0"
"9374";"67539";"9374";"52";"1";"1";"4";"6";"1";"3";"0";"2";"0"
"9384";"67608";"9384";"52";"1";"1";"7";"0";"0";"1";"1";"1";"0"
"9386";"67609";"9386";"52";"1";"1";"7";"0";"1";"0";"0";"2";"0"
"9387";"67627";"9387";"52";"5";"4";"4";"6";"1";"1";"0";"2";"0"
"9391";"67691";"9391";"52";"1";"1";"7";"0";"1";"0";"0";"2";"0"
"9392";"67709";"9392";"52";"3";"1";"1";"0";"1";"0";"1";"2";"0"
"9393";"67709";"9393";"52";"5";"7";"1";"0";"1";"0";"0";"3";"0"
"9394";"67709";"9394";"52";"1";"1";"1";"5";"1";"0";"1";"2";"0"
"9396";"68306";"9396";"52";"3";"1";"7";"0";"0";"2";"0";"1";"0"
"9397";"68327";"9397";"52";"1";"1";"7";"0";"1";"0";"0";"2";"0"
"9398";"68347";"9398";"52";"5";"1";"7";"0";"0";"0";"0";"3";"0"
"9403";"68349";"9403";"52";"1";"1";"2";"7";"0";"1";"3";"1";"0"
"9412";"68463";"9412";"52";"1";"1";"7";"2";"1";"0";"1";"2";"0"
"9428";"68532";"9428";"52";"2";"3";"2";"0";"1";"0";"0";"2";"0"
"9430";"68551";"9430";"52";"5";"1";"7";"6";"0";"6";"0";"1";"0"
"9433";"68553";"9433";"52";"3";"1";"7";"0";"1";"0";"0";"2";"0"
"9435";"68553";"9435";"52";"3";"3";"1";"0";"1";"0";"0";"3";"0"
"9437";"68553";"9437";"52";"3";"3";"1";"0";"2";"0";"0";"2";"0"
"9439";"68553";"9439";"52";"2";"1";"7";"0";"0";"1";"0";"1";"0"
"9440";"68554";"9440";"52";"4";"3";"2";"0";"2";"1";"0";"3";"0"
"9449";"68557";"9449";"52";"1";"3";"2";"6";"1";"0";"1";"2";"0"
"9463";"68600";"9463";"52";"2";"3";"1";"0";"0";"1";"0";"3";"0"
"9484";"68699";"9484";"52";"1";"1";"7";"6";"0";"1";"0";"1";"0"
"9497";"68745";"9497";"52";"1";"1";"7";"6";"6";"0";"0";"2";"0"
"9498";"68745";"9498";"52";"3";"1";"7";"0";"1";"0";"0";"2";"0"
"9499";"68748";"9499";"52";"2";"1";"1";"6";"0";"2";"0";"1";"0"
"9500";"68748";"9500";"52";"1";"3";"1";"0";"0";"1";"0";"1";"0"
"9502";"68891";"9502";"52";"1";"1";"7";"0";"0";"1";"0";"1";"0"
"9519";"68966";"9519";"52";"1";"2";"2";"0";"1";"0";"0";"2";"0"
"9522";"68967";"9522";"52";"1";"1";"7";"7";"1";"0";"2";"2";"0"
"9528";"68999";"9528";"52";"5";"1";"7";"6";"2";"0";"3";"2";"0"
"9531";"69000";"9531";"52";"5";"1";"4";"0";"0";"1";"0";"1";"0"
"9534";"69013";"9534";"52";"5";"4";"4";"6";"0";"1";"3";"1";"0"
"9536";"69013";"9536";"52";"5";"1";"7";"0";"0";"0";"0";"3";"0"
"9537";"69014";"9537";"52";"2";"1";"7";"0";"0";"1";"0";"1";"0"
"9539";"69018";"9539";"52";"1";"1";"7";"0";"0";"0";"0";"3";"0"
"9545";"69484";"9545";"52";"1";"1";"7";"0";"0";"1";"0";"1";"0"
"9546";"69484";"9546";"52";"5";"1";"7";"0";"0";"2";"3";"1";"0"
"9547";"69485";"9547";"52";"3";"1";"7";"6";"1";"1";"0";"2";"0"
"9550";"69504";"9550";"52";"5";"1";"7";"0";"0";"0";"1";"3";"0"
"9561";"69580";"9561";"52";"1";"1";"7";"0";"0";"1";"3";"1";"0"
"9563";"69594";"9563";"52";"2";"3";"1";"6";"0";"3";"0";"1";"0"
"9564";"69596";"9564";"52";"1";"1";"7";"0";"0";"1";"1";"1";"0"
"9568";"69597";"9568";"52";"3";"1";"7";"6";"0";"2";"0";"1";"0"
"9569";"69597";"9569";"52";"1";"3";"2";"0";"1";"0";"0";"2";"0"
"9587";"69715";"9587";"52";"3";"3";"1";"0";"0";"1";"0";"1";"0"
"9591";"69719";"9591";"52";"3";"1";"7";"6";"0";"2";"1";"1";"0"
"9594";"69725";"9594";"52";"1";"1";"7";"0";"0";"1";"0";"1";"0"
"9595";"69726";"9595";"52";"1";"4";"4";"7";"1";"0";"1";"2";"0"
"9596";"69731";"9596";"52";"1";"1";"7";"0";"0";"1";"0";"1";"0"
"9598";"69746";"9598";"52";"3";"1";"7";"7";"1";"0";"1";"2";"0"
"9601";"70309";"9601";"52";"2";"1";"7";"6";"1";"0";"1";"2";"0"
"9609";"70367";"9609";"52";"1";"1";"7";"0";"2";"0";"0";"2";"0"
"9613";"70455";"9613";"52";"1";"1";"7";"0";"1";"0";"0";"2";"0"
"9627";"71088";"9627";"52";"1";"1";"7";"6";"0";"3";"0";"1";"0"
"9630";"71095";"9630";"52";"3";"1";"7";"0";"2";"0";"0";"2";"0"
"14409";"77905405";"14409";"52";"1";"3";"1";"7";"0";"1";"1";"1";"0"
"14454";"78664206";"14454";"52";"1";"1";"7";"2";"0";"1";"1";"1";"0"
"14461";"78664405";"14461";"52";"1";"3";"2";"6";"0";"1";"1";"1";"0"
"14502";"78676503";"14502";"52";"3";"3";"2";"7";"0";"2";"2";"1";"0"
"14509";"78685203";"14509";"52";"1";"6";"7";"0";"0";"2";"0";"3";"0"
"14533";"78706103";"14533";"52";"1";"3";"2";"6";"0";"2";"0";"1";"0"
"14567";"78717302";"14567";"52";"3";"1";"2";"0";"0";"1";"0";"1";"0"
"14584";"78731505";"14584";"52";"1";"1";"7";"0";"0";"1";"0";"1";"0"
"14605";"78733502";"14605";"52";"1";"1";"7";"0";"0";"2";"0";"1";"0"
"14606";"78733508";"14606";"52";"1";"4";"4";"6";"1";"0";"2";"2";"0"
"14625";"78741104";"14625";"52";"1";"1";"7";"7";"0";"1";"2";"1";"0"
"14647";"78741406";"14647";"52";"2";"3";"2";"6";"0";"1";"2";"1";"0"
"14650";"78743101";"14650";"52";"1";"1";"7";"0";"1";"3";"0";"2";"0"
"14652";"78743101";"14652";"52";"4";"1";"7";"6";"0";"1";"1";"1";"0"
"14686";"78744302";"14686";"52";"3";"1";"7";"6";"0";"1";"1";"1";"0"
"14701";"78744303";"14701";"52";"3";"3";"1";"6";"0";"4";"0";"1";"0"
"14702";"78744303";"14702";"52";"2";"2";"1";"6";"0";"2";"0";"1";"0"
"14723";"78746315";"14723";"52";"3";"1";"6";"0";"0";"3";"0";"1";"0"
"14756";"78747308";"14756";"52";"1";"1";"7";"0";"0";"1";"0";"1";"0"
"14790";"78754107";"14790";"52";"1";"3";"1";"0";"0";"1";"1";"1";"0"
"14813";"78756503";"14813";"52";"1";"1";"7";"0";"0";"1";"0";"1";"0"
"14850";"78761202";"14850";"52";"1";"1";"7";"6";"0";"1";"1";"1";"0"
"14926";"78763515";"14926";"52";"1";"1";"7";"0";"0";"1";"0";"1";"0"
"14950";"78764307";"14950";"52";"3";"1";"7";"0";"0";"2";"1";"3";"0"
"14951";"78764307";"14951";"52";"3";"1";"7";"0";"0";"2";"0";"1";"0"
"14952";"78764410";"14952";"52";"1";"1";"7";"6";"0";"1";"0";"1";"0"
"14953";"78764410";"14953";"52";"3";"1";"1";"6";"0";"3";"0";"1";"0"
"14978";"78765301";"14978";"52";"3";"3";"2";"6";"0";"2";"3";"1";"0"
"14990";"78766102";"14990";"52";"1";"1";"7";"0";"0";"2";"0";"1";"0"
"14993";"78766201";"14993";"52";"3";"1";"7";"0";"0";"5";"0";"1";"0"
"15016";"78767102";"15016";"52";"2";"1";"7";"0";"0";"1";"0";"1";"0"
"15017";"78767107";"15017";"52";"5";"1";"7";"0";"0";"2";"0";"1";"0"
"15020";"78767402";"15020";"52";"1";"1";"7";"2";"0";"2";"1";"1";"0"
"15031";"78771106";"10854";"52";"3";"1";"7";"0";"0";"1";"0";"1";"0"
"15036";"78771108";"15036";"52";"3";"1";"7";"6";"0";"1";"1";"1";"0"
"15104";"78772304";"15104";"52";"1";"1";"1";"0";"0";"1";"0";"1";"0"
"15111";"78773201";"15111";"52";"1";"1";"7";"0";"0";"1";"0";"1";"0"
"15238";"78781402";"15238";"52";"1";"1";"7";"0";"0";"1";"0";"1";"0"
"15243";"78781505";"15243";"52";"1";"1";"7";"0";"0";"1";"0";"1";"0"
"15251";"78782205";"15251";"52";"3";"3";"2";"0";"1";"1";"0";"2";"0"
"15263";"78782205";"15263";"52";"3";"1";"1";"0";"0";"1";"0";"1";"0"
"15267";"78782205";"15267";"52";"1";"1";"7";"2";"1";"0";"1";"2";"0"
"15283";"78783309";"15283";"52";"1";"3";"1";"6";"1";"1";"0";"2";"0"
"15293";"78784105";"15293";"52";"1";"1";"7";"0";"0";"1";"0";"1";"0"
"15330";"78787410";"15330";"52";"1";"1";"7";"0";"0";"1";"0";"1";"0"
"15335";"78794503";"15335";"52";"5";"2";"1";"0";"0";"1";"0";"1";"0"
"15357";"78797213";"15357";"52";"3";"1";"7";"0";"0";"0";"0";"3";"0"
"15366";"78825403";"15366";"52";"1";"3";"2";"6";"0";"4";"0";"1";"0"
"15377";"78846102";"15377";"52";"2";"1";"7";"0";"0";"1";"0";"1";"0"
"15385";"78851503";"15385";"52";"1";"1";"7";"0";"1";"0";"0";"2";"0"
"15386";"78853103";"15386";"52";"3";"1";"7";"0";"0";"2";"0";"1";"0"
"15418";"79665503";"15418";"52";"1";"1";"7";"0";"0";"1";"0";"1";"0"
"15419";"79667303";"15419";"52";"3";"1";"7";"0";"1";"0";"0";"2";"0"
"15445";"79696407";"15445";"52";"1";"1";"7";"6";"1";"1";"1";"2";"0"
"15447";"79697202";"15447";"52";"3";"3";"1";"0";"0";"1";"0";"1";"0"
"15463";"79706205";"15463";"52";"3";"2";"1";"0";"0";"2";"0";"1";"0"
"15470";"79711309";"15470";"52";"3";"1";"7";"6";"0";"1";"0";"1";"0"
"15472";"79712202";"15472";"52";"1";"6";"6";"2";"0";"2";"0";"1";"0"
"15600";"79727403";"15600";"52";"3";"1";"7";"0";"1";"0";"1";"2";"0"
"15621";"79731406";"15621";"52";"1";"1";"7";"0";"0";"1";"0";"1";"0"
"15628";"79732302";"15628";"52";"1";"1";"7";"0";"0";"1";"0";"1";"0"
"15657";"79733202";"15657";"52";"1";"1";"6";"0";"0";"1";"0";"1";"0"
"15729";"79735201";"15729";"52";"3";"1";"7";"0";"0";"1";"0";"1";"0"
"15794";"79744202";"15794";"52";"3";"1";"7";"0";"0";"1";"0";"1";"0"
"15803";"79744406";"15803";"52";"1";"1";"7";"0";"0";"1";"0";"1";"0"
"15823";"79744502";"15823";"52";"3";"3";"2";"0";"0";"1";"0";"1";"0"
"15847";"79745402";"15847";"52";"3";"1";"7";"0";"0";"2";"0";"1";"0"
"15855";"79745405";"15855";"52";"1";"1";"7";"6";"0";"1";"2";"1";"0"
"15861";"79745406";"15861";"52";"5";"1";"7";"0";"0";"2";"0";"1";"0"
"15897";"79746403";"15897";"52";"3";"1";"7";"0";"0";"1";"0";"1";"0"
"15899";"79746403";"15899";"52";"1";"1";"7";"0";"0";"1";"0";"1";"0"
"16016";"79751504";"16016";"52";"1";"1";"7";"6";"0";"2";"2";"1";"0"
"16031";"79752301";"16031";"52";"1";"1";"7";"6";"0";"1";"2";"1";"0"
"16182";"79753204";"16182";"52";"3";"1";"7";"0";"0";"1";"0";"1";"0"
"16205";"79753502";"16205";"52";"3";"1";"2";"2";"0";"4";"0";"1";"0"
"16207";"79753502";"16207";"52";"1";"1";"7";"0";"0";"1";"0";"1";"0"
"16214";"79753502";"16214";"52";"5";"3";"1";"0";"0";"3";"2";"1";"0"
"16310";"79755102";"16310";"52";"1";"1";"2";"6";"0";"1";"1";"1";"0"
"16356";"79756108";"16356";"52";"5";"1";"7";"0";"0";"1";"0";"1";"0"
"16410";"79757301";"16410";"52";"1";"1";"7";"6";"0";"1";"2";"1";"0"
"16458";"79757508";"16458";"52";"3";"1";"7";"0";"0";"1";"0";"1";"0"
"16459";"79757509";"16459";"52";"1";"1";"7";"6";"0";"1";"1";"1";"0"
"16503";"79762103";"16503";"52";"3";"6";"6";"6";"0";"1";"2";"1";"0"
"16535";"79763402";"16535";"52";"5";"1";"7";"0";"0";"2";"0";"1";"0"
"16599";"79764401";"16599";"52";"5";"3";"1";"0";"0";"4";"0";"1";"0"
"16612";"79765301";"16612";"52";"3";"3";"1";"0";"0";"1";"0";"1";"0"
"16631";"79765502";"16631";"52";"3";"1";"7";"2";"0";"1";"1";"1";"0"
"16640";"79766103";"16640";"52";"2";"1";"7";"2";"1";"0";"1";"2";"0"
"16687";"79766506";"16687";"52";"3";"2";"1";"0";"0";"1";"0";"1";"0"
"16802";"79767301";"16802";"52";"3";"3";"1";"2";"1";"0";"3";"2";"0"
"16872";"79771405";"16872";"52";"3";"1";"7";"0";"0";"1";"0";"1";"0"
"16878";"79771405";"16878";"52";"3";"1";"7";"0";"1";"0";"0";"2";"0"
"16879";"79771405";"16879";"52";"1";"1";"7";"0";"1";"0";"0";"2";"0"
"16886";"79773505";"4874";"52";"3";"1";"1";"6";"0";"1";"2";"1";"0"
"16898";"79774523";"16898";"52";"1";"1";"7";"6";"0";"1";"1";"1";"0"
"16903";"79774523";"16903";"52";"1";"3";"2";"6";"0";"1";"2";"1";"0"
"16906";"79774523";"16906";"52";"3";"1";"7";"0";"0";"1";"0";"1";"0"
"16918";"79775519";"16918";"52";"1";"1";"6";"0";"0";"1";"1";"1";"0"
"16927";"79776103";"16927";"52";"1";"1";"7";"0";"0";"2";"0";"1";"0"
"16998";"79784112";"16998";"52";"3";"1";"1";"6";"0";"2";"4";"1";"0"
"17002";"79785208";"17002";"52";"3";"1";"7";"0";"0";"1";"0";"1";"0"
"17003";"79785401";"17003";"52";"1";"1";"7";"0";"0";"1";"0";"1";"0"
"17012";"79786305";"17012";"52";"3";"3";"2";"0";"0";"1";"0";"1";"0"
"17013";"79786305";"17013";"52";"1";"2";"2";"0";"0";"1";"0";"1";"0"
"17023";"79786404";"17023";"52";"3";"1";"7";"6";"0";"4";"0";"1";"0"
"17025";"79786416";"17025";"52";"1";"1";"7";"0";"0";"1";"0";"1";"0"
"17029";"79786521";"17029";"52";"1";"1";"7";"0";"0";"1";"0";"3";"0"
"17030";"79786521";"17030";"52";"3";"1";"7";"0";"0";"1";"1";"1";"0"
"17053";"79793111";"17053";"52";"1";"1";"7";"0";"0";"1";"0";"1";"0"
"17137";"79807401";"17137";"52";"1";"1";"7";"0";"0";"1";"0";"1";"0"
"17193";"79887504";"17193";"52";"1";"2";"1";"6";"2";"1";"0";"2";"0"
"17197";"79913206";"17197";"52";"3";"1";"1";"0";"2";"0";"0";"2";"0"
"17233";"80675304";"17233";"52";"2";"1";"7";"0";"3";"1";"1";"2";"0"
"17246";"80682505";"17246";"52";"3";"1";"7";"0";"0";"2";"2";"1";"0"
"17252";"80715505";"17252";"52";"2";"3";"2";"6";"0";"2";"1";"1";"0"
"17295";"80731210";"17295";"52";"3";"1";"7";"6";"1";"1";"0";"2";"0"
"17325";"80732506";"17325";"52";"1";"1";"7";"0";"0";"2";"1";"1";"0"
"17336";"80733501";"17336";"52";"5";"1";"7";"6";"0";"2";"1";"1";"0"
"17351";"80735309";"17351";"52";"2";"1";"4";"6";"1";"2";"0";"2";"0"
"17371";"80737103";"17371";"52";"3";"3";"2";"9";"0";"1";"0";"1";"0"
"17392";"80737402";"17392";"52";"1";"1";"7";"6";"0";"1";"1";"1";"0"
"17412";"80741201";"17412";"52";"1";"1";"7";"0";"0";"1";"0";"1";"0"
"17413";"80741304";"17413";"52";"1";"1";"7";"0";"0";"1";"0";"1";"0"
"17494";"80742202";"17494";"52";"3";"1";"7";"0";"0";"1";"1";"1";"0"
"17498";"80742202";"17498";"52";"3";"1";"7";"0";"0";"1";"0";"1";"0"
"17515";"80742314";"17515";"52";"3";"1";"7";"0";"1";"0";"0";"2";"0"
"17553";"80743302";"17553";"52";"3";"3";"2";"0";"0";"3";"0";"1";"0"
"17556";"80743302";"17556";"52";"1";"1";"7";"0";"0";"1";"0";"1";"0"
"17586";"80743501";"17586";"52";"1";"1";"7";"6";"0";"1";"0";"1";"0"
"17624";"80745507";"17624";"52";"1";"1";"7";"0";"1";"0";"0";"2";"0"
"17626";"80746201";"17626";"52";"1";"1";"7";"0";"0";"1";"0";"1";"0"
"17635";"80746405";"17635";"52";"3";"1";"7";"0";"0";"3";"0";"1";"0"
"17638";"80746405";"17638";"52";"3";"1";"7";"0";"0";"1";"0";"1";"0"
"17741";"80747403";"17741";"52";"1";"1";"7";"0";"0";"2";"0";"1";"0"
"17748";"80747406";"17748";"52";"1";"3";"1";"6";"0";"1";"1";"1";"0"
"17762";"80751106";"12689";"52";"1";"1";"7";"2";"0";"1";"1";"1";"0"
"17881";"80752417";"17881";"52";"3";"1";"7";"0";"0";"1";"1";"1";"0"
"17906";"80753105";"17906";"52";"3";"3";"1";"0";"0";"1";"0";"1";"0"
"17926";"80753308";"17926";"52";"1";"3";"1";"0";"0";"1";"0";"1";"0"
"17941";"80753505";"17941";"52";"3";"1";"7";"0";"0";"2";"0";"1";"0"
"17960";"80754103";"17960";"52";"1";"1";"7";"0";"0";"1";"0";"1";"0"
"17972";"80754201";"17972";"52";"1";"1";"7";"6";"0";"1";"1";"1";"0"
"17977";"80754202";"17977";"52";"1";"3";"1";"0";"0";"1";"0";"1";"0"
"18000";"80754210";"18000";"52";"3";"1";"2";"0";"0";"1";"2";"1";"0"
"18027";"80754409";"18027";"52";"1";"3";"2";"0";"0";"2";"0";"1";"0"
"18028";"80754409";"18028";"52";"1";"3";"2";"0";"0";"2";"0";"1";"0"
"18029";"80754410";"18029";"52";"1";"1";"7";"6";"0";"1";"2";"1";"0"
"18040";"80755301";"18040";"52";"1";"1";"7";"0";"0";"2";"1";"1";"0"
"18056";"80755406";"18056";"52";"3";"1";"2";"6";"0";"1";"0";"1";"0"
"18076";"80755501";"18076";"52";"3";"3";"2";"2";"0";"2";"1";"1";"0"
"18293";"80762210";"18293";"52";"5";"1";"7";"6";"0";"1";"1";"1";"0"
"18317";"80762405";"18317";"52";"3";"1";"2";"0";"0";"1";"0";"1";"0"
"18347";"80763406";"18347";"52";"3";"6";"2";"0";"0";"1";"0";"1";"0"
"18368";"80764106";"18368";"52";"3";"1";"7";"6";"0";"1";"2";"1";"0"
"18385";"80764202";"18385";"52";"3";"1";"7";"0";"3";"0";"0";"2";"0"
"18408";"80764302";"18408";"52";"1";"1";"7";"6";"0";"1";"1";"1";"0"
"18644";"80774504";"18644";"52";"3";"1";"2";"0";"0";"1";"0";"3";"0"
"18718";"80775401";"18718";"52";"5";"1";"7";"0";"0";"2";"0";"1";"0"
"18719";"80775522";"18719";"52";"1";"1";"7";"0";"0";"1";"0";"1";"0"
"18720";"80775522";"18720";"52";"1";"1";"1";"0";"0";"2";"0";"1";"0"