"accident_id";"lieu_id";"date_id";"cause_id";"lum_id";"intemp_id";"etat_surface_id";"impliq_id";"nb_blesses_graves";"nb_blesses_legers";"nb_indemnes";"gravite";"nb_morts"
"18746";"80776409";"18746";"52";"3";"3";"1";"0";"0";"1";"0";"1";"0"
"18747";"80777103";"18747";"52";"3";"1";"7";"6";"0";"1";"2";"1";"0"
"18752";"80777507";"18752";"52";"1";"1";"7";"6";"0";"1";"2";"1";"0"
"18771";"80782208";"18771";"52";"3";"2";"2";"0";"0";"1";"0";"1";"0"
"18772";"80782208";"18772";"52";"3";"1";"7";"0";"0";"1";"0";"1";"0"
"18774";"80782302";"18774";"52";"3";"1";"4";"0";"0";"1";"0";"1";"0"
"18797";"80783411";"18797";"52";"3";"1";"1";"0";"0";"0";"1";"0";"0"
"18840";"80785102";"18840";"52";"3";"1";"7";"0";"1";"0";"0";"2";"0"
"18841";"80785102";"18841";"52";"3";"1";"7";"0";"0";"1";"0";"1";"0"
"18850";"80785211";"18850";"52";"3";"1";"7";"0";"0";"2";"0";"1";"0"
"18853";"80785301";"18853";"52";"1";"1";"7";"0";"0";"1";"0";"1";"0"
"18877";"80786202";"18877";"52";"3";"1";"4";"0";"1";"0";"0";"2";"0"
"18955";"80795403";"18955";"52";"3";"3";"2";"7";"0";"2";"1";"1";"0"
"18972";"80796212";"18972";"52";"3";"3";"1";"6";"2";"1";"1";"2";"0"
"19096";"80807208";"19096";"52";"1";"1";"7";"6";"0";"1";"2";"1";"0"
"19103";"80812105";"19103";"52";"1";"3";"2";"6";"0";"1";"1";"1";"0"
"19137";"80875503";"19137";"52";"1";"3";"2";"0";"0";"1";"0";"1";"0"
"19149";"80881302";"19149";"52";"1";"6";"1";"6";"0";"1";"1";"1";"0"
"19150";"80881302";"19150";"52";"1";"3";"2";"6";"0";"1";"1";"1";"0"
"19152";"80885103";"19152";"52";"3";"6";"1";"0";"1";"0";"0";"2";"0"
"23955";"85813206";"23955";"52";"3";"6";"7";"0";"1";"3";"0";"2";"0"
"23956";"85813206";"23956";"52";"1";"1";"7";"0";"0";"1";"0";"1";"0"
"23959";"85813303";"23959";"52";"3";"1";"7";"0";"1";"0";"0";"2";"0"
"24074";"85815502";"24074";"52";"3";"3";"1";"0";"0";"2";"0";"1";"0"
"24177";"85822302";"24177";"52";"1";"1";"7";"6";"1";"0";"1";"2";"0"
"24341";"85825401";"24341";"52";"3";"1";"7";"2";"0";"1";"1";"1";"0"
"24462";"85827203";"515";"52";"3";"1";"7";"0";"0";"2";"0";"1";"0"
"24492";"85827403";"24492";"52";"3";"1";"7";"2";"1";"0";"1";"2";"0"
"24495";"85827405";"24495";"52";"3";"3";"1";"2";"0";"1";"3";"1";"0"
"24502";"85831105";"24502";"52";"3";"1";"7";"2";"0";"1";"1";"1";"0"
"24542";"85832105";"24542";"52";"3";"1";"2";"0";"0";"4";"0";"1";"0"
"24559";"85833208";"24559";"52";"1";"1";"7";"2";"0";"1";"1";"1";"0"
"24613";"85834104";"24613";"52";"3";"1";"7";"0";"0";"1";"1";"1";"0"
"24691";"85835109";"24691";"52";"1";"1";"7";"6";"0";"1";"1";"1";"0"
"24810";"85836401";"24810";"52";"1";"1";"7";"6";"0";"1";"0";"1";"0"
"24828";"85836508";"24828";"52";"2";"1";"7";"0";"0";"3";"0";"1";"0"
"24872";"85841405";"24872";"52";"3";"6";"4";"0";"0";"1";"1";"1";"0"
"24877";"85841406";"24877";"52";"1";"3";"1";"6";"0";"1";"1";"1";"0"
"24889";"85841408";"24889";"52";"1";"1";"4";"6";"0";"1";"1";"1";"0"
"24955";"85842212";"24955";"52";"1";"1";"7";"0";"0";"1";"0";"1";"0"
"24991";"85844209";"24991";"52";"5";"1";"7";"6";"0";"3";"1";"1";"0"
"24999";"85844414";"24999";"52";"1";"1";"1";"0";"0";"1";"0";"1";"0"
"25034";"85845301";"25034";"52";"3";"1";"7";"0";"0";"2";"1";"1";"0"
"25100";"85846506";"25100";"52";"3";"1";"1";"4";"0";"1";"2";"1";"0"
"25189";"85851401";"25189";"52";"1";"3";"1";"0";"0";"2";"0";"1";"0"
"25209";"85851403";"25209";"52";"1";"1";"7";"0";"0";"1";"1";"1";"0"
"25214";"85851403";"25214";"52";"1";"1";"7";"0";"0";"1";"0";"1";"0"
"25218";"85851406";"25218";"52";"3";"1";"7";"0";"0";"1";"0";"1";"0"
"25305";"85853202";"25305";"52";"3";"1";"2";"6";"0";"1";"2";"1";"0"
"25306";"85853202";"25306";"52";"1";"1";"7";"6";"0";"1";"1";"1";"0"
"25318";"85853405";"25318";"52";"3";"6";"7";"0";"0";"1";"0";"1";"0"
"25337";"85854106";"25337";"52";"4";"1";"7";"0";"0";"1";"0";"1";"0"
"25357";"85854302";"25357";"52";"1";"1";"7";"0";"0";"1";"0";"1";"0"
"25374";"85854402";"25374";"52";"1";"3";"1";"6";"0";"1";"1";"1";"0"
"25388";"85855503";"6028";"52";"3";"1";"1";"0";"0";"1";"0";"1";"0"
"25392";"85855503";"25392";"52";"3";"2";"4";"6";"0";"1";"1";"1";"0"
"25393";"85855503";"25393";"52";"1";"3";"1";"6";"0";"1";"1";"1";"0"
"25403";"85855504";"25403";"52";"1";"3";"1";"0";"0";"1";"0";"1";"0"
"25408";"85856303";"25408";"52";"1";"1";"7";"0";"0";"1";"0";"1";"0"
"25417";"85856306";"25417";"52";"1";"3";"1";"6";"1";"1";"1";"2";"0"
"25422";"85856405";"25422";"52";"3";"1";"2";"0";"1";"0";"0";"2";"0"
"25505";"85861304";"25505";"52";"3";"1";"7";"0";"0";"1";"0";"1";"0"
"25511";"85861502";"25511";"52";"3";"3";"1";"0";"0";"1";"0";"1";"0"
"25520";"85861505";"25520";"52";"1";"1";"7";"6";"0";"1";"1";"1";"0"
"25546";"85862103";"25546";"52";"3";"1";"1";"0";"0";"1";"0";"1";"0"
"25630";"85864201";"25630";"52";"3";"1";"7";"0";"0";"2";"0";"1";"0"
"25696";"85865306";"25696";"52";"1";"1";"7";"0";"0";"2";"1";"1";"0"
"25729";"85865505";"25729";"52";"2";"1";"7";"0";"1";"0";"0";"2";"0"
"25757";"85867202";"25757";"52";"1";"1";"1";"7";"1";"0";"1";"2";"0"
"25782";"85871202";"25782";"52";"1";"1";"7";"2";"1";"0";"1";"2";"0"
"25803";"85871208";"25803";"52";"1";"1";"7";"0";"0";"1";"0";"1";"0"
"25828";"85872304";"25828";"52";"2";"1";"7";"6";"0";"1";"2";"1";"0"
"25837";"85872401";"25837";"52";"1";"1";"7";"0";"0";"1";"0";"1";"0"
"26005";"85877102";"26005";"52";"1";"1";"7";"7";"0";"1";"1";"1";"0"
"26042";"85882102";"26042";"52";"1";"1";"7";"4";"0";"1";"1";"1";"0"
"26055";"85882104";"26055";"52";"3";"1";"7";"0";"0";"1";"0";"1";"0"
"26081";"85884110";"26081";"52";"3";"1";"1";"0";"0";"5";"0";"1";"0"
"26113";"85887504";"26113";"52";"3";"1";"7";"0";"0";"2";"0";"1";"0"
"26119";"85887504";"26119";"52";"3";"3";"1";"0";"2";"3";"0";"2";"0"
"26156";"85901304";"26156";"52";"3";"1";"1";"0";"0";"0";"1";"0";"0"
"26162";"86701301";"26162";"52";"3";"6";"2";"6";"3";"6";"3";"2";"0"
"26163";"86701301";"26163";"52";"1";"6";"1";"0";"1";"1";"1";"2";"0"
"26165";"86701301";"26165";"52";"1";"1";"2";"6";"0";"4";"0";"1";"0"
"26166";"86701301";"26166";"52";"1";"3";"1";"6";"0";"2";"0";"1";"0"
"26168";"86701301";"26168";"52";"1";"1";"1";"6";"0";"1";"1";"1";"0"
"26170";"86702205";"26170";"52";"3";"1";"7";"0";"0";"0";"0";"3";"0"
"26215";"86786103";"26215";"52";"1";"1";"7";"0";"0";"1";"0";"1";"0"
"26219";"86792506";"26219";"52";"2";"3";"4";"2";"1";"0";"1";"2";"0"
"26269";"86797508";"26269";"52";"1";"1";"7";"0";"0";"2";"0";"1";"0"
"26335";"86803403";"26335";"52";"3";"1";"4";"0";"0";"2";"0";"1";"0"
"26337";"86803403";"26337";"52";"1";"1";"7";"0";"0";"1";"1";"1";"0"
"26341";"86803403";"26341";"52";"3";"1";"7";"0";"0";"2";"0";"1";"0"
"26429";"86805201";"26429";"52";"1";"1";"7";"6";"0";"1";"1";"1";"0"
"26478";"86806501";"26478";"52";"3";"1";"7";"0";"0";"1";"5";"1";"0"
"27312";"86825101";"27312";"52";"1";"1";"7";"0";"0";"1";"0";"1";"0"
"27373";"86825506";"27373";"52";"3";"1";"7";"0";"0";"0";"1";"3";"0"
"27379";"86825506";"27379";"52";"3";"1";"7";"0";"0";"2";"0";"1";"0"
"27420";"86826201";"27420";"52";"3";"1";"7";"0";"0";"1";"0";"1";"0"
"27606";"86832206";"27606";"52";"3";"3";"4";"6";"0";"2";"4";"1";"0"
"27636";"86832407";"27636";"52";"1";"1";"7";"6";"0";"1";"0";"1";"0"
"27687";"86833305";"27687";"52";"3";"3";"1";"0";"0";"2";"0";"1";"0"
"27710";"86833408";"27710";"52";"3";"1";"7";"6";"0";"4";"1";"1";"0"
"28041";"86843502";"28041";"52";"1";"3";"2";"6";"0";"2";"0";"1";"0"
"28092";"86844406";"28092";"52";"1";"3";"2";"0";"0";"1";"0";"1";"0"
"28205";"86851105";"28205";"52";"3";"1";"7";"0";"0";"1";"0";"1";"0"
"28214";"86851203";"28214";"52";"3";"1";"1";"0";"0";"2";"0";"1";"0"
"28218";"86851206";"28218";"52";"3";"1";"7";"6";"0";"1";"1";"1";"0"
"28252";"86853212";"28252";"52";"3";"1";"7";"6";"0";"1";"1";"1";"0"
"28304";"86857110";"28304";"52";"1";"1";"7";"0";"1";"0";"0";"2";"0"
"28398";"86863401";"28398";"52";"2";"1";"7";"0";"0";"1";"0";"1";"0"
"28418";"86865310";"28418";"52";"1";"1";"7";"2";"0";"2";"1";"1";"0"
"28436";"86871205";"28436";"52";"1";"1";"7";"0";"1";"1";"0";"2";"0"
"28443";"86871303";"28443";"52";"1";"3";"2";"0";"0";"1";"1";"1";"0"
"28474";"86872303";"28474";"52";"1";"1";"7";"9";"1";"2";"1";"2";"0"
"28496";"86873203";"28496";"52";"1";"1";"7";"0";"0";"1";"0";"1";"0"
"28499";"86873203";"28499";"52";"3";"3";"1";"0";"0";"1";"0";"1";"0"
"28519";"86874403";"28519";"52";"1";"1";"7";"8";"1";"0";"1";"2";"0"
"28545";"86876308";"28545";"52";"1";"1";"7";"6";"0";"2";"0";"1";"0"
"28547";"86876409";"28547";"52";"3";"3";"2";"0";"1";"0";"2";"2";"0"
"28552";"86876503";"28552";"52";"1";"3";"1";"2";"0";"1";"1";"1";"0"
"28565";"86881501";"28565";"52";"1";"1";"7";"0";"0";"2";"0";"1";"0"
"28578";"86883201";"28578";"52";"3";"4";"4";"0";"0";"1";"0";"1";"0"
"28631";"87793505";"28631";"52";"1";"1";"7";"0";"1";"0";"0";"2";"0"
"28681";"87802207";"28681";"52";"3";"1";"4";"0";"0";"1";"0";"1";"0"
"28831";"87807401";"28831";"52";"3";"3";"1";"0";"0";"1";"0";"1";"0"
"28875";"87811202";"28875";"52";"3";"1";"7";"0";"0";"1";"2";"1";"0"
"29077";"87815109";"29077";"52";"3";"3";"4";"0";"0";"1";"0";"1";"0"
"29084";"87817316";"29084";"52";"1";"1";"7";"7";"0";"1";"2";"3";"1"
"29236";"87826101";"29236";"52";"1";"1";"7";"0";"0";"1";"2";"1";"0"
"29273";"87831201";"29273";"52";"1";"3";"2";"7";"0";"0";"1";"3";"0"
"29284";"87832501";"29284";"52";"2";"1";"7";"0";"0";"1";"1";"1";"0"
"29307";"87834207";"29307";"52";"2";"1";"7";"0";"0";"1";"0";"1";"0"
"29391";"87837506";"29391";"52";"3";"1";"1";"6";"0";"1";"3";"1";"0"
"29403";"87841210";"29403";"52";"3";"1";"7";"0";"3";"0";"0";"2";"0"
"29454";"87845206";"29454";"52";"1";"1";"7";"2";"0";"1";"1";"1";"0"
"29459";"87846107";"29459";"52";"3";"1";"3";"3";"0";"1";"1";"1";"0"
"29537";"88795321";"29537";"52";"1";"1";"7";"0";"0";"1";"0";"1";"0"
"29559";"88801413";"29559";"52";"3";"1";"7";"6";"0";"1";"1";"1";"0"
"29574";"88804504";"29574";"52";"1";"1";"7";"0";"0";"1";"0";"1";"0"
"29577";"88804504";"29577";"52";"1";"1";"7";"0";"0";"1";"0";"1";"0"
"29583";"88813416";"29583";"52";"5";"1";"7";"0";"0";"2";"1";"1";"0"
"29643";"88833406";"29643";"52";"3";"1";"7";"0";"0";"1";"0";"1";"0"
"29648";"88835502";"29648";"52";"3";"4";"3";"2";"0";"1";"1";"1";"0"
"29678";"88842302";"29678";"52";"3";"1";"1";"6";"0";"2";"1";"1";"0"
"29688";"88843301";"29688";"52";"3";"3";"1";"0";"0";"3";"2";"1";"0"
"29718";"88844404";"27976";"52";"3";"1";"7";"6";"0";"1";"0";"1";"0"
"29728";"88846302";"29728";"52";"1";"1";"7";"2";"0";"2";"1";"1";"0"
"29743";"89761304";"29743";"52";"1";"1";"7";"0";"0";"1";"0";"1";"0"
"29764";"89813504";"29764";"52";"1";"1";"7";"0";"0";"1";"0";"1";"0"
"29805";"89842218";"29805";"52";"3";"1";"7";"0";"0";"2";"1";"1";"0"
"101";"632";"101";"52";"3";"1";"7";"0";"0";"1";"0";"1";"0"
"102";"633";"102";"52";"3";"1";"7";"6";"0";"4";"1";"1";"0"
"103";"633";"103";"52";"3";"1";"7";"6";"0";"4";"1";"1";"0"
"107";"633";"107";"52";"3";"1";"7";"0";"1";"1";"0";"2";"0"
"108";"633";"108";"52";"3";"1";"7";"0";"1";"1";"0";"2";"0"
"109";"633";"109";"52";"3";"1";"7";"0";"3";"0";"0";"2";"0"
"110";"633";"110";"52";"3";"3";"1";"0";"0";"1";"0";"3";"0"
"111";"633";"111";"52";"3";"1";"7";"0";"1";"0";"0";"2";"0"
"112";"633";"112";"52";"4";"1";"7";"0";"0";"1";"0";"1";"0"
"113";"633";"113";"52";"1";"1";"1";"0";"0";"0";"0";"3";"0"
"114";"633";"114";"52";"3";"1";"7";"0";"0";"0";"0";"3";"0"
"115";"633";"115";"52";"3";"3";"2";"6";"0";"2";"3";"1";"0"
"116";"633";"116";"52";"3";"3";"2";"0";"0";"0";"0";"3";"0"
"117";"633";"117";"52";"1";"3";"2";"0";"0";"1";"0";"1";"0"
"118";"633";"118";"52";"3";"1";"2";"0";"1";"0";"0";"2";"0"
"142";"704";"142";"52";"3";"3";"2";"4";"0";"1";"1";"1";"0"
"150";"771";"150";"52";"1";"2";"2";"6";"0";"1";"1";"1";"0"
"151";"771";"151";"52";"1";"2";"1";"2";"1";"3";"1";"2";"0"
"154";"776";"154";"52";"1";"1";"7";"3";"0";"2";"1";"1";"0"
"155";"792";"155";"52";"3";"1";"7";"0";"2";"0";"0";"2";"0"
"158";"792";"158";"52";"3";"1";"7";"0";"1";"2";"0";"2";"0"
"160";"794";"160";"52";"3";"3";"2";"0";"0";"2";"1";"1";"0"
"162";"796";"162";"52";"2";"1";"2";"0";"0";"2";"1";"1";"0"
"163";"796";"163";"52";"3";"1";"2";"6";"1";"0";"1";"2";"0"
"165";"796";"165";"52";"3";"1";"7";"0";"0";"2";"0";"1";"0"
"168";"796";"168";"52";"1";"1";"1";"6";"0";"1";"1";"1";"0"
"175";"816";"175";"52";"3";"3";"1";"0";"0";"1";"0";"1";"0"
"180";"833";"180";"52";"1";"1";"7";"6";"0";"1";"0";"1";"0"
"181";"833";"181";"52";"1";"1";"7";"6";"1";"0";"1";"2";"0"
"205";"848";"205";"52";"3";"4";"3";"6";"1";"2";"0";"2";"0"
"212";"849";"212";"52";"1";"4";"4";"6";"0";"3";"2";"1";"0"
"221";"884";"221";"52";"1";"1";"7";"2";"1";"2";"0";"2";"0"
"229";"889";"229";"52";"3";"1";"7";"6";"1";"0";"2";"2";"0"
"234";"910";"234";"52";"3";"1";"7";"6";"1";"0";"1";"2";"0"
"245";"938";"245";"52";"1";"3";"1";"2";"0";"1";"1";"1";"0"
"246";"938";"246";"52";"1";"1";"2";"6";"0";"2";"1";"1";"0"
"248";"947";"248";"52";"5";"1";"7";"0";"0";"2";"0";"1";"0"
"249";"947";"249";"52";"2";"2";"1";"6";"0";"2";"2";"1";"0"
"250";"947";"250";"52";"2";"2";"2";"6";"0";"2";"1";"1";"0"
"271";"1056";"271";"52";"2";"1";"7";"6";"0";"2";"1";"1";"0"
"284";"1114";"284";"52";"1";"1";"7";"0";"0";"4";"0";"1";"0"
"286";"1114";"286";"52";"1";"2";"2";"0";"1";"0";"0";"2";"0"
"287";"1114";"287";"52";"3";"1";"7";"0";"0";"1";"0";"1";"0"
"288";"1117";"288";"52";"1";"1";"7";"5";"1";"1";"1";"2";"0"
"292";"1123";"292";"52";"2";"1";"4";"6";"0";"1";"1";"1";"0"
"295";"1130";"295";"52";"1";"3";"2";"0";"0";"1";"1";"1";"0"
"296";"1158";"296";"52";"1";"1";"7";"6";"0";"2";"0";"1";"0"
"299";"1200";"299";"52";"1";"3";"2";"0";"0";"2";"0";"1";"0"
"309";"1236";"309";"52";"3";"1";"2";"0";"0";"0";"0";"3";"0"
"319";"1320";"319";"52";"2";"1";"7";"6";"0";"1";"1";"1";"0"
"336";"1374";"336";"52";"3";"3";"1";"0";"1";"2";"0";"2";"0"
"338";"1374";"338";"52";"3";"1";"2";"0";"0";"1";"0";"1";"0"
"341";"1379";"341";"52";"3";"1";"7";"6";"1";"1";"1";"2";"0"
"343";"1379";"343";"52";"1";"1";"7";"6";"0";"1";"1";"1";"0"
"345";"1380";"345";"52";"1";"1";"7";"6";"1";"0";"1";"2";"0"
"346";"1380";"346";"52";"1";"1";"7";"0";"0";"1";"1";"1";"0"
"366";"1456";"366";"52";"1";"1";"1";"6";"0";"1";"1";"1";"0"
"367";"1456";"367";"52";"3";"1";"7";"0";"0";"2";"0";"1";"0"
"384";"1502";"384";"52";"3";"1";"7";"2";"1";"1";"0";"2";"0"
"406";"1693";"406";"52";"1";"1";"2";"0";"0";"1";"0";"1";"0"
"409";"1823";"409";"52";"3";"1";"2";"0";"0";"1";"0";"1";"0"
"431";"2137";"431";"52";"2";"3";"1";"0";"0";"2";"1";"1";"0"
"432";"2151";"432";"52";"3";"4";"3";"6";"1";"3";"1";"2";"0"
"433";"2151";"433";"52";"1";"1";"7";"6";"1";"2";"1";"2";"0"
"436";"2184";"436";"52";"1";"1";"7";"0";"0";"1";"0";"1";"0"
"441";"2213";"441";"52";"1";"1";"7";"6";"0";"2";"0";"1";"0"
"452";"3378";"452";"52";"3";"4";"3";"6";"0";"1";"1";"1";"0"
"453";"3378";"453";"52";"3";"1";"7";"3";"0";"1";"1";"1";"0"
"456";"3378";"456";"52";"1";"1";"7";"6";"0";"3";"0";"1";"0"
"460";"3400";"460";"52";"3";"1";"7";"6";"0";"2";"1";"1";"0"
"474";"3487";"474";"52";"3";"1";"7";"0";"1";"0";"0";"2";"0"
"480";"3512";"480";"52";"1";"1";"7";"6";"1";"0";"2";"2";"0"
"482";"3514";"482";"52";"3";"1";"7";"6";"1";"1";"0";"3";"0"
"487";"3530";"487";"52";"3";"1";"7";"0";"1";"0";"0";"2";"0"
"495";"3534";"495";"52";"3";"1";"7";"6";"0";"2";"0";"1";"0"
"497";"3547";"497";"52";"1";"1";"7";"6";"1";"0";"2";"2";"0"
"498";"3550";"498";"52";"3";"1";"7";"0";"1";"1";"0";"2";"0"
"511";"3585";"511";"52";"1";"1";"7";"0";"2";"2";"0";"2";"0"
"516";"3592";"516";"52";"1";"1";"7";"2";"0";"1";"1";"3";"0"
"520";"3617";"520";"52";"1";"1";"7";"0";"1";"0";"0";"2";"0"
"521";"3617";"521";"52";"1";"1";"7";"0";"0";"1";"0";"1";"0"
"532";"3620";"532";"52";"3";"1";"7";"6";"1";"0";"0";"2";"0"
"544";"3654";"544";"52";"2";"1";"4";"0";"2";"1";"0";"2";"0"
"546";"3654";"546";"52";"1";"1";"7";"6";"0";"5";"0";"1";"0"
"599";"3931";"599";"52";"1";"1";"7";"0";"1";"0";"0";"2";"0"
"603";"4017";"603";"52";"1";"1";"7";"0";"1";"0";"0";"2";"0"
"605";"4018";"605";"52";"1";"1";"7";"0";"1";"0";"0";"2";"0"
"616";"4607";"616";"52";"3";"3";"1";"0";"1";"0";"0";"2";"0"
"622";"4728";"622";"52";"5";"1";"1";"0";"1";"1";"0";"2";"0"
"629";"4857";"629";"52";"5";"1";"1";"0";"1";"1";"1";"2";"0"
"631";"4859";"631";"52";"1";"1";"2";"6";"0";"1";"0";"3";"0"
"633";"4859";"633";"52";"2";"1";"4";"6";"0";"1";"0";"1";"0"
"634";"4859";"634";"52";"5";"3";"1";"0";"2";"1";"1";"2";"0"
"635";"4861";"635";"52";"1";"6";"1";"0";"0";"0";"0";"3";"0"
"641";"4880";"641";"52";"1";"1";"7";"0";"1";"0";"0";"2";"0"
"643";"4880";"643";"52";"3";"1";"7";"0";"0";"0";"0";"3";"0"
"644";"4880";"644";"52";"1";"1";"7";"0";"0";"2";"0";"1";"0"
"645";"4880";"645";"52";"1";"1";"7";"0";"1";"2";"0";"2";"0"
"648";"4880";"648";"52";"3";"3";"1";"0";"0";"1";"1";"1";"0"
"650";"4886";"650";"52";"1";"3";"1";"7";"1";"0";"1";"2";"0"
"668";"5514";"668";"52";"1";"1";"7";"6";"0";"1";"1";"1";"0"
"680";"5542";"680";"52";"3";"1";"7";"0";"1";"0";"0";"2";"0"
"681";"5544";"681";"52";"1";"1";"7";"0";"0";"1";"3";"1";"0"
"682";"5585";"682";"52";"1";"1";"1";"4";"0";"1";"1";"1";"0"
"685";"5605";"685";"52";"1";"2";"2";"6";"0";"1";"1";"1";"0"
"690";"6285";"690";"52";"5";"3";"2";"0";"1";"3";"0";"2";"0"
"693";"6288";"693";"52";"5";"1";"1";"0";"1";"0";"0";"3";"0"
"696";"6293";"696";"52";"5";"1";"7";"0";"1";"0";"0";"2";"0"
"701";"6926";"701";"52";"5";"1";"7";"0";"0";"1";"0";"1";"0"
"702";"6926";"702";"52";"5";"1";"7";"0";"0";"1";"0";"1";"0"
"704";"6958";"704";"52";"5";"3";"1";"0";"1";"0";"0";"2";"0"
"708";"6963";"708";"52";"3";"2";"1";"6";"0";"5";"0";"1";"0"
"712";"6998";"712";"52";"1";"1";"7";"0";"1";"0";"0";"2";"0"
"713";"6998";"713";"52";"2";"6";"1";"6";"1";"0";"1";"2";"0"
"714";"6998";"714";"52";"1";"1";"7";"6";"0";"3";"1";"1";"0"
"715";"6999";"715";"52";"1";"1";"4";"6";"0";"2";"0";"1";"0"
"717";"7055";"717";"52";"3";"3";"2";"0";"0";"2";"0";"1";"0"
"718";"7067";"718";"52";"1";"1";"7";"0";"0";"1";"0";"1";"0"
"720";"7067";"720";"52";"3";"1";"7";"6";"0";"5";"0";"1";"0"
"721";"7067";"721";"52";"3";"3";"1";"0";"0";"1";"0";"1";"0"
"723";"7067";"723";"52";"1";"1";"1";"6";"0";"1";"0";"1";"0"
"735";"7096";"735";"52";"1";"1";"7";"6";"0";"1";"1";"1";"0"
"739";"7103";"739";"52";"3";"1";"7";"0";"0";"1";"0";"1";"0"
"745";"7123";"745";"52";"1";"1";"7";"0";"1";"0";"0";"2";"0"
"747";"7124";"747";"52";"3";"3";"1";"0";"0";"1";"1";"1";"0"
"748";"7124";"748";"52";"3";"1";"7";"0";"0";"1";"0";"1";"0"
"749";"7125";"749";"52";"3";"1";"7";"0";"0";"2";"0";"1";"0"
"755";"7172";"755";"52";"3";"1";"1";"0";"2";"0";"0";"3";"0"
"756";"7172";"756";"52";"1";"1";"1";"6";"2";"0";"0";"2";"0"
"757";"7173";"757";"52";"3";"3";"1";"0";"1";"0";"0";"2";"0"
"758";"7173";"758";"52";"2";"1";"7";"6";"2";"1";"0";"2";"0"
"760";"7174";"760";"52";"2";"1";"7";"6";"0";"5";"0";"1";"0"
"761";"7175";"761";"52";"3";"1";"7";"0";"2";"0";"0";"2";"0"
"762";"7175";"762";"52";"1";"1";"7";"0";"0";"1";"0";"1";"0"
"763";"7177";"763";"52";"1";"1";"7";"0";"1";"2";"0";"2";"0"
"764";"7178";"764";"52";"3";"1";"7";"0";"1";"0";"0";"2";"0"
"765";"7179";"765";"52";"3";"1";"5";"6";"0";"2";"1";"1";"0"
"767";"7179";"767";"52";"2";"1";"7";"6";"0";"1";"1";"1";"0"
"769";"7179";"769";"52";"1";"1";"7";"0";"1";"0";"0";"2";"0"
"770";"7179";"770";"52";"1";"1";"1";"0";"1";"0";"0";"2";"0"
"771";"7179";"771";"52";"1";"3";"1";"0";"0";"1";"0";"1";"0"
"772";"7179";"772";"52";"1";"3";"1";"6";"0";"2";"0";"1";"0"
"774";"7179";"774";"52";"1";"3";"1";"0";"0";"1";"1";"1";"0"
"778";"7195";"778";"52";"2";"1";"5";"0";"1";"0";"0";"2";"0"
"781";"7230";"781";"52";"1";"1";"7";"0";"0";"2";"0";"1";"0"
"783";"7230";"783";"52";"1";"1";"7";"0";"1";"0";"0";"2";"0"
"784";"7230";"784";"52";"1";"3";"1";"6";"1";"6";"0";"3";"1"
"786";"7231";"786";"52";"1";"1";"7";"3";"0";"1";"1";"1";"0"
"792";"7540";"792";"52";"1";"1";"7";"6";"0";"1";"2";"1";"0"
"798";"7646";"798";"52";"3";"1";"7";"0";"1";"1";"0";"2";"0"
"811";"7689";"811";"52";"1";"1";"7";"0";"0";"2";"0";"1";"0"
"812";"7690";"812";"52";"1";"1";"7";"0";"1";"1";"1";"2";"0"
"813";"7690";"813";"52";"1";"1";"7";"6";"0";"2";"1";"1";"0"
"814";"7690";"814";"52";"5";"1";"7";"0";"0";"0";"0";"3";"0"
"822";"8191";"822";"52";"1";"1";"7";"0";"0";"2";"0";"1";"0"
"823";"8207";"823";"52";"1";"1";"7";"0";"0";"4";"0";"1";"0"
"824";"8213";"824";"52";"1";"1";"1";"6";"0";"1";"0";"1";"0"
"829";"8235";"829";"52";"1";"1";"7";"0";"1";"0";"0";"2";"0"
"831";"8235";"831";"52";"1";"1";"7";"6";"0";"2";"3";"1";"0"
"833";"8235";"833";"52";"1";"1";"7";"6";"0";"1";"1";"1";"0"
"840";"8245";"840";"52";"3";"1";"4";"4";"0";"0";"1";"3";"0"
"841";"8245";"841";"52";"1";"1";"4";"0";"1";"0";"0";"2";"0"
"842";"8245";"842";"52";"1";"4";"3";"8";"0";"1";"1";"1";"0"
"843";"8245";"843";"52";"1";"1";"4";"0";"0";"1";"0";"1";"0"
"845";"8246";"845";"52";"1";"3";"1";"4";"0";"0";"1";"3";"0"
"846";"8246";"846";"52";"1";"1";"7";"0";"0";"1";"2";"1";"0"
"848";"8248";"848";"52";"3";"1";"7";"0";"2";"2";"0";"2";"0"
"853";"8250";"853";"52";"3";"1";"7";"0";"1";"0";"0";"2";"0"
"861";"8298";"861";"52";"1";"3";"2";"2";"0";"1";"1";"1";"0"
"863";"8299";"863";"52";"1";"1";"7";"6";"1";"0";"1";"2";"0"
"868";"8301";"868";"52";"1";"1";"7";"0";"0";"2";"0";"1";"0"
"883";"8989";"883";"52";"1";"4";"3";"0";"0";"0";"0";"3";"0"
"898";"9675";"898";"52";"3";"1";"7";"6";"0";"2";"1";"3";"0"
"902";"9680";"902";"52";"1";"1";"7";"6";"0";"1";"2";"1";"0"
"903";"9680";"903";"52";"1";"1";"1";"6";"1";"0";"0";"3";"0"
"914";"10438";"914";"52";"3";"1";"7";"6";"0";"1";"1";"1";"0"
"915";"10438";"915";"52";"1";"1";"7";"6";"2";"0";"0";"2";"0"
"916";"10439";"916";"52";"1";"1";"5";"6";"1";"4";"0";"2";"0"
"917";"10439";"917";"52";"1";"3";"1";"6";"0";"1";"2";"1";"0"
"929";"10462";"929";"52";"3";"1";"7";"0";"1";"0";"1";"2";"0"
"938";"10470";"938";"52";"1";"1";"7";"0";"1";"0";"0";"2";"0"
"946";"10475";"946";"52";"1";"1";"7";"0";"0";"1";"0";"1";"0"