"accident_id";"lieu_id";"date_id";"cause_id";"lum_id";"intemp_id";"etat_surface_id";"impliq_id";"nb_blesses_graves";"nb_blesses_legers";"nb_indemnes";"gravite";"nb_morts"
"951";"10487";"951";"52";"1";"1";"7";"2";"0";"1";"1";"1";"0"
"962";"10541";"962";"52";"3";"1";"7";"0";"0";"1";"0";"3";"0"
"975";"11311";"975";"52";"5";"1";"7";"6";"0";"0";"2";"3";"0"
"976";"11311";"976";"52";"1";"1";"7";"0";"0";"1";"0";"1";"0"
"981";"12019";"981";"52";"3";"1";"7";"0";"0";"0";"0";"3";"0"
"983";"12021";"983";"52";"1";"3";"1";"6";"0";"1";"1";"1";"0"
"987";"12022";"987";"52";"3";"7";"1";"0";"0";"2";"0";"1";"0"
"988";"12023";"988";"52";"3";"3";"1";"0";"0";"0";"0";"3";"0"
"995";"12081";"995";"52";"3";"1";"7";"0";"1";"0";"0";"2";"0"
"997";"12113";"997";"52";"3";"3";"2";"7";"0";"1";"1";"1";"0"
"998";"12114";"998";"52";"3";"1";"7";"0";"0";"2";"0";"1";"0"
"1000";"12154";"1000";"52";"1";"3";"1";"0";"0";"2";"0";"1";"0"
"1001";"12156";"1001";"52";"1";"1";"4";"6";"1";"0";"1";"2";"0"
"1004";"12156";"1004";"52";"1";"1";"7";"0";"0";"3";"0";"1";"0"
"1006";"12170";"1006";"52";"1";"1";"7";"0";"0";"3";"0";"1";"0"
"1013";"12206";"1013";"52";"1";"7";"2";"0";"1";"0";"0";"2";"0"
"1014";"12207";"1014";"52";"1";"1";"7";"0";"0";"1";"0";"1";"0"
"1017";"12207";"1017";"52";"1";"2";"1";"6";"1";"0";"1";"3";"0"
"1022";"12220";"1022";"52";"1";"7";"7";"6";"0";"4";"4";"1";"0"
"1030";"12303";"1030";"52";"1";"1";"4";"0";"0";"1";"0";"1";"0"
"1038";"12349";"1038";"52";"1";"1";"7";"6";"0";"1";"1";"1";"0"
"1041";"12369";"1041";"52";"1";"1";"7";"0";"0";"2";"0";"1";"0"
"1043";"12383";"1043";"52";"3";"1";"7";"0";"1";"1";"0";"2";"0"
"1047";"12389";"1047";"52";"3";"7";"2";"6";"0";"0";"1";"3";"0"
"1048";"12389";"1048";"52";"3";"4";"3";"0";"1";"0";"0";"2";"0"
"1049";"12390";"1049";"52";"3";"1";"4";"6";"1";"0";"1";"2";"0"
"1050";"12390";"1050";"52";"3";"1";"1";"0";"0";"2";"0";"1";"0"
"1052";"12433";"1052";"52";"3";"3";"2";"0";"1";"0";"0";"2";"0"
"1056";"12511";"1056";"52";"1";"1";"7";"0";"1";"0";"0";"2";"0"
"1058";"12563";"1058";"52";"2";"1";"7";"6";"2";"1";"0";"3";"0"
"1061";"12564";"1061";"52";"3";"1";"7";"0";"3";"0";"0";"2";"0"
"1063";"12565";"1063";"52";"3";"3";"1";"0";"0";"1";"0";"1";"0"
"1064";"12566";"1064";"52";"3";"1";"1";"6";"1";"0";"1";"3";"0"
"1066";"12591";"1066";"52";"2";"3";"1";"0";"0";"2";"0";"1";"0"
"1068";"12592";"1068";"52";"3";"7";"1";"0";"0";"1";"0";"1";"0"
"1069";"12592";"1069";"52";"2";"1";"7";"0";"0";"1";"0";"1";"0"
"1070";"12593";"1070";"52";"3";"1";"7";"0";"0";"2";"0";"1";"0"
"1071";"12595";"1071";"52";"1";"1";"7";"0";"0";"1";"0";"1";"0"
"1072";"12595";"1072";"52";"1";"3";"1";"6";"0";"3";"0";"1";"0"
"1073";"13108";"1073";"52";"3";"1";"7";"6";"0";"1";"1";"1";"0"
"1075";"13129";"1075";"52";"3";"1";"7";"0";"0";"1";"0";"1";"0"
"1089";"13134";"1089";"52";"2";"1";"7";"6";"0";"3";"0";"1";"0"
"1095";"13177";"1095";"52";"1";"1";"7";"7";"0";"1";"1";"1";"0"
"1096";"13177";"1096";"52";"1";"1";"7";"0";"0";"1";"0";"1";"0"
"1111";"13296";"1111";"52";"3";"3";"2";"6";"0";"1";"1";"1";"0"
"1117";"13312";"1117";"52";"3";"3";"2";"6";"1";"1";"0";"2";"0"
"1121";"13312";"1121";"52";"1";"3";"1";"0";"0";"1";"1";"1";"0"
"1122";"13312";"1122";"52";"1";"1";"7";"6";"0";"1";"2";"1";"0"
"1130";"13314";"1130";"52";"3";"3";"1";"0";"0";"1";"0";"1";"0"
"1135";"13334";"1135";"52";"1";"1";"7";"7";"1";"0";"1";"2";"0"
"1147";"13339";"1147";"52";"1";"3";"1";"6";"0";"1";"1";"1";"0"
"1148";"13341";"1148";"52";"1";"1";"7";"7";"0";"1";"1";"1";"0"
"1151";"13345";"1151";"52";"1";"1";"7";"6";"0";"1";"1";"1";"0"
"1158";"13373";"1158";"52";"3";"1";"2";"6";"0";"2";"1";"1";"0"
"1159";"13374";"1159";"52";"1";"3";"1";"6";"0";"1";"2";"1";"0"
"1172";"13422";"1172";"52";"3";"1";"7";"6";"0";"1";"0";"1";"0"
"1191";"13429";"1191";"52";"3";"1";"7";"6";"0";"1";"1";"1";"0"
"1198";"13430";"1198";"52";"3";"1";"7";"0";"0";"1";"1";"1";"0"
"1208";"13433";"1208";"52";"3";"1";"4";"2";"1";"0";"3";"2";"0"
"1242";"13607";"1242";"52";"2";"1";"7";"0";"0";"1";"1";"1";"0"
"1269";"13673";"1269";"52";"1";"1";"2";"0";"0";"3";"0";"1";"0"
"1297";"14399";"1297";"52";"1";"1";"7";"0";"0";"0";"0";"3";"0"
"1298";"14399";"1298";"52";"1";"1";"7";"6";"1";"0";"2";"2";"0"
"1299";"14399";"1299";"52";"1";"3";"1";"3";"0";"1";"1";"1";"0"
"1300";"14399";"1300";"52";"5";"7";"1";"0";"1";"3";"0";"2";"0"
"1301";"14399";"1301";"52";"1";"2";"1";"0";"0";"2";"3";"1";"0"
"1302";"14399";"1302";"52";"2";"3";"1";"0";"0";"0";"0";"3";"0"
"1303";"14399";"1303";"52";"1";"1";"1";"0";"0";"0";"0";"3";"0"
"1305";"14427";"1305";"52";"1";"4";"4";"0";"1";"0";"2";"2";"0"
"1308";"14443";"1308";"52";"1";"6";"4";"6";"1";"2";"0";"2";"0"
"1309";"14443";"1309";"52";"5";"2";"2";"0";"2";"0";"0";"2";"0"
"1311";"14537";"1311";"52";"1";"6";"7";"7";"0";"1";"0";"3";"0"
"1315";"15151";"1315";"52";"1";"3";"1";"0";"0";"1";"1";"1";"0"
"1322";"15183";"1322";"52";"3";"1";"7";"6";"0";"1";"2";"1";"0"
"1326";"15234";"1326";"52";"1";"1";"7";"0";"1";"0";"0";"2";"0"
"1327";"15235";"1327";"52";"1";"4";"4";"6";"0";"2";"0";"1";"0"
"1328";"15236";"1328";"52";"1";"3";"5";"6";"1";"0";"0";"3";"0"
"1329";"15237";"1329";"52";"3";"1";"7";"0";"1";"0";"0";"2";"0"
"1331";"15237";"1331";"52";"1";"3";"2";"0";"0";"2";"0";"1";"0"
"1332";"15239";"1332";"52";"1";"3";"1";"6";"0";"2";"1";"1";"0"
"1333";"15239";"1333";"52";"1";"3";"1";"6";"0";"3";"1";"1";"0"
"1335";"15245";"1335";"52";"3";"6";"7";"0";"0";"2";"2";"1";"0"
"1336";"15248";"1336";"52";"1";"3";"2";"0";"1";"0";"0";"2";"0"
"1337";"15259";"1337";"52";"5";"1";"7";"2";"0";"1";"1";"1";"0"
"1342";"15298";"1342";"52";"1";"1";"7";"0";"1";"0";"0";"2";"0"
"1357";"16594";"1357";"52";"1";"1";"1";"6";"0";"2";"3";"1";"0"
"1358";"16608";"1358";"52";"1";"1";"7";"0";"0";"1";"0";"1";"0"
"1362";"16642";"1362";"52";"5";"1";"7";"0";"1";"0";"0";"2";"0"
"1366";"16712";"1366";"52";"3";"1";"7";"0";"1";"0";"1";"2";"0"
"1369";"16733";"1369";"52";"5";"1";"7";"0";"0";"2";"0";"1";"0"
"1373";"16734";"1373";"52";"5";"1";"7";"0";"1";"1";"0";"2";"0"
"1376";"16734";"1376";"52";"5";"1";"7";"6";"0";"2";"0";"1";"0"
"1378";"16738";"1378";"52";"1";"1";"7";"0";"1";"0";"0";"2";"0"
"1380";"16760";"1380";"52";"1";"1";"7";"6";"1";"0";"2";"2";"0"
"1396";"17964";"1396";"52";"1";"1";"7";"0";"0";"1";"0";"1";"0"
"1399";"17965";"1399";"52";"3";"2";"1";"0";"1";"1";"0";"2";"0"
"1404";"17982";"1404";"52";"1";"1";"7";"0";"1";"0";"0";"2";"0"
"1406";"17984";"1406";"52";"3";"1";"7";"0";"1";"0";"0";"2";"0"
"1407";"17984";"1407";"52";"3";"1";"7";"0";"4";"1";"0";"2";"0"
"1411";"17987";"1411";"52";"3";"1";"1";"6";"0";"1";"1";"1";"0"
"1423";"18017";"1423";"52";"5";"1";"7";"0";"1";"0";"0";"2";"0"
"1424";"18019";"1424";"52";"5";"1";"7";"2";"1";"0";"1";"2";"0"
"1426";"18024";"1426";"52";"3";"2";"1";"0";"1";"0";"0";"2";"0"
"1438";"19450";"1438";"52";"1";"3";"2";"0";"0";"2";"1";"1";"0"
"1446";"19520";"1446";"52";"3";"1";"7";"0";"0";"1";"0";"1";"0"
"1468";"19696";"1468";"52";"1";"1";"7";"9";"1";"0";"0";"2";"0"
"1473";"19739";"1473";"52";"3";"1";"7";"0";"0";"2";"0";"1";"0"
"1477";"19787";"1477";"52";"1";"1";"7";"6";"0";"1";"0";"1";"0"
"1484";"19963";"1484";"52";"1";"1";"7";"6";"0";"2";"0";"1";"0"
"1491";"20549";"1491";"52";"1";"3";"1";"0";"0";"2";"0";"1";"0"
"1495";"21238";"1495";"52";"1";"7";"7";"6";"1";"2";"1";"2";"0"
"1496";"21238";"1496";"52";"5";"1";"3";"7";"0";"0";"1";"3";"0"
"1497";"21238";"1497";"52";"3";"1";"1";"0";"1";"1";"0";"2";"0"
"1498";"21238";"1498";"52";"5";"1";"7";"6";"1";"0";"0";"3";"0"
"1500";"21238";"1500";"52";"1";"2";"1";"6";"1";"0";"1";"2";"0"
"1503";"21257";"1503";"52";"5";"4";"4";"7";"1";"0";"1";"2";"0"
"1506";"21259";"1506";"52";"5";"3";"2";"0";"2";"0";"0";"3";"0"
"1507";"21259";"1507";"52";"5";"1";"4";"0";"0";"0";"0";"3";"0"
"1508";"21259";"1508";"52";"5";"1";"7";"6";"3";"0";"0";"2";"0"
"1509";"21259";"1509";"52";"5";"1";"7";"0";"2";"1";"0";"2";"0"
"1510";"21259";"1510";"52";"5";"1";"4";"0";"0";"0";"0";"3";"0"
"1513";"21906";"1513";"52";"1";"3";"1";"0";"1";"2";"0";"2";"0"
"1515";"21908";"1515";"52";"3";"3";"2";"6";"1";"2";"0";"2";"0"
"1518";"21935";"1518";"52";"1";"1";"7";"0";"1";"1";"0";"2";"0"
"1519";"21940";"1519";"52";"5";"1";"7";"6";"1";"0";"1";"2";"0"
"1526";"21943";"1526";"52";"5";"2";"2";"6";"2";"3";"0";"3";"0"
"1527";"21943";"1527";"52";"1";"3";"2";"0";"1";"2";"0";"2";"0"
"1528";"21943";"1528";"52";"3";"1";"7";"7";"1";"0";"1";"3";"0"
"1533";"21954";"1533";"52";"1";"1";"5";"0";"1";"0";"1";"2";"0"
"1534";"21955";"1534";"52";"3";"1";"1";"0";"0";"2";"0";"3";"0"
"1535";"21992";"1535";"52";"1";"1";"7";"7";"4";"0";"2";"2";"0"
"1539";"22071";"1539";"52";"1";"1";"7";"8";"1";"0";"0";"2";"0"
"1544";"22715";"1544";"52";"1";"1";"7";"0";"0";"0";"0";"3";"0"
"1548";"22749";"1548";"52";"5";"1";"7";"0";"1";"0";"3";"2";"0"
"1549";"22750";"1549";"52";"3";"2";"2";"0";"1";"0";"1";"3";"0"
"1553";"22750";"1553";"52";"3";"3";"1";"6";"0";"1";"2";"1";"0"
"1555";"22750";"1555";"52";"5";"1";"7";"6";"1";"5";"0";"2";"0"
"1561";"22779";"1561";"52";"3";"1";"2";"0";"0";"2";"0";"1";"0"
"1569";"22787";"1569";"52";"1";"1";"7";"6";"0";"3";"0";"1";"0"
"1570";"22787";"1570";"52";"1";"1";"1";"6";"1";"0";"1";"3";"0"
"1573";"22874";"1573";"52";"5";"1";"7";"0";"0";"2";"0";"1";"0"
"1579";"23519";"1579";"52";"2";"1";"7";"0";"1";"0";"1";"2";"0"
"1581";"23528";"1581";"52";"5";"1";"4";"0";"1";"0";"0";"2";"0"
"1582";"23535";"1582";"52";"5";"1";"7";"0";"1";"1";"0";"2";"0"
"1587";"24201";"1587";"52";"1";"1";"7";"2";"1";"0";"1";"2";"0"
"1588";"24204";"1588";"52";"1";"1";"7";"0";"1";"2";"0";"2";"0"
"1598";"24258";"1598";"52";"3";"1";"2";"6";"1";"0";"1";"2";"0"
"1599";"24272";"1599";"52";"2";"1";"7";"0";"2";"0";"0";"2";"0"
"1601";"24274";"1601";"52";"1";"3";"1";"6";"1";"0";"3";"2";"0"
"1603";"24284";"1603";"52";"5";"1";"7";"6";"2";"0";"1";"2";"0"
"1610";"24939";"1610";"52";"1";"1";"1";"0";"0";"1";"0";"1";"0"
"1619";"24996";"1619";"52";"1";"1";"7";"6";"1";"0";"1";"2";"0"
"1662";"25223";"1662";"52";"3";"3";"1";"6";"0";"3";"0";"1";"0"
"1663";"25223";"1663";"52";"3";"3";"1";"6";"0";"3";"0";"1";"0"
"1666";"25230";"1666";"52";"4";"1";"7";"0";"0";"2";"0";"1";"0"
"1670";"25246";"1670";"52";"5";"3";"2";"0";"1";"0";"0";"2";"0"
"1674";"25248";"1674";"52";"1";"1";"1";"0";"1";"0";"0";"2";"0"
"1678";"25257";"1678";"52";"1";"1";"7";"2";"0";"1";"1";"1";"0"
"1679";"25258";"1679";"52";"5";"6";"1";"0";"0";"3";"2";"1";"0"
"1689";"25278";"1689";"52";"3";"2";"1";"6";"1";"0";"2";"2";"0"
"1708";"25353";"1708";"52";"1";"1";"7";"0";"0";"0";"0";"3";"0"
"1712";"25359";"1712";"52";"1";"1";"7";"0";"0";"4";"0";"1";"0"
"1715";"25408";"1715";"52";"3";"1";"4";"0";"0";"1";"0";"1";"0"
"1725";"25598";"1725";"52";"3";"1";"7";"0";"0";"4";"0";"1";"0"
"1730";"25630";"1730";"52";"1";"3";"1";"0";"0";"1";"0";"1";"0"
"1731";"25630";"1731";"52";"2";"1";"1";"6";"0";"2";"0";"1";"0"
"1733";"25630";"1733";"52";"1";"3";"5";"6";"0";"2";"0";"1";"0"
"1740";"26177";"1740";"52";"1";"1";"7";"6";"1";"0";"1";"2";"0"
"1744";"26785";"1744";"52";"1";"1";"1";"6";"0";"4";"0";"1";"0"
"1814";"27019";"1814";"52";"3";"6";"1";"6";"0";"1";"0";"1";"0"
"1815";"27022";"1815";"52";"1";"1";"7";"6";"0";"1";"1";"1";"0"
"1816";"27022";"1816";"52";"1";"1";"7";"0";"0";"1";"0";"1";"0"
"1817";"27023";"1817";"52";"1";"3";"2";"0";"0";"2";"0";"1";"0"
"1818";"27023";"1818";"52";"1";"7";"7";"0";"0";"1";"0";"1";"0"
"1838";"27107";"1838";"52";"1";"1";"7";"6";"0";"1";"2";"1";"0"
"1856";"27122";"1856";"52";"3";"1";"7";"0";"0";"0";"0";"3";"0"
"1858";"27124";"1858";"52";"3";"1";"7";"0";"0";"1";"0";"1";"0"
"1860";"27124";"1860";"52";"1";"1";"7";"6";"1";"0";"0";"2";"0"
"1863";"27134";"1863";"52";"3";"1";"7";"0";"0";"1";"0";"1";"0"
"1864";"27135";"1864";"52";"5";"3";"2";"6";"0";"2";"0";"1";"0"
"1882";"27292";"1882";"52";"3";"3";"1";"6";"0";"1";"0";"1";"0"
"1885";"27298";"1885";"52";"3";"1";"7";"0";"0";"2";"0";"1";"0"
"1887";"27298";"1887";"52";"3";"1";"7";"0";"0";"1";"0";"1";"0"
"1897";"27305";"1897";"52";"1";"1";"7";"0";"1";"0";"0";"2";"0"
"1920";"27972";"1920";"52";"3";"1";"7";"6";"0";"1";"2";"1";"0"
"1924";"27979";"1924";"52";"1";"1";"7";"6";"0";"1";"2";"1";"0"
"1949";"28118";"1949";"52";"3";"1";"7";"6";"0";"1";"0";"1";"0"
"1956";"28160";"1956";"52";"1";"1";"7";"6";"0";"1";"0";"1";"0"
"1960";"28164";"1960";"52";"1";"1";"7";"6";"1";"0";"2";"2";"0"
"1966";"28179";"1966";"52";"3";"3";"1";"6";"1";"0";"1";"3";"0"
"1971";"28179";"1971";"52";"3";"3";"1";"0";"0";"2";"1";"1";"0"
"1976";"28180";"1976";"52";"1";"1";"7";"6";"0";"0";"1";"0";"0"
"1984";"28242";"1984";"52";"2";"1";"4";"0";"0";"1";"0";"1";"0"
"1985";"28242";"1985";"52";"1";"1";"7";"0";"1";"0";"0";"2";"0"
"1986";"28242";"1986";"52";"3";"1";"4";"0";"0";"1";"0";"1";"0"
"1992";"28293";"1992";"52";"1";"2";"2";"6";"1";"1";"1";"2";"0"
"1995";"28294";"1995";"52";"3";"1";"7";"0";"0";"1";"1";"1";"0"
"1997";"28308";"1997";"52";"1";"1";"7";"6";"1";"0";"2";"2";"0"
"2000";"28311";"2000";"52";"3";"1";"4";"0";"0";"1";"0";"1";"0"
"2004";"28315";"2004";"52";"3";"1";"7";"3";"0";"1";"1";"1";"0"
"2026";"28358";"2026";"52";"1";"1";"7";"6";"0";"2";"1";"1";"0"
"2055";"29005";"2055";"52";"3";"1";"7";"0";"0";"2";"0";"1";"0"
"2095";"29070";"2095";"52";"1";"2";"1";"6";"0";"1";"2";"1";"0"
"2099";"29086";"2099";"52";"2";"3";"2";"0";"0";"1";"0";"1";"0"
"2100";"29086";"2100";"52";"1";"6";"4";"0";"1";"0";"1";"2";"0"
"2101";"29087";"2101";"52";"3";"1";"1";"0";"0";"1";"0";"1";"0"
"2103";"29090";"2103";"52";"3";"1";"7";"0";"1";"0";"0";"2";"0"
"2105";"29090";"2105";"52";"1";"1";"7";"0";"0";"1";"1";"1";"0"
"2106";"29091";"2106";"52";"1";"1";"7";"0";"0";"1";"0";"1";"0"
"2107";"29091";"2107";"52";"2";"1";"7";"0";"1";"0";"0";"2";"0"
"2108";"29091";"2108";"52";"3";"1";"4";"0";"0";"2";"1";"1";"0"
"2122";"29121";"2122";"52";"1";"3";"2";"7";"0";"1";"1";"1";"0"
"2127";"29122";"2127";"52";"3";"3";"1";"6";"2";"1";"1";"2";"0"
"2128";"29122";"2128";"52";"3";"4";"3";"6";"0";"3";"2";"1";"0"
"2129";"29123";"2129";"52";"1";"2";"1";"0";"0";"1";"0";"1";"0"
"2130";"29124";"2130";"52";"1";"1";"7";"0";"0";"1";"0";"1";"0"
"2134";"29128";"2134";"52";"3";"1";"7";"0";"0";"2";"0";"3";"0"
"2143";"29152";"2143";"52";"1";"3";"2";"0";"1";"0";"0";"2";"0"
"2152";"29171";"2152";"52";"1";"1";"7";"2";"0";"2";"0";"1";"0"
"2206";"29241";"2206";"52";"3";"3";"2";"2";"1";"0";"1";"2";"0"
"2211";"29241";"2211";"52";"1";"1";"7";"0";"0";"1";"1";"1";"0"
"2226";"29284";"2226";"52";"1";"1";"7";"0";"0";"1";"0";"1";"0"
"2229";"29287";"2229";"52";"1";"1";"7";"0";"0";"1";"0";"1";"0"
"2242";"29452";"2242";"52";"2";"1";"2";"0";"0";"1";"0";"1";"0"
"2244";"29455";"2244";"52";"1";"4";"4";"6";"0";"1";"0";"1";"0"
"2245";"29455";"2245";"52";"1";"1";"1";"6";"0";"1";"1";"1";"0"
"2258";"29522";"2258";"52";"1";"3";"1";"0";"0";"1";"0";"1";"0"
"2260";"29522";"2260";"52";"5";"1";"7";"0";"0";"1";"0";"1";"0"
"2264";"29523";"2264";"52";"2";"6";"7";"0";"1";"0";"0";"2";"0"
"2271";"29523";"2271";"52";"1";"1";"7";"5";"2";"0";"0";"2";"0"
"2273";"29523";"2273";"52";"5";"3";"1";"6";"0";"1";"0";"1";"0"
"2274";"29523";"2274";"52";"1";"1";"7";"0";"0";"1";"0";"1";"0"
"2275";"29523";"2275";"52";"1";"1";"7";"0";"0";"1";"0";"1";"0"
"2277";"29526";"2277";"52";"1";"1";"7";"0";"1";"0";"0";"2";"0"
"2278";"29526";"2278";"52";"3";"1";"7";"6";"0";"4";"0";"1";"0"
"2280";"29543";"2280";"52";"1";"6";"3";"2";"1";"0";"2";"2";"0"
"2287";"29691";"2287";"52";"1";"1";"4";"0";"0";"1";"0";"1";"0"
"2292";"29736";"2292";"52";"1";"1";"7";"8";"0";"0";"1";"3";"0"
"2299";"29799";"2299";"52";"1";"1";"7";"7";"0";"2";"1";"3";"2"
"2300";"29802";"2300";"52";"1";"1";"7";"0";"2";"3";"0";"2";"0"
"2301";"29812";"2301";"52";"1";"1";"7";"0";"1";"0";"0";"2";"0"
"2311";"30441";"2311";"52";"3";"1";"7";"0";"0";"1";"4";"1";"0"
"2312";"30468";"2312";"52";"3";"1";"7";"0";"0";"0";"0";"3";"0"
"2313";"31025";"2313";"52";"1";"4";"3";"6";"1";"1";"0";"2";"0"
"2337";"31809";"2337";"52";"5";"1";"7";"0";"1";"0";"0";"2";"0"
"2339";"31809";"2339";"52";"5";"1";"7";"0";"1";"0";"0";"2";"0"
"2340";"31809";"2340";"52";"5";"1";"7";"0";"0";"0";"3";"3";"2"
"2347";"31877";"2347";"52";"1";"1";"7";"0";"1";"0";"0";"2";"0"
"2350";"31877";"2350";"52";"2";"3";"1";"6";"1";"0";"1";"2";"0"
"2351";"31877";"2351";"52";"5";"1";"7";"0";"0";"0";"0";"3";"0"
"2363";"31947";"2363";"52";"3";"3";"1";"0";"0";"1";"0";"1";"0"
"2376";"32061";"2376";"52";"1";"1";"7";"0";"1";"2";"0";"2";"0"
"2377";"32061";"2377";"52";"1";"1";"7";"4";"1";"0";"1";"2";"0"
"2382";"32683";"2382";"52";"1";"3";"1";"6";"1";"0";"1";"2";"0"
"2383";"32709";"2383";"52";"1";"4";"3";"6";"0";"5";"2";"1";"0"
"2384";"32709";"2384";"52";"5";"1";"7";"0";"0";"0";"0";"3";"0"
"2385";"32709";"2385";"52";"5";"2";"1";"7";"0";"0";"1";"3";"0"
"2386";"32709";"2386";"52";"1";"1";"7";"0";"1";"1";"0";"2";"0"
"2391";"32711";"2391";"52";"3";"1";"7";"6";"2";"0";"4";"3";"2"
"2402";"32754";"2402";"52";"2";"1";"2";"3";"0";"1";"1";"1";"0"
"2403";"32755";"2403";"52";"3";"1";"7";"0";"0";"3";"2";"1";"0"
"2406";"32759";"2406";"52";"5";"7";"1";"0";"1";"0";"0";"2";"0"
"2413";"33400";"2413";"52";"1";"1";"7";"7";"1";"0";"1";"2";"0"
"2420";"33405";"2420";"52";"1";"1";"7";"0";"1";"2";"0";"2";"0"
"2422";"33414";"2422";"52";"1";"1";"1";"6";"0";"1";"3";"1";"0"
"2432";"33441";"2432";"52";"1";"1";"7";"0";"0";"1";"0";"1";"0"
"2434";"33441";"2434";"52";"3";"1";"4";"0";"1";"1";"0";"2";"0"
"2456";"33470";"2456";"52";"3";"1";"7";"6";"0";"1";"3";"1";"0"
"2458";"33473";"2458";"52";"1";"3";"1";"6";"0";"2";"1";"1";"0"
"2462";"33500";"2462";"52";"1";"1";"7";"6";"3";"0";"0";"2";"0"
"2486";"33628";"2486";"52";"1";"3";"1";"2";"0";"2";"0";"1";"0"
"2492";"33639";"2492";"52";"1";"2";"2";"6";"0";"1";"1";"1";"0"
"2501";"33644";"2501";"52";"2";"1";"1";"0";"1";"0";"0";"2";"0"
"2504";"33644";"2504";"52";"3";"2";"2";"0";"0";"1";"0";"1";"0"
"2505";"33645";"2505";"52";"3";"3";"2";"0";"0";"0";"0";"3";"0"
"2509";"33647";"2509";"52";"1";"1";"7";"6";"1";"0";"1";"2";"0"
"2514";"33650";"2514";"52";"1";"1";"7";"0";"1";"3";"0";"2";"0"
"2528";"33710";"2528";"52";"3";"1";"7";"0";"0";"0";"0";"3";"0"
"2530";"33715";"2530";"52";"1";"1";"7";"2";"1";"0";"1";"2";"0"
"2533";"33726";"2533";"52";"1";"1";"7";"6";"0";"1";"1";"1";"0"
"2534";"33726";"2534";"52";"1";"1";"7";"6";"0";"1";"1";"1";"0"
"2546";"33775";"2546";"52";"3";"1";"7";"6";"0";"1";"1";"1";"0"
"2551";"33823";"2551";"52";"3";"1";"7";"0";"0";"1";"0";"1";"0"
"2554";"33851";"2554";"52";"3";"1";"7";"0";"0";"1";"1";"1";"0"
"2568";"33933";"2568";"52";"3";"3";"1";"6";"0";"1";"1";"1";"0"
"2571";"33939";"2571";"52";"1";"2";"2";"6";"0";"2";"0";"1";"0"
"2577";"34066";"2577";"52";"3";"1";"7";"0";"0";"2";"1";"1";"0"
"2578";"34066";"2578";"52";"1";"1";"7";"0";"1";"0";"0";"2";"0"
"2579";"34066";"2579";"52";"1";"1";"1";"6";"0";"2";"1";"1";"0"
"2582";"34066";"2582";"52";"3";"1";"7";"0";"0";"2";"0";"1";"0"
"2584";"34109";"2584";"52";"3";"1";"7";"0";"0";"1";"0";"1";"0"
"2587";"34119";"2587";"52";"1";"1";"7";"0";"0";"1";"0";"1";"0"
"2588";"34119";"2588";"52";"1";"1";"1";"6";"0";"1";"1";"1";"0"
"2591";"34119";"2591";"52";"1";"1";"7";"6";"0";"1";"1";"1";"0"
"2602";"34656";"2602";"52";"3";"1";"7";"6";"1";"0";"0";"2";"0"
"2603";"34679";"2603";"52";"1";"1";"7";"1";"0";"1";"1";"1";"0"
"2618";"34716";"2618";"52";"1";"1";"7";"6";"1";"4";"1";"2";"0"
"2620";"34726";"2620";"52";"1";"1";"7";"6";"0";"1";"1";"1";"0"
"2629";"35424";"2629";"52";"3";"1";"7";"6";"0";"1";"0";"1";"0"
"2646";"35499";"2646";"52";"1";"1";"7";"6";"0";"1";"1";"1";"0"
"2649";"35500";"2649";"52";"3";"1";"7";"0";"0";"2";"0";"1";"0"
"2651";"35525";"2651";"52";"1";"2";"1";"6";"0";"1";"0";"1";"0"
"2656";"35563";"2656";"52";"1";"3";"1";"2";"0";"3";"0";"1";"0"
"2667";"35599";"2667";"52";"1";"3";"1";"2";"0";"1";"0";"1";"0"
"2670";"35609";"2670";"52";"3";"3";"1";"6";"0";"1";"1";"1";"0"
"2701";"35722";"2701";"52";"3";"1";"7";"0";"0";"4";"0";"1";"0"
"2703";"35772";"2703";"52";"1";"1";"7";"6";"0";"1";"0";"1";"0"
"2707";"35823";"2707";"52";"3";"1";"1";"6";"1";"1";"0";"3";"0"
"2710";"35827";"2710";"52";"1";"1";"7";"7";"0";"2";"0";"3";"0"
"2718";"35847";"2718";"52";"3";"3";"2";"0";"0";"1";"0";"1";"0"
"2738";"36459";"2738";"52";"1";"4";"3";"0";"0";"2";"0";"1";"0"
"2745";"36511";"2745";"52";"3";"4";"4";"0";"1";"0";"0";"2";"0"
"2746";"36511";"2746";"52";"1";"1";"4";"6";"1";"1";"0";"2";"0"
"2747";"36511";"2747";"52";"1";"1";"7";"0";"0";"0";"0";"3";"0"
"2749";"36543";"2749";"52";"3";"1";"7";"6";"0";"2";"0";"1";"0"
"2755";"36648";"2755";"52";"1";"4";"3";"7";"0";"1";"1";"1";"0"
"2759";"36664";"2759";"52";"1";"1";"7";"0";"1";"0";"0";"2";"0"
"2764";"36684";"2764";"52";"3";"1";"7";"0";"0";"0";"0";"3";"0"
"2776";"37282";"2776";"52";"1";"3";"1";"6";"0";"1";"1";"1";"0"
"2778";"37283";"2778";"52";"3";"1";"7";"0";"0";"2";"1";"1";"0"
"2780";"37288";"2780";"52";"1";"1";"7";"6";"3";"1";"1";"3";"1"
"2784";"37322";"2784";"52";"2";"1";"5";"0";"1";"0";"0";"2";"0"
"2786";"37322";"2786";"52";"3";"1";"7";"0";"0";"2";"0";"1";"0"
"2787";"37322";"2787";"52";"3";"1";"7";"0";"0";"1";"0";"1";"0"
"2790";"37323";"2790";"52";"1";"1";"7";"0";"0";"1";"1";"1";"0"
"2791";"37340";"2791";"52";"1";"1";"7";"0";"0";"0";"0";"3";"0"
"2792";"37346";"2792";"52";"1";"6";"1";"6";"0";"2";"2";"1";"0"
"2803";"37987";"2803";"52";"1";"1";"7";"6";"0";"1";"1";"1";"0"
"2812";"38032";"2812";"52";"3";"1";"7";"7";"0";"2";"1";"1";"0"
"2838";"38090";"2838";"52";"2";"1";"7";"7";"0";"2";"2";"1";"0"
"2887";"38146";"2887";"52";"1";"1";"7";"6";"0";"3";"1";"1";"0"
"2896";"38159";"2896";"52";"1";"1";"7";"0";"0";"1";"1";"1";"0"
"2928";"38273";"2928";"52";"1";"1";"7";"0";"0";"1";"0";"1";"0"
"2953";"38421";"2953";"52";"3";"1";"7";"0";"0";"1";"0";"1";"0"
"2975";"38481";"2975";"52";"3";"3";"1";"6";"2";"0";"1";"2";"0"