"accident_id";"lieu_id";"date_id";"cause_id";"lum_id";"intemp_id";"etat_surface_id";"impliq_id";"nb_blesses_graves";"nb_blesses_legers";"nb_indemnes";"gravite";"nb_morts"
"3000";"38520";"3000";"52";"1";"1";"7";"0";"0";"1";"0";"1";"0"
"3003";"38520";"3003";"52";"5";"1";"7";"0";"0";"2";"0";"1";"0"
"3008";"38521";"3008";"52";"1";"2";"2";"0";"1";"1";"0";"2";"0"
"3009";"38521";"3009";"52";"3";"3";"2";"0";"0";"1";"0";"1";"0"
"3010";"38521";"3010";"52";"3";"1";"4";"0";"1";"3";"0";"2";"0"
"3013";"38521";"3013";"52";"1";"1";"7";"6";"0";"2";"2";"1";"0"
"3015";"38521";"3015";"52";"1";"1";"1";"6";"0";"3";"1";"1";"0"
"3016";"38521";"3016";"52";"3";"2";"1";"0";"1";"0";"0";"2";"0"
"3024";"38535";"3024";"52";"1";"1";"7";"6";"0";"1";"2";"1";"0"
"3040";"38591";"3040";"52";"5";"1";"7";"6";"0";"1";"1";"1";"0"
"3043";"38595";"3043";"52";"1";"1";"7";"0";"1";"0";"0";"2";"0"
"3044";"38595";"3044";"52";"1";"1";"7";"0";"0";"1";"0";"1";"0"
"3047";"38595";"3047";"52";"1";"1";"1";"6";"0";"4";"0";"1";"0"
"3051";"38608";"3051";"52";"3";"1";"7";"0";"0";"1";"0";"1";"0"
"3065";"38692";"3065";"52";"1";"3";"2";"6";"0";"1";"1";"1";"0"
"3079";"38746";"3079";"52";"1";"3";"2";"6";"0";"1";"3";"1";"0"
"3080";"38746";"3080";"52";"1";"3";"1";"6";"0";"3";"1";"1";"0"
"3081";"38746";"3081";"52";"2";"1";"7";"0";"0";"1";"0";"1";"0"
"3083";"38763";"3083";"52";"3";"1";"7";"0";"0";"1";"0";"1";"0"
"3095";"38797";"3095";"52";"3";"1";"7";"6";"0";"1";"1";"1";"0"
"3099";"38798";"3099";"52";"1";"1";"1";"7";"0";"1";"2";"1";"0"
"3101";"38817";"3101";"52";"1";"3";"1";"0";"0";"1";"0";"1";"0"
"3102";"38817";"3102";"52";"1";"1";"2";"0";"0";"2";"0";"1";"0"
"3106";"38825";"3106";"52";"3";"1";"7";"0";"0";"4";"0";"1";"0"
"3107";"38825";"3107";"52";"3";"1";"7";"6";"0";"1";"2";"1";"0"
"3119";"38886";"3119";"52";"1";"1";"7";"0";"0";"1";"0";"1";"0"
"3120";"38886";"3120";"52";"3";"3";"2";"0";"1";"0";"0";"2";"0"
"3127";"38896";"3127";"52";"1";"3";"2";"0";"0";"1";"1";"1";"0"
"3133";"38930";"3133";"52";"3";"1";"7";"0";"1";"1";"0";"2";"0"
"3135";"38931";"3135";"52";"3";"1";"2";"0";"1";"0";"0";"2";"0"
"3136";"38932";"3136";"52";"5";"1";"7";"0";"0";"2";"0";"1";"0"
"3157";"38941";"3157";"52";"3";"1";"7";"6";"0";"1";"0";"1";"0"
"3163";"38955";"3163";"52";"5";"1";"7";"0";"0";"1";"0";"1";"0"
"3166";"38959";"3166";"52";"3";"1";"7";"0";"0";"1";"0";"1";"0"
"3170";"38965";"3170";"52";"3";"1";"7";"0";"1";"1";"0";"2";"0"
"3188";"38993";"3188";"52";"1";"1";"7";"0";"1";"0";"0";"2";"0"
"3189";"38994";"3189";"52";"3";"2";"1";"0";"0";"1";"0";"1";"0"
"3196";"38994";"3196";"52";"1";"2";"2";"6";"0";"2";"3";"1";"0"
"3218";"39022";"3218";"52";"3";"1";"7";"6";"0";"2";"0";"1";"0"
"3234";"39031";"3234";"52";"3";"1";"7";"6";"0";"2";"2";"1";"0"
"3246";"39037";"3246";"52";"3";"1";"7";"0";"0";"1";"0";"1";"0"
"3251";"39047";"3251";"52";"3";"1";"7";"6";"0";"2";"1";"1";"0"
"3252";"39047";"3252";"52";"3";"3";"2";"6";"0";"3";"0";"1";"0"
"3253";"39047";"3253";"52";"1";"1";"7";"6";"0";"1";"1";"1";"0"
"3254";"39047";"3254";"52";"5";"1";"4";"6";"0";"1";"1";"1";"0"
"3259";"39047";"3259";"52";"1";"1";"2";"6";"0";"1";"1";"1";"0"
"3305";"39128";"3305";"52";"1";"1";"7";"6";"0";"1";"1";"1";"0"
"3321";"39185";"3321";"52";"3";"1";"7";"4";"0";"1";"1";"1";"0"
"3322";"39185";"3322";"52";"1";"1";"7";"0";"0";"1";"0";"1";"0"
"3323";"39185";"3323";"52";"1";"1";"7";"6";"0";"1";"1";"1";"0"
"3324";"39185";"3324";"52";"1";"1";"7";"0";"0";"1";"0";"1";"0"
"3325";"39185";"3325";"52";"1";"1";"1";"0";"0";"1";"0";"3";"0"
"3326";"39185";"3326";"52";"2";"3";"1";"0";"0";"1";"0";"1";"0"
"3333";"39200";"3333";"52";"3";"1";"7";"6";"0";"1";"2";"1";"0"
"3355";"39293";"3355";"52";"3";"1";"7";"0";"0";"1";"0";"1";"0"
"3358";"39295";"3358";"52";"5";"1";"1";"0";"0";"2";"0";"1";"0"
"3372";"39332";"3372";"52";"1";"1";"7";"0";"0";"1";"0";"1";"0"
"3374";"39343";"3374";"52";"1";"1";"7";"0";"0";"1";"0";"1";"0"
"3375";"39343";"3375";"52";"1";"1";"4";"6";"0";"1";"1";"1";"0"
"3377";"39343";"3377";"52";"1";"1";"4";"0";"0";"1";"0";"3";"0"
"3379";"39343";"3379";"52";"3";"1";"6";"0";"0";"1";"0";"3";"0"
"3385";"39365";"3385";"52";"1";"1";"7";"6";"0";"1";"1";"1";"0"
"3406";"39406";"3406";"52";"1";"1";"7";"0";"0";"2";"0";"1";"0"
"3422";"39480";"3422";"52";"1";"1";"4";"7";"1";"1";"1";"2";"0"
"3431";"39508";"3431";"52";"3";"1";"7";"6";"0";"2";"0";"1";"0"
"3435";"39513";"3435";"52";"1";"1";"7";"0";"0";"1";"0";"1";"0"
"3443";"39533";"3443";"52";"3";"1";"7";"0";"4";"0";"0";"2";"0"
"3456";"39546";"3456";"52";"4";"3";"1";"0";"0";"1";"0";"1";"0"
"3462";"39548";"3462";"52";"3";"3";"2";"6";"0";"1";"1";"1";"0"
"3464";"39550";"3464";"52";"1";"3";"1";"6";"0";"1";"1";"1";"0"
"3475";"39572";"3475";"52";"3";"3";"1";"6";"0";"1";"1";"1";"0"
"3527";"39636";"3527";"52";"3";"1";"7";"6";"0";"1";"0";"1";"0"
"3551";"39658";"3551";"52";"1";"1";"7";"6";"0";"2";"1";"1";"0"
"3552";"39658";"3552";"52";"1";"1";"7";"3";"1";"0";"1";"2";"0"
"3553";"39658";"3553";"52";"3";"1";"7";"6";"0";"1";"0";"1";"0"
"3566";"39661";"3566";"52";"1";"1";"7";"6";"0";"1";"2";"1";"0"
"3567";"39661";"3567";"52";"1";"1";"1";"6";"0";"2";"0";"1";"0"
"3571";"39662";"3571";"52";"2";"1";"7";"0";"0";"1";"0";"1";"0"
"3575";"39676";"3575";"52";"1";"1";"7";"0";"0";"1";"1";"1";"0"
"3576";"39676";"3576";"52";"1";"1";"7";"0";"1";"0";"0";"2";"0"
"3611";"39709";"3611";"52";"5";"3";"1";"0";"2";"1";"1";"2";"0"
"3612";"39709";"3612";"52";"3";"1";"1";"0";"0";"2";"0";"3";"0"
"3615";"39709";"3615";"52";"3";"1";"2";"0";"1";"1";"0";"2";"0"
"3622";"39741";"3622";"52";"3";"1";"7";"0";"0";"3";"0";"3";"1"
"3623";"39744";"3623";"52";"3";"1";"7";"6";"0";"3";"1";"1";"0"
"3624";"39745";"3624";"52";"3";"1";"7";"0";"0";"1";"1";"1";"0"
"3635";"39758";"3635";"52";"5";"1";"7";"0";"0";"1";"0";"1";"0"
"3643";"39776";"3643";"52";"1";"3";"2";"0";"0";"1";"0";"1";"0"
"3645";"39776";"3645";"52";"3";"3";"2";"0";"0";"2";"0";"1";"0"
"3646";"39783";"3646";"52";"1";"1";"7";"6";"0";"1";"1";"1";"0"
"3676";"39873";"3676";"52";"1";"1";"7";"0";"1";"0";"0";"3";"0"
"3679";"39874";"3679";"52";"3";"3";"1";"0";"0";"4";"0";"1";"0"
"3680";"39874";"3680";"52";"1";"3";"1";"0";"0";"2";"0";"1";"0"
"3691";"39902";"3691";"52";"1";"1";"7";"6";"0";"1";"2";"1";"0"
"3703";"39921";"3703";"52";"1";"1";"7";"0";"0";"1";"1";"1";"0"
"3704";"39922";"3704";"52";"3";"3";"2";"0";"0";"1";"0";"1";"0"
"3705";"39925";"3705";"52";"1";"4";"2";"6";"0";"1";"2";"1";"0"
"3707";"39939";"3707";"52";"1";"1";"7";"6";"0";"1";"1";"1";"0"
"3708";"39939";"3708";"52";"3";"1";"7";"0";"0";"1";"3";"1";"0"
"3711";"39946";"3711";"52";"3";"3";"2";"6";"0";"1";"1";"1";"0"
"3720";"39972";"3720";"52";"2";"1";"7";"0";"0";"1";"1";"1";"0"
"3735";"39996";"3735";"52";"3";"1";"7";"6";"0";"1";"2";"1";"0"
"3766";"40047";"3766";"52";"5";"1";"7";"0";"1";"2";"1";"2";"0"
"3770";"40049";"3770";"52";"4";"1";"7";"6";"0";"6";"2";"1";"0"
"3792";"40056";"3792";"52";"3";"3";"2";"0";"0";"3";"0";"1";"0"
"3793";"40056";"3793";"52";"3";"1";"7";"0";"0";"0";"3";"3";"2"
"3797";"40056";"3797";"52";"3";"1";"7";"6";"0";"2";"1";"1";"0"
"3800";"40069";"3800";"52";"3";"1";"7";"0";"1";"0";"0";"3";"0"
"3852";"40098";"3852";"52";"5";"1";"1";"0";"0";"1";"1";"1";"0"
"3861";"40101";"3861";"52";"1";"1";"7";"3";"0";"2";"1";"1";"0"
"3883";"40140";"3883";"52";"3";"4";"3";"2";"0";"1";"1";"1";"0"
"3893";"40165";"3893";"52";"1";"3";"1";"6";"0";"1";"2";"1";"0"
"3914";"40210";"3914";"52";"1";"1";"7";"0";"0";"1";"0";"1";"0"
"3915";"40214";"3915";"52";"3";"3";"2";"0";"0";"1";"0";"1";"0"
"3929";"40225";"3929";"52";"3";"3";"2";"6";"3";"1";"3";"2";"0"
"3931";"40225";"3931";"52";"1";"3";"1";"6";"1";"0";"1";"2";"0"
"3932";"40225";"3932";"52";"1";"1";"7";"0";"0";"1";"0";"1";"0"
"3933";"40226";"3933";"52";"1";"1";"7";"0";"0";"1";"1";"1";"0"
"3945";"40285";"3945";"52";"3";"1";"2";"0";"0";"5";"0";"1";"0"
"3947";"40290";"3947";"52";"1";"1";"7";"0";"0";"1";"1";"1";"0"
"3986";"40312";"3986";"52";"3";"3";"2";"0";"0";"2";"0";"1";"0"
"3987";"40315";"3987";"52";"1";"1";"7";"0";"0";"1";"2";"1";"0"
"3989";"40324";"3989";"52";"3";"1";"7";"6";"0";"1";"1";"1";"0"
"3993";"40339";"3993";"52";"3";"1";"2";"0";"0";"1";"0";"1";"0"
"4007";"40362";"4007";"52";"1";"1";"7";"6";"0";"2";"5";"1";"0"
"4013";"40373";"4013";"52";"1";"1";"7";"6";"0";"1";"1";"1";"0"
"4016";"40376";"4016";"52";"3";"1";"2";"6";"0";"1";"0";"3";"0"
"4018";"40376";"4018";"52";"3";"1";"7";"6";"0";"1";"1";"1";"0"
"4022";"40379";"4022";"52";"3";"3";"2";"0";"0";"1";"0";"1";"0"
"4035";"40381";"4035";"52";"2";"3";"1";"6";"0";"1";"6";"1";"0"
"4048";"40389";"4048";"52";"1";"1";"1";"0";"0";"1";"0";"1";"0"
"4074";"40452";"4074";"52";"1";"1";"7";"0";"0";"1";"0";"1";"0"
"4075";"40467";"4075";"52";"2";"1";"7";"0";"0";"1";"0";"1";"0"
"4078";"40478";"4078";"52";"1";"1";"7";"0";"0";"2";"0";"1";"0"
"4080";"40478";"4080";"52";"1";"1";"7";"0";"0";"1";"1";"1";"0"
"4082";"40478";"4082";"52";"1";"1";"7";"0";"1";"2";"1";"2";"0"
"4095";"40487";"4095";"52";"3";"3";"1";"0";"0";"1";"1";"1";"0"
"4116";"40527";"4116";"52";"3";"1";"7";"2";"0";"1";"1";"1";"0"
"4121";"40544";"4121";"52";"5";"1";"7";"6";"0";"1";"1";"1";"0"
"4155";"40682";"4155";"52";"1";"1";"7";"2";"0";"1";"1";"1";"0"
"4177";"40740";"4177";"52";"1";"3";"2";"6";"0";"1";"2";"1";"0"
"4196";"40751";"4196";"52";"3";"1";"7";"0";"1";"0";"0";"2";"0"
"4197";"40751";"4197";"52";"3";"2";"2";"0";"0";"2";"0";"1";"0"
"4213";"40756";"4213";"52";"1";"1";"7";"0";"0";"1";"0";"1";"0"
"4227";"40806";"4227";"52";"3";"1";"7";"0";"0";"1";"1";"1";"0"
"4229";"40812";"4229";"52";"5";"1";"7";"6";"1";"0";"2";"2";"0"
"4232";"40816";"4232";"52";"3";"1";"7";"0";"0";"1";"0";"1";"0"
"4237";"40826";"4237";"52";"1";"1";"2";"2";"0";"1";"1";"1";"0"
"4253";"40853";"4253";"52";"1";"1";"7";"0";"0";"1";"0";"1";"0"
"4256";"40854";"4256";"52";"1";"1";"7";"2";"0";"1";"1";"1";"0"
"4265";"40883";"4265";"52";"1";"1";"7";"6";"0";"5";"0";"1";"0"
"4274";"40889";"4274";"52";"4";"3";"1";"0";"0";"2";"0";"1";"0"
"4280";"40918";"4280";"52";"3";"1";"7";"0";"0";"1";"0";"1";"0"
"4286";"40930";"4286";"52";"3";"1";"1";"0";"0";"1";"0";"1";"0"
"4292";"40936";"4292";"52";"3";"2";"1";"0";"0";"3";"0";"1";"0"
"4313";"40989";"4313";"52";"1";"1";"7";"6";"0";"1";"1";"1";"0"
"4325";"41013";"4325";"52";"5";"1";"7";"0";"0";"3";"1";"1";"0"
"4326";"41013";"4326";"52";"3";"1";"7";"0";"0";"1";"1";"1";"0"
"4327";"41013";"4327";"52";"1";"1";"7";"6";"0";"2";"0";"1";"0"
"4329";"41014";"4329";"52";"3";"1";"7";"0";"0";"1";"0";"1";"0"
"4333";"41014";"4333";"52";"3";"2";"2";"0";"0";"3";"0";"1";"0"
"4334";"41014";"4334";"52";"5";"1";"7";"0";"0";"1";"0";"1";"0"
"4340";"41018";"4340";"52";"1";"1";"7";"3";"0";"1";"1";"1";"0"
"4344";"41021";"4344";"52";"3";"1";"1";"0";"0";"1";"0";"1";"0"
"4346";"41022";"4346";"52";"1";"3";"2";"0";"1";"1";"0";"2";"0"
"4347";"41022";"4347";"52";"1";"1";"7";"0";"0";"1";"0";"1";"0"
"4349";"41024";"4349";"52";"1";"1";"7";"0";"0";"1";"0";"1";"0"
"4350";"41026";"4350";"52";"3";"1";"2";"2";"0";"1";"1";"1";"0"
"4351";"41026";"4351";"52";"3";"1";"7";"0";"0";"1";"0";"1";"0"
"4353";"41028";"4353";"52";"2";"1";"2";"0";"1";"0";"0";"2";"0"
"4356";"41031";"4356";"52";"3";"1";"7";"0";"0";"1";"1";"1";"0"
"4358";"41036";"4358";"52";"3";"1";"7";"0";"0";"1";"0";"1";"0"
"4366";"41083";"4366";"52";"1";"1";"2";"0";"0";"1";"0";"1";"0"
"4374";"41129";"4374";"52";"1";"3";"2";"0";"0";"1";"0";"1";"0"
"4378";"41132";"4378";"52";"1";"3";"2";"6";"0";"1";"1";"1";"0"
"4382";"41132";"4382";"52";"1";"2";"1";"0";"0";"1";"0";"1";"0"
"4395";"41173";"4395";"52";"3";"1";"7";"0";"0";"2";"0";"1";"0"
"4396";"41176";"4396";"52";"3";"1";"7";"0";"0";"0";"0";"3";"0"
"4401";"41191";"4401";"52";"1";"1";"1";"0";"0";"1";"0";"1";"0"
"4412";"41207";"4412";"52";"3";"1";"2";"0";"0";"2";"0";"1";"0"
"4417";"41234";"4417";"52";"2";"1";"2";"6";"0";"1";"1";"1";"0"
"4421";"41235";"4421";"52";"3";"1";"7";"0";"0";"1";"0";"1";"0"
"4432";"41236";"4432";"52";"1";"1";"3";"6";"0";"1";"2";"1";"0"
"4434";"41236";"4434";"52";"3";"1";"7";"0";"0";"1";"1";"1";"0"
"4436";"41236";"4436";"52";"1";"1";"7";"0";"0";"2";"0";"1";"0"
"4437";"41236";"4437";"52";"2";"1";"5";"0";"0";"1";"0";"1";"0"
"4439";"41237";"4439";"52";"3";"3";"2";"0";"0";"1";"0";"1";"0"
"4440";"41237";"4440";"52";"3";"1";"7";"0";"0";"1";"0";"1";"0"
"4442";"41239";"4442";"52";"3";"3";"2";"0";"0";"3";"0";"1";"0"
"4445";"41239";"4445";"52";"1";"1";"7";"0";"0";"1";"0";"1";"0"
"4447";"41239";"4447";"52";"3";"3";"1";"0";"0";"1";"0";"1";"0"
"4456";"41254";"4456";"52";"3";"3";"1";"0";"0";"2";"1";"1";"0"
"4458";"41257";"4458";"52";"3";"1";"6";"0";"0";"1";"0";"1";"0"
"4459";"41258";"4459";"52";"3";"3";"2";"0";"0";"1";"0";"1";"0"
"4463";"41279";"4463";"52";"1";"1";"3";"0";"0";"1";"0";"1";"0"
"4464";"41279";"4464";"52";"3";"4";"3";"6";"0";"4";"0";"1";"0"
"4465";"41279";"4465";"52";"5";"1";"4";"0";"0";"1";"0";"1";"0"
"4467";"41282";"4467";"52";"1";"1";"2";"0";"0";"1";"0";"1";"0"
"4469";"41297";"4469";"52";"1";"1";"2";"0";"0";"0";"0";"3";"0"
"4475";"41320";"4475";"52";"3";"4";"3";"0";"0";"1";"0";"1";"0"
"4481";"41370";"4481";"52";"1";"1";"7";"0";"0";"1";"1";"1";"0"
"4484";"41374";"4484";"52";"1";"3";"1";"8";"0";"1";"1";"1";"0"
"4485";"41383";"4485";"52";"3";"3";"2";"0";"0";"2";"0";"1";"0"
"4490";"41383";"4490";"52";"1";"3";"2";"2";"0";"1";"1";"1";"0"
"4496";"41417";"4496";"52";"3";"1";"7";"0";"0";"1";"1";"1";"0"
"4497";"41417";"4497";"52";"1";"1";"7";"0";"0";"1";"0";"1";"0"
"4500";"41421";"4500";"52";"5";"1";"7";"6";"1";"0";"1";"2";"0"
"4510";"41422";"4510";"52";"2";"3";"2";"6";"0";"2";"1";"1";"0"
"4515";"41425";"4515";"52";"5";"1";"7";"0";"0";"2";"1";"1";"0"
"4517";"41425";"4517";"52";"3";"3";"2";"0";"0";"3";"0";"1";"0"
"4533";"41470";"4533";"52";"2";"1";"7";"0";"0";"1";"0";"1";"0"
"4535";"41477";"4535";"52";"1";"1";"1";"0";"0";"1";"0";"1";"0"
"4556";"41576";"4556";"52";"1";"1";"7";"0";"0";"3";"0";"1";"0"
"4558";"41576";"4558";"52";"1";"1";"7";"6";"1";"3";"0";"2";"0"
"4559";"41576";"4559";"52";"3";"3";"1";"6";"0";"1";"1";"1";"0"
"4569";"41598";"4378";"52";"1";"3";"2";"6";"0";"1";"1";"1";"0"
"4578";"41599";"4578";"52";"1";"1";"7";"0";"0";"1";"0";"1";"0"
"4590";"41600";"4590";"52";"3";"1";"7";"0";"0";"1";"0";"1";"0"
"4615";"41632";"4615";"52";"3";"1";"7";"0";"0";"1";"0";"1";"0"
"4625";"41642";"4625";"52";"1";"1";"7";"0";"0";"1";"0";"1";"0"
"4628";"41648";"4628";"52";"1";"4";"3";"0";"0";"4";"0";"1";"0"
"4629";"41648";"3163";"52";"5";"1";"7";"0";"0";"1";"0";"1";"0"
"4631";"41657";"4631";"52";"1";"1";"7";"0";"0";"1";"0";"1";"0"
"4634";"41659";"4634";"52";"1";"1";"7";"7";"0";"1";"1";"1";"0"
"4635";"41659";"4635";"52";"3";"3";"2";"0";"0";"1";"0";"1";"0"
"4636";"41663";"4636";"52";"5";"1";"7";"0";"1";"1";"0";"2";"0"
"4637";"41664";"4637";"52";"1";"1";"7";"6";"0";"1";"1";"1";"0"
"4676";"41691";"4676";"52";"3";"1";"7";"0";"0";"1";"0";"1";"0"
"4680";"41699";"4680";"52";"1";"1";"7";"6";"0";"1";"1";"1";"0"
"4694";"41726";"4694";"52";"4";"2";"1";"2";"0";"2";"0";"1";"0"
"4699";"41744";"4699";"52";"5";"1";"4";"2";"0";"1";"1";"1";"0"
"4703";"41748";"4703";"52";"1";"3";"2";"2";"0";"2";"1";"1";"0"
"4706";"41763";"4706";"52";"1";"1";"7";"7";"0";"1";"1";"1";"0"
"4707";"41763";"4707";"52";"1";"3";"1";"6";"0";"1";"1";"1";"0"
"4713";"42002";"4713";"52";"1";"1";"7";"0";"2";"0";"0";"2";"0"
"4714";"42002";"4714";"52";"1";"1";"7";"6";"1";"0";"3";"2";"0"
"4716";"42023";"4716";"52";"1";"1";"1";"0";"0";"1";"1";"3";"0"
"4717";"42025";"4717";"52";"1";"1";"7";"0";"0";"2";"0";"1";"0"
"4727";"42123";"4727";"52";"1";"1";"7";"0";"0";"1";"0";"1";"0"
"4728";"42124";"4728";"52";"3";"3";"2";"0";"0";"2";"0";"1";"0"
"4730";"42135";"4730";"52";"1";"7";"1";"0";"0";"1";"0";"1";"0"
"4731";"42138";"4731";"52";"3";"1";"1";"0";"0";"1";"0";"1";"0"
"4732";"42139";"4732";"52";"1";"1";"2";"0";"0";"1";"0";"1";"0"
"4733";"42139";"4733";"52";"4";"1";"7";"0";"1";"0";"0";"2";"0"
"4734";"42139";"4734";"52";"1";"1";"7";"6";"0";"1";"1";"1";"0"
"4736";"42140";"4736";"52";"1";"1";"7";"0";"2";"0";"0";"2";"0"
"4737";"42141";"4737";"52";"1";"1";"7";"0";"0";"1";"0";"1";"0"
"4738";"42141";"4738";"52";"1";"3";"1";"0";"0";"1";"0";"1";"0"
"4740";"42141";"4740";"52";"1";"1";"1";"5";"0";"1";"1";"1";"0"
"4741";"42141";"4741";"52";"1";"1";"3";"0";"1";"0";"0";"2";"0"
"4742";"42157";"4742";"52";"1";"1";"7";"0";"1";"0";"0";"2";"0"
"4748";"42205";"4748";"52";"1";"3";"1";"6";"0";"2";"1";"1";"0"
"4754";"42245";"4754";"52";"5";"3";"1";"0";"0";"1";"0";"1";"0"
"4756";"42252";"4756";"52";"1";"1";"7";"0";"0";"1";"1";"1";"0"
"4759";"42259";"4759";"52";"3";"6";"2";"0";"0";"1";"0";"1";"0"
"4760";"42264";"4760";"52";"1";"1";"7";"0";"0";"1";"0";"1";"0"
"4763";"42293";"4763";"52";"1";"1";"7";"6";"0";"1";"3";"1";"0"
"4769";"42960";"4769";"52";"2";"1";"7";"6";"0";"2";"0";"1";"0"
"4777";"42963";"4777";"52";"1";"2";"1";"0";"1";"1";"0";"2";"0"
"4830";"43101";"4830";"52";"1";"1";"7";"0";"0";"1";"0";"1";"0"
"4835";"43102";"4835";"52";"3";"3";"2";"6";"0";"1";"0";"3";"0"
"4838";"43102";"4838";"52";"2";"1";"7";"7";"0";"2";"1";"1";"0"
"4844";"43105";"4535";"52";"1";"1";"4";"2";"0";"2";"0";"1";"0"
"4846";"43107";"4846";"52";"1";"1";"7";"4";"0";"2";"1";"1";"0"
"4864";"43149";"4864";"52";"3";"3";"1";"0";"0";"1";"0";"1";"0"
"19166";"80901303";"19166";"52";"5";"1";"7";"0";"1";"0";"0";"2";"0"
"19184";"80917405";"19184";"52";"1";"1";"2";"0";"1";"0";"0";"2";"0"
"19186";"80917406";"19186";"52";"3";"2";"2";"0";"2";"2";"0";"2";"0"
"19199";"81705401";"19199";"52";"1";"1";"7";"0";"0";"1";"0";"1";"0"
"19263";"81724401";"19263";"52";"1";"1";"7";"0";"2";"0";"0";"2";"0"
"19305";"81737105";"19305";"52";"1";"1";"7";"2";"0";"1";"1";"1";"0"
"19309";"81741501";"19309";"52";"1";"1";"7";"0";"0";"0";"0";"3";"0"
"19311";"81741501";"19311";"52";"1";"1";"7";"0";"0";"1";"0";"1";"0"
"19312";"81741501";"19312";"52";"1";"1";"7";"0";"0";"2";"1";"1";"0"
"19328";"81744515";"19328";"52";"1";"4";"4";"2";"0";"1";"1";"1";"0"
"19345";"81751202";"19345";"52";"3";"1";"7";"6";"0";"1";"1";"1";"0"
"19348";"81751218";"19348";"52";"1";"1";"1";"0";"0";"1";"1";"1";"0"
"19349";"81751218";"19349";"52";"2";"1";"7";"0";"0";"1";"0";"1";"0"
"19350";"81752108";"10248";"52";"1";"1";"7";"0";"0";"1";"0";"1";"0"
"19354";"81753201";"19354";"52";"1";"3";"1";"0";"0";"0";"0";"3";"0"
"19356";"81753201";"19356";"52";"1";"1";"7";"0";"1";"0";"0";"2";"0"
"19362";"81753201";"19362";"52";"1";"1";"7";"7";"0";"1";"1";"1";"0"
"19376";"81755102";"19376";"52";"1";"1";"7";"0";"0";"3";"0";"1";"0"
"19407";"81756102";"19407";"52";"1";"1";"7";"0";"0";"2";"0";"1";"0"
"19423";"81757201";"19423";"52";"1";"1";"7";"0";"0";"1";"0";"1";"0"
"19449";"81762201";"19449";"52";"3";"1";"7";"2";"0";"1";"1";"1";"0"
"19461";"81762203";"19461";"52";"5";"1";"1";"0";"1";"1";"0";"2";"0"
"19462";"81762203";"19462";"52";"1";"2";"1";"6";"1";"2";"3";"2";"0"
"19463";"81762212";"19463";"52";"5";"1";"1";"0";"0";"1";"0";"1";"0"
"19471";"81763102";"19471";"52";"1";"1";"7";"0";"0";"1";"0";"1";"0"
"19595";"81765421";"19595";"52";"1";"1";"7";"0";"0";"3";"0";"1";"0"
"19596";"81765421";"19596";"52";"3";"1";"7";"0";"0";"1";"0";"1";"0"
"19597";"81766105";"19597";"52";"3";"1";"7";"0";"0";"1";"1";"1";"0"
"19624";"81766302";"19624";"52";"1";"1";"7";"0";"0";"1";"0";"1";"0"
"19639";"81766303";"19639";"52";"1";"1";"7";"0";"0";"1";"1";"1";"0"
"19648";"81766408";"19648";"52";"3";"3";"2";"0";"2";"0";"0";"2";"0"
"19663";"81767105";"8951";"52";"1";"1";"7";"6";"0";"1";"3";"1";"0"
"19684";"81771302";"19684";"52";"3";"1";"7";"0";"1";"0";"0";"3";"0"
"19743";"81775301";"19743";"52";"1";"1";"4";"4";"0";"1";"1";"1";"0"
"19745";"81776102";"19745";"52";"1";"1";"7";"6";"0";"1";"1";"1";"0"
"19746";"81776110";"19746";"52";"1";"1";"1";"6";"1";"0";"1";"2";"0"
"19794";"81782302";"19794";"52";"1";"3";"2";"6";"0";"3";"0";"1";"0"
"19800";"81784101";"19800";"52";"1";"3";"2";"0";"0";"1";"0";"1";"0"
"19806";"81784504";"19806";"52";"1";"1";"7";"0";"0";"1";"0";"1";"0"
"19860";"81787503";"19860";"52";"1";"1";"1";"6";"0";"1";"1";"1";"0"
"19876";"81793407";"19876";"52";"1";"1";"2";"0";"0";"1";"0";"1";"0"
"19877";"81793407";"19877";"52";"3";"1";"7";"0";"3";"0";"0";"2";"0"
"19879";"81793407";"19879";"52";"3";"1";"1";"0";"0";"1";"0";"1";"0"
"19939";"81797303";"19939";"52";"3";"1";"2";"0";"0";"1";"0";"1";"0"
"20004";"81807501";"20004";"52";"1";"1";"1";"6";"0";"1";"1";"1";"0"
"20012";"81812302";"20012";"52";"3";"1";"1";"0";"0";"2";"0";"1";"0"
"20013";"81812302";"20013";"52";"1";"3";"1";"0";"1";"0";"0";"3";"0"
"20020";"81813510";"20020";"52";"5";"1";"7";"0";"0";"1";"0";"1";"0"
"20021";"81813510";"20021";"52";"1";"1";"7";"0";"1";"0";"0";"2";"0"
"20036";"81817303";"20036";"52";"3";"1";"7";"0";"0";"3";"0";"1";"0"
"20046";"81826203";"20046";"52";"3";"1";"1";"0";"1";"0";"0";"2";"0"
"20053";"81834114";"20053";"52";"1";"3";"1";"6";"0";"1";"0";"1";"0"
"20097";"81874202";"20097";"52";"3";"1";"7";"0";"0";"1";"0";"1";"0"
"20103";"81876102";"20103";"52";"5";"1";"7";"0";"0";"2";"0";"1";"0"
"20126";"81893501";"20126";"52";"3";"1";"7";"0";"3";"0";"0";"2";"0"
"20161";"81907301";"20161";"52";"1";"1";"7";"0";"0";"2";"0";"1";"0"
"20196";"82712407";"20196";"52";"3";"1";"7";"0";"1";"0";"0";"2";"0"
"20198";"82713207";"20198";"52";"1";"1";"7";"0";"0";"1";"0";"1";"0"
"20229";"82721206";"20229";"52";"1";"1";"7";"4";"1";"0";"2";"2";"0"
"20233";"82722503";"20233";"52";"3";"1";"7";"6";"3";"0";"1";"2";"0"
"20243";"82742506";"20243";"52";"3";"2";"2";"0";"0";"1";"0";"1";"0"
"20244";"82742506";"20244";"52";"3";"1";"7";"0";"1";"0";"0";"2";"0"
"20247";"82743411";"20247";"52";"1";"1";"7";"2";"1";"0";"1";"2";"0"
"20248";"82743418";"20248";"52";"2";"1";"7";"0";"0";"1";"0";"1";"0"
"20259";"82743423";"20259";"52";"1";"1";"7";"0";"0";"1";"0";"1";"0"