"accident_id";"lieu_id";"date_id";"cause_id";"lum_id";"intemp_id";"etat_surface_id";"impliq_id";"nb_blesses_graves";"nb_blesses_legers";"nb_indemnes";"gravite";"nb_morts"
"20260";"82743423";"20260";"52";"1";"3";"2";"0";"0";"1";"0";"1";"0"
"20277";"82751203";"20277";"52";"1";"3";"1";"6";"0";"1";"1";"1";"0"
"20316";"82753307";"20316";"52";"1";"1";"7";"2";"0";"2";"2";"1";"0"
"20317";"82753307";"20317";"52";"1";"1";"7";"0";"0";"2";"0";"1";"0"
"20363";"82756307";"20363";"52";"1";"1";"7";"0";"0";"1";"0";"1";"0"
"20384";"82757303";"20384";"52";"1";"1";"7";"0";"0";"4";"0";"1";"0"
"20386";"82757306";"20386";"52";"3";"1";"7";"6";"1";"0";"0";"3";"0"
"20387";"82757306";"20387";"52";"1";"1";"7";"6";"0";"2";"2";"1";"0"
"20448";"82763511";"20448";"52";"1";"3";"1";"0";"0";"1";"1";"1";"0"
"20468";"82764503";"7357";"52";"1";"1";"1";"2";"0";"1";"1";"1";"0"
"20476";"82766209";"20476";"52";"1";"1";"7";"2";"0";"1";"2";"1";"0"
"20535";"82774407";"20535";"52";"3";"2";"2";"6";"0";"1";"0";"1";"0"
"20539";"82776202";"20539";"52";"3";"1";"7";"0";"0";"1";"2";"1";"0"
"20593";"82792304";"20593";"52";"3";"1";"7";"0";"0";"1";"0";"1";"0"
"20632";"82793505";"20632";"52";"3";"3";"2";"6";"1";"0";"1";"2";"0"
"20657";"82797504";"20657";"52";"1";"1";"7";"6";"1";"1";"0";"2";"0"
"20701";"82802201";"20701";"52";"3";"3";"1";"7";"1";"0";"1";"2";"0"
"20722";"82804402";"20722";"52";"1";"1";"7";"7";"0";"1";"1";"1";"0"
"20737";"82804402";"20737";"52";"3";"3";"2";"0";"0";"2";"0";"3";"0"
"20785";"82816303";"20785";"52";"1";"1";"7";"0";"0";"1";"0";"1";"0"
"20806";"82822207";"20806";"52";"3";"6";"1";"0";"0";"1";"0";"1";"0"
"20820";"82827304";"20820";"52";"1";"1";"7";"0";"0";"1";"2";"1";"0"
"20825";"82843406";"20825";"52";"1";"1";"6";"0";"3";"0";"0";"2";"0"
"20847";"82854512";"20847";"52";"3";"1";"7";"0";"1";"3";"0";"2";"0"
"20854";"82865202";"20854";"52";"5";"1";"7";"0";"1";"0";"0";"2";"0"
"20856";"82876303";"20856";"52";"1";"1";"7";"0";"0";"1";"0";"1";"0"
"20862";"82887102";"20862";"52";"3";"1";"1";"0";"1";"0";"1";"2";"0"
"20864";"82887105";"20864";"52";"3";"1";"7";"0";"0";"2";"0";"1";"0"
"20899";"82926307";"20899";"52";"1";"1";"7";"6";"0";"2";"0";"1";"0"
"20918";"82936204";"20918";"52";"3";"1";"7";"0";"0";"1";"0";"1";"0"
"20919";"82936204";"20919";"52";"3";"1";"1";"0";"0";"0";"0";"3";"0"
"20920";"83674303";"20920";"52";"1";"1";"7";"6";"0";"0";"1";"3";"0"
"20944";"83741304";"20944";"52";"4";"1";"7";"0";"1";"0";"0";"2";"0"
"20967";"83743109";"20967";"52";"3";"1";"7";"0";"0";"1";"1";"1";"0"
"20988";"83747213";"20988";"52";"1";"2";"1";"5";"0";"2";"1";"1";"0"
"21037";"83751403";"21037";"52";"1";"1";"7";"1";"1";"1";"1";"2";"0"
"21042";"83752210";"21042";"52";"1";"1";"7";"7";"1";"0";"1";"2";"0"
"21044";"83752406";"21044";"52";"1";"1";"7";"0";"1";"0";"0";"2";"0"
"21076";"83756407";"21076";"52";"2";"1";"7";"0";"0";"1";"0";"1";"0"
"21078";"83756407";"21078";"52";"2";"1";"7";"0";"0";"1";"0";"1";"0"
"21161";"83766111";"21161";"52";"1";"1";"1";"6";"0";"2";"1";"1";"0"
"21172";"83771403";"21172";"52";"1";"1";"7";"0";"0";"1";"0";"1";"0"
"21195";"83773301";"21195";"52";"3";"3";"2";"0";"0";"1";"0";"1";"0"
"21204";"83773504";"21204";"52";"1";"3";"2";"6";"1";"1";"1";"2";"0"
"21236";"83784204";"21236";"52";"1";"3";"1";"0";"0";"1";"0";"1";"0"
"21263";"83791503";"21263";"52";"3";"3";"2";"0";"0";"3";"0";"1";"0"
"21265";"83791503";"21265";"52";"3";"1";"7";"0";"0";"1";"0";"1";"0"
"21290";"83794402";"21290";"52";"1";"1";"7";"0";"1";"0";"1";"2";"0"
"21293";"83794402";"21293";"52";"3";"3";"1";"0";"0";"1";"0";"1";"0"
"21297";"83794402";"21297";"52";"3";"1";"7";"0";"0";"1";"0";"1";"0"
"21300";"83794402";"21300";"52";"1";"1";"7";"0";"0";"1";"0";"1";"0"
"21390";"83811503";"21390";"52";"1";"1";"7";"0";"0";"0";"0";"3";"0"
"21425";"83811503";"21425";"52";"1";"1";"7";"0";"0";"1";"0";"1";"0"
"21446";"83811509";"21446";"52";"1";"3";"1";"0";"0";"1";"0";"1";"0"
"21456";"83813209";"21456";"52";"1";"3";"1";"0";"0";"3";"0";"1";"0"
"21459";"83813505";"21459";"52";"1";"3";"1";"6";"1";"0";"1";"2";"0"
"21501";"83817408";"21501";"52";"1";"1";"7";"6";"0";"1";"2";"1";"0"
"21571";"83836106";"21571";"52";"1";"3";"2";"6";"0";"1";"2";"1";"0"
"21586";"83837210";"21586";"52";"3";"2";"2";"0";"1";"0";"0";"2";"0"
"21595";"83844401";"21595";"52";"1";"1";"7";"0";"0";"1";"0";"1";"0"
"21599";"83846502";"21599";"52";"1";"2";"1";"6";"0";"1";"1";"1";"0"
"21643";"83856206";"21643";"52";"1";"3";"1";"6";"0";"3";"0";"1";"0"
"21654";"83862206";"21654";"52";"3";"1";"7";"6";"0";"1";"1";"1";"0"
"21673";"83866402";"21673";"52";"3";"6";"1";"0";"1";"0";"0";"2";"0"
"21700";"83867408";"21700";"52";"1";"1";"7";"6";"0";"1";"1";"1";"0"
"21714";"83867503";"21714";"52";"1";"1";"1";"6";"0";"1";"1";"1";"0"
"21841";"83877104";"21841";"52";"3";"1";"7";"0";"1";"1";"0";"2";"0"
"21864";"83881110";"21864";"52";"1";"1";"1";"6";"0";"2";"3";"1";"0"
"21878";"83885206";"21878";"52";"3";"1";"7";"6";"0";"1";"1";"1";"0"
"21896";"83887402";"21896";"52";"3";"6";"1";"0";"0";"1";"0";"1";"0"
"21899";"83887402";"21899";"52";"2";"6";"1";"0";"1";"0";"0";"2";"0"
"21917";"83891403";"21917";"52";"1";"1";"7";"6";"0";"1";"1";"1";"0"
"21928";"83892407";"21928";"52";"1";"1";"7";"0";"0";"2";"0";"1";"0"
"21951";"83895204";"21951";"52";"1";"1";"7";"0";"0";"2";"0";"1";"0"
"21957";"83901202";"21957";"52";"1";"1";"7";"6";"0";"3";"0";"1";"0"
"21976";"83911206";"21976";"52";"3";"1";"1";"0";"0";"1";"1";"1";"0"
"21978";"83911410";"21978";"52";"1";"1";"2";"6";"1";"2";"0";"2";"0"
"22023";"83924102";"22023";"52";"3";"3";"1";"2";"0";"1";"1";"1";"0"
"22094";"84737402";"22094";"52";"2";"1";"7";"0";"0";"1";"0";"1";"0"
"22125";"84743301";"22125";"52";"2";"1";"7";"0";"0";"1";"0";"1";"0"
"22135";"84743401";"22135";"52";"3";"1";"7";"0";"0";"1";"1";"1";"0"
"22143";"84744204";"22143";"52";"3";"1";"2";"0";"0";"2";"0";"1";"0"
"22153";"84744315";"22153";"52";"3";"1";"7";"0";"0";"1";"2";"1";"0"
"22247";"84763510";"22247";"52";"1";"2";"2";"0";"0";"3";"1";"1";"0"
"22326";"84782101";"22326";"52";"3";"7";"1";"6";"0";"1";"1";"1";"0"
"22371";"84792504";"22371";"52";"3";"1";"7";"0";"1";"1";"0";"2";"0"
"22377";"84793312";"22377";"52";"1";"1";"7";"2";"1";"0";"1";"2";"0"
"22382";"84794503";"19796";"52";"2";"1";"7";"6";"0";"2";"2";"1";"0"
"22393";"84794503";"22393";"52";"3";"3";"2";"6";"1";"3";"0";"2";"0"
"22491";"84806207";"22491";"52";"3";"1";"1";"0";"0";"2";"1";"1";"0"
"22502";"84807309";"22502";"52";"3";"6";"4";"7";"0";"2";"1";"1";"0"
"22509";"84807309";"20020";"52";"1";"6";"1";"6";"0";"1";"1";"1";"0"
"22548";"84812113";"22548";"52";"3";"3";"1";"0";"0";"3";"0";"1";"0"
"22557";"84812204";"22557";"52";"1";"1";"7";"6";"0";"1";"2";"1";"0"
"22567";"84813304";"22567";"52";"3";"1";"7";"0";"2";"0";"0";"2";"0"
"22664";"84823207";"22664";"52";"3";"1";"7";"0";"0";"1";"0";"1";"0"
"22702";"84825209";"22702";"52";"1";"1";"2";"0";"1";"0";"0";"2";"0"
"22705";"84825301";"22705";"52";"2";"1";"7";"2";"0";"1";"1";"1";"0"
"22758";"84831405";"22758";"52";"3";"1";"7";"0";"0";"2";"0";"1";"0"
"22860";"84836301";"22860";"52";"3";"3";"1";"0";"1";"0";"0";"2";"0"
"22964";"84847123";"22964";"52";"3";"1";"7";"6";"0";"1";"1";"1";"0"
"23000";"84851502";"23000";"52";"3";"1";"7";"0";"1";"0";"0";"2";"0"
"23107";"84857209";"23107";"52";"1";"2";"1";"6";"0";"1";"2";"1";"0"
"23140";"84861104";"23140";"52";"1";"3";"1";"0";"0";"1";"0";"1";"0"
"23190";"84862103";"23190";"52";"3";"1";"1";"0";"0";"2";"0";"1";"0"
"23296";"84865210";"23296";"52";"3";"3";"1";"2";"0";"1";"1";"1";"0"
"23308";"84865304";"23308";"52";"3";"1";"4";"0";"1";"0";"0";"2";"0"
"23328";"84866505";"23328";"52";"1";"1";"1";"7";"0";"1";"1";"1";"0"
"23329";"84866506";"23329";"52";"1";"1";"7";"5";"0";"2";"1";"1";"0"
"23355";"84867308";"23355";"52";"1";"1";"7";"3";"0";"1";"1";"1";"0"
"23384";"84871108";"23384";"52";"3";"1";"7";"0";"0";"2";"0";"1";"0"
"23386";"84871108";"23386";"52";"3";"1";"4";"0";"0";"2";"0";"1";"0"
"23397";"84871503";"23397";"52";"1";"1";"1";"0";"0";"1";"0";"1";"0"
"23416";"84872403";"23416";"52";"2";"1";"7";"0";"0";"2";"0";"1";"0"
"23458";"84873504";"10193";"52";"1";"1";"7";"0";"1";"0";"0";"3";"0"
"23461";"84874104";"23461";"52";"3";"1";"7";"0";"0";"1";"0";"1";"0"
"23473";"84874402";"23473";"52";"3";"1";"7";"0";"2";"2";"0";"2";"0"
"23532";"84876506";"23532";"52";"3";"3";"1";"5";"1";"0";"1";"2";"0"
"23535";"84876506";"23535";"52";"3";"1";"7";"0";"0";"1";"0";"1";"0"
"23537";"84876506";"2428";"52";"1";"1";"1";"0";"0";"2";"0";"1";"0"
"23594";"84877513";"23594";"52";"3";"1";"7";"0";"2";"0";"0";"2";"0"
"23635";"84884103";"23635";"52";"1";"1";"7";"1";"1";"0";"1";"2";"0"
"23672";"84896205";"23672";"52";"3";"1";"7";"0";"0";"2";"0";"1";"0"
"23678";"84896210";"23678";"52";"3";"3";"4";"0";"0";"1";"0";"1";"0"
"23684";"84897502";"23684";"52";"2";"1";"7";"6";"0";"1";"1";"1";"0"
"23693";"84911401";"23693";"52";"1";"1";"7";"0";"0";"2";"0";"1";"0"
"23698";"84914401";"23698";"52";"1";"2";"1";"7";"0";"2";"1";"1";"0"
"23707";"85732506";"23707";"52";"1";"1";"7";"0";"1";"0";"0";"2";"0"
"23737";"85743405";"23737";"52";"2";"3";"2";"6";"0";"1";"0";"1";"0"
"23755";"85771308";"23755";"52";"3";"1";"2";"0";"1";"1";"0";"2";"0"
"23807";"85783201";"23807";"52";"1";"1";"7";"0";"0";"0";"0";"3";"0"
"23843";"85786503";"23843";"52";"1";"1";"7";"6";"1";"1";"1";"2";"0"
"23862";"85804204";"23862";"52";"1";"1";"7";"0";"0";"2";"0";"1";"0"
"23894";"85807502";"23894";"52";"1";"1";"1";"6";"0";"1";"1";"1";"0"
"23907";"85811105";"23907";"52";"1";"1";"7";"0";"0";"1";"0";"1";"0"
"19285";"81732104";"19285";"53";"1";"3";"2";"4";"1";"0";"1";"2";"0"
"19455";"81762201";"19455";"53";"3";"1";"7";"6";"0";"2";"1";"1";"0"
"19759";"81777205";"19759";"53";"1";"1";"7";"6";"0";"2";"2";"1";"0"
"21287";"83794402";"21287";"53";"1";"6";"1";"6";"0";"1";"1";"1";"0"
"21741";"83867509";"21741";"53";"1";"1";"7";"0";"0";"1";"0";"1";"0"
"22159";"84745113";"22159";"53";"1";"1";"7";"6";"0";"1";"1";"1";"0"
"22374";"84793312";"22374";"53";"1";"1";"7";"6";"0";"1";"1";"1";"0"
"22736";"84827118";"19999";"53";"2";"1";"7";"6";"1";"0";"0";"2";"0"
"23006";"84852409";"23006";"53";"1";"1";"7";"2";"0";"1";"1";"1";"0"
"23506";"84875501";"23506";"53";"1";"1";"7";"6";"0";"2";"0";"1";"0"
"23828";"85786406";"23828";"53";"1";"1";"7";"6";"0";"1";"1";"1";"0"
"14465";"78665505";"14465";"53";"1";"1";"7";"1";"0";"0";"2";"3";"0"
"15236";"78781402";"15236";"53";"1";"1";"7";"6";"0";"1";"2";"1";"0"
"15252";"78782205";"15252";"53";"3";"1";"7";"6";"0";"2";"0";"1";"0"
"17230";"80662202";"17230";"53";"5";"1";"7";"6";"0";"3";"1";"1";"0"
"17744";"80747403";"17744";"53";"1";"1";"7";"6";"0";"2";"1";"1";"0"
"18142";"80761105";"18142";"53";"1";"1";"7";"6";"0";"2";"1";"1";"0"
"9876";"72188";"9876";"53";"3";"1";"7";"0";"0";"1";"0";"1";"0"
"9881";"72200";"9881";"53";"3";"3";"1";"6";"0";"2";"0";"1";"0"
"9917";"72274";"9917";"53";"1";"1";"2";"6";"0";"1";"1";"1";"0"
"10117";"72594";"10117";"53";"1";"1";"7";"3";"0";"1";"1";"1";"0"
"10578";"73330";"10578";"53";"1";"1";"7";"8";"0";"1";"1";"1";"0"
"10888";"74114";"10888";"53";"1";"1";"7";"0";"0";"1";"0";"1";"0"
"11136";"78397";"11136";"53";"1";"1";"7";"6";"0";"1";"0";"1";"0"
"11482";"80857";"11482";"53";"1";"1";"7";"3";"0";"1";"1";"1";"0"
"11940";"84168";"11940";"53";"5";"1";"7";"6";"1";"0";"2";"2";"0"
"12021";"90142";"12021";"53";"1";"1";"7";"6";"0";"1";"3";"1";"0"
"12098";"90271";"12098";"53";"1";"1";"7";"6";"0";"1";"3";"1";"0"
"12167";"90318";"12167";"53";"1";"1";"7";"6";"0";"1";"1";"1";"0"
"12307";"90586";"12307";"53";"1";"1";"7";"0";"0";"3";"0";"1";"0"
"12706";"70826301";"12706";"53";"1";"1";"7";"4";"0";"1";"1";"1";"0"
"13373";"75796401";"13373";"53";"1";"1";"7";"3";"2";"1";"1";"2";"0"
"13563";"76761101";"13563";"53";"3";"3";"1";"0";"0";"1";"0";"1";"0"
"13866";"77737308";"13866";"53";"1";"1";"7";"6";"0";"1";"2";"1";"0"
"14015";"77757408";"14015";"53";"3";"1";"7";"6";"0";"3";"2";"1";"0"
"4889";"43190";"4889";"53";"1";"1";"7";"6";"0";"1";"1";"1";"0"
"4903";"43232";"4903";"53";"1";"1";"7";"2";"0";"2";"0";"1";"0"
"5032";"43580";"5032";"53";"1";"1";"7";"6";"0";"1";"1";"1";"0"
"5147";"45331";"5147";"53";"1";"1";"7";"6";"0";"1";"1";"1";"0"
"5151";"45336";"5151";"53";"4";"1";"7";"6";"0";"1";"1";"1";"0"
"5294";"45520";"5294";"53";"1";"1";"7";"2";"0";"1";"1";"1";"0"
"5615";"47533";"5615";"53";"2";"1";"7";"0";"0";"1";"1";"1";"0"
"5795";"48483";"5795";"53";"1";"6";"2";"2";"0";"1";"0";"1";"0"
"5805";"48531";"5805";"53";"3";"1";"7";"6";"0";"1";"1";"1";"0"
"5847";"48598";"5847";"53";"1";"1";"7";"6";"0";"1";"1";"1";"0"
"5882";"48667";"5882";"53";"1";"1";"7";"6";"0";"2";"1";"1";"0"
"5888";"48688";"5888";"53";"3";"1";"7";"6";"0";"1";"1";"1";"0"
"6026";"49067";"6026";"53";"3";"1";"7";"0";"1";"1";"0";"2";"0"
"6510";"53334";"6510";"53";"3";"2";"2";"5";"0";"1";"1";"1";"0"
"7067";"60846";"7067";"53";"3";"1";"7";"0";"0";"1";"1";"1";"0"
"7912";"61764";"7912";"53";"1";"1";"7";"6";"0";"1";"1";"1";"0"
"8533";"62286";"8533";"53";"1";"1";"7";"4";"0";"1";"1";"1";"0"
"8878";"62662";"8878";"53";"1";"1";"7";"2";"0";"1";"2";"1";"0"
"9195";"65901";"9195";"53";"1";"3";"1";"6";"1";"0";"1";"2";"0"
"9307";"66124";"9307";"53";"1";"1";"7";"6";"0";"1";"1";"1";"0"
"9400";"68349";"9400";"53";"1";"1";"7";"3";"1";"0";"1";"2";"0"
"9516";"68957";"9516";"53";"1";"1";"7";"2";"0";"1";"1";"1";"0"
"9538";"69015";"9538";"53";"3";"1";"7";"6";"1";"0";"0";"3";"0"
"166";"796";"166";"53";"1";"1";"7";"0";"1";"0";"1";"2";"0"
"305";"1230";"305";"53";"1";"1";"7";"6";"0";"1";"0";"1";"0"
"306";"1232";"306";"53";"1";"1";"7";"6";"0";"2";"1";"1";"0"
"726";"7068";"726";"53";"1";"1";"7";"6";"0";"1";"1";"1";"0"
"832";"8235";"832";"53";"1";"1";"7";"6";"0";"2";"1";"1";"0"
"849";"8249";"849";"53";"1";"1";"7";"0";"0";"1";"0";"1";"0"
"1505";"21259";"1505";"53";"1";"1";"7";"0";"2";"0";"0";"2";"0"
"1636";"25205";"1636";"53";"3";"1";"7";"6";"0";"1";"1";"1";"0"
"1983";"28233";"1983";"53";"1";"1";"7";"0";"0";"1";"1";"1";"0"
"2261";"29522";"2261";"53";"1";"7";"1";"6";"0";"1";"2";"1";"0"
"2527";"33706";"2527";"53";"1";"1";"7";"0";"0";"1";"0";"1";"0"
"2807";"38025";"2807";"53";"1";"1";"7";"2";"0";"1";"1";"1";"0"
"3317";"39152";"3317";"53";"1";"3";"2";"2";"0";"1";"1";"1";"0"
"3381";"39356";"3381";"53";"1";"1";"7";"2";"0";"1";"1";"1";"0"
"3572";"39662";"3572";"53";"3";"1";"2";"2";"0";"1";"1";"1";"0"
"3670";"39846";"3670";"53";"3";"1";"7";"2";"1";"0";"1";"2";"0"
"4051";"40391";"4051";"53";"1";"3";"2";"6";"0";"1";"1";"1";"0"
"4462";"41279";"4462";"53";"1";"1";"7";"6";"0";"1";"2";"1";"0"
"4518";"41427";"4518";"53";"1";"1";"7";"6";"0";"1";"2";"1";"0"
"4534";"41474";"4534";"53";"1";"1";"7";"0";"0";"0";"0";"3";"0"
"4689";"41721";"4689";"53";"1";"1";"7";"6";"0";"1";"2";"1";"0"
"24009";"85814405";"24009";"53";"1";"1";"7";"6";"0";"2";"1";"1";"0"
"27815";"86834302";"2059";"53";"3";"1";"7";"6";"2";"0";"1";"2";"0"
"24133";"85821203";"24133";"61";"1";"1";"4";"6";"0";"1";"1";"1";"0"
"25028";"85845203";"25028";"61";"1";"1";"7";"3";"0";"1";"1";"1";"0"
"26003";"85877102";"26003";"61";"1";"1";"7";"4";"0";"1";"1";"1";"0"
"26635";"86813104";"26635";"61";"2";"3";"2";"4";"0";"1";"1";"1";"0"
"26953";"86821411";"26953";"61";"1";"1";"7";"4";"0";"1";"1";"1";"0"
"27073";"86823203";"27073";"61";"1";"1";"7";"4";"0";"1";"1";"1";"0"
"27528";"86831207";"27528";"61";"1";"1";"7";"3";"0";"1";"1";"1";"0"
"28339";"86862202";"28339";"61";"1";"1";"7";"6";"0";"4";"0";"1";"0"
"9771";"72066";"9771";"61";"1";"1";"7";"3";"0";"1";"1";"1";"0"
"9793";"72086";"9793";"61";"1";"1";"7";"3";"0";"1";"1";"1";"0"
"9828";"72120";"9828";"61";"1";"1";"7";"4";"0";"1";"1";"1";"0"
"9834";"72123";"9834";"61";"1";"3";"2";"3";"0";"1";"1";"1";"0"
"9880";"72200";"9880";"61";"3";"1";"1";"3";"0";"1";"1";"1";"0"
"9942";"72345";"9942";"61";"1";"1";"7";"3";"0";"1";"1";"1";"0"
"9960";"72366";"9960";"61";"1";"1";"7";"3";"1";"0";"1";"2";"0"
"9962";"72372";"9962";"61";"1";"6";"1";"4";"0";"1";"1";"1";"0"
"9983";"72379";"9784";"61";"1";"1";"7";"3";"0";"1";"2";"1";"0"
"10127";"72614";"10127";"61";"1";"1";"7";"4";"0";"1";"1";"1";"0"
"10136";"72623";"10136";"61";"2";"1";"7";"3";"0";"1";"1";"1";"0"
"10183";"72638";"10183";"61";"1";"1";"7";"4";"0";"2";"2";"1";"0"
"10185";"72640";"10185";"61";"2";"1";"7";"3";"0";"1";"1";"1";"0"
"10196";"72645";"10196";"61";"1";"1";"7";"3";"0";"1";"1";"1";"0"
"10204";"72648";"10204";"61";"1";"1";"7";"3";"0";"1";"1";"1";"0"
"10307";"72809";"10307";"61";"1";"1";"7";"3";"0";"1";"1";"1";"0"
"10309";"72819";"10309";"61";"1";"1";"1";"4";"0";"1";"1";"1";"0"
"10335";"72905";"10335";"61";"1";"1";"7";"2";"0";"1";"1";"1";"0"
"10377";"72975";"10377";"61";"1";"1";"7";"4";"1";"0";"1";"2";"0"
"10408";"73043";"10408";"61";"1";"1";"7";"3";"0";"1";"1";"1";"0"
"10488";"73175";"10488";"61";"1";"1";"7";"3";"0";"1";"1";"1";"0"
"10549";"73266";"10549";"61";"1";"1";"7";"3";"0";"1";"1";"1";"0"
"10659";"73465";"10659";"61";"3";"2";"2";"4";"0";"1";"1";"1";"0"
"10661";"73465";"10661";"61";"2";"3";"1";"4";"0";"1";"1";"1";"0"
"10706";"73499";"10706";"61";"1";"1";"7";"3";"0";"1";"1";"1";"0"
"10721";"73582";"10721";"61";"1";"1";"7";"3";"0";"1";"1";"1";"0"
"10755";"73659";"10755";"61";"3";"1";"7";"3";"0";"1";"1";"1";"0"
"11396";"80519";"11396";"61";"3";"3";"1";"3";"0";"0";"2";"3";"0"
"11430";"80652";"11430";"61";"1";"1";"7";"2";"0";"1";"1";"1";"0"
"11435";"80655";"11435";"61";"3";"3";"2";"4";"0";"1";"1";"1";"0"
"11529";"80997";"11529";"61";"1";"1";"7";"3";"0";"1";"1";"1";"0"
"11580";"81105";"11580";"61";"1";"1";"7";"4";"0";"1";"1";"1";"0"
"11648";"81233";"11648";"61";"1";"3";"1";"3";"0";"1";"1";"1";"0"
"11688";"81303";"11688";"61";"1";"1";"7";"3";"0";"1";"1";"1";"0"
"11711";"81379";"11711";"61";"1";"3";"1";"3";"0";"1";"1";"1";"0"
"11975";"90036";"11975";"61";"2";"1";"7";"3";"1";"0";"1";"2";"0"
"12067";"90212";"12067";"61";"1";"3";"1";"4";"0";"1";"1";"1";"0"
"12096";"90264";"12096";"61";"1";"1";"7";"3";"0";"1";"1";"1";"0"
"12272";"90478";"12272";"61";"1";"1";"7";"4";"0";"1";"1";"1";"0"
"12301";"90562";"12301";"61";"1";"1";"7";"3";"0";"1";"1";"1";"0"
"12328";"90631";"12328";"61";"1";"1";"7";"3";"0";"1";"1";"1";"0"
"12342";"90695";"12342";"61";"1";"1";"7";"3";"1";"0";"1";"2";"0"
"12358";"90740";"12358";"61";"1";"1";"7";"3";"0";"1";"2";"1";"0"
"12474";"67645503";"12474";"61";"1";"1";"7";"2";"2";"0";"1";"2";"0"
"12904";"71821201";"12904";"61";"1";"1";"7";"3";"0";"1";"1";"1";"0"
"13042";"71842111";"13042";"61";"3";"1";"7";"0";"1";"0";"1";"2";"0"
"13498";"76734212";"13498";"61";"1";"1";"7";"3";"0";"1";"1";"1";"0"
"14150";"77772301";"14150";"61";"1";"2";"1";"6";"0";"6";"1";"1";"0"
"14157";"77772505";"14157";"61";"1";"1";"7";"3";"0";"1";"1";"1";"0"
"14339";"77901408";"14339";"61";"1";"1";"7";"3";"0";"1";"1";"1";"0"
"19736";"81774203";"19736";"61";"1";"1";"7";"3";"0";"0";"2";"3";"0"
"22348";"84791405";"22348";"61";"1";"1";"7";"4";"0";"1";"1";"1";"0"
"22871";"84836504";"22871";"61";"1";"3";"1";"3";"0";"1";"1";"1";"0"
"23010";"84852409";"23010";"61";"1";"1";"7";"4";"0";"1";"1";"1";"0"
"14631";"78741209";"14631";"61";"1";"1";"7";"3";"0";"1";"1";"1";"0"
"15572";"79726304";"15572";"61";"1";"1";"7";"6";"1";"0";"2";"2";"0"
"16320";"79755203";"16320";"61";"1";"1";"7";"3";"0";"1";"1";"1";"0"
"16500";"79762102";"16500";"61";"1";"1";"7";"3";"0";"1";"1";"1";"0"
"17134";"79806202";"17134";"61";"1";"1";"7";"3";"1";"0";"1";"2";"0"
"18195";"80761301";"18195";"61";"1";"1";"7";"3";"0";"1";"2";"1";"0"
"18501";"80765404";"18501";"61";"1";"1";"7";"3";"0";"1";"2";"1";"0"
"18925";"80787209";"18925";"61";"1";"1";"7";"3";"0";"1";"1";"1";"0"
"120";"634";"120";"61";"1";"1";"7";"3";"1";"0";"1";"2";"0"
"176";"824";"176";"61";"1";"1";"7";"3";"0";"1";"1";"1";"0"
"189";"836";"189";"61";"1";"1";"7";"3";"1";"0";"0";"2";"0"
"192";"836";"192";"61";"1";"1";"7";"3";"0";"1";"1";"1";"0"
"224";"884";"224";"61";"1";"1";"7";"3";"1";"0";"1";"2";"0"
"315";"1277";"315";"61";"1";"1";"7";"3";"1";"0";"1";"2";"0"
"382";"1498";"382";"61";"1";"1";"7";"3";"0";"1";"1";"1";"0"
"383";"1500";"383";"61";"1";"1";"7";"8";"0";"1";"1";"1";"0"
"508";"3584";"508";"61";"1";"1";"7";"3";"1";"0";"1";"2";"0"
"514";"3592";"514";"61";"1";"7";"7";"3";"1";"0";"1";"2";"0"
"523";"3618";"523";"61";"1";"3";"1";"3";"0";"1";"1";"1";"0"
"590";"3856";"590";"61";"1";"1";"7";"3";"1";"0";"1";"2";"0"
"592";"3859";"592";"61";"1";"1";"7";"3";"1";"0";"1";"2";"0"
"665";"5503";"665";"61";"1";"1";"7";"7";"0";"1";"1";"1";"0"
"788";"7242";"788";"61";"1";"1";"7";"2";"0";"1";"1";"1";"0"
"999";"12135";"999";"61";"3";"7";"1";"3";"0";"1";"1";"1";"0"
"1008";"12170";"1008";"61";"1";"1";"7";"3";"0";"1";"1";"1";"0"
"1010";"12172";"1010";"61";"1";"1";"7";"3";"0";"1";"1";"1";"0"
"1034";"12314";"1034";"61";"1";"1";"7";"3";"0";"1";"1";"1";"0"
"1102";"13222";"1102";"61";"1";"1";"7";"3";"0";"1";"1";"1";"0"
"1110";"13296";"1110";"61";"1";"1";"7";"3";"0";"1";"1";"1";"0"
"1112";"13296";"1112";"61";"3";"1";"7";"4";"0";"1";"1";"1";"0"
"1140";"13336";"1140";"61";"1";"1";"7";"3";"0";"1";"1";"1";"0"
"1150";"13343";"1150";"61";"2";"1";"7";"3";"0";"1";"1";"1";"0"
"1196";"13430";"1196";"61";"1";"1";"7";"3";"0";"1";"1";"1";"0"
"1212";"13434";"1212";"61";"3";"1";"7";"3";"0";"1";"1";"1";"0"
"1245";"13607";"1245";"61";"1";"1";"7";"4";"0";"1";"1";"1";"0"
"1635";"25205";"1635";"61";"1";"1";"7";"4";"0";"1";"1";"1";"0"
"1643";"25206";"1643";"61";"1";"1";"7";"4";"0";"1";"1";"1";"0"
"1650";"25209";"1650";"61";"1";"1";"7";"4";"0";"1";"1";"1";"0"
"1747";"26786";"1747";"61";"1";"1";"7";"3";"0";"1";"1";"1";"0"
"1771";"26905";"1771";"61";"1";"1";"2";"4";"0";"1";"1";"1";"0"
"1807";"27000";"1807";"61";"1";"1";"7";"3";"0";"1";"1";"1";"0"