"accident_id";"lieu_id";"date_id";"cause_id";"lum_id";"intemp_id";"etat_surface_id";"impliq_id";"nb_blesses_graves";"nb_blesses_legers";"nb_indemnes";"gravite";"nb_morts"
"1850";"27116";"1850";"61";"1";"1";"7";"3";"0";"1";"2";"1";"0"
"1876";"27258";"1876";"61";"3";"1";"7";"3";"0";"1";"1";"1";"0"
"1941";"28062";"1941";"61";"1";"1";"7";"3";"0";"1";"1";"1";"0"
"2022";"28340";"2022";"61";"1";"3";"2";"3";"0";"1";"1";"1";"0"
"2077";"29046";"2077";"61";"1";"3";"2";"3";"0";"1";"1";"1";"0"
"2176";"29216";"2176";"61";"1";"1";"7";"3";"0";"1";"1";"1";"0"
"2341";"31812";"2341";"61";"1";"1";"7";"3";"1";"0";"1";"2";"0"
"2365";"31968";"2365";"61";"1";"1";"7";"3";"1";"0";"1";"2";"0"
"2374";"31980";"2374";"61";"1";"1";"7";"3";"0";"1";"1";"1";"0"
"2407";"33369";"2407";"61";"1";"1";"7";"4";"0";"1";"1";"1";"0"
"2419";"33403";"2419";"61";"1";"1";"7";"4";"0";"1";"2";"1";"0"
"2475";"33595";"2475";"61";"1";"7";"7";"3";"0";"1";"1";"1";"0"
"2476";"33600";"2476";"61";"1";"1";"7";"3";"0";"1";"1";"1";"0"
"2484";"33628";"2484";"61";"1";"1";"7";"4";"0";"1";"1";"1";"0"
"2574";"34012";"2574";"61";"2";"1";"7";"4";"0";"1";"3";"1";"0"
"2586";"34118";"2586";"61";"2";"1";"7";"4";"0";"1";"1";"1";"0"
"2631";"35427";"2631";"61";"1";"1";"7";"3";"0";"1";"1";"1";"0"
"2869";"38118";"2869";"61";"1";"1";"7";"3";"0";"1";"1";"1";"0"
"2877";"38123";"2877";"61";"1";"1";"7";"3";"0";"1";"2";"1";"0"
"2885";"38134";"2885";"61";"1";"1";"7";"3";"0";"1";"1";"1";"0"
"2904";"38183";"2904";"61";"1";"1";"7";"3";"0";"1";"1";"1";"0"
"3037";"38578";"3037";"61";"1";"1";"7";"5";"0";"1";"3";"1";"0"
"3088";"38792";"3088";"61";"1";"1";"7";"3";"0";"1";"1";"1";"0"
"3142";"38935";"3142";"61";"1";"1";"7";"3";"0";"1";"2";"1";"0"
"3173";"38967";"3173";"61";"1";"1";"7";"3";"1";"0";"1";"2";"0"
"3241";"39034";"3241";"61";"1";"1";"7";"3";"0";"1";"1";"1";"0"
"3269";"39049";"3269";"61";"1";"1";"7";"3";"0";"1";"2";"1";"0"
"3293";"39099";"3293";"61";"1";"1";"7";"4";"1";"0";"1";"2";"0"
"3303";"39118";"3303";"61";"1";"1";"7";"3";"0";"1";"1";"1";"0"
"3390";"39389";"3390";"61";"1";"3";"1";"4";"0";"1";"1";"1";"0"
"3392";"39389";"3392";"61";"3";"1";"7";"4";"0";"1";"1";"1";"0"
"3404";"39402";"3404";"61";"1";"1";"7";"3";"0";"1";"1";"1";"0"
"3407";"39415";"3407";"61";"2";"7";"7";"6";"0";"1";"1";"1";"0"
"3506";"39614";"3506";"61";"3";"1";"7";"3";"0";"1";"2";"1";"0"
"3517";"39633";"3517";"61";"1";"1";"7";"3";"0";"1";"1";"1";"0"
"3529";"39638";"3529";"61";"3";"1";"7";"3";"0";"1";"1";"1";"0"
"3535";"39644";"3535";"61";"1";"1";"7";"3";"0";"1";"1";"1";"0"
"3597";"39697";"3597";"61";"1";"1";"7";"1";"0";"1";"2";"1";"0"
"3625";"39747";"3625";"61";"1";"1";"7";"3";"0";"1";"1";"1";"0"
"3748";"40018";"3748";"61";"1";"1";"7";"3";"0";"1";"1";"1";"0"
"3842";"40091";"3842";"61";"1";"1";"7";"3";"0";"1";"1";"1";"0"
"3953";"40301";"3953";"61";"3";"1";"7";"4";"0";"1";"1";"1";"0"
"3958";"40303";"3958";"61";"1";"1";"7";"3";"1";"1";"1";"2";"0"
"4043";"40382";"4043";"61";"3";"1";"7";"4";"0";"1";"1";"1";"0"
"4120";"40537";"4120";"61";"1";"3";"1";"3";"1";"0";"1";"2";"0"
"4171";"40721";"4171";"61";"1";"1";"7";"4";"0";"1";"1";"1";"0"
"4241";"40840";"4241";"61";"1";"1";"7";"4";"0";"1";"2";"1";"0"
"4249";"40844";"4249";"61";"1";"1";"7";"4";"0";"1";"1";"1";"0"
"4311";"40973";"4311";"61";"1";"1";"7";"3";"0";"1";"1";"1";"0"
"4696";"41742";"4696";"61";"1";"1";"7";"3";"0";"1";"2";"1";"0"
"4709";"41773";"4709";"61";"1";"1";"7";"3";"0";"1";"1";"1";"0"
"4722";"42078";"4722";"61";"1";"1";"7";"3";"0";"1";"1";"1";"0"
"4809";"43085";"4809";"61";"1";"1";"7";"3";"0";"1";"1";"1";"0"
"4813";"43089";"4813";"61";"1";"1";"7";"4";"0";"1";"1";"1";"0"
"4825";"43099";"4825";"61";"1";"1";"7";"3";"0";"1";"1";"1";"0"
"4881";"43161";"4881";"61";"1";"1";"7";"3";"0";"1";"1";"1";"0"
"5061";"43798";"5061";"61";"1";"1";"7";"4";"0";"1";"1";"1";"0"
"5185";"45388";"5185";"61";"1";"1";"7";"3";"0";"1";"1";"1";"0"
"5186";"45388";"5186";"61";"1";"1";"7";"4";"0";"1";"1";"1";"0"
"5260";"45465";"5260";"61";"1";"1";"7";"3";"0";"1";"1";"1";"0"
"5343";"46246";"5343";"61";"1";"1";"7";"3";"0";"1";"1";"1";"0"
"5403";"46358";"5403";"61";"1";"1";"7";"4";"1";"0";"1";"2";"0"
"5410";"46362";"5410";"61";"1";"1";"7";"3";"1";"0";"1";"2";"0"
"5431";"46390";"5431";"61";"3";"1";"7";"4";"0";"1";"1";"1";"0"
"5460";"46406";"5460";"61";"1";"1";"7";"3";"0";"1";"1";"1";"0"
"5537";"47371";"5537";"61";"1";"1";"7";"3";"0";"1";"2";"1";"0"
"5538";"47373";"5538";"61";"1";"1";"7";"3";"1";"0";"2";"2";"0"
"5548";"47374";"5548";"61";"1";"1";"7";"3";"0";"1";"1";"1";"0"
"5656";"47538";"5656";"61";"1";"1";"1";"3";"0";"1";"1";"1";"0"
"5657";"47538";"5657";"61";"1";"1";"7";"3";"0";"1";"1";"1";"0"
"5658";"47538";"5658";"61";"1";"1";"7";"3";"0";"1";"1";"1";"0"
"5717";"47633";"5717";"61";"1";"1";"7";"3";"0";"1";"1";"1";"0"
"5753";"47697";"5753";"61";"1";"1";"2";"4";"0";"1";"1";"1";"0"
"5970";"48930";"5970";"61";"1";"1";"7";"4";"0";"1";"1";"1";"0"
"6079";"49206";"6079";"61";"1";"1";"7";"3";"0";"1";"1";"1";"0"
"6119";"49441";"6119";"61";"1";"1";"7";"4";"0";"1";"1";"1";"0"
"6127";"49489";"6127";"61";"1";"3";"2";"4";"0";"1";"1";"1";"0"
"6184";"50196";"6184";"61";"1";"1";"7";"4";"0";"1";"1";"1";"0"
"6279";"51824";"6279";"61";"1";"1";"7";"4";"0";"1";"1";"3";"0"
"6401";"52862";"6401";"61";"1";"7";"2";"4";"0";"1";"1";"1";"0"
"6429";"53023";"6429";"61";"1";"1";"7";"3";"0";"1";"1";"1";"0"
"6438";"53034";"6438";"61";"1";"1";"7";"4";"0";"1";"1";"1";"0"
"6595";"55668";"6595";"61";"1";"1";"7";"4";"1";"0";"1";"2";"0"
"6775";"58981";"6775";"61";"1";"1";"1";"4";"0";"0";"1";"3";"0"
"6776";"58981";"6776";"61";"1";"1";"7";"3";"1";"0";"1";"2";"0"
"6889";"59949";"6889";"61";"2";"1";"1";"4";"0";"1";"1";"1";"0"
"7037";"60826";"7037";"61";"1";"1";"7";"3";"0";"1";"1";"1";"0"
"7061";"60839";"7061";"61";"1";"1";"7";"3";"0";"1";"1";"1";"0"
"7143";"60908";"7143";"61";"1";"1";"7";"3";"0";"1";"1";"1";"0"
"7188";"60941";"7188";"61";"1";"3";"1";"4";"0";"1";"1";"1";"0"
"7211";"60969";"7211";"61";"1";"1";"7";"3";"0";"1";"1";"1";"0"
"7305";"61101";"7305";"61";"3";"1";"7";"5";"0";"1";"1";"1";"0"
"7531";"61361";"7531";"61";"1";"1";"7";"3";"0";"1";"1";"1";"0"
"7607";"61444";"7607";"61";"1";"1";"7";"3";"0";"1";"1";"1";"0"
"7609";"61444";"7609";"61";"1";"1";"7";"3";"0";"1";"1";"1";"0"
"7643";"61479";"7643";"61";"1";"1";"7";"4";"0";"1";"1";"1";"0"
"7706";"61509";"7706";"61";"1";"1";"7";"3";"0";"1";"2";"1";"0"
"7709";"61514";"7709";"61";"1";"1";"7";"3";"0";"1";"1";"1";"0"
"7710";"61514";"7710";"61";"1";"1";"7";"3";"0";"1";"1";"1";"0"
"7721";"61528";"7721";"61";"1";"1";"7";"3";"0";"1";"1";"1";"0"
"7723";"61529";"7723";"61";"1";"1";"7";"3";"0";"1";"1";"1";"0"
"7773";"61580";"7773";"61";"1";"1";"7";"3";"0";"1";"1";"1";"0"
"7790";"61601";"7790";"61";"1";"1";"7";"6";"0";"1";"2";"1";"0"
"7817";"61671";"7817";"61";"2";"1";"7";"3";"0";"1";"1";"1";"0"
"7837";"61695";"7837";"61";"3";"1";"7";"4";"0";"1";"2";"1";"0"
"7865";"61730";"7865";"61";"1";"1";"7";"3";"0";"1";"1";"1";"0"
"7866";"61731";"7866";"61";"1";"1";"7";"4";"0";"1";"1";"1";"0"
"7868";"61731";"7868";"61";"2";"2";"1";"3";"0";"1";"1";"1";"0"
"7887";"61752";"7887";"61";"2";"1";"7";"3";"0";"1";"1";"1";"0"
"8087";"61862";"8087";"61";"3";"1";"7";"3";"0";"1";"1";"1";"0"
"8130";"61891";"8130";"61";"1";"1";"7";"3";"0";"1";"1";"1";"0"
"8138";"61893";"8138";"61";"1";"2";"2";"4";"0";"1";"1";"1";"0"
"8164";"61898";"8164";"61";"1";"2";"1";"3";"0";"1";"1";"1";"0"
"8228";"61939";"8228";"61";"1";"1";"7";"4";"0";"1";"1";"1";"0"
"8239";"61961";"8239";"61";"1";"1";"7";"3";"0";"1";"1";"1";"0"
"8241";"61963";"8241";"61";"1";"1";"7";"4";"0";"1";"1";"1";"0"
"8287";"62034";"8287";"61";"1";"1";"7";"3";"0";"1";"1";"1";"0"
"8295";"62064";"8295";"61";"1";"1";"7";"4";"0";"1";"1";"1";"0"
"8299";"62064";"8299";"61";"1";"1";"7";"4";"0";"1";"1";"1";"0"
"8362";"62114";"8362";"61";"1";"1";"7";"3";"0";"1";"1";"1";"0"
"8472";"62221";"8472";"61";"3";"2";"1";"3";"0";"1";"1";"1";"0"
"8579";"62306";"8579";"61";"1";"1";"1";"3";"0";"1";"1";"1";"0"
"8612";"62359";"8612";"61";"1";"1";"7";"3";"0";"1";"1";"1";"0"
"8620";"62362";"8620";"61";"1";"1";"7";"1";"0";"1";"2";"1";"0"
"8719";"62466";"8719";"61";"1";"1";"7";"3";"0";"1";"1";"1";"0"
"8801";"62605";"8801";"61";"1";"1";"7";"3";"1";"0";"1";"2";"0"
"8806";"62606";"8806";"61";"1";"1";"7";"3";"0";"1";"1";"1";"0"
"8883";"62672";"8883";"61";"1";"1";"7";"4";"0";"1";"1";"1";"0"
"9019";"62953";"9019";"61";"1";"1";"7";"4";"0";"1";"1";"1";"0"
"9068";"63034";"9068";"61";"3";"1";"7";"3";"1";"0";"2";"2";"0"
"9205";"65906";"9205";"61";"1";"1";"7";"3";"0";"1";"2";"1";"0"
"9209";"65908";"9209";"61";"1";"1";"7";"3";"1";"0";"1";"2";"0"
"9237";"65947";"9237";"61";"1";"1";"7";"3";"0";"1";"1";"1";"0"
"29524";"88791405";"29524";"61";"1";"1";"1";"3";"0";"1";"1";"1";"0"
"22708";"84825308";"22708";"62";"1";"1";"7";"2";"0";"1";"1";"1";"0"
"26885";"86817402";"26885";"62";"1";"1";"7";"3";"0";"1";"1";"1";"0"
"9746";"72015";"9746";"62";"1";"1";"7";"2";"0";"1";"1";"1";"0"
"10535";"73258";"10535";"62";"1";"1";"7";"1";"0";"1";"1";"1";"0"
"10668";"73472";"10668";"62";"1";"1";"1";"4";"0";"1";"1";"1";"0"
"11121";"78354";"11121";"62";"1";"2";"1";"6";"0";"1";"1";"1";"0"
"11146";"78446";"11146";"62";"3";"1";"7";"6";"0";"1";"1";"1";"0"
"11321";"79512";"11321";"62";"1";"1";"7";"4";"1";"0";"1";"2";"0"
"12049";"90204";"12049";"62";"1";"1";"7";"5";"0";"1";"1";"1";"0"
"12356";"90737";"12356";"62";"1";"1";"7";"2";"0";"1";"1";"1";"0"
"12969";"71824401";"12969";"62";"1";"1";"7";"4";"0";"1";"1";"1";"0"
"4976";"43414";"4976";"62";"1";"1";"7";"6";"0";"1";"1";"1";"0"
"5188";"45388";"5188";"62";"1";"1";"7";"2";"0";"1";"1";"1";"0"
"5289";"45516";"5289";"62";"1";"1";"7";"2";"0";"1";"1";"1";"0"
"6227";"50278";"6227";"62";"1";"1";"7";"5";"0";"1";"0";"1";"0"
"6741";"58805";"6741";"62";"1";"1";"7";"2";"1";"0";"1";"2";"0"
"7093";"60864";"7093";"62";"1";"1";"7";"5";"0";"1";"1";"1";"0"
"7266";"61017";"7266";"62";"1";"1";"7";"1";"0";"1";"1";"1";"0"
"7348";"61137";"7348";"62";"1";"1";"7";"4";"0";"1";"1";"1";"0"
"7352";"61164";"7352";"62";"1";"1";"7";"2";"0";"1";"1";"1";"0"
"7354";"61166";"7354";"62";"1";"1";"7";"6";"0";"1";"1";"1";"0"
"7461";"61288";"7461";"62";"1";"1";"2";"4";"0";"1";"1";"1";"0"
"7539";"61363";"7539";"62";"1";"1";"7";"2";"0";"1";"1";"1";"0"
"7574";"61412";"7574";"62";"1";"1";"7";"2";"0";"1";"1";"1";"0"
"7601";"61440";"7601";"62";"1";"1";"7";"2";"0";"1";"1";"1";"0"
"7707";"61509";"7707";"62";"3";"1";"7";"4";"0";"1";"1";"1";"0"
"8633";"62366";"8633";"62";"1";"1";"7";"2";"0";"1";"1";"1";"0"
"8669";"62377";"8669";"62";"1";"1";"7";"8";"0";"1";"3";"1";"0"
"14578";"78731410";"14578";"62";"1";"1";"7";"2";"0";"1";"1";"1";"0"
"18514";"80765411";"18514";"62";"1";"1";"7";"2";"1";"0";"1";"2";"0"
"1448";"19547";"1448";"62";"5";"3";"1";"2";"1";"0";"1";"2";"0"
"1482";"19927";"1482";"62";"1";"1";"7";"5";"1";"0";"1";"2";"0"
"1756";"26806";"1756";"62";"3";"1";"7";"2";"0";"1";"1";"1";"0"
"1957";"28160";"1957";"62";"1";"1";"7";"4";"0";"1";"1";"1";"0"
"2029";"28902";"2029";"62";"1";"1";"7";"2";"0";"1";"1";"1";"0"
"2112";"29113";"2112";"62";"2";"1";"1";"2";"1";"0";"1";"2";"0"
"2235";"29368";"2235";"62";"1";"1";"7";"1";"0";"1";"1";"1";"0"
"3062";"38684";"3062";"62";"1";"1";"7";"2";"1";"0";"1";"2";"0"
"3439";"39522";"3439";"62";"1";"1";"7";"2";"0";"1";"1";"1";"0"
"4072";"40447";"4072";"62";"1";"1";"7";"4";"0";"1";"1";"1";"0"
"4161";"40707";"4161";"62";"3";"1";"7";"2";"0";"1";"1";"1";"0"
"4180";"40751";"4180";"62";"1";"1";"7";"2";"0";"1";"1";"1";"0"
"4289";"40936";"4289";"62";"1";"1";"7";"3";"0";"1";"1";"1";"0"
"4409";"41202";"4409";"62";"1";"1";"7";"2";"0";"1";"1";"1";"0"
"4492";"41390";"4492";"62";"1";"1";"7";"2";"1";"0";"1";"2";"0"
"131";"696";"131";"63";"1";"1";"7";"4";"0";"2";"1";"1";"0"
"219";"860";"219";"63";"1";"1";"7";"6";"0";"1";"1";"1";"0"
"451";"3376";"451";"63";"1";"1";"7";"6";"0";"2";"0";"1";"0"
"566";"3757";"566";"63";"1";"1";"7";"6";"0";"1";"4";"1";"0"
"574";"3834";"574";"63";"3";"6";"1";"4";"1";"0";"1";"2";"0"
"600";"4008";"600";"63";"1";"1";"7";"5";"0";"1";"1";"1";"0"
"661";"5484";"661";"63";"3";"1";"7";"5";"0";"0";"2";"3";"0"
"673";"5530";"673";"63";"1";"3";"2";"6";"0";"2";"3";"1";"0"
"676";"5532";"676";"63";"3";"3";"2";"6";"1";"2";"1";"2";"0"
"800";"7646";"800";"63";"1";"1";"7";"4";"0";"1";"1";"1";"0"
"816";"7722";"816";"63";"1";"1";"7";"4";"0";"1";"1";"1";"0"
"1106";"13275";"1106";"63";"1";"1";"7";"6";"0";"1";"1";"1";"0"
"1189";"13428";"1189";"63";"3";"1";"7";"4";"0";"1";"1";"1";"0"
"1211";"13434";"1211";"63";"1";"1";"7";"4";"0";"1";"1";"1";"0"
"1260";"13618";"1260";"63";"1";"1";"7";"4";"0";"1";"0";"1";"0"
"1283";"13718";"1283";"63";"1";"1";"7";"4";"0";"1";"1";"1";"0"
"1314";"15123";"1314";"63";"3";"1";"7";"4";"0";"1";"1";"1";"0"
"1456";"19622";"1456";"63";"1";"3";"1";"4";"0";"1";"1";"1";"0"
"1524";"21943";"1524";"63";"1";"3";"2";"6";"0";"5";"1";"1";"0"
"1543";"22705";"1543";"63";"3";"3";"2";"4";"0";"1";"1";"1";"0"
"1637";"25205";"1637";"63";"3";"1";"7";"5";"1";"0";"1";"2";"0"
"1758";"26810";"1758";"63";"1";"1";"7";"6";"0";"1";"2";"1";"0"
"1778";"26906";"1778";"63";"1";"1";"7";"8";"0";"1";"3";"1";"0"
"1813";"27019";"1813";"63";"3";"3";"1";"6";"0";"2";"1";"1";"0"
"1837";"27104";"1837";"63";"1";"1";"7";"5";"0";"1";"1";"1";"0"
"1840";"27109";"1840";"63";"1";"1";"7";"4";"0";"1";"1";"1";"0"
"1891";"27302";"1891";"63";"1";"4";"2";"4";"0";"1";"1";"1";"0"
"1894";"27302";"1894";"63";"3";"3";"2";"6";"1";"1";"0";"2";"0"
"1913";"27966";"1913";"63";"1";"1";"7";"4";"0";"1";"1";"1";"0"
"1917";"27967";"1917";"63";"3";"1";"7";"4";"0";"1";"1";"1";"0"
"1944";"28082";"1944";"63";"1";"1";"7";"5";"0";"1";"2";"1";"0"
"1964";"28178";"1964";"63";"1";"1";"7";"6";"0";"1";"2";"1";"0"
"1979";"28200";"1979";"63";"1";"1";"7";"4";"0";"2";"1";"1";"0"
"1998";"28309";"1998";"63";"1";"1";"7";"6";"0";"1";"1";"1";"0"
"2013";"28328";"2013";"63";"1";"1";"7";"6";"0";"1";"1";"1";"0"
"2059";"29038";"2059";"63";"3";"1";"7";"4";"0";"1";"1";"1";"0"
"2119";"29117";"2119";"63";"3";"3";"1";"4";"0";"1";"1";"1";"0"
"2175";"29216";"2175";"63";"1";"1";"7";"5";"1";"0";"1";"2";"0"
"2202";"29240";"2202";"63";"1";"1";"7";"4";"1";"0";"1";"2";"0"
"2250";"29490";"2250";"63";"1";"1";"7";"4";"0";"1";"1";"1";"0"
"2283";"29577";"2283";"63";"1";"1";"7";"5";"0";"1";"1";"1";"0"
"2320";"31063";"2320";"63";"1";"1";"7";"6";"0";"1";"1";"1";"0"
"2344";"31867";"2344";"63";"1";"1";"7";"3";"0";"1";"1";"1";"0"
"2354";"31926";"2354";"63";"1";"1";"7";"1";"0";"0";"1";"3";"0"
"2461";"33500";"2461";"63";"1";"1";"7";"6";"0";"1";"1";"1";"0"
"2506";"33645";"2506";"63";"1";"1";"7";"6";"0";"1";"1";"1";"0"
"2559";"33905";"2559";"63";"1";"1";"7";"6";"0";"2";"0";"1";"0"
"2560";"33905";"2560";"63";"1";"1";"7";"5";"0";"1";"1";"1";"0"
"2681";"35634";"2681";"63";"1";"1";"7";"4";"0";"1";"1";"1";"0"
"2751";"36577";"2751";"63";"1";"1";"7";"6";"0";"1";"0";"1";"0"
"2804";"38019";"2804";"63";"1";"1";"7";"5";"0";"1";"1";"1";"0"
"2894";"38157";"2894";"63";"1";"1";"7";"4";"0";"1";"1";"1";"0"
"2899";"38167";"2899";"63";"1";"1";"7";"4";"0";"1";"1";"1";"0"
"2918";"38230";"2918";"63";"1";"1";"7";"5";"0";"1";"1";"1";"0"
"2922";"38252";"2922";"63";"3";"1";"7";"4";"0";"2";"1";"1";"0"
"2939";"38340";"2939";"63";"1";"3";"2";"6";"0";"2";"0";"1";"0"
"2944";"38364";"2944";"63";"3";"1";"7";"6";"0";"1";"1";"1";"0"
"2980";"38488";"2980";"63";"1";"1";"7";"6";"0";"1";"0";"1";"0"
"3029";"38563";"3029";"63";"1";"1";"7";"6";"0";"1";"2";"1";"0"
"3219";"39022";"3219";"63";"1";"1";"7";"5";"0";"2";"1";"1";"0"
"3231";"39030";"3231";"63";"3";"1";"7";"6";"0";"3";"1";"1";"0"
"3272";"39054";"3272";"63";"1";"1";"7";"6";"0";"3";"0";"1";"0"
"3286";"39060";"3286";"63";"1";"1";"7";"6";"0";"2";"0";"1";"0"
"3371";"39332";"3371";"63";"2";"1";"1";"5";"0";"1";"1";"1";"0"
"3386";"39370";"3386";"63";"1";"1";"7";"4";"0";"1";"1";"1";"0"
"3424";"39480";"3424";"63";"1";"3";"1";"6";"0";"1";"1";"1";"0"
"3455";"39539";"3455";"63";"1";"1";"7";"6";"0";"1";"1";"1";"0"
"3520";"39633";"3520";"63";"1";"1";"7";"4";"0";"1";"1";"1";"0"
"3524";"39635";"3524";"63";"3";"7";"7";"6";"0";"1";"1";"1";"0"
"3525";"39636";"3525";"63";"1";"1";"7";"4";"0";"1";"1";"1";"0"
"3601";"39697";"3601";"63";"1";"3";"2";"4";"0";"1";"1";"1";"0"
"3745";"40017";"3745";"63";"1";"1";"2";"6";"0";"3";"0";"1";"0"
"3753";"40020";"3753";"63";"3";"1";"7";"5";"0";"1";"1";"1";"0"
"3765";"40046";"3765";"63";"2";"1";"7";"4";"0";"1";"1";"1";"0"
"3789";"40055";"3789";"63";"1";"1";"7";"4";"0";"1";"1";"1";"0"
"3858";"40100";"3858";"63";"5";"1";"7";"5";"1";"2";"0";"2";"0"
"3873";"40106";"3873";"63";"3";"1";"7";"5";"0";"2";"1";"1";"0"
"3907";"40193";"3907";"63";"1";"3";"2";"6";"0";"1";"1";"1";"0"
"3943";"40283";"3943";"63";"5";"1";"7";"4";"0";"1";"1";"1";"0"
"3956";"40303";"3956";"63";"3";"1";"1";"4";"0";"1";"1";"1";"0"
"3966";"40308";"3966";"63";"1";"1";"7";"4";"0";"1";"1";"1";"0"
"4040";"40382";"4040";"63";"3";"2";"2";"4";"0";"1";"1";"1";"0"
"4042";"40382";"4042";"63";"1";"1";"7";"4";"0";"1";"2";"1";"0"
"4069";"40425";"4069";"63";"1";"1";"7";"5";"0";"1";"1";"1";"0"
"4129";"40564";"4129";"63";"1";"1";"1";"4";"1";"0";"1";"2";"0"
"4159";"40700";"4159";"63";"1";"1";"7";"6";"0";"6";"0";"1";"0"
"4284";"40929";"4284";"63";"3";"2";"1";"6";"0";"1";"2";"1";"0"
"4295";"40938";"4295";"63";"2";"3";"2";"4";"0";"1";"1";"1";"0"
"4360";"41041";"4360";"63";"1";"1";"7";"4";"0";"1";"0";"3";"0"
"4522";"41454";"4522";"63";"1";"1";"7";"5";"0";"1";"1";"1";"0"
"4557";"41576";"4557";"63";"3";"1";"2";"6";"0";"1";"1";"1";"0"
"4691";"41725";"4691";"63";"1";"3";"2";"5";"0";"1";"1";"1";"0"
"4761";"42264";"4761";"63";"1";"1";"7";"6";"2";"0";"2";"2";"0"
"4800";"43001";"4800";"63";"1";"1";"7";"6";"0";"1";"2";"1";"0"
"4808";"43084";"4808";"63";"1";"1";"7";"4";"0";"1";"1";"1";"0"
"24232";"85823202";"24232";"63";"1";"1";"7";"6";"0";"1";"3";"1";"0"
"24330";"85825401";"24330";"63";"3";"1";"7";"4";"0";"1";"1";"1";"0"
"24466";"85827303";"24466";"63";"1";"1";"7";"6";"0";"1";"2";"1";"0"
"24538";"85831504";"24538";"63";"2";"3";"1";"5";"0";"1";"1";"1";"0"
"24688";"85835104";"24688";"63";"1";"1";"7";"6";"0";"2";"1";"1";"0"
"25669";"85864504";"25669";"63";"1";"1";"7";"4";"0";"1";"1";"1";"0"
"25802";"85871207";"25802";"63";"3";"1";"7";"4";"0";"1";"1";"1";"0"
"26032";"85882102";"26032";"63";"1";"1";"7";"3";"0";"1";"1";"1";"0"
"26498";"86807104";"26498";"63";"3";"1";"7";"6";"0";"1";"1";"1";"0"
"26695";"86814201";"11634";"63";"1";"1";"1";"4";"0";"1";"1";"1";"0"
"26793";"86816403";"26793";"63";"1";"1";"7";"4";"0";"1";"1";"1";"0"
"27044";"86822502";"27044";"63";"3";"1";"7";"4";"0";"1";"1";"1";"0"
"27591";"86832101";"27591";"63";"1";"1";"1";"4";"0";"1";"1";"1";"0"
"28187";"86847205";"28187";"63";"2";"1";"7";"4";"0";"1";"1";"1";"0"
"28321";"86857201";"28321";"63";"1";"3";"2";"6";"0";"2";"0";"1";"0"
"28527";"86875402";"28527";"63";"1";"1";"7";"5";"0";"1";"1";"1";"0"
"29278";"87832312";"29278";"63";"1";"3";"1";"4";"0";"1";"1";"1";"0"
"29287";"87833313";"29287";"63";"1";"1";"7";"4";"0";"1";"1";"1";"0"
"29373";"87836503";"29373";"63";"3";"1";"7";"5";"0";"1";"2";"1";"0"
"29447";"87844505";"29447";"63";"1";"1";"2";"3";"0";"1";"1";"1";"0"
"19526";"81763404";"19526";"63";"1";"1";"7";"4";"0";"1";"1";"1";"0"
"19689";"81772105";"19689";"63";"5";"1";"7";"4";"0";"2";"1";"1";"0"
"20491";"82767301";"20491";"63";"1";"3";"2";"3";"0";"1";"1";"1";"0"
"20858";"82877502";"20858";"63";"3";"1";"1";"6";"0";"5";"1";"1";"0"
"21600";"83846502";"21600";"63";"2";"3";"1";"6";"0";"3";"3";"1";"0"
"21764";"83873501";"21764";"63";"1";"2";"1";"6";"0";"2";"0";"1";"0"
"22544";"84812102";"22544";"63";"3";"1";"7";"6";"0";"1";"1";"1";"0"
"22640";"84821202";"22640";"63";"1";"1";"7";"4";"0";"1";"1";"1";"0"
"22824";"84835403";"22824";"63";"1";"1";"7";"5";"1";"1";"1";"2";"0"
"22867";"84836501";"22867";"63";"3";"3";"2";"4";"0";"1";"1";"1";"0"
"23512";"84875502";"23512";"63";"1";"3";"1";"6";"0";"2";"0";"1";"0"
"23750";"85753203";"23750";"63";"3";"1";"2";"6";"0";"1";"1";"1";"0"
"14667";"78743302";"14667";"63";"1";"1";"7";"6";"0";"2";"0";"1";"0"
"14684";"78744302";"14684";"63";"1";"1";"7";"4";"0";"1";"1";"1";"0"
"14803";"78756202";"14803";"63";"1";"1";"7";"6";"0";"2";"1";"1";"0"
"14884";"78762501";"14884";"63";"1";"1";"7";"5";"0";"1";"1";"1";"0"
"14927";"78764104";"14927";"63";"1";"1";"7";"4";"0";"1";"1";"1";"0"
"14936";"78764109";"14936";"63";"1";"3";"1";"4";"0";"1";"1";"1";"0"
"15804";"79744406";"15804";"63";"1";"1";"7";"5";"0";"1";"3";"1";"0"
"15893";"79746402";"15893";"63";"1";"1";"7";"5";"0";"1";"1";"1";"0"
"15901";"79746403";"15901";"63";"1";"1";"7";"5";"0";"1";"1";"1";"0"
"16360";"79756305";"16360";"63";"1";"1";"7";"2";"0";"1";"1";"1";"0"
"16570";"79764201";"16570";"63";"3";"2";"1";"6";"0";"1";"1";"1";"0"
"16693";"79767101";"16693";"63";"1";"3";"2";"4";"0";"2";"0";"1";"0"
"17309";"80731301";"17309";"63";"3";"3";"2";"6";"0";"1";"2";"1";"0"
"17724";"80747101";"17724";"63";"3";"1";"7";"6";"0";"1";"1";"1";"0"
"17971";"80754201";"17971";"63";"1";"1";"7";"4";"0";"2";"1";"1";"0"
"9665";"71823";"9665";"63";"3";"1";"1";"4";"0";"1";"1";"1";"0"
"9693";"71866";"9693";"63";"1";"1";"7";"5";"1";"0";"1";"2";"0"
"9699";"71869";"9699";"63";"1";"1";"7";"3";"0";"1";"1";"1";"0"
"9790";"72085";"9790";"63";"1";"3";"1";"4";"0";"1";"1";"1";"0"
"9829";"72120";"9829";"63";"1";"1";"1";"6";"0";"1";"0";"1";"0"
"9855";"72153";"9855";"63";"1";"1";"7";"6";"0";"1";"0";"1";"0"
"9911";"72265";"9911";"63";"3";"3";"1";"5";"1";"0";"1";"2";"0"
"9922";"72339";"9922";"63";"1";"1";"7";"4";"0";"1";"1";"1";"0"
"10173";"72636";"10173";"63";"1";"1";"7";"4";"1";"0";"1";"2";"0"
"10269";"72728";"10269";"63";"3";"3";"2";"5";"0";"1";"1";"1";"0"