"accident_id";"lieu_id";"date_id";"cause_id";"lum_id";"intemp_id";"etat_surface_id";"impliq_id";"nb_blesses_graves";"nb_blesses_legers";"nb_indemnes";"gravite";"nb_morts"
"10281";"72734";"10281";"63";"1";"1";"7";"4";"0";"1";"1";"1";"0"
"10289";"72756";"10289";"63";"3";"1";"7";"4";"0";"1";"2";"1";"0"
"10292";"72763";"10292";"63";"1";"1";"7";"4";"0";"1";"1";"1";"0"
"10398";"73030";"10398";"63";"1";"1";"7";"4";"0";"1";"1";"1";"0"
"10529";"73238";"10529";"63";"1";"1";"7";"4";"0";"1";"1";"1";"0"
"10539";"73264";"10539";"63";"3";"1";"2";"4";"0";"1";"1";"1";"0"
"10552";"73269";"10552";"63";"1";"1";"7";"6";"0";"1";"0";"1";"0"
"10681";"73493";"10681";"63";"1";"1";"1";"4";"0";"1";"1";"1";"0"
"10701";"73498";"10701";"63";"1";"1";"7";"6";"0";"2";"0";"1";"0"
"10803";"73732";"10803";"63";"1";"1";"7";"4";"0";"1";"2";"1";"0"
"10806";"73739";"10806";"63";"1";"1";"7";"5";"0";"1";"1";"1";"0"
"10867";"74055";"10867";"63";"1";"1";"7";"4";"0";"1";"1";"1";"0"
"10891";"74150";"10891";"63";"1";"1";"7";"3";"0";"1";"1";"1";"0"
"10994";"76759";"10994";"63";"1";"1";"1";"6";"0";"1";"1";"1";"0"
"11100";"78325";"11100";"63";"1";"1";"7";"4";"0";"1";"1";"1";"0"
"11157";"78457";"11157";"63";"3";"3";"1";"5";"0";"1";"1";"1";"0"
"11180";"78527";"11180";"63";"1";"1";"7";"6";"1";"0";"3";"2";"0"
"11188";"78539";"11188";"63";"3";"3";"1";"4";"0";"1";"1";"1";"0"
"11198";"78557";"11198";"63";"1";"1";"7";"4";"0";"2";"0";"1";"0"
"11304";"79453";"11304";"63";"3";"1";"7";"5";"0";"1";"1";"1";"0"
"11320";"79512";"11320";"63";"3";"1";"7";"5";"1";"0";"1";"2";"0"
"11356";"79751";"11356";"63";"1";"1";"7";"2";"0";"1";"0";"1";"0"
"11364";"80443";"11364";"63";"1";"1";"7";"4";"0";"1";"1";"1";"0"
"11472";"80788";"11472";"63";"2";"3";"2";"4";"0";"1";"1";"1";"0"
"11477";"80813";"11477";"63";"1";"1";"7";"6";"0";"1";"1";"1";"0"
"11490";"80874";"11490";"63";"1";"1";"7";"4";"0";"1";"1";"1";"0"
"11522";"80982";"11522";"63";"1";"1";"7";"6";"0";"1";"1";"1";"0"
"11776";"81607";"11776";"63";"1";"1";"7";"6";"0";"2";"0";"1";"0"
"11784";"81610";"11784";"63";"1";"1";"7";"3";"0";"1";"1";"1";"0"
"11824";"81903";"11824";"63";"1";"1";"7";"4";"0";"1";"1";"1";"0"
"11902";"83415";"11902";"63";"1";"1";"7";"4";"0";"2";"0";"1";"0"
"12076";"90242";"12076";"63";"1";"3";"2";"5";"0";"1";"1";"1";"0"
"12089";"90263";"12089";"63";"1";"1";"7";"4";"0";"1";"1";"1";"0"
"12102";"90272";"12102";"63";"1";"1";"7";"5";"0";"1";"1";"1";"0"
"12116";"90278";"12116";"63";"3";"1";"7";"6";"0";"4";"0";"1";"0"
"12247";"90437";"12247";"63";"1";"1";"7";"6";"0";"2";"0";"1";"0"
"12312";"90610";"12312";"63";"1";"1";"7";"5";"0";"1";"1";"1";"0"
"12333";"90655";"12333";"63";"1";"1";"7";"3";"0";"1";"1";"1";"0"
"12351";"90709";"12351";"63";"1";"3";"1";"5";"0";"1";"0";"1";"0"
"12359";"90743";"12359";"63";"1";"3";"1";"4";"0";"1";"1";"1";"0"
"12364";"90770";"12364";"63";"3";"3";"2";"5";"0";"1";"1";"1";"0"
"12428";"90861";"12428";"63";"1";"1";"7";"6";"0";"1";"1";"1";"0"
"12667";"70821106";"12667";"63";"1";"1";"7";"5";"2";"1";"0";"2";"0"
"12687";"70825401";"12687";"63";"1";"1";"7";"4";"0";"1";"2";"1";"0"
"12822";"71811508";"12822";"63";"1";"1";"7";"4";"0";"0";"2";"0";"0"
"13150";"73791401";"13150";"63";"1";"1";"7";"6";"1";"0";"1";"2";"0"
"13504";"76734403";"13504";"63";"1";"1";"7";"4";"0";"1";"1";"1";"0"
"13709";"76907304";"13709";"63";"1";"1";"7";"6";"0";"1";"1";"1";"0"
"13907";"77744106";"13907";"63";"1";"1";"1";"7";"0";"1";"1";"1";"0"
"13977";"77752503";"13977";"63";"1";"1";"7";"3";"1";"0";"1";"2";"0"
"5097";"45211";"5097";"63";"1";"3";"2";"6";"0";"1";"1";"1";"0"
"5115";"45254";"5115";"63";"1";"1";"7";"6";"0";"1";"0";"1";"0"
"5117";"45254";"5117";"63";"1";"1";"7";"4";"0";"1";"1";"1";"0"
"5173";"45384";"5173";"63";"1";"1";"7";"4";"0";"1";"1";"1";"0"
"5189";"45390";"5189";"63";"1";"3";"2";"4";"1";"0";"1";"2";"0"
"5196";"45390";"5196";"63";"1";"3";"1";"6";"0";"2";"1";"1";"0"
"5203";"45394";"5203";"63";"1";"1";"7";"3";"0";"1";"1";"1";"0"
"5209";"45394";"5209";"63";"1";"1";"7";"6";"0";"1";"0";"1";"0"
"5238";"45424";"5238";"63";"2";"1";"7";"5";"0";"1";"1";"1";"0"
"5381";"46322";"5381";"63";"1";"1";"7";"4";"0";"1";"1";"1";"0"
"5397";"46327";"5397";"63";"1";"1";"7";"6";"0";"3";"1";"1";"0"
"5450";"46398";"5450";"63";"1";"3";"2";"4";"0";"1";"1";"1";"0"
"5504";"47234";"5504";"63";"1";"1";"7";"4";"0";"1";"1";"1";"0"
"5513";"47315";"5513";"63";"1";"1";"7";"4";"0";"1";"1";"1";"0"
"5530";"47359";"5530";"63";"1";"1";"7";"4";"0";"1";"1";"1";"0"
"5531";"47360";"5531";"63";"1";"1";"7";"4";"0";"1";"1";"1";"0"
"5540";"47373";"5540";"63";"1";"1";"7";"5";"0";"1";"1";"1";"0"
"5556";"47384";"5556";"63";"1";"1";"7";"4";"0";"1";"2";"1";"0"
"5575";"47469";"5575";"63";"1";"1";"7";"4";"0";"1";"1";"1";"0"
"5665";"47549";"5665";"63";"1";"1";"7";"4";"0";"1";"1";"1";"0"
"5672";"47564";"5672";"63";"1";"3";"2";"4";"0";"1";"1";"1";"0"
"5673";"47564";"5673";"63";"1";"1";"7";"4";"1";"0";"1";"2";"0"
"5749";"47658";"5749";"63";"1";"1";"7";"3";"0";"1";"1";"1";"0"
"5766";"47715";"5766";"63";"1";"1";"7";"6";"0";"1";"2";"1";"0"
"5807";"48539";"5807";"63";"1";"1";"7";"4";"1";"0";"1";"2";"0"
"5841";"48595";"5841";"63";"1";"1";"7";"6";"0";"1";"1";"1";"0"
"6130";"49547";"6130";"63";"1";"1";"7";"6";"0";"1";"1";"1";"0"
"6192";"50214";"6192";"63";"1";"1";"7";"4";"0";"1";"1";"1";"0"
"6221";"50268";"6221";"63";"3";"1";"7";"4";"0";"1";"1";"1";"0"
"6236";"50289";"6236";"63";"1";"1";"7";"3";"0";"1";"0";"1";"0"
"6247";"50292";"6247";"63";"1";"1";"7";"4";"0";"1";"1";"1";"0"
"6435";"53031";"6435";"63";"1";"1";"7";"6";"0";"1";"1";"1";"0"
"6480";"53170";"6480";"63";"1";"1";"7";"5";"0";"1";"1";"1";"0"
"6484";"53172";"6484";"63";"1";"1";"7";"6";"0";"1";"0";"1";"0"
"6491";"53174";"6491";"63";"1";"1";"7";"4";"0";"1";"1";"1";"0"
"6536";"54115";"6536";"63";"1";"1";"7";"4";"1";"0";"0";"2";"0"
"6616";"55714";"6616";"63";"1";"1";"7";"4";"0";"1";"1";"1";"0"
"6766";"58905";"6766";"63";"3";"1";"7";"5";"0";"1";"1";"1";"0"
"6770";"58938";"6770";"63";"1";"1";"7";"6";"1";"1";"0";"2";"0"
"6830";"59839";"6830";"63";"1";"1";"7";"6";"0";"1";"1";"1";"0"
"6893";"59962";"6893";"63";"1";"1";"7";"6";"0";"2";"2";"1";"0"
"6896";"59964";"6896";"63";"1";"1";"7";"4";"1";"0";"1";"2";"0"
"7116";"60868";"7116";"63";"3";"1";"1";"6";"0";"1";"2";"1";"0"
"7121";"60890";"7121";"63";"3";"1";"7";"4";"0";"1";"1";"1";"0"
"7137";"60901";"7137";"63";"1";"1";"7";"4";"0";"1";"1";"1";"0"
"7156";"60916";"7156";"63";"1";"1";"7";"6";"0";"1";"1";"1";"0"
"7207";"60968";"7207";"63";"1";"1";"7";"3";"0";"1";"1";"1";"0"
"7216";"60971";"7216";"63";"1";"1";"7";"6";"0";"1";"1";"1";"0"
"7219";"60971";"7219";"63";"1";"1";"7";"6";"0";"1";"1";"1";"0"
"7259";"60992";"5009";"63";"3";"1";"7";"4";"0";"1";"1";"1";"0"
"7283";"61071";"7283";"63";"1";"3";"1";"6";"0";"1";"2";"1";"0"
"7320";"61110";"7320";"63";"1";"3";"2";"6";"0";"1";"1";"1";"0"
"7366";"61179";"7366";"63";"3";"1";"1";"5";"0";"1";"1";"1";"0"
"7488";"61314";"7488";"63";"1";"3";"1";"6";"0";"1";"2";"1";"0"
"7586";"61431";"7586";"63";"1";"1";"7";"4";"0";"1";"1";"1";"0"
"7595";"61438";"7595";"63";"1";"1";"7";"5";"0";"1";"1";"1";"0"
"7624";"61468";"7624";"63";"1";"1";"7";"6";"0";"2";"2";"1";"0"
"7704";"61506";"7704";"63";"1";"1";"7";"4";"0";"1";"1";"1";"0"
"7736";"61534";"7736";"63";"1";"1";"7";"4";"0";"1";"1";"1";"0"
"7743";"61541";"7743";"63";"3";"1";"7";"4";"1";"0";"1";"2";"0"
"7747";"61545";"7747";"63";"1";"1";"7";"3";"0";"1";"1";"1";"0"
"7824";"61676";"7824";"63";"1";"3";"1";"6";"0";"1";"1";"1";"0"
"7869";"61733";"7869";"63";"1";"1";"7";"4";"0";"1";"1";"1";"0"
"7886";"61752";"7886";"63";"1";"2";"2";"3";"0";"1";"1";"1";"0"
"7890";"61752";"7890";"63";"1";"3";"1";"4";"0";"1";"1";"1";"0"
"7955";"61781";"7955";"63";"1";"1";"7";"6";"0";"5";"0";"1";"0"
"8058";"61841";"8058";"63";"1";"1";"7";"6";"0";"2";"1";"1";"0"
"8076";"61858";"8076";"63";"1";"1";"7";"5";"0";"1";"1";"1";"0"
"8193";"61907";"8193";"63";"1";"1";"7";"6";"0";"1";"2";"1";"0"
"8280";"62021";"8280";"63";"1";"1";"7";"3";"0";"1";"1";"1";"0"
"8318";"62096";"8318";"63";"1";"1";"7";"4";"0";"1";"1";"1";"0"
"8355";"62113";"8355";"63";"1";"3";"1";"4";"0";"1";"1";"1";"0"
"8436";"62214";"8436";"63";"1";"1";"7";"4";"0";"1";"1";"1";"0"
"8639";"62367";"8639";"63";"3";"1";"7";"6";"0";"2";"0";"1";"0"
"8665";"62376";"8665";"63";"1";"1";"7";"2";"0";"1";"1";"1";"0"
"8732";"62493";"8732";"63";"1";"1";"7";"3";"0";"1";"0";"1";"0"
"8774";"62573";"8774";"63";"1";"1";"7";"5";"0";"1";"1";"1";"0"
"8824";"62610";"8824";"63";"1";"1";"7";"6";"0";"1";"1";"1";"0"
"8863";"62645";"8863";"63";"1";"1";"7";"5";"0";"1";"1";"1";"0"
"8923";"62715";"8923";"63";"1";"1";"7";"4";"0";"1";"1";"1";"0"
"8924";"62715";"8924";"63";"1";"1";"7";"5";"0";"1";"1";"1";"0"
"8996";"62928";"8996";"63";"1";"1";"7";"6";"0";"1";"2";"1";"0"
"9023";"62956";"9023";"63";"3";"6";"1";"4";"0";"1";"1";"1";"0"
"9148";"65048";"9148";"63";"3";"1";"7";"4";"0";"1";"1";"1";"0"
"9227";"65916";"9227";"63";"1";"1";"7";"5";"0";"2";"1";"1";"0"
"9240";"65950";"9240";"63";"1";"1";"7";"4";"0";"1";"1";"1";"0"
"9242";"65950";"9242";"63";"1";"4";"2";"4";"0";"1";"1";"1";"0"
"9253";"65984";"9253";"63";"1";"3";"2";"8";"1";"1";"3";"2";"0"
"9404";"68363";"9404";"63";"1";"1";"7";"4";"0";"1";"1";"1";"0"
"9406";"68367";"9406";"63";"1";"1";"7";"4";"0";"1";"1";"1";"0"
"9415";"68501";"9415";"63";"1";"1";"7";"3";"0";"1";"1";"1";"0"
"9454";"68573";"9454";"63";"1";"1";"7";"6";"0";"1";"1";"1";"0"
"9485";"68700";"9485";"63";"1";"1";"7";"4";"1";"0";"1";"2";"0"
"9486";"68701";"9486";"63";"3";"1";"7";"4";"1";"0";"1";"2";"0"
"9523";"68967";"9523";"63";"1";"1";"7";"6";"0";"2";"0";"1";"0"
"9544";"69484";"9544";"63";"1";"1";"7";"6";"1";"0";"1";"2";"0"
"9570";"69597";"9570";"63";"3";"3";"2";"4";"0";"1";"1";"1";"0"
"4871";"43156";"4871";"64";"1";"1";"7";"5";"0";"1";"1";"1";"0"
"4872";"43156";"4872";"64";"3";"1";"7";"5";"0";"1";"0";"1";"0"
"4960";"43358";"4960";"64";"1";"1";"7";"6";"0";"1";"1";"1";"0"
"4999";"43514";"4999";"64";"1";"1";"7";"2";"0";"1";"1";"1";"0"
"5003";"43519";"5003";"64";"1";"1";"7";"4";"0";"1";"1";"1";"0"
"5011";"43520";"5011";"64";"1";"1";"7";"6";"0";"1";"1";"1";"0"
"5037";"43588";"5037";"64";"1";"1";"7";"4";"1";"0";"1";"2";"0"
"5044";"43642";"5044";"64";"1";"1";"7";"6";"0";"1";"1";"1";"0"
"5047";"43645";"5047";"64";"1";"1";"7";"6";"0";"1";"1";"1";"0"
"5049";"43659";"5049";"64";"3";"1";"7";"5";"0";"1";"1";"1";"0"
"5066";"43832";"5066";"64";"1";"1";"2";"6";"0";"1";"1";"1";"0"
"5084";"45145";"5084";"64";"3";"3";"2";"5";"0";"1";"1";"1";"0"
"5111";"45246";"5111";"64";"1";"1";"7";"6";"0";"1";"1";"1";"0"
"5229";"45420";"5229";"64";"3";"1";"7";"5";"0";"1";"1";"1";"0"
"5249";"45449";"5249";"64";"1";"1";"7";"6";"0";"1";"1";"1";"0"
"5263";"45468";"5263";"64";"1";"1";"7";"4";"1";"0";"1";"2";"0"
"5268";"45480";"5268";"64";"1";"1";"7";"6";"0";"1";"1";"1";"0"
"5285";"45516";"5285";"64";"1";"1";"7";"6";"0";"1";"1";"1";"0"
"5287";"45516";"5287";"64";"1";"1";"7";"6";"0";"2";"1";"1";"0"
"5328";"45651";"5328";"64";"1";"3";"2";"6";"0";"1";"1";"1";"0"
"5337";"46220";"5337";"64";"1";"1";"7";"6";"0";"1";"2";"1";"0"
"5339";"46242";"5339";"64";"1";"3";"1";"6";"0";"1";"1";"1";"0"
"5342";"46246";"5342";"64";"1";"1";"7";"6";"0";"1";"1";"1";"0"
"5351";"46281";"5351";"64";"2";"1";"7";"5";"0";"2";"0";"1";"0"
"5370";"46314";"5370";"64";"1";"1";"7";"4";"0";"1";"1";"1";"0"
"5398";"46334";"5398";"64";"1";"1";"7";"2";"0";"1";"1";"1";"0"
"5409";"46362";"5409";"64";"1";"1";"7";"4";"1";"0";"1";"2";"0"
"5412";"46365";"5412";"64";"1";"1";"7";"6";"0";"1";"1";"1";"0"
"5419";"46374";"5419";"64";"1";"3";"1";"6";"0";"1";"1";"1";"0"
"5423";"46387";"5423";"64";"1";"3";"1";"6";"0";"2";"0";"1";"0"
"5430";"46390";"5430";"64";"3";"1";"7";"6";"0";"1";"1";"1";"0"
"5442";"46395";"5442";"64";"1";"1";"7";"6";"0";"1";"1";"1";"0"
"5463";"46414";"5463";"64";"1";"1";"7";"4";"0";"1";"1";"1";"0"
"5484";"46522";"5484";"64";"1";"1";"7";"6";"0";"1";"1";"1";"0"
"5502";"47223";"5502";"64";"1";"1";"7";"6";"0";"1";"2";"1";"0"
"5503";"47230";"5503";"64";"1";"1";"7";"3";"0";"1";"1";"1";"0"
"5516";"47325";"5516";"64";"1";"1";"7";"5";"0";"1";"1";"1";"0"
"5554";"47377";"5554";"64";"1";"2";"1";"4";"0";"1";"1";"1";"0"
"5558";"47391";"5558";"64";"1";"3";"1";"6";"0";"2";"0";"1";"0"
"5571";"47444";"5571";"64";"1";"1";"7";"6";"0";"1";"1";"1";"0"
"5654";"47537";"5654";"64";"1";"1";"7";"5";"0";"1";"1";"1";"0"
"5666";"47551";"5666";"64";"1";"3";"2";"6";"1";"1";"1";"2";"0"
"5675";"47569";"5675";"64";"1";"1";"7";"6";"0";"1";"2";"1";"0"
"5677";"47601";"5677";"64";"1";"1";"7";"6";"0";"1";"1";"1";"0"
"5755";"47697";"5755";"64";"3";"1";"7";"4";"0";"1";"1";"1";"0"
"5760";"47705";"5760";"64";"1";"1";"7";"4";"1";"0";"1";"2";"0"
"5765";"47713";"5765";"64";"1";"1";"1";"4";"0";"1";"1";"1";"0"
"5778";"48331";"5778";"64";"1";"1";"7";"6";"1";"0";"1";"2";"0"
"5806";"48539";"5806";"64";"1";"2";"2";"4";"0";"1";"1";"1";"0"
"5816";"48572";"5816";"64";"3";"1";"7";"6";"0";"1";"1";"1";"0"
"5877";"48636";"5877";"64";"1";"1";"7";"6";"0";"3";"0";"1";"0"
"5879";"48636";"5879";"64";"1";"1";"7";"6";"0";"1";"1";"1";"0"
"5976";"48933";"5976";"64";"1";"1";"7";"7";"1";"0";"1";"2";"0"
"5991";"48976";"5991";"64";"1";"1";"7";"6";"0";"1";"1";"1";"0"
"6076";"49200";"6076";"64";"1";"1";"7";"6";"1";"0";"1";"2";"0"
"6095";"49246";"6095";"64";"1";"1";"7";"6";"0";"1";"1";"1";"0"
"6134";"49562";"6134";"64";"1";"2";"2";"4";"0";"1";"1";"1";"0"
"6172";"50183";"6172";"64";"1";"1";"7";"3";"0";"1";"1";"1";"0"
"6222";"50268";"6222";"64";"1";"1";"7";"4";"0";"1";"1";"1";"0"
"6229";"50278";"6229";"64";"1";"1";"7";"4";"0";"1";"1";"1";"0"
"6234";"50288";"6234";"64";"2";"3";"1";"3";"0";"1";"1";"1";"0"
"6251";"50325";"6251";"64";"1";"1";"7";"6";"1";"0";"1";"2";"0"
"6310";"51960";"6310";"64";"1";"1";"7";"6";"0";"1";"1";"1";"0"
"6321";"51992";"6321";"64";"1";"1";"7";"6";"1";"0";"1";"2";"0"
"6322";"51993";"6322";"64";"1";"1";"7";"6";"0";"1";"1";"1";"0"
"6323";"52000";"6323";"64";"1";"1";"7";"4";"0";"1";"1";"1";"0"
"6338";"52008";"6338";"64";"1";"1";"7";"6";"0";"1";"1";"1";"0"
"6348";"52011";"6348";"64";"1";"2";"2";"6";"0";"2";"3";"1";"0"
"6376";"52197";"6376";"64";"1";"1";"7";"6";"0";"1";"1";"1";"0"
"6397";"52825";"6397";"64";"1";"1";"7";"6";"0";"1";"1";"1";"0"
"6445";"53043";"6445";"64";"1";"1";"7";"6";"0";"2";"0";"1";"0"
"6460";"53088";"6460";"64";"1";"1";"7";"4";"0";"1";"1";"1";"0"
"6522";"53994";"6522";"64";"1";"3";"1";"5";"0";"1";"1";"1";"0"
"6526";"54025";"6526";"64";"1";"1";"7";"4";"1";"0";"1";"2";"0"
"6542";"54210";"6542";"64";"1";"1";"7";"6";"1";"0";"2";"2";"0"
"6550";"54221";"6550";"64";"1";"1";"1";"5";"0";"1";"1";"1";"0"
"6593";"55640";"6593";"64";"1";"1";"7";"4";"0";"1";"2";"1";"0"
"6602";"55681";"6602";"64";"1";"1";"7";"6";"0";"1";"1";"1";"0"
"6610";"55684";"6610";"64";"3";"1";"7";"4";"0";"1";"1";"1";"0"
"6614";"55692";"4848";"64";"3";"1";"7";"4";"0";"1";"1";"1";"0"
"6659";"56433";"6659";"64";"1";"1";"7";"6";"1";"1";"6";"2";"0"
"6670";"57813";"6670";"64";"2";"1";"1";"6";"0";"1";"1";"1";"0"
"6685";"57870";"6685";"64";"1";"1";"7";"6";"1";"0";"1";"2";"0"
"6697";"57928";"6697";"64";"3";"1";"7";"5";"1";"0";"1";"2";"0"
"6750";"58809";"6750";"64";"1";"1";"7";"5";"0";"1";"1";"1";"0"
"6793";"59003";"6793";"64";"3";"1";"7";"6";"0";"2";"0";"1";"0"
"6814";"59762";"6814";"64";"2";"1";"7";"4";"0";"1";"1";"1";"0"
"6819";"59836";"6819";"64";"3";"1";"7";"4";"0";"1";"1";"1";"0"
"6829";"59839";"6829";"64";"1";"1";"7";"4";"0";"1";"1";"1";"0"
"6834";"59843";"6834";"64";"3";"1";"7";"6";"0";"2";"0";"1";"0"
"6859";"59892";"6859";"64";"3";"3";"1";"6";"0";"1";"2";"1";"0"
"6877";"59916";"6877";"64";"1";"1";"7";"6";"0";"1";"1";"1";"0"
"6883";"59944";"6883";"64";"1";"1";"7";"6";"0";"1";"1";"1";"0"
"6911";"59973";"6911";"64";"1";"1";"7";"4";"0";"1";"1";"1";"0"
"6922";"59982";"6922";"64";"1";"1";"7";"6";"0";"1";"2";"1";"0"
"6924";"59983";"6924";"64";"1";"1";"1";"4";"0";"1";"1";"1";"0"
"6925";"59987";"6925";"64";"1";"1";"7";"6";"0";"1";"1";"1";"0"
"6943";"60040";"6943";"64";"1";"3";"2";"6";"0";"1";"3";"1";"0"
"6961";"60118";"6961";"64";"1";"1";"7";"6";"1";"0";"1";"2";"0"
"6970";"60177";"6970";"64";"1";"1";"1";"4";"0";"1";"1";"1";"0"
"6971";"60177";"6971";"64";"1";"1";"7";"6";"0";"1";"1";"1";"0"
"7013";"60812";"7013";"64";"1";"1";"7";"6";"0";"1";"1";"1";"0"
"7020";"60820";"7020";"64";"2";"1";"7";"6";"0";"1";"1";"1";"0"
"7028";"60825";"7028";"64";"1";"1";"7";"4";"0";"1";"1";"1";"0"
"7030";"60825";"7030";"64";"1";"1";"7";"2";"0";"0";"1";"3";"0"
"7036";"60825";"7036";"64";"3";"1";"7";"6";"1";"0";"1";"2";"0"
"7044";"60829";"7044";"64";"1";"3";"1";"6";"0";"1";"1";"1";"0"
"7052";"60832";"7052";"64";"1";"3";"2";"4";"0";"1";"1";"1";"0"
"7102";"60868";"7102";"64";"1";"1";"7";"6";"0";"1";"1";"1";"0"
"7106";"60868";"7106";"64";"1";"1";"7";"6";"0";"1";"1";"1";"0"
"7126";"60893";"7126";"64";"1";"1";"7";"4";"0";"1";"1";"1";"0"
"7129";"60895";"7129";"64";"1";"1";"7";"6";"0";"1";"1";"1";"0"
"7133";"60896";"7133";"64";"2";"1";"7";"6";"0";"1";"1";"1";"0"
"7147";"60910";"7147";"64";"1";"3";"1";"2";"0";"1";"1";"1";"0"
"7182";"60938";"7182";"64";"1";"1";"7";"6";"0";"1";"1";"1";"0"
"7187";"60940";"7187";"64";"2";"6";"7";"2";"0";"1";"1";"1";"0"
"7275";"61047";"7275";"64";"1";"1";"7";"6";"0";"1";"1";"1";"0"
"7298";"61089";"7298";"64";"1";"3";"2";"3";"0";"1";"1";"1";"0"
"7341";"61132";"7341";"64";"1";"1";"7";"4";"0";"1";"1";"1";"0"
"7345";"61134";"7345";"64";"1";"1";"7";"5";"0";"1";"4";"1";"0"
"7394";"61205";"7394";"64";"3";"7";"1";"4";"0";"1";"1";"1";"0"
"7395";"61206";"7395";"64";"1";"1";"7";"6";"0";"1";"1";"1";"0"
"7443";"61273";"7443";"64";"1";"1";"7";"2";"0";"1";"1";"1";"0"
"7490";"61319";"7490";"64";"1";"1";"7";"6";"0";"1";"1";"1";"0"
"7501";"61345";"7501";"64";"1";"1";"7";"6";"0";"2";"1";"1";"0"
"7616";"61450";"7616";"64";"1";"1";"7";"1";"0";"1";"1";"1";"0"
"7645";"61479";"7645";"64";"1";"1";"7";"6";"0";"1";"1";"1";"0"
"7674";"61486";"7674";"64";"1";"3";"1";"4";"0";"1";"1";"1";"0"
"7716";"61522";"7716";"64";"1";"1";"7";"6";"1";"0";"1";"2";"0"
"7735";"61534";"7735";"64";"1";"1";"7";"4";"0";"1";"1";"1";"0"
"7759";"61562";"7759";"64";"1";"1";"7";"4";"0";"1";"1";"1";"0"
"7763";"61571";"7763";"64";"1";"1";"7";"5";"0";"1";"1";"1";"0"
"7767";"61574";"7767";"64";"1";"3";"2";"4";"1";"1";"1";"2";"0"
"7813";"61644";"7813";"64";"1";"1";"7";"6";"0";"1";"1";"1";"0"
"7844";"61706";"7844";"64";"1";"1";"7";"3";"0";"2";"0";"1";"0"
"7861";"61730";"7861";"64";"3";"1";"7";"6";"0";"1";"1";"1";"0"
"7884";"61744";"7884";"64";"1";"1";"7";"6";"0";"1";"2";"1";"0"
"7899";"61763";"7899";"64";"1";"1";"7";"5";"0";"2";"1";"1";"0"
"7918";"61766";"7918";"64";"1";"1";"7";"6";"0";"1";"1";"1";"0"
"7922";"61767";"7922";"64";"1";"1";"7";"6";"0";"1";"2";"1";"0"
"7940";"61771";"7940";"64";"1";"1";"7";"6";"0";"1";"2";"1";"0"
"7990";"61806";"7990";"64";"1";"6";"7";"6";"0";"1";"1";"1";"0"
"8028";"61820";"8028";"64";"1";"1";"7";"3";"0";"1";"0";"1";"0"
"8050";"61830";"8050";"64";"3";"1";"7";"5";"0";"1";"1";"1";"0"
"8065";"61858";"8065";"64";"1";"1";"7";"6";"0";"1";"1";"1";"0"
"8074";"61858";"8074";"64";"3";"1";"7";"5";"0";"1";"1";"1";"0"
"8094";"61866";"8094";"64";"1";"1";"7";"3";"0";"2";"0";"1";"0"
"8104";"61881";"8104";"64";"1";"1";"7";"4";"0";"1";"1";"1";"0"
"8165";"61899";"8165";"64";"1";"1";"7";"4";"0";"1";"1";"1";"0"
"8259";"62003";"8020";"64";"1";"1";"7";"4";"0";"1";"1";"1";"0"
"8260";"62003";"8260";"64";"1";"1";"1";"3";"0";"1";"2";"1";"0"
"8274";"62015";"8274";"64";"3";"1";"1";"4";"0";"1";"1";"1";"0"
"8290";"62034";"8290";"64";"1";"1";"7";"2";"0";"1";"1";"1";"0"
"8315";"62085";"8315";"64";"1";"1";"7";"6";"0";"1";"3";"1";"0"
"8321";"62099";"8321";"64";"1";"1";"7";"6";"0";"1";"2";"1";"0"
"8354";"62113";"8354";"64";"1";"1";"7";"4";"0";"1";"1";"1";"0"
"8391";"62170";"8391";"64";"3";"1";"7";"4";"0";"1";"1";"1";"0"
"8401";"62172";"8401";"64";"3";"1";"7";"4";"0";"1";"2";"1";"0"
"8424";"62211";"8424";"64";"1";"1";"7";"2";"0";"1";"1";"1";"0"
"8440";"62215";"8440";"64";"1";"1";"7";"4";"1";"0";"1";"2";"0"
"8458";"62217";"8458";"64";"1";"1";"7";"4";"0";"1";"1";"1";"0"
"8461";"62218";"8461";"64";"1";"1";"7";"6";"0";"1";"1";"1";"0"
"8513";"62267";"8513";"64";"1";"1";"1";"4";"0";"1";"1";"1";"0"
"8535";"62286";"8535";"64";"1";"1";"7";"4";"0";"1";"1";"1";"0"
"8540";"62286";"8540";"64";"1";"1";"7";"6";"1";"0";"1";"2";"0"
"8545";"62286";"8545";"64";"1";"1";"7";"4";"0";"2";"0";"1";"0"
"8594";"62350";"8594";"64";"1";"1";"7";"4";"0";"1";"1";"1";"0"
"8599";"62357";"8599";"64";"1";"1";"7";"5";"0";"2";"1";"1";"0"
"8656";"62370";"8656";"64";"1";"1";"7";"4";"0";"1";"1";"1";"0"
"8664";"62373";"8664";"64";"1";"1";"7";"6";"0";"1";"1";"1";"0"
"8667";"62377";"8667";"64";"1";"1";"7";"8";"0";"1";"1";"1";"0"
"8688";"62422";"2599";"64";"1";"1";"7";"6";"1";"0";"1";"2";"0"
"8698";"62449";"8698";"64";"1";"1";"7";"9";"0";"1";"0";"1";"0"
"8711";"62456";"8711";"64";"1";"1";"7";"4";"0";"1";"1";"1";"0"
"8724";"62469";"8724";"64";"1";"1";"7";"6";"0";"1";"1";"1";"0"
"8746";"62513";"8746";"64";"1";"1";"7";"6";"0";"1";"1";"1";"0"
"8777";"62584";"8777";"64";"1";"1";"1";"4";"0";"1";"1";"1";"0"
"8797";"62605";"8797";"64";"1";"1";"7";"6";"0";"1";"1";"1";"0"
"8800";"62605";"8800";"64";"3";"1";"7";"6";"0";"1";"2";"1";"0"
"8843";"62638";"8843";"64";"1";"1";"7";"3";"0";"1";"1";"1";"0"
"8859";"62641";"8859";"64";"3";"1";"7";"6";"0";"1";"2";"1";"0"
"8862";"62644";"8862";"64";"3";"3";"1";"3";"0";"1";"1";"1";"0"
"8894";"62698";"8894";"64";"1";"3";"1";"6";"0";"2";"0";"1";"0"
"8978";"62804";"8978";"64";"1";"1";"7";"4";"0";"1";"1";"1";"0"
"8993";"62919";"8993";"64";"1";"3";"1";"6";"0";"2";"1";"1";"0"