"accident_id";"lieu_id";"date_id";"cause_id";"lum_id";"intemp_id";"etat_surface_id";"impliq_id";"nb_blesses_graves";"nb_blesses_legers";"nb_indemnes";"gravite";"nb_morts"
"9006";"62946";"9006";"64";"1";"1";"7";"5";"1";"0";"1";"2";"0"
"9020";"62953";"9020";"64";"1";"1";"7";"6";"0";"1";"1";"1";"0"
"9021";"62954";"9021";"64";"1";"6";"1";"2";"0";"1";"1";"1";"0"
"9048";"63005";"9048";"64";"1";"1";"7";"6";"0";"1";"1";"1";"0"
"9053";"63016";"9053";"64";"1";"1";"7";"7";"0";"1";"1";"3";"0"
"9069";"63034";"9069";"64";"1";"1";"7";"6";"0";"1";"1";"1";"0"
"9081";"63037";"9081";"64";"1";"1";"7";"6";"0";"1";"1";"1";"0"
"9094";"63053";"9094";"64";"1";"1";"7";"6";"0";"1";"1";"1";"0"
"9150";"65073";"9150";"64";"1";"1";"7";"6";"1";"0";"1";"2";"0"
"9174";"65848";"9174";"64";"1";"1";"7";"6";"0";"1";"1";"1";"0"
"9183";"65879";"9183";"64";"1";"1";"7";"4";"0";"1";"1";"1";"0"
"9185";"65885";"9185";"64";"1";"1";"7";"4";"0";"1";"1";"1";"0"
"9187";"65891";"9187";"64";"1";"3";"1";"3";"0";"1";"1";"1";"0"
"9193";"65900";"9193";"64";"1";"3";"1";"6";"2";"0";"1";"2";"0"
"9213";"65913";"9213";"64";"1";"1";"7";"3";"0";"1";"1";"1";"0"
"9216";"65913";"9216";"64";"1";"1";"7";"4";"0";"1";"1";"1";"0"
"9236";"65934";"9236";"64";"1";"1";"7";"3";"0";"1";"1";"1";"0"
"9254";"65985";"9254";"64";"1";"1";"7";"4";"0";"1";"1";"1";"0"
"9259";"65998";"9259";"64";"2";"1";"7";"6";"0";"1";"1";"1";"0"
"9260";"65998";"9260";"64";"1";"1";"7";"4";"0";"1";"1";"1";"0"
"9261";"65998";"9261";"64";"1";"3";"2";"6";"0";"1";"2";"1";"0"
"9266";"66019";"9266";"64";"1";"1";"7";"6";"1";"0";"1";"2";"0"
"9277";"66065";"9277";"64";"1";"1";"7";"4";"0";"1";"1";"1";"0"
"9280";"66065";"9280";"64";"1";"1";"1";"6";"0";"1";"1";"1";"0"
"9296";"66104";"9296";"64";"1";"3";"2";"6";"0";"1";"1";"1";"0"
"9304";"66123";"9304";"64";"1";"1";"7";"3";"1";"0";"1";"2";"0"
"9308";"66124";"9308";"64";"4";"1";"7";"4";"0";"1";"1";"1";"0"
"9420";"68515";"9420";"64";"1";"1";"7";"6";"1";"0";"1";"2";"0"
"9442";"68554";"9442";"64";"1";"1";"7";"6";"1";"0";"1";"2";"0"
"9452";"68557";"9452";"64";"1";"1";"7";"6";"0";"1";"1";"1";"0"
"9456";"68584";"9456";"64";"1";"1";"7";"6";"1";"0";"1";"2";"0"
"9464";"68609";"9464";"64";"1";"1";"7";"5";"0";"1";"1";"1";"0"
"9467";"68665";"9467";"64";"1";"1";"7";"3";"0";"1";"1";"1";"0"
"9506";"68892";"9506";"64";"1";"1";"7";"6";"0";"1";"1";"1";"0"
"9543";"69026";"9543";"64";"1";"1";"7";"6";"0";"1";"1";"1";"0"
"9603";"70317";"9603";"64";"1";"1";"7";"5";"1";"1";"0";"2";"0"
"9615";"70460";"9615";"64";"1";"1";"7";"6";"1";"1";"0";"2";"0"
"9631";"71096";"9631";"64";"1";"1";"7";"2";"0";"1";"1";"1";"0"
"28761";"87804114";"28761";"64";"1";"1";"7";"4";"0";"1";"1";"1";"0"
"28790";"87805408";"28790";"64";"1";"1";"7";"6";"1";"0";"1";"2";"0"
"29300";"87833417";"29300";"64";"1";"1";"7";"4";"0";"1";"1";"1";"0"
"29541";"88795406";"29541";"64";"1";"1";"7";"6";"0";"1";"2";"1";"0"
"29660";"88841203";"29660";"64";"1";"1";"7";"4";"0";"1";"1";"1";"0"
"29772";"89815504";"29772";"64";"1";"7";"1";"6";"0";"1";"1";"1";"0"
"29797";"89827101";"29797";"64";"1";"1";"7";"6";"0";"1";"1";"1";"0"
"121";"660";"121";"64";"1";"1";"7";"6";"0";"1";"1";"1";"0"
"134";"697";"134";"64";"1";"1";"7";"6";"0";"2";"3";"1";"0"
"137";"701";"137";"64";"3";"1";"7";"4";"0";"1";"1";"1";"0"
"170";"798";"170";"64";"1";"1";"7";"6";"1";"1";"1";"2";"0"
"171";"798";"171";"64";"1";"3";"1";"5";"1";"0";"1";"2";"0"
"188";"835";"188";"64";"1";"1";"7";"4";"0";"1";"1";"1";"0"
"190";"836";"190";"64";"1";"1";"7";"5";"0";"1";"1";"1";"0"
"193";"836";"193";"64";"1";"1";"7";"4";"1";"0";"1";"2";"0"
"201";"844";"201";"64";"1";"1";"7";"4";"0";"1";"1";"1";"0"
"243";"931";"243";"64";"1";"1";"7";"6";"0";"2";"2";"1";"0"
"278";"1102";"278";"64";"1";"1";"7";"4";"1";"0";"1";"2";"0"
"281";"1107";"281";"64";"1";"1";"7";"5";"0";"1";"1";"1";"0"
"290";"1120";"290";"64";"4";"1";"2";"6";"2";"0";"0";"2";"0"
"318";"1320";"318";"64";"2";"1";"7";"4";"0";"1";"1";"1";"0"
"320";"1320";"320";"64";"1";"1";"7";"4";"0";"1";"2";"1";"0"
"353";"1421";"353";"64";"1";"1";"7";"6";"0";"1";"1";"1";"0"
"363";"1455";"363";"64";"1";"1";"7";"6";"1";"0";"1";"2";"0"
"389";"1528";"389";"64";"2";"1";"7";"6";"0";"1";"1";"1";"0"
"390";"1534";"390";"64";"1";"1";"7";"1";"1";"0";"1";"2";"0"
"416";"1926";"416";"64";"1";"1";"7";"6";"0";"1";"1";"1";"0"
"435";"2184";"435";"64";"1";"1";"7";"6";"0";"1";"1";"1";"0"
"444";"2247";"444";"64";"1";"1";"7";"6";"1";"0";"0";"2";"0"
"481";"3512";"481";"64";"3";"3";"1";"6";"1";"0";"1";"2";"0"
"519";"3616";"519";"64";"1";"1";"7";"6";"1";"0";"1";"2";"0"
"578";"3840";"578";"64";"3";"1";"7";"3";"0";"1";"1";"1";"0"
"706";"6959";"706";"64";"1";"1";"7";"5";"0";"3";"0";"1";"0"
"716";"7038";"716";"64";"1";"1";"7";"2";"0";"2";"1";"1";"0"
"725";"7068";"725";"64";"1";"1";"7";"4";"0";"1";"1";"1";"0"
"727";"7068";"727";"64";"1";"1";"7";"6";"0";"1";"1";"1";"0"
"743";"7116";"743";"64";"1";"1";"7";"6";"0";"1";"1";"1";"0"
"799";"7646";"799";"64";"1";"1";"7";"4";"0";"1";"1";"1";"0"
"858";"8285";"858";"64";"1";"1";"7";"6";"0";"1";"1";"1";"0"
"864";"8299";"864";"64";"3";"1";"7";"5";"0";"0";"2";"3";"0"
"877";"8305";"877";"64";"5";"1";"7";"5";"0";"1";"1";"1";"0"
"890";"9657";"890";"64";"5";"1";"7";"4";"0";"1";"0";"1";"0"
"893";"9657";"893";"64";"1";"1";"7";"4";"0";"1";"1";"1";"0"
"900";"9679";"900";"64";"3";"1";"7";"5";"1";"0";"1";"2";"0"
"901";"9680";"901";"64";"1";"1";"7";"6";"0";"1";"1";"1";"0"
"906";"10329";"906";"64";"1";"1";"7";"6";"1";"0";"1";"2";"0"
"907";"10408";"907";"64";"1";"1";"7";"6";"0";"1";"1";"1";"0"
"909";"10426";"909";"64";"1";"1";"7";"4";"1";"0";"1";"2";"0"
"932";"10463";"932";"64";"1";"1";"7";"5";"1";"0";"1";"2";"0"
"934";"10464";"934";"64";"1";"1";"7";"5";"0";"1";"1";"1";"0"
"935";"10469";"935";"64";"2";"1";"7";"6";"0";"0";"1";"3";"0"
"978";"12007";"978";"64";"1";"1";"7";"4";"1";"0";"1";"2";"0"
"980";"12019";"980";"64";"3";"1";"7";"6";"1";"0";"1";"2";"0"
"992";"12024";"992";"64";"1";"3";"1";"6";"0";"2";"0";"1";"0"
"993";"12051";"993";"64";"1";"3";"2";"6";"0";"1";"1";"1";"0"
"1024";"12263";"1024";"64";"1";"1";"7";"4";"0";"1";"1";"1";"0"
"1065";"12591";"1065";"64";"5";"3";"2";"6";"0";"2";"0";"1";"0"
"1093";"13173";"1093";"64";"1";"1";"7";"2";"0";"1";"1";"1";"0"
"1115";"13299";"1115";"64";"3";"1";"7";"5";"0";"1";"1";"1";"0"
"1141";"13338";"1141";"64";"1";"1";"7";"6";"0";"1";"1";"1";"0"
"1153";"13346";"1153";"64";"3";"1";"7";"5";"0";"1";"1";"1";"0"
"1183";"13428";"1183";"64";"1";"1";"7";"5";"0";"2";"1";"1";"0"
"1229";"13542";"1229";"64";"1";"1";"7";"6";"0";"1";"1";"1";"0"
"1235";"13589";"1235";"64";"1";"3";"1";"4";"0";"1";"1";"1";"0"
"1248";"13616";"1248";"64";"1";"1";"7";"6";"0";"1";"1";"1";"0"
"1285";"13772";"1285";"64";"1";"1";"7";"6";"0";"1";"1";"1";"0"
"1291";"13777";"1291";"64";"3";"1";"7";"6";"1";"1";"1";"2";"0"
"1324";"15220";"1324";"64";"1";"1";"7";"6";"0";"1";"1";"1";"0"
"1340";"15266";"1340";"64";"1";"2";"2";"6";"0";"1";"1";"1";"0"
"1341";"15267";"1341";"64";"1";"1";"7";"6";"0";"1";"1";"1";"0"
"1412";"17988";"1412";"64";"1";"3";"2";"6";"1";"1";"0";"2";"0"
"1415";"17992";"1415";"64";"1";"3";"2";"6";"1";"0";"1";"2";"0"
"1445";"19498";"1445";"64";"1";"1";"7";"6";"1";"0";"1";"2";"0"
"1480";"19852";"1480";"64";"1";"1";"7";"5";"0";"1";"1";"1";"0"
"1489";"19974";"1489";"64";"1";"1";"7";"6";"1";"0";"1";"2";"0"
"1572";"22843";"1572";"64";"1";"1";"2";"6";"1";"0";"1";"2";"0"
"1578";"23497";"1578";"64";"1";"1";"7";"6";"0";"1";"2";"1";"0"
"1620";"25012";"1620";"64";"1";"1";"7";"6";"0";"1";"1";"1";"0"
"1642";"25206";"1642";"64";"1";"1";"7";"4";"0";"1";"1";"1";"0"
"1664";"25224";"1664";"64";"1";"1";"7";"5";"0";"1";"2";"1";"0"
"1671";"25246";"1671";"64";"3";"3";"1";"6";"0";"3";"2";"1";"0"
"1682";"25273";"1682";"64";"3";"1";"7";"4";"0";"1";"1";"1";"0"
"1694";"25279";"1694";"64";"1";"1";"7";"5";"1";"0";"1";"2";"0"
"1703";"25350";"1703";"64";"1";"1";"7";"6";"0";"1";"1";"1";"0"
"1723";"25562";"1723";"64";"1";"1";"1";"6";"1";"0";"1";"2";"0"
"1724";"25595";"1724";"64";"1";"3";"1";"6";"0";"1";"1";"1";"0"
"1737";"26151";"1737";"64";"1";"1";"7";"6";"1";"0";"1";"2";"0"
"1755";"26806";"1755";"64";"3";"3";"2";"4";"0";"1";"1";"1";"0"
"1759";"26832";"1759";"64";"1";"1";"7";"6";"0";"1";"1";"1";"0"
"1769";"26895";"1769";"64";"3";"1";"7";"6";"0";"2";"0";"1";"0"
"1780";"26906";"1780";"64";"3";"1";"7";"6";"0";"1";"2";"1";"0"
"1801";"26957";"1801";"64";"1";"3";"2";"6";"0";"1";"1";"1";"0"
"1822";"27024";"1822";"64";"1";"1";"7";"5";"0";"1";"1";"1";"0"
"1826";"27091";"1826";"64";"1";"1";"7";"2";"1";"0";"1";"2";"0"
"1867";"27136";"1867";"64";"1";"1";"7";"6";"1";"0";"1";"2";"0"
"1893";"27302";"1893";"64";"1";"1";"7";"6";"0";"2";"0";"1";"0"
"1896";"27302";"1896";"64";"3";"1";"7";"6";"0";"1";"1";"1";"0"
"1999";"28311";"1999";"64";"1";"1";"7";"6";"0";"1";"1";"1";"0"
"2006";"28322";"2006";"64";"1";"1";"7";"6";"0";"1";"1";"1";"0"
"2017";"28337";"2017";"64";"1";"1";"7";"6";"0";"1";"1";"1";"0"
"2023";"28343";"2023";"64";"1";"1";"7";"4";"1";"0";"1";"2";"0"
"2037";"28971";"2037";"64";"1";"1";"7";"6";"0";"1";"1";"1";"0"
"2047";"28994";"2047";"64";"2";"1";"7";"4";"0";"1";"1";"1";"0"
"2048";"28994";"2048";"64";"1";"1";"7";"6";"0";"1";"1";"1";"0"
"2148";"29167";"2148";"64";"1";"1";"7";"4";"1";"0";"1";"2";"0"
"2149";"29167";"2149";"64";"3";"1";"7";"6";"0";"1";"1";"1";"0"
"2158";"29203";"2158";"64";"3";"1";"7";"4";"0";"1";"1";"1";"0"
"2173";"29216";"2173";"64";"2";"1";"7";"4";"0";"1";"1";"1";"0"
"2195";"29228";"2195";"64";"1";"1";"7";"4";"0";"1";"1";"1";"0"
"2240";"29399";"2240";"64";"1";"1";"7";"3";"0";"1";"1";"1";"0"
"2281";"29543";"2281";"64";"1";"1";"7";"7";"0";"1";"1";"1";"0"
"2310";"30362";"1085";"64";"1";"1";"7";"6";"0";"0";"1";"3";"0"
"2316";"31043";"2316";"64";"1";"1";"7";"6";"1";"0";"1";"2";"0"
"2326";"31157";"2326";"64";"1";"1";"7";"5";"1";"0";"1";"2";"0"
"2345";"31873";"2345";"64";"3";"3";"1";"6";"1";"0";"1";"2";"0"
"2362";"31941";"2362";"64";"1";"1";"7";"7";"1";"0";"1";"2";"0"
"2409";"33373";"2409";"64";"1";"3";"2";"6";"0";"1";"1";"1";"0"
"2424";"33417";"2424";"64";"1";"1";"7";"6";"0";"1";"1";"1";"0"
"2426";"33419";"2426";"64";"1";"1";"7";"6";"0";"1";"2";"1";"0"
"2453";"33460";"2453";"64";"1";"2";"1";"4";"0";"1";"1";"1";"0"
"2477";"33602";"2477";"64";"1";"1";"7";"4";"1";"0";"1";"2";"0"
"2487";"33628";"2487";"64";"1";"1";"7";"3";"0";"1";"1";"1";"0"
"2515";"33651";"2515";"64";"1";"1";"7";"6";"0";"1";"1";"1";"0"
"2517";"33663";"2517";"64";"1";"1";"7";"6";"0";"1";"2";"1";"0"
"2556";"33866";"2556";"64";"1";"3";"1";"4";"0";"1";"1";"1";"0"
"2564";"33907";"2564";"64";"1";"1";"7";"6";"0";"1";"1";"1";"0"
"2593";"34121";"2593";"64";"3";"1";"1";"4";"0";"1";"1";"1";"0"
"2639";"35486";"2639";"64";"1";"1";"7";"6";"0";"1";"1";"1";"0"
"2650";"35506";"2650";"64";"1";"1";"7";"6";"0";"1";"1";"1";"0"
"2674";"35633";"2674";"64";"1";"1";"7";"6";"0";"1";"2";"1";"0"
"2700";"35720";"2700";"64";"1";"1";"7";"4";"0";"1";"1";"1";"0"
"2731";"36452";"2731";"64";"1";"1";"7";"5";"0";"2";"1";"1";"0"
"2750";"36577";"2750";"64";"1";"1";"7";"6";"0";"1";"2";"1";"0"
"2798";"37967";"2798";"64";"1";"1";"7";"6";"0";"1";"2";"1";"0"
"2826";"38082";"2826";"64";"1";"3";"2";"4";"0";"1";"1";"1";"0"
"2852";"38092";"2852";"64";"1";"1";"7";"4";"0";"1";"2";"1";"0"
"2954";"38422";"2954";"64";"1";"1";"7";"4";"0";"1";"2";"1";"0"
"2967";"38462";"2967";"64";"1";"1";"7";"6";"0";"1";"1";"1";"0"
"2970";"38480";"2970";"64";"1";"1";"7";"6";"0";"1";"1";"1";"0"
"2986";"38494";"2986";"64";"2";"1";"7";"5";"0";"1";"1";"1";"0"
"3033";"38572";"3033";"64";"1";"1";"7";"3";"0";"1";"1";"1";"0"
"3039";"38579";"3039";"64";"1";"1";"7";"4";"0";"1";"1";"1";"0"
"3046";"38595";"3046";"64";"1";"1";"7";"6";"0";"1";"1";"1";"0"
"3067";"38707";"3067";"64";"1";"1";"7";"4";"1";"0";"1";"2";"0"
"3091";"38793";"3091";"64";"1";"1";"7";"4";"0";"1";"1";"1";"0"
"3098";"38798";"3098";"64";"1";"1";"7";"2";"0";"1";"1";"1";"0"
"3125";"38896";"3125";"64";"1";"1";"7";"4";"1";"0";"1";"2";"0"
"3139";"38934";"3139";"64";"5";"3";"1";"6";"0";"1";"1";"1";"0"
"3144";"38937";"3144";"64";"1";"1";"7";"5";"0";"1";"2";"1";"0"
"3148";"38937";"3148";"64";"1";"1";"7";"4";"0";"1";"2";"1";"0"
"3172";"38966";"3172";"64";"1";"1";"7";"4";"0";"1";"1";"1";"0"
"3190";"38994";"3190";"64";"1";"1";"7";"1";"1";"0";"1";"2";"0"
"3215";"39020";"3215";"64";"1";"1";"7";"4";"1";"0";"2";"2";"0"
"3217";"39021";"3217";"64";"3";"3";"2";"6";"0";"4";"1";"1";"0"
"3225";"39027";"3225";"64";"1";"3";"2";"3";"0";"1";"1";"1";"0"
"3237";"39032";"3237";"64";"3";"1";"7";"3";"0";"1";"1";"1";"0"
"3270";"39052";"3270";"64";"3";"1";"7";"6";"0";"1";"1";"1";"0"
"3290";"39097";"3290";"64";"1";"1";"7";"4";"0";"2";"0";"1";"0"
"3297";"39109";"3297";"64";"1";"1";"7";"6";"0";"1";"1";"1";"0"
"3350";"39274";"3350";"64";"1";"1";"7";"5";"0";"1";"1";"1";"0"
"3361";"39301";"3361";"64";"1";"1";"7";"6";"0";"1";"2";"1";"0"
"3364";"39310";"3364";"64";"1";"7";"7";"6";"0";"2";"0";"1";"0"
"3366";"39312";"3366";"64";"1";"1";"7";"4";"0";"1";"1";"1";"0"
"3380";"39347";"3380";"64";"1";"1";"7";"6";"0";"1";"1";"1";"0"
"3400";"39401";"3400";"64";"1";"1";"7";"3";"0";"1";"1";"1";"0"
"3428";"39503";"3428";"64";"1";"1";"7";"6";"0";"1";"1";"1";"0"
"3454";"39537";"3454";"64";"1";"3";"2";"6";"0";"1";"1";"1";"0"
"3472";"39568";"3472";"64";"1";"1";"7";"2";"0";"1";"1";"1";"0"
"3480";"39583";"3480";"64";"1";"3";"1";"6";"0";"1";"2";"1";"0"
"3503";"39614";"3503";"64";"3";"1";"7";"6";"1";"0";"1";"2";"0"
"3543";"39653";"3543";"64";"1";"1";"7";"6";"1";"0";"1";"2";"0"
"3652";"39788";"3652";"64";"1";"1";"7";"2";"0";"1";"1";"1";"0"
"3657";"39802";"3657";"64";"1";"1";"7";"6";"0";"1";"1";"1";"0"
"3671";"39858";"3671";"64";"1";"1";"7";"1";"0";"1";"1";"1";"0"
"3674";"39866";"3674";"64";"1";"1";"7";"4";"0";"1";"1";"1";"0"
"3692";"39902";"3692";"64";"1";"1";"7";"4";"0";"1";"2";"1";"0"
"3755";"40022";"3755";"64";"1";"1";"7";"2";"0";"1";"1";"1";"0"
"3758";"40025";"3758";"64";"1";"1";"7";"6";"0";"1";"1";"1";"0"
"3775";"40051";"3775";"64";"1";"1";"7";"6";"0";"1";"2";"1";"0"
"3864";"40102";"3864";"64";"1";"1";"7";"5";"0";"1";"1";"1";"0"
"3868";"40105";"3868";"64";"1";"1";"7";"6";"0";"1";"1";"1";"0"
"3950";"40294";"3950";"64";"1";"1";"7";"4";"0";"1";"1";"1";"0"
"3973";"40309";"3973";"64";"1";"1";"7";"6";"0";"1";"1";"1";"0"
"3998";"40347";"3998";"64";"1";"1";"7";"6";"0";"1";"1";"1";"0"
"4049";"40390";"4049";"64";"1";"1";"7";"4";"0";"1";"1";"1";"0"
"4050";"40390";"4050";"64";"1";"1";"2";"6";"0";"1";"1";"1";"0"
"4055";"40391";"4055";"64";"3";"3";"2";"6";"0";"1";"2";"1";"0"
"4065";"40396";"4065";"64";"1";"1";"7";"6";"1";"0";"1";"2";"0"
"4114";"40520";"4114";"64";"1";"1";"7";"6";"0";"1";"1";"1";"0"
"4136";"40584";"4136";"64";"1";"1";"2";"4";"1";"0";"1";"2";"0"
"4148";"40633";"4148";"64";"2";"1";"1";"4";"0";"1";"1";"1";"0"
"4152";"40665";"4152";"64";"1";"1";"7";"4";"0";"1";"1";"1";"0"
"4189";"40751";"4189";"64";"1";"1";"7";"6";"0";"1";"1";"1";"0"
"4195";"40751";"4195";"64";"1";"1";"7";"6";"0";"1";"1";"1";"0"
"4206";"40754";"4206";"64";"1";"1";"7";"6";"0";"1";"1";"1";"0"
"4234";"40816";"4234";"64";"4";"1";"7";"6";"0";"1";"1";"1";"0"
"4242";"40840";"4242";"64";"1";"1";"7";"6";"0";"1";"1";"1";"0"
"4264";"40879";"4264";"64";"1";"1";"7";"3";"0";"1";"1";"1";"0"
"4266";"40883";"4266";"64";"1";"1";"7";"3";"0";"1";"1";"1";"0"
"4301";"40941";"4301";"64";"1";"1";"7";"6";"0";"2";"0";"1";"0"
"4305";"40945";"4305";"64";"1";"1";"7";"6";"0";"1";"1";"1";"0"
"4309";"40965";"4309";"64";"1";"1";"7";"1";"0";"1";"1";"1";"0"
"4310";"40973";"4310";"64";"1";"1";"7";"6";"0";"2";"1";"1";"0"
"4312";"40973";"4312";"64";"1";"1";"7";"6";"0";"1";"2";"1";"0"
"4514";"41425";"4514";"64";"1";"1";"7";"3";"0";"1";"1";"1";"0"
"4564";"41578";"4564";"64";"1";"1";"7";"6";"0";"1";"1";"1";"0"
"4718";"42031";"4718";"64";"1";"1";"7";"6";"0";"1";"1";"1";"0"
"4719";"42036";"4719";"64";"1";"1";"7";"6";"0";"1";"1";"1";"0"
"4762";"42266";"4762";"64";"3";"1";"7";"6";"0";"3";"0";"1";"0"
"4797";"42997";"4797";"64";"2";"1";"7";"4";"1";"0";"1";"2";"0"
"4828";"43101";"4828";"64";"3";"1";"7";"5";"0";"2";"1";"1";"0"
"4855";"43115";"4855";"64";"1";"1";"7";"7";"0";"1";"1";"1";"0"
"4857";"43115";"4857";"64";"1";"1";"7";"6";"0";"1";"1";"1";"0"
"4863";"43148";"4863";"64";"1";"1";"7";"6";"0";"1";"1";"1";"0"
"23983";"85814403";"23983";"64";"1";"1";"7";"4";"0";"2";"0";"1";"0"
"23985";"85814403";"23985";"64";"1";"1";"7";"6";"0";"1";"1";"1";"0"
"24247";"85823304";"24247";"64";"1";"1";"7";"6";"0";"1";"1";"1";"0"
"24318";"85825203";"24318";"64";"3";"1";"7";"4";"0";"1";"1";"1";"0"
"24319";"85825203";"24319";"64";"1";"1";"7";"6";"0";"1";"1";"1";"0"
"24640";"85834302";"24640";"64";"1";"1";"7";"4";"0";"1";"2";"1";"0"
"24871";"85841204";"24871";"64";"1";"1";"7";"6";"0";"1";"1";"1";"0"
"25012";"85845102";"25012";"64";"1";"1";"7";"6";"0";"1";"1";"1";"0"
"25462";"85861107";"25462";"64";"1";"3";"2";"4";"0";"1";"1";"1";"0"
"25464";"85861107";"25464";"64";"3";"2";"1";"4";"0";"1";"1";"1";"0"
"25467";"85861107";"25467";"64";"3";"1";"7";"3";"0";"1";"1";"1";"0"
"25509";"85861401";"9987";"64";"1";"1";"7";"6";"0";"1";"1";"1";"0"
"25774";"85871109";"25774";"64";"1";"1";"7";"6";"0";"2";"0";"1";"0"
"25905";"85874401";"25905";"64";"1";"1";"7";"6";"0";"1";"1";"1";"0"
"26028";"85881505";"26028";"64";"1";"1";"7";"6";"0";"1";"1";"1";"0"
"26052";"85882102";"26052";"64";"1";"3";"1";"6";"0";"1";"1";"1";"0"
"26647";"86813402";"26647";"64";"1";"1";"7";"6";"0";"1";"1";"1";"0"
"27108";"86823305";"27108";"64";"1";"1";"7";"6";"0";"1";"1";"1";"0"
"27174";"86823503";"27174";"64";"1";"1";"7";"5";"0";"2";"0";"1";"0"
"27940";"86837301";"27940";"64";"1";"1";"7";"6";"0";"1";"2";"1";"0"
"28250";"86853201";"28250";"64";"1";"1";"7";"3";"0";"1";"1";"1";"0"
"28579";"86883201";"23225";"64";"1";"1";"7";"6";"0";"1";"1";"1";"0"
"9642";"71150";"9642";"64";"1";"1";"7";"6";"0";"1";"1";"1";"0"
"9663";"71822";"9663";"64";"1";"1";"1";"6";"0";"1";"1";"1";"0"
"9668";"71825";"9668";"64";"1";"3";"1";"2";"0";"1";"1";"1";"0"
"9700";"71869";"9700";"64";"1";"1";"7";"6";"0";"2";"1";"1";"0"
"9714";"71890";"9714";"64";"2";"3";"1";"4";"0";"1";"1";"1";"0"
"9721";"71912";"9721";"64";"2";"1";"1";"6";"0";"1";"1";"1";"0"
"9788";"72084";"9788";"64";"1";"1";"7";"6";"0";"2";"0";"1";"0"
"9798";"72088";"9798";"64";"1";"1";"7";"6";"0";"1";"1";"1";"0"
"9821";"72105";"9821";"64";"1";"1";"7";"6";"1";"0";"1";"2";"0"
"9823";"72108";"9823";"64";"1";"1";"7";"5";"1";"0";"1";"2";"0"
"9833";"72123";"9833";"64";"1";"1";"7";"4";"0";"1";"1";"1";"0"
"9858";"72162";"9858";"64";"1";"1";"2";"4";"0";"1";"2";"1";"0"
"9862";"72169";"9862";"64";"1";"1";"7";"6";"1";"0";"1";"2";"0"
"9879";"72200";"9879";"64";"1";"1";"7";"6";"0";"1";"1";"1";"0"
"9898";"72231";"9898";"64";"1";"1";"7";"6";"0";"1";"1";"1";"0"
"9935";"72342";"9935";"64";"1";"1";"7";"4";"0";"1";"1";"1";"0"
"9947";"72349";"9947";"64";"1";"1";"7";"4";"0";"1";"1";"1";"0"
"9979";"72378";"9979";"64";"1";"1";"7";"2";"0";"1";"1";"1";"0"
"9987";"72406";"9987";"64";"1";"1";"7";"6";"0";"1";"1";"1";"0"
"10038";"72503";"10038";"64";"5";"1";"7";"6";"0";"1";"1";"1";"0"
"10043";"72506";"10043";"64";"1";"1";"7";"2";"0";"1";"1";"1";"0"
"10061";"72531";"10061";"64";"1";"3";"5";"6";"0";"1";"1";"1";"0"
"10085";"72546";"10085";"64";"2";"3";"2";"2";"0";"1";"1";"1";"0"
"10128";"72618";"10128";"64";"1";"3";"1";"6";"0";"1";"1";"1";"0"
"10163";"72631";"10163";"64";"1";"1";"7";"6";"0";"1";"1";"1";"0"
"10172";"72636";"10172";"64";"1";"1";"7";"4";"0";"1";"1";"1";"0"
"10174";"72636";"10174";"64";"1";"1";"7";"4";"0";"1";"1";"1";"0"
"10175";"72636";"10175";"64";"1";"1";"7";"4";"0";"1";"1";"1";"0"
"10177";"72636";"10177";"64";"1";"1";"7";"6";"0";"1";"1";"1";"0"
"10194";"72644";"10194";"64";"1";"1";"1";"4";"0";"1";"1";"1";"0"
"10203";"72648";"10203";"64";"1";"1";"7";"6";"0";"2";"2";"1";"0"
"10217";"72657";"10217";"64";"1";"1";"7";"3";"0";"1";"1";"1";"0"
"10219";"72658";"10219";"64";"3";"3";"1";"4";"1";"1";"0";"2";"0"
"10225";"72676";"10225";"64";"3";"1";"7";"6";"0";"1";"2";"1";"0"
"10255";"72710";"10255";"64";"1";"1";"1";"6";"0";"1";"2";"1";"0"
"10268";"72728";"10268";"64";"1";"1";"7";"6";"0";"1";"1";"1";"0"
"10300";"72784";"10300";"64";"1";"1";"7";"4";"0";"1";"1";"1";"0"
"10355";"72955";"10355";"64";"1";"1";"7";"6";"0";"1";"1";"1";"0"
"10358";"72956";"10358";"64";"1";"1";"7";"5";"1";"0";"1";"2";"0"
"10359";"72956";"10359";"64";"1";"1";"7";"5";"0";"1";"1";"1";"0"
"10379";"72975";"10379";"64";"1";"1";"7";"6";"0";"1";"1";"1";"0"
"10381";"72979";"7097";"64";"1";"1";"7";"6";"0";"1";"1";"1";"0"
"10420";"73056";"10420";"64";"1";"1";"7";"3";"0";"1";"1";"1";"0"
"10474";"73120";"10474";"64";"1";"1";"7";"6";"0";"1";"1";"1";"0"
"10483";"73155";"10483";"64";"1";"1";"7";"6";"0";"1";"1";"1";"0"
"10513";"73209";"10513";"64";"1";"1";"7";"6";"0";"1";"1";"1";"0"
"10519";"73213";"10519";"64";"1";"3";"2";"4";"0";"1";"1";"1";"0"
"10612";"73368";"10612";"64";"1";"1";"7";"4";"0";"1";"1";"1";"0"
"10613";"73373";"10613";"64";"1";"1";"7";"6";"0";"2";"0";"1";"0"
"10649";"73462";"10649";"64";"1";"1";"7";"5";"0";"0";"1";"3";"0"
"10717";"73563";"10717";"64";"1";"1";"7";"6";"0";"1";"1";"1";"0"
"10718";"73565";"10718";"64";"1";"1";"7";"6";"0";"1";"1";"1";"0"
"10740";"73620";"10740";"64";"1";"1";"7";"2";"0";"1";"1";"1";"0"
"10783";"73716";"10783";"64";"1";"1";"7";"4";"0";"1";"1";"1";"0"
"10805";"73739";"10805";"64";"1";"1";"7";"4";"1";"0";"1";"2";"0"
"10816";"73743";"10816";"64";"1";"1";"7";"6";"0";"1";"1";"1";"0"
"10828";"73829";"10828";"64";"1";"6";"1";"6";"0";"1";"1";"1";"0"
"10834";"73932";"10834";"64";"1";"1";"7";"6";"0";"1";"1";"1";"0"
"10839";"73971";"10839";"64";"1";"2";"1";"6";"1";"0";"1";"2";"0"
"10852";"73997";"10852";"64";"1";"1";"7";"6";"0";"1";"1";"1";"0"