"accident_id";"lieu_id";"date_id";"cause_id";"lum_id";"intemp_id";"etat_surface_id";"impliq_id";"nb_blesses_graves";"nb_blesses_legers";"nb_indemnes";"gravite";"nb_morts"
"10859";"74018";"10859";"64";"1";"1";"7";"6";"0";"1";"1";"1";"0"
"10889";"74120";"10889";"64";"1";"1";"7";"4";"0";"1";"1";"1";"0"
"10890";"74120";"10890";"64";"3";"1";"7";"8";"0";"1";"1";"1";"0"
"10907";"75227";"10907";"64";"1";"1";"7";"6";"0";"1";"1";"1";"0"
"10912";"75285";"10912";"64";"1";"1";"7";"4";"1";"0";"1";"2";"0"
"10948";"76656";"10948";"64";"1";"1";"7";"9";"0";"1";"1";"1";"0"
"10983";"76751";"10983";"64";"1";"1";"7";"6";"0";"1";"1";"1";"0"
"10992";"76753";"10992";"64";"1";"1";"7";"6";"1";"0";"1";"2";"0"
"11060";"76958";"11060";"64";"1";"1";"1";"6";"0";"1";"1";"1";"0"
"11087";"78265";"11087";"64";"1";"1";"7";"6";"0";"1";"1";"1";"0"
"11130";"78373";"11130";"64";"3";"7";"7";"4";"0";"1";"1";"1";"0"
"11131";"78374";"11131";"64";"1";"1";"7";"6";"0";"1";"1";"1";"0"
"11132";"78375";"11132";"64";"1";"1";"7";"6";"0";"1";"1";"1";"0"
"11141";"78437";"11141";"64";"1";"1";"7";"4";"1";"0";"1";"2";"0"
"11149";"78446";"11149";"64";"1";"1";"7";"3";"0";"1";"1";"1";"0"
"11166";"78494";"11166";"64";"1";"1";"7";"6";"0";"1";"1";"1";"0"
"11171";"78506";"11171";"64";"1";"1";"7";"4";"0";"1";"1";"1";"0"
"11183";"78535";"11183";"64";"1";"1";"7";"6";"0";"1";"1";"1";"0"
"11195";"78547";"11195";"64";"3";"2";"2";"6";"0";"1";"1";"1";"0"
"11402";"80613";"11402";"64";"3";"3";"1";"4";"0";"1";"2";"1";"0"
"11419";"80651";"11419";"64";"3";"1";"7";"6";"1";"0";"1";"2";"0"
"11452";"80736";"11452";"64";"1";"1";"7";"5";"0";"2";"0";"1";"0"
"11453";"80736";"11453";"64";"3";"1";"7";"1";"0";"1";"1";"1";"0"
"11454";"80736";"11454";"64";"3";"1";"7";"4";"0";"1";"1";"1";"0"
"11458";"80736";"11458";"64";"1";"1";"7";"6";"0";"1";"1";"1";"0"
"11468";"80782";"11468";"64";"1";"1";"7";"6";"0";"1";"1";"1";"0"
"11498";"80902";"11498";"64";"1";"1";"7";"6";"0";"1";"1";"1";"0"
"11521";"80982";"11521";"64";"1";"1";"7";"6";"0";"2";"1";"1";"0"
"11525";"80991";"11525";"64";"1";"1";"7";"5";"0";"1";"1";"1";"0"
"11526";"80996";"11526";"64";"1";"1";"7";"4";"0";"1";"1";"1";"0"
"11534";"81016";"11534";"64";"1";"1";"7";"6";"0";"1";"1";"1";"0"
"11548";"81045";"11548";"64";"1";"1";"7";"5";"0";"1";"1";"1";"0"
"11550";"81045";"11550";"64";"1";"1";"7";"6";"0";"1";"1";"1";"0"
"11559";"81057";"11559";"64";"1";"1";"7";"6";"0";"2";"1";"1";"0"
"11581";"81110";"11581";"64";"1";"1";"7";"6";"0";"1";"1";"1";"0"
"11582";"81111";"11582";"64";"1";"1";"7";"6";"0";"2";"0";"1";"0"
"11583";"81113";"11583";"64";"1";"1";"7";"6";"0";"1";"1";"1";"0"
"11610";"81135";"11610";"64";"1";"1";"7";"6";"0";"1";"1";"1";"0"
"11629";"81196";"11629";"64";"1";"1";"7";"6";"0";"2";"1";"1";"0"
"11656";"81243";"11656";"64";"1";"1";"7";"6";"0";"1";"1";"1";"0"
"11684";"81302";"11684";"64";"3";"1";"7";"6";"0";"1";"1";"1";"0"
"11713";"81386";"11713";"64";"1";"1";"7";"6";"0";"1";"1";"1";"0"
"11714";"81387";"11714";"64";"1";"1";"7";"4";"0";"2";"0";"1";"0"
"11732";"81479";"11732";"64";"1";"1";"7";"6";"0";"1";"1";"1";"0"
"11765";"81593";"11765";"64";"1";"1";"1";"6";"0";"1";"1";"1";"0"
"11789";"81623";"11789";"64";"1";"1";"7";"6";"0";"1";"2";"1";"0"
"11826";"81904";"11826";"64";"1";"1";"7";"6";"0";"1";"1";"1";"0"
"11840";"81985";"11840";"64";"1";"1";"7";"4";"0";"1";"1";"1";"0"
"11881";"82631";"11881";"64";"1";"1";"7";"4";"1";"0";"2";"2";"0"
"11913";"83437";"11913";"64";"1";"1";"1";"3";"0";"1";"1";"1";"0"
"11920";"83459";"11920";"64";"1";"3";"1";"6";"0";"1";"2";"1";"0"
"11935";"83550";"11935";"64";"1";"3";"2";"6";"0";"1";"1";"1";"0"
"11991";"90084";"11991";"64";"1";"3";"1";"6";"1";"1";"0";"2";"0"
"12034";"90162";"12034";"64";"1";"1";"7";"7";"1";"0";"1";"2";"0"
"12052";"90207";"12052";"64";"1";"1";"7";"4";"1";"0";"1";"2";"0"
"12056";"90208";"12056";"64";"3";"3";"2";"6";"0";"1";"1";"1";"0"
"12088";"90263";"12088";"64";"1";"4";"2";"3";"0";"1";"1";"1";"0"
"12109";"90273";"12109";"64";"1";"1";"7";"4";"0";"1";"1";"1";"0"
"12144";"90305";"12144";"64";"1";"1";"7";"5";"0";"1";"1";"1";"0"
"12154";"90309";"12154";"64";"3";"1";"7";"6";"0";"1";"1";"1";"0"
"12184";"90332";"12184";"64";"3";"1";"7";"6";"0";"4";"0";"1";"0"
"12188";"90332";"12188";"64";"1";"1";"7";"4";"0";"1";"1";"1";"0"
"12190";"90332";"12190";"64";"1";"1";"7";"6";"0";"1";"1";"1";"0"
"12193";"90333";"12193";"64";"1";"1";"7";"5";"1";"0";"1";"2";"0"
"12243";"90434";"12243";"64";"1";"1";"2";"6";"0";"1";"1";"1";"0"
"12244";"90434";"12244";"64";"3";"3";"2";"6";"0";"1";"4";"1";"0"
"12248";"90437";"12248";"64";"3";"1";"7";"2";"0";"1";"1";"1";"0"
"12251";"90439";"12251";"64";"1";"3";"1";"6";"0";"1";"1";"1";"0"
"12255";"90439";"12255";"64";"1";"1";"7";"6";"0";"1";"1";"1";"0"
"12267";"90473";"12267";"64";"1";"1";"7";"3";"0";"1";"1";"1";"0"
"12286";"90500";"12286";"64";"1";"3";"2";"6";"0";"1";"1";"1";"0"
"12295";"90549";"12295";"64";"1";"2";"2";"5";"0";"1";"1";"1";"0"
"12297";"90549";"12297";"64";"1";"1";"7";"6";"0";"1";"1";"1";"0"
"12299";"90549";"12299";"64";"1";"1";"7";"6";"0";"1";"1";"1";"0"
"12303";"90573";"12303";"64";"1";"1";"7";"6";"0";"1";"1";"1";"0"
"12371";"90770";"12371";"64";"2";"1";"7";"4";"0";"1";"1";"1";"0"
"12431";"90861";"12431";"64";"1";"1";"1";"3";"0";"1";"1";"1";"0"
"12475";"67645503";"12475";"64";"1";"1";"7";"6";"1";"0";"1";"2";"0"
"12540";"69684302";"12540";"64";"5";"1";"7";"6";"1";"0";"1";"2";"0"
"12803";"71807306";"12803";"64";"1";"1";"7";"6";"1";"0";"1";"2";"0"
"12933";"71822408";"12933";"64";"3";"1";"7";"4";"1";"0";"1";"2";"0"
"13026";"71833106";"13026";"64";"1";"1";"7";"6";"1";"0";"1";"2";"0"
"13509";"76734502";"13509";"64";"1";"1";"7";"6";"0";"1";"1";"1";"0"
"13592";"76771310";"13592";"64";"1";"1";"7";"5";"0";"1";"1";"1";"0"
"13624";"76774307";"13624";"64";"1";"1";"7";"6";"0";"1";"1";"1";"0"
"13647";"76774409";"13647";"64";"1";"1";"7";"6";"0";"2";"1";"1";"0"
"14166";"77772509";"14166";"64";"1";"1";"7";"6";"0";"2";"0";"1";"0"
"14227";"77776310";"14227";"64";"1";"1";"7";"5";"0";"1";"1";"1";"0"
"14298";"77795105";"14298";"64";"1";"1";"7";"6";"1";"0";"1";"2";"0"
"19215";"81711201";"19215";"64";"1";"6";"1";"3";"1";"0";"1";"2";"0"
"19274";"81726305";"19274";"64";"1";"1";"7";"6";"0";"1";"1";"1";"0"
"19283";"81731204";"19283";"64";"1";"1";"7";"6";"1";"0";"1";"2";"0"
"19433";"81761307";"19433";"64";"1";"1";"7";"6";"0";"1";"1";"1";"0"
"19527";"81763404";"19527";"64";"3";"1";"7";"6";"0";"1";"1";"1";"0"
"19568";"81764503";"19568";"64";"1";"1";"7";"6";"0";"1";"1";"1";"0"
"19602";"81766201";"19602";"64";"1";"1";"7";"5";"0";"2";"0";"1";"0"
"19677";"81767308";"19174";"64";"1";"1";"7";"6";"1";"0";"1";"2";"0"
"19964";"81802105";"19964";"64";"1";"1";"7";"6";"0";"1";"1";"1";"0"
"19978";"81804511";"19978";"64";"1";"1";"7";"6";"0";"1";"1";"1";"0"
"20273";"82751201";"20273";"64";"1";"1";"7";"6";"1";"0";"1";"2";"0"
"20312";"82752502";"20312";"64";"1";"3";"2";"6";"0";"1";"1";"1";"0"
"20394";"82761101";"20394";"64";"1";"1";"7";"6";"0";"1";"1";"1";"0"
"20940";"83741210";"20940";"64";"1";"1";"7";"6";"0";"1";"1";"1";"0"
"21155";"83765105";"21155";"64";"1";"1";"7";"6";"0";"1";"1";"1";"0"
"21570";"83836105";"21570";"64";"1";"1";"7";"9";"0";"0";"1";"3";"0"
"21724";"83867504";"21724";"64";"1";"1";"7";"6";"1";"0";"1";"2";"0"
"21829";"83876401";"21829";"64";"1";"1";"7";"6";"0";"1";"1";"1";"0"
"21992";"83922204";"21992";"64";"1";"2";"2";"7";"0";"1";"1";"1";"0"
"22029";"83925212";"22029";"64";"1";"1";"7";"6";"1";"0";"2";"2";"0"
"22103";"84742311";"22103";"64";"1";"1";"7";"6";"1";"0";"1";"2";"0"
"22170";"84751108";"22170";"64";"1";"1";"7";"6";"0";"1";"1";"1";"0"
"22305";"84776114";"22305";"64";"3";"3";"1";"4";"0";"1";"1";"1";"0"
"22322";"84777212";"22322";"64";"1";"1";"7";"6";"0";"1";"1";"1";"0"
"22496";"84806207";"22496";"64";"3";"3";"1";"6";"0";"1";"1";"1";"0"
"22527";"84807408";"22527";"64";"3";"3";"1";"6";"0";"2";"0";"1";"0"
"22641";"84822101";"22641";"64";"3";"3";"2";"6";"0";"1";"1";"1";"0"
"22669";"84823308";"22669";"64";"1";"1";"7";"6";"0";"1";"1";"1";"0"
"22902";"84837413";"22902";"64";"1";"1";"7";"6";"1";"0";"1";"2";"0"
"23089";"84856501";"23089";"64";"1";"1";"7";"6";"0";"1";"1";"1";"0"
"23421";"84873103";"23421";"64";"3";"1";"7";"4";"0";"1";"1";"1";"0"
"23538";"84876506";"23538";"64";"1";"1";"7";"6";"0";"1";"1";"1";"0"
"23564";"84877213";"23564";"64";"1";"1";"1";"6";"0";"2";"0";"1";"0"
"23659";"84887510";"23659";"64";"2";"1";"7";"6";"1";"0";"1";"2";"0"
"23680";"84896210";"23680";"64";"1";"1";"7";"6";"0";"1";"1";"1";"0"
"23917";"85811505";"23917";"64";"1";"1";"7";"6";"0";"1";"1";"1";"0"
"14636";"78741214";"14636";"64";"1";"1";"7";"6";"0";"1";"1";"1";"0"
"14761";"78747504";"14761";"64";"1";"1";"7";"8";"0";"1";"1";"1";"0"
"14766";"78747510";"14761";"64";"1";"1";"7";"8";"0";"1";"1";"1";"0"
"14830";"78757501";"14830";"64";"1";"1";"7";"6";"0";"1";"1";"1";"0"
"14859";"78761303";"14859";"64";"1";"1";"7";"4";"1";"0";"1";"2";"0"
"14868";"78761520";"14868";"64";"1";"1";"7";"5";"0";"1";"1";"1";"0"
"14873";"78761521";"14873";"64";"1";"1";"7";"6";"0";"1";"1";"1";"0"
"14939";"78764112";"14939";"64";"1";"1";"7";"6";"0";"1";"1";"1";"0"
"15004";"78766510";"15004";"64";"1";"1";"7";"6";"1";"0";"1";"2";"0"
"15058";"78771204";"15058";"64";"1";"1";"7";"6";"0";"1";"1";"1";"0"
"15350";"78797108";"15350";"64";"1";"1";"7";"8";"1";"0";"1";"2";"0"
"15446";"79697202";"15446";"64";"3";"3";"1";"6";"0";"1";"1";"1";"0"
"15533";"79721407";"15533";"64";"1";"1";"7";"4";"0";"1";"1";"1";"0"
"15582";"79726304";"15582";"64";"1";"1";"7";"6";"0";"1";"1";"1";"0"
"15675";"79733404";"15675";"64";"1";"1";"7";"6";"0";"1";"1";"1";"0"
"15713";"79735101";"15713";"64";"3";"1";"7";"6";"0";"2";"1";"1";"0"
"15815";"79744501";"15815";"64";"1";"1";"7";"6";"1";"0";"1";"2";"0"
"15856";"79745405";"15856";"64";"3";"1";"7";"6";"0";"1";"1";"1";"0"
"16130";"79753105";"16130";"64";"1";"1";"7";"6";"0";"2";"0";"1";"0"
"16134";"79753105";"16134";"64";"5";"1";"7";"5";"0";"2";"1";"1";"0"
"16171";"79753203";"16171";"64";"1";"1";"7";"6";"0";"2";"1";"1";"0"
"16421";"79757307";"16421";"64";"1";"1";"7";"6";"0";"1";"1";"1";"0"
"16719";"79767107";"16719";"64";"1";"3";"1";"4";"0";"1";"1";"1";"0"
"16720";"79767107";"16720";"64";"3";"1";"7";"6";"0";"2";"1";"1";"0"
"16721";"79767107";"16721";"64";"1";"1";"7";"5";"0";"1";"1";"1";"0"
"16722";"79767107";"16722";"64";"1";"1";"7";"4";"0";"1";"1";"1";"0"
"16724";"79767107";"16724";"64";"1";"1";"7";"5";"0";"1";"1";"1";"0"
"16922";"79776101";"16922";"64";"1";"1";"7";"4";"0";"1";"1";"1";"0"
"17036";"79787503";"17036";"64";"3";"1";"7";"6";"0";"1";"1";"1";"0"
"17043";"79792102";"17043";"64";"1";"1";"7";"6";"0";"1";"1";"1";"0"
"17069";"79793510";"17069";"64";"1";"1";"7";"6";"0";"1";"1";"1";"0"
"17073";"79793510";"17073";"64";"1";"1";"7";"6";"0";"1";"1";"1";"0"
"17291";"80731102";"17291";"64";"3";"3";"1";"6";"0";"1";"1";"1";"0"
"17415";"80741306";"17415";"64";"1";"1";"7";"6";"0";"1";"1";"1";"0"
"17419";"80741306";"17419";"64";"1";"1";"7";"6";"0";"1";"1";"1";"0"
"17468";"80742107";"17468";"64";"1";"1";"7";"6";"0";"1";"1";"1";"0"
"17471";"80742108";"17471";"64";"1";"1";"7";"6";"0";"1";"1";"1";"0"
"17597";"80744302";"17597";"64";"3";"1";"7";"6";"0";"2";"1";"1";"0"
"17651";"80746405";"17651";"64";"1";"3";"2";"6";"0";"1";"1";"1";"0"
"17678";"80746405";"17678";"64";"1";"1";"7";"6";"0";"1";"1";"1";"0"
"17704";"80746501";"17704";"64";"1";"1";"7";"6";"0";"2";"1";"1";"0"
"17899";"80753102";"17899";"64";"1";"3";"2";"6";"0";"1";"1";"1";"0"
"18039";"80755206";"18039";"64";"3";"1";"7";"6";"0";"1";"1";"1";"0"
"18420";"80764309";"18420";"64";"3";"1";"7";"6";"0";"1";"2";"1";"0"
"18489";"80765402";"18489";"64";"1";"1";"7";"8";"0";"1";"2";"1";"0"
"18498";"80765404";"18498";"64";"1";"3";"1";"6";"0";"1";"1";"1";"0"
"18542";"80767105";"18542";"64";"1";"1";"7";"6";"0";"2";"1";"1";"0"
"18707";"80775101";"18707";"64";"3";"1";"7";"6";"0";"1";"1";"1";"0"
"18919";"80786509";"18919";"64";"2";"1";"7";"6";"0";"1";"1";"1";"0"
"18920";"80786509";"18920";"64";"1";"1";"7";"6";"0";"1";"1";"1";"0"
"19035";"80803303";"19035";"64";"1";"1";"7";"6";"0";"1";"1";"1";"0"
"19102";"80807304";"19102";"64";"1";"3";"2";"6";"1";"0";"1";"2";"0"
"18851";"80785220";"18851";"65";"1";"1";"7";"3";"0";"1";"1";"1";"0"
"1307";"14443";"1307";"65";"1";"1";"7";"3";"0";"1";"1";"1";"0"
"1565";"22787";"1565";"65";"5";"1";"7";"7";"0";"1";"2";"1";"0"
"1595";"24245";"1595";"65";"5";"1";"7";"4";"1";"0";"1";"2";"0"
"1714";"25408";"1714";"65";"3";"1";"1";"6";"1";"0";"1";"2";"0"
"2124";"29122";"2124";"65";"1";"3";"2";"6";"0";"1";"2";"1";"0"
"3280";"39059";"3280";"65";"3";"1";"7";"6";"0";"1";"1";"1";"0"
"3539";"39648";"3539";"65";"1";"1";"7";"2";"0";"1";"1";"1";"0"
"3963";"40306";"3963";"65";"1";"1";"7";"6";"0";"1";"2";"1";"0"
"4225";"40805";"4225";"65";"1";"1";"7";"4";"1";"0";"2";"2";"0"
"4269";"40886";"4269";"65";"1";"1";"7";"4";"0";"1";"1";"1";"0"
"6396";"52272";"6396";"65";"3";"3";"2";"4";"0";"1";"1";"1";"0"
"6843";"59884";"6843";"65";"1";"1";"7";"6";"0";"1";"1";"1";"0"
"6854";"59890";"6854";"65";"1";"3";"1";"6";"0";"1";"1";"1";"0"
"6942";"60040";"6942";"65";"1";"2";"2";"4";"0";"1";"1";"1";"0"
"8766";"62555";"8766";"65";"1";"1";"7";"6";"1";"0";"0";"2";"0"
"9180";"65875";"9180";"65";"3";"3";"2";"4";"1";"0";"1";"2";"0"
"19334";"81747505";"19334";"65";"1";"1";"7";"6";"0";"1";"1";"1";"0"
"21681";"83866405";"21681";"65";"3";"3";"1";"7";"0";"1";"1";"1";"0"
"28432";"86871205";"28432";"65";"1";"1";"7";"4";"0";"1";"2";"1";"0"
"10197";"72645";"10197";"65";"3";"1";"7";"4";"0";"1";"1";"1";"0"
"10417";"73056";"10417";"65";"2";"2";"2";"4";"0";"1";"1";"1";"0"
"10429";"73060";"10429";"65";"1";"1";"7";"4";"0";"1";"1";"1";"0"
"10814";"73743";"10814";"65";"4";"2";"5";"6";"0";"1";"1";"1";"0"
"11102";"78327";"11102";"65";"1";"1";"7";"6";"0";"1";"1";"1";"0"
"11744";"81520";"11744";"65";"1";"1";"7";"4";"0";"2";"1";"1";"0"
"12646";"70817105";"12646";"65";"1";"1";"7";"3";"0";"1";"1";"1";"0"
"13516";"76736307";"13516";"65";"1";"1";"7";"6";"0";"1";"1";"1";"0"
"10480";"73151";"10480";"66";"1";"1";"7";"3";"0";"1";"1";"1";"0"
"10778";"73716";"10778";"66";"1";"1";"7";"2";"1";"0";"1";"2";"0"
"11226";"78689";"11226";"66";"1";"1";"7";"2";"0";"1";"1";"1";"0"
"11429";"80652";"11429";"66";"1";"1";"1";"6";"0";"1";"0";"1";"0"
"11478";"80818";"11478";"66";"1";"1";"7";"6";"1";"0";"1";"2";"0"
"12031";"90156";"12031";"66";"1";"1";"7";"2";"1";"0";"1";"2";"0"
"355";"1427";"355";"66";"1";"1";"7";"1";"1";"0";"1";"2";"0"
"359";"1437";"359";"66";"1";"1";"7";"1";"0";"1";"1";"1";"0"
"396";"1606";"396";"66";"1";"1";"7";"6";"0";"1";"1";"1";"0"
"397";"1606";"397";"66";"1";"1";"7";"6";"0";"2";"1";"1";"0"
"398";"1606";"398";"66";"1";"1";"7";"6";"0";"1";"1";"1";"0"
"2581";"34066";"2581";"66";"1";"1";"7";"4";"0";"1";"1";"1";"0"
"2678";"35633";"2678";"66";"1";"7";"7";"6";"0";"1";"1";"1";"0"
"2680";"35633";"2680";"66";"1";"1";"7";"2";"0";"1";"1";"1";"0"
"2691";"35638";"2691";"66";"1";"1";"7";"6";"0";"1";"1";"1";"0"
"2693";"35638";"2693";"66";"1";"1";"7";"6";"0";"1";"0";"1";"0"
"2694";"35638";"2694";"66";"1";"1";"2";"6";"1";"0";"1";"2";"0"
"3683";"39900";"3683";"66";"1";"1";"2";"1";"0";"1";"1";"1";"0"
"3700";"39913";"3700";"66";"3";"1";"7";"2";"1";"0";"2";"2";"0"
"5069";"43855";"5069";"66";"1";"1";"7";"6";"0";"1";"0";"1";"0"
"6318";"51984";"6318";"66";"1";"1";"7";"2";"0";"1";"1";"1";"0"
"6371";"52142";"6371";"66";"1";"1";"7";"6";"1";"0";"1";"2";"0"
"6968";"60177";"6968";"66";"1";"1";"7";"6";"0";"1";"1";"1";"0"
"6969";"60177";"6969";"66";"1";"1";"7";"6";"0";"1";"1";"1";"0"
"6977";"60177";"6977";"66";"3";"1";"7";"6";"1";"0";"1";"2";"0"
"7038";"60826";"7038";"66";"1";"1";"7";"2";"0";"1";"1";"1";"0"
"7717";"61526";"7717";"66";"1";"1";"7";"6";"0";"2";"0";"1";"0"
"8002";"61809";"8002";"66";"1";"1";"7";"6";"0";"1";"1";"1";"0"
"8408";"62177";"8408";"66";"1";"1";"7";"6";"0";"1";"1";"1";"0"
"9057";"63020";"9057";"66";"1";"1";"7";"7";"0";"1";"1";"1";"0"
"9410";"68406";"9410";"66";"1";"1";"7";"1";"1";"0";"1";"2";"0"
"9477";"68690";"9477";"66";"1";"3";"1";"2";"0";"1";"1";"1";"0"
"4900";"43231";"4900";"67";"1";"1";"7";"4";"0";"1";"1";"1";"0"
"5026";"43540";"5026";"67";"3";"1";"7";"6";"0";"1";"2";"1";"0"
"5057";"43797";"5057";"67";"1";"1";"7";"4";"1";"0";"1";"2";"0"
"5103";"45239";"5103";"67";"1";"1";"7";"5";"0";"1";"1";"1";"0"
"5172";"45384";"5172";"67";"1";"1";"7";"5";"0";"1";"1";"1";"0"
"5237";"45424";"5237";"67";"1";"1";"7";"5";"1";"0";"1";"2";"0"
"5241";"45424";"5241";"67";"1";"1";"7";"6";"1";"0";"1";"2";"0"
"5251";"45460";"5251";"67";"1";"1";"7";"4";"0";"1";"1";"1";"0"
"5261";"45466";"5261";"67";"3";"3";"1";"6";"0";"2";"1";"1";"0"
"5365";"46308";"5365";"67";"1";"1";"7";"6";"0";"2";"0";"1";"0"
"5421";"46387";"5421";"67";"1";"1";"7";"4";"0";"1";"1";"1";"0"
"5422";"46387";"5422";"67";"1";"1";"7";"6";"0";"1";"1";"1";"0"
"5424";"46387";"5424";"67";"1";"1";"7";"5";"0";"1";"0";"1";"0"
"5482";"46511";"5482";"67";"1";"1";"7";"6";"0";"1";"1";"1";"0"
"5523";"47346";"5523";"67";"3";"1";"7";"4";"0";"1";"1";"1";"0"
"5555";"47378";"5555";"67";"1";"1";"7";"4";"0";"1";"2";"1";"0"
"5782";"48387";"5782";"67";"1";"1";"7";"4";"0";"1";"1";"1";"0"
"5783";"48387";"5783";"67";"1";"1";"7";"6";"0";"2";"1";"1";"0"
"5788";"48394";"5788";"67";"1";"1";"1";"6";"0";"1";"1";"1";"0"
"5835";"48594";"5835";"67";"1";"1";"7";"6";"1";"0";"1";"2";"0"
"5836";"48595";"5836";"67";"3";"1";"7";"6";"1";"3";"0";"2";"0"
"5880";"48636";"5880";"67";"1";"1";"7";"4";"0";"1";"1";"1";"0"
"5967";"48927";"5967";"67";"3";"1";"7";"4";"0";"1";"1";"1";"0"
"6126";"49489";"6126";"67";"1";"1";"7";"4";"0";"1";"1";"1";"0"
"6135";"49573";"6135";"67";"1";"1";"7";"4";"0";"1";"1";"1";"0"
"6165";"49754";"6165";"67";"3";"1";"7";"5";"0";"1";"1";"1";"0"
"6204";"50219";"6204";"67";"2";"3";"1";"4";"1";"0";"1";"2";"0"
"6215";"50253";"6215";"67";"1";"1";"7";"8";"0";"1";"1";"1";"0"
"6232";"50288";"6232";"67";"5";"3";"1";"6";"0";"1";"1";"1";"0"
"6243";"50290";"6243";"67";"1";"1";"7";"6";"0";"3";"0";"1";"0"
"6248";"50292";"6248";"67";"2";"1";"7";"6";"0";"2";"0";"1";"0"
"6343";"52010";"6343";"67";"1";"1";"7";"6";"0";"2";"1";"1";"0"
"6419";"52938";"6419";"67";"1";"2";"2";"1";"0";"1";"1";"1";"0"
"6443";"53043";"6443";"67";"1";"1";"7";"6";"0";"4";"0";"1";"0"
"6462";"53088";"5429";"67";"3";"1";"7";"5";"0";"1";"1";"1";"0"
"6552";"54222";"6552";"67";"3";"1";"7";"4";"1";"0";"1";"2";"0"
"6590";"55635";"6590";"67";"3";"1";"7";"4";"0";"1";"1";"1";"0"
"6640";"55761";"6640";"67";"1";"1";"7";"6";"0";"1";"1";"1";"0"
"6653";"55846";"6653";"67";"1";"1";"7";"4";"0";"1";"1";"1";"0"
"6676";"57827";"6676";"67";"1";"1";"7";"6";"2";"7";"1";"2";"0"
"6687";"57870";"6687";"67";"1";"1";"7";"6";"1";"1";"0";"2";"0"
"6708";"58658";"6708";"67";"1";"1";"7";"6";"2";"0";"2";"2";"0"
"6720";"58700";"6720";"67";"3";"1";"7";"4";"1";"0";"1";"2";"0"
"6733";"58764";"6733";"67";"1";"1";"7";"5";"0";"2";"1";"1";"0"
"6764";"58882";"6764";"67";"2";"1";"7";"4";"1";"0";"1";"2";"0"
"6773";"58966";"6773";"67";"3";"1";"7";"4";"0";"2";"1";"1";"0"
"6820";"59836";"6820";"67";"1";"1";"7";"5";"1";"0";"1";"2";"0"
"6824";"59837";"6824";"67";"1";"1";"7";"6";"0";"1";"1";"1";"0"
"6826";"59838";"6826";"67";"1";"1";"7";"4";"0";"1";"1";"1";"0"
"6835";"59845";"6835";"67";"4";"3";"1";"4";"0";"1";"1";"1";"0"
"6836";"59847";"6836";"67";"1";"1";"7";"6";"1";"0";"1";"2";"0"
"6841";"59884";"6841";"67";"1";"1";"7";"5";"0";"1";"1";"1";"0"
"6857";"59892";"6857";"67";"3";"3";"2";"6";"0";"1";"1";"1";"0"
"6871";"59913";"6871";"67";"1";"1";"7";"6";"0";"1";"1";"1";"0"
"6892";"59962";"6892";"67";"3";"1";"1";"6";"0";"3";"0";"1";"0"
"6909";"59969";"6909";"67";"3";"1";"7";"6";"0";"2";"0";"1";"0"
"6950";"60041";"6950";"67";"1";"1";"7";"6";"1";"1";"2";"2";"0"
"6954";"60090";"6954";"67";"1";"1";"7";"6";"0";"1";"1";"1";"0"
"6956";"60091";"6956";"67";"3";"1";"7";"4";"0";"1";"2";"1";"0"
"6980";"60179";"6980";"67";"1";"1";"7";"6";"1";"1";"0";"3";"0"
"6982";"60189";"6982";"67";"1";"3";"1";"6";"0";"1";"1";"1";"0"
"6996";"60236";"6996";"67";"1";"1";"7";"6";"0";"1";"1";"1";"0"
"6999";"60237";"6999";"67";"4";"1";"7";"6";"0";"2";"0";"1";"0"
"7047";"60830";"7047";"67";"2";"1";"7";"6";"0";"3";"0";"1";"0"
"7054";"60832";"7054";"67";"1";"1";"7";"6";"0";"1";"1";"1";"0"
"7155";"60915";"7155";"67";"1";"1";"7";"4";"0";"1";"1";"1";"0"
"7287";"61078";"7287";"67";"3";"3";"1";"5";"0";"1";"1";"1";"0"
"7294";"61080";"7294";"67";"3";"3";"1";"4";"0";"1";"1";"1";"0"
"7301";"61095";"7301";"67";"1";"1";"7";"6";"0";"1";"1";"1";"0"
"7432";"61266";"7432";"67";"1";"3";"2";"5";"0";"3";"2";"1";"0"
"7549";"61365";"7549";"67";"1";"1";"7";"5";"0";"2";"1";"1";"0"
"7592";"61438";"7592";"67";"1";"1";"7";"4";"0";"1";"1";"1";"0"
"7655";"61480";"7655";"67";"1";"1";"7";"4";"0";"1";"2";"1";"0"
"7668";"61485";"7668";"67";"1";"1";"7";"5";"0";"1";"1";"1";"0"
"7670";"61485";"7670";"67";"1";"1";"7";"6";"0";"1";"1";"1";"0"
"7676";"61486";"7676";"67";"3";"2";"1";"5";"0";"1";"1";"1";"0"
"7708";"61509";"7708";"67";"1";"1";"7";"5";"0";"1";"1";"1";"0"
"7775";"61580";"7775";"67";"3";"1";"7";"5";"0";"2";"1";"1";"0"
"7795";"61604";"7795";"67";"1";"1";"7";"4";"0";"1";"1";"1";"0"
"7894";"61758";"7894";"67";"1";"1";"7";"4";"0";"1";"1";"1";"0"
"8066";"61858";"8066";"67";"1";"1";"1";"4";"0";"1";"1";"1";"0"
"8077";"61858";"8077";"67";"1";"1";"7";"6";"0";"1";"2";"1";"0"
"8225";"61934";"8225";"67";"1";"1";"7";"5";"0";"2";"1";"1";"0"
"8240";"61962";"8240";"67";"1";"1";"7";"4";"0";"1";"1";"1";"0"
"8252";"61987";"8252";"67";"3";"1";"7";"5";"0";"1";"1";"1";"0"
"8392";"62170";"8392";"67";"1";"1";"7";"4";"0";"1";"1";"1";"0"