"accident_id";"lieu_id";"date_id";"cause_id";"lum_id";"intemp_id";"etat_surface_id";"impliq_id";"nb_blesses_graves";"nb_blesses_legers";"nb_indemnes";"gravite";"nb_morts"
"8558";"62288";"8558";"67";"1";"3";"1";"6";"0";"1";"1";"1";"0"
"8670";"62377";"8670";"67";"1";"3";"1";"4";"0";"1";"1";"1";"0"
"8681";"62391";"8681";"67";"2";"1";"7";"4";"0";"1";"1";"1";"0"
"8706";"62454";"8706";"67";"1";"1";"7";"4";"0";"1";"1";"1";"0"
"8946";"62736";"8946";"67";"1";"1";"7";"6";"0";"1";"1";"1";"0"
"8954";"62742";"8954";"67";"1";"1";"7";"4";"0";"1";"1";"1";"0"
"9011";"62947";"9011";"67";"1";"1";"7";"5";"0";"2";"1";"1";"0"
"9012";"62947";"9012";"67";"3";"1";"7";"4";"0";"1";"1";"1";"0"
"9015";"62949";"9015";"67";"3";"1";"7";"4";"0";"1";"1";"1";"0"
"9067";"63034";"9067";"67";"1";"1";"7";"4";"0";"1";"2";"1";"0"
"9088";"63040";"9088";"67";"3";"1";"7";"5";"0";"1";"1";"1";"0"
"9157";"65100";"9157";"67";"1";"1";"7";"5";"1";"0";"2";"2";"0"
"9177";"65873";"9177";"67";"1";"1";"7";"6";"0";"1";"1";"1";"0"
"9182";"65875";"9182";"67";"2";"1";"1";"4";"0";"1";"1";"1";"0"
"9257";"65993";"9257";"67";"1";"1";"7";"6";"2";"1";"2";"2";"0"
"9275";"66056";"9275";"67";"1";"1";"7";"6";"0";"1";"1";"1";"0"
"9276";"66064";"9276";"67";"1";"1";"7";"6";"0";"1";"1";"1";"0"
"9281";"66065";"9281";"67";"1";"1";"7";"4";"0";"1";"1";"1";"0"
"9353";"66216";"9353";"67";"1";"1";"7";"6";"0";"1";"1";"1";"0"
"9429";"68537";"9429";"67";"1";"1";"7";"6";"2";"0";"0";"2";"0"
"9443";"68554";"9443";"67";"1";"1";"7";"5";"1";"1";"1";"2";"0"
"9466";"68636";"9466";"67";"1";"1";"7";"3";"1";"0";"1";"2";"0"
"9483";"68699";"9483";"67";"1";"1";"7";"6";"0";"2";"0";"1";"0"
"9512";"68913";"9512";"67";"3";"1";"7";"4";"0";"1";"1";"1";"0"
"9575";"69607";"9575";"67";"3";"1";"7";"5";"0";"1";"1";"1";"0"
"9579";"69687";"9579";"67";"2";"3";"1";"3";"0";"1";"1";"1";"0"
"9588";"69715";"9588";"67";"3";"6";"1";"6";"0";"2";"2";"1";"0"
"9625";"71086";"9625";"67";"1";"1";"7";"4";"0";"1";"1";"1";"0"
"9649";"71167";"9649";"67";"1";"1";"7";"6";"0";"1";"1";"1";"0"
"9676";"71833";"9676";"67";"1";"1";"7";"4";"0";"1";"1";"1";"0"
"9698";"71869";"9698";"67";"1";"1";"7";"5";"0";"1";"1";"1";"0"
"9759";"72043";"9759";"67";"1";"1";"7";"6";"0";"1";"1";"1";"0"
"9796";"72086";"9796";"67";"1";"1";"7";"5";"0";"1";"1";"1";"0"
"10019";"72460";"10019";"67";"3";"1";"1";"5";"0";"1";"1";"1";"0"
"10076";"72541";"10076";"67";"1";"1";"7";"6";"0";"1";"1";"1";"0"
"10105";"72571";"10105";"67";"3";"3";"1";"6";"0";"1";"1";"1";"0"
"10124";"72595";"10124";"67";"1";"1";"7";"6";"0";"1";"1";"1";"0"
"10141";"72627";"10141";"67";"1";"1";"7";"3";"1";"0";"1";"2";"0"
"10184";"72640";"10184";"67";"1";"1";"7";"6";"0";"1";"1";"1";"0"
"10215";"72655";"10215";"67";"3";"1";"7";"4";"1";"0";"2";"2";"0"
"10318";"72825";"10318";"67";"1";"1";"1";"4";"0";"1";"1";"1";"0"
"10348";"72954";"10348";"67";"3";"1";"7";"6";"0";"1";"1";"1";"0"
"10362";"72956";"10362";"67";"1";"1";"7";"5";"1";"0";"2";"2";"0"
"10366";"72970";"10366";"67";"3";"1";"7";"5";"0";"2";"1";"1";"0"
"10399";"73032";"10399";"67";"1";"1";"1";"6";"0";"1";"1";"1";"0"
"10431";"73073";"10431";"67";"1";"1";"7";"6";"0";"1";"1";"1";"0"
"10446";"73081";"10446";"67";"1";"1";"7";"6";"0";"1";"1";"1";"0"
"10448";"73083";"10448";"67";"3";"1";"7";"5";"0";"2";"0";"1";"0"
"10499";"73199";"10499";"67";"1";"1";"7";"4";"0";"1";"1";"1";"0"
"10575";"73325";"10575";"67";"1";"1";"7";"4";"0";"1";"1";"1";"0"
"10602";"73356";"10602";"67";"1";"1";"7";"4";"1";"0";"1";"2";"0"
"10652";"73465";"10652";"67";"3";"1";"7";"6";"0";"2";"0";"1";"0"
"10662";"73465";"10662";"67";"1";"3";"1";"6";"0";"4";"2";"1";"0"
"10664";"73466";"10664";"67";"1";"1";"7";"5";"0";"2";"1";"1";"0"
"10819";"73748";"10819";"67";"1";"1";"7";"6";"0";"1";"3";"1";"0"
"10847";"73975";"10847";"67";"2";"1";"7";"4";"0";"1";"1";"1";"0"
"10879";"74082";"10879";"67";"1";"1";"7";"6";"0";"1";"1";"1";"0"
"10918";"75911";"10918";"67";"1";"1";"7";"6";"1";"0";"1";"2";"0"
"10978";"76749";"10978";"67";"1";"1";"7";"6";"0";"1";"1";"1";"0"
"11005";"76774";"11005";"67";"1";"1";"7";"5";"0";"1";"1";"1";"0"
"11097";"78298";"11097";"67";"1";"1";"7";"4";"0";"2";"0";"1";"0"
"11129";"78368";"11129";"67";"1";"1";"7";"4";"0";"1";"1";"1";"0"
"11145";"78446";"11145";"67";"2";"1";"7";"4";"1";"0";"1";"2";"0"
"11150";"78447";"11150";"67";"1";"1";"7";"4";"0";"1";"1";"1";"0"
"11156";"78456";"11156";"67";"3";"3";"1";"4";"0";"1";"1";"1";"0"
"11228";"78706";"11228";"67";"1";"1";"7";"6";"0";"1";"1";"1";"0"
"11366";"80445";"11366";"67";"1";"3";"1";"4";"0";"1";"1";"1";"0"
"11370";"80450";"11370";"67";"1";"1";"7";"4";"0";"1";"1";"1";"0"
"11392";"80504";"11392";"67";"1";"1";"7";"4";"0";"1";"1";"1";"0"
"11406";"80645";"11406";"67";"1";"1";"7";"4";"0";"1";"1";"1";"0"
"11413";"80650";"11413";"67";"1";"1";"7";"4";"1";"0";"1";"2";"0"
"11431";"80652";"11431";"67";"1";"1";"7";"4";"0";"1";"1";"1";"0"
"11443";"80672";"11443";"67";"1";"1";"7";"4";"0";"1";"1";"1";"0"
"11456";"80736";"11456";"67";"1";"1";"7";"6";"0";"1";"2";"1";"0"
"11636";"81202";"11636";"67";"3";"1";"7";"3";"0";"1";"1";"1";"0"
"11638";"81223";"11638";"67";"3";"1";"7";"4";"0";"1";"1";"1";"0"
"11657";"81243";"11657";"67";"1";"1";"7";"4";"0";"1";"1";"1";"0"
"11696";"81351";"11696";"67";"3";"1";"7";"4";"0";"1";"1";"1";"0"
"11723";"81448";"11723";"67";"1";"1";"7";"2";"0";"1";"2";"1";"0"
"11745";"81521";"11745";"67";"1";"1";"7";"6";"0";"1";"0";"1";"0"
"11760";"81580";"11760";"67";"1";"1";"7";"6";"0";"1";"1";"1";"0"
"11799";"81702";"11799";"67";"1";"1";"7";"5";"0";"1";"1";"1";"0"
"11849";"82433";"11849";"67";"1";"1";"1";"6";"0";"2";"1";"1";"0"
"11894";"83394";"11894";"67";"1";"1";"1";"5";"1";"1";"0";"2";"0"
"11900";"83415";"11900";"67";"1";"3";"1";"6";"0";"2";"0";"1";"0"
"11924";"83462";"11924";"67";"1";"1";"7";"6";"0";"2";"0";"1";"0"
"12064";"90211";"12064";"67";"3";"1";"7";"5";"2";"2";"0";"2";"0"
"12099";"90271";"12099";"67";"3";"2";"2";"4";"0";"1";"1";"1";"0"
"12110";"90273";"12110";"67";"2";"1";"7";"4";"0";"1";"1";"1";"0"
"12130";"90291";"12130";"67";"3";"1";"7";"5";"0";"2";"1";"1";"0"
"12164";"90318";"12164";"67";"1";"1";"7";"6";"1";"1";"0";"2";"0"
"12200";"90333";"12200";"67";"1";"1";"7";"6";"0";"1";"1";"1";"0"
"12212";"90345";"12212";"67";"1";"3";"2";"5";"1";"0";"1";"2";"0"
"12226";"90385";"12226";"67";"1";"3";"1";"6";"0";"3";"2";"1";"0"
"12227";"90385";"12227";"67";"3";"1";"7";"4";"0";"1";"1";"1";"0"
"12261";"90451";"12261";"67";"1";"1";"7";"5";"0";"1";"1";"1";"0"
"12291";"90529";"12291";"67";"3";"1";"7";"4";"0";"1";"1";"1";"0"
"12292";"90538";"12292";"67";"3";"1";"7";"5";"0";"2";"0";"1";"0"
"12317";"90617";"12317";"67";"3";"1";"7";"6";"0";"1";"1";"1";"0"
"13002";"71827104";"13002";"67";"2";"3";"1";"4";"1";"0";"1";"2";"0"
"13300";"75754407";"13300";"67";"1";"3";"1";"6";"0";"1";"2";"1";"0"
"13412";"75806102";"13412";"67";"1";"1";"7";"4";"0";"1";"1";"1";"0"
"14380";"77903506";"14380";"67";"1";"1";"7";"4";"0";"1";"1";"1";"0"
"14622";"78734408";"14622";"67";"1";"1";"7";"6";"0";"1";"2";"1";"0"
"18006";"80754302";"18006";"67";"1";"1";"7";"6";"0";"1";"2";"1";"0"
"18102";"80756401";"18102";"67";"1";"1";"7";"5";"0";"1";"1";"1";"0"
"29299";"87833417";"29299";"67";"1";"1";"7";"6";"0";"1";"1";"1";"0"
"129";"696";"129";"67";"1";"1";"7";"4";"0";"1";"1";"1";"0"
"182";"833";"182";"67";"1";"1";"7";"5";"0";"1";"1";"1";"0"
"196";"840";"196";"67";"2";"1";"1";"6";"0";"1";"1";"1";"0"
"199";"844";"199";"67";"1";"1";"7";"5";"0";"1";"1";"1";"0"
"263";"993";"263";"67";"1";"1";"7";"6";"0";"2";"0";"1";"0"
"323";"1320";"323";"67";"1";"1";"7";"6";"0";"1";"1";"1";"0"
"376";"1475";"376";"67";"1";"1";"7";"6";"0";"1";"1";"1";"0"
"387";"1502";"387";"67";"2";"3";"2";"4";"0";"1";"1";"1";"0"
"402";"1607";"402";"67";"1";"1";"7";"4";"1";"0";"1";"2";"0"
"524";"3618";"524";"67";"3";"1";"7";"4";"0";"1";"1";"1";"0"
"527";"3618";"527";"67";"1";"1";"7";"4";"1";"0";"1";"2";"0"
"595";"3862";"595";"67";"3";"1";"7";"4";"0";"1";"1";"1";"0"
"606";"4052";"606";"67";"1";"1";"7";"6";"0";"2";"0";"1";"0"
"613";"4052";"613";"67";"3";"1";"7";"5";"0";"1";"1";"1";"0"
"654";"4892";"654";"67";"1";"1";"7";"6";"0";"2";"0";"1";"0"
"663";"5485";"663";"67";"1";"1";"7";"4";"0";"1";"1";"1";"0"
"678";"5534";"678";"67";"1";"7";"7";"6";"2";"0";"0";"2";"0"
"700";"6924";"700";"67";"1";"3";"2";"6";"0";"1";"0";"1";"0"
"729";"7068";"729";"67";"1";"1";"7";"6";"0";"1";"1";"1";"0"
"732";"7095";"732";"67";"1";"1";"7";"6";"0";"1";"1";"1";"0"
"736";"7099";"736";"67";"1";"1";"7";"5";"0";"1";"1";"1";"0"
"751";"7165";"751";"67";"1";"1";"7";"6";"0";"1";"1";"1";"0"
"797";"7646";"797";"67";"1";"1";"7";"6";"1";"0";"1";"2";"0"
"844";"8246";"844";"67";"1";"1";"7";"6";"0";"1";"2";"1";"0"
"867";"8300";"867";"67";"3";"1";"7";"6";"0";"2";"0";"1";"0"
"891";"9657";"891";"67";"3";"1";"7";"6";"1";"0";"2";"2";"0"
"895";"9657";"895";"67";"1";"1";"7";"5";"0";"1";"1";"1";"0"
"926";"10460";"926";"67";"3";"1";"7";"5";"0";"1";"2";"1";"0"
"950";"10487";"950";"67";"1";"1";"7";"5";"1";"1";"0";"2";"0"
"954";"10508";"954";"67";"1";"1";"7";"6";"0";"1";"1";"1";"0"
"1020";"12212";"1020";"67";"1";"1";"7";"6";"0";"1";"1";"1";"0"
"1026";"12286";"1026";"67";"1";"1";"7";"4";"0";"1";"2";"1";"0"
"1046";"12387";"1046";"67";"1";"1";"7";"6";"1";"3";"0";"2";"0"
"1081";"13132";"1081";"67";"3";"3";"2";"3";"0";"1";"1";"1";"0"
"1114";"13297";"1114";"67";"1";"1";"7";"6";"0";"2";"3";"1";"0"
"1185";"13428";"1185";"67";"1";"1";"7";"4";"0";"1";"1";"1";"0"
"1190";"13429";"1190";"67";"1";"1";"7";"6";"0";"1";"1";"1";"0"
"1350";"15930";"1350";"67";"1";"1";"7";"5";"0";"1";"1";"1";"0"
"1367";"16712";"1367";"67";"1";"1";"7";"5";"1";"0";"1";"2";"0"
"1375";"16734";"1375";"67";"1";"1";"7";"3";"0";"1";"1";"1";"0"
"1450";"19551";"1450";"67";"1";"1";"7";"4";"0";"2";"1";"1";"0"
"1460";"19643";"1460";"67";"1";"2";"2";"6";"0";"3";"0";"1";"0"
"1474";"19740";"1474";"67";"1";"1";"7";"4";"1";"0";"1";"2";"0"
"1475";"19740";"1475";"67";"1";"3";"1";"6";"0";"1";"1";"1";"0"
"1479";"19798";"1479";"67";"2";"3";"1";"2";"1";"0";"1";"2";"0"
"1486";"19965";"1486";"67";"1";"1";"7";"6";"1";"0";"1";"2";"0"
"1522";"21940";"1522";"67";"1";"1";"7";"6";"2";"0";"1";"2";"0"
"1571";"22836";"1571";"67";"1";"1";"7";"5";"1";"0";"1";"2";"0"
"1584";"24196";"1584";"67";"1";"1";"7";"6";"2";"0";"2";"2";"0"
"1607";"24286";"1607";"67";"1";"3";"2";"6";"0";"1";"1";"1";"0"
"1609";"24328";"1609";"67";"5";"1";"7";"6";"1";"0";"3";"2";"0"
"1668";"25239";"1668";"67";"1";"1";"7";"6";"0";"1";"1";"1";"0"
"1710";"25356";"1710";"67";"2";"1";"7";"6";"1";"1";"0";"2";"0"
"1722";"25562";"1722";"67";"3";"1";"7";"6";"1";"0";"1";"2";"0"
"1727";"25604";"1727";"67";"1";"1";"7";"5";"0";"1";"1";"1";"0"
"1743";"26785";"1743";"67";"1";"1";"7";"4";"0";"1";"1";"1";"0"
"1757";"26810";"1757";"67";"1";"1";"7";"4";"0";"1";"1";"1";"0"
"1796";"26942";"1796";"67";"3";"1";"7";"6";"0";"1";"1";"1";"0"
"1898";"27855";"1898";"67";"1";"1";"7";"6";"0";"1";"1";"1";"0"
"1959";"28164";"1959";"67";"1";"1";"7";"4";"0";"2";"1";"1";"0"
"1974";"28180";"1974";"67";"1";"1";"7";"5";"1";"0";"1";"2";"0"
"2040";"28987";"2040";"67";"1";"1";"7";"6";"0";"2";"2";"1";"0"
"2042";"28989";"2042";"67";"1";"1";"7";"6";"0";"1";"1";"1";"0"
"2052";"29003";"2052";"67";"3";"1";"7";"6";"0";"3";"5";"1";"0"
"2054";"29004";"2054";"67";"1";"1";"7";"4";"0";"1";"1";"1";"0"
"2237";"29391";"2237";"67";"2";"1";"7";"3";"0";"1";"1";"1";"0"
"2251";"29490";"2251";"67";"3";"1";"7";"5";"0";"1";"1";"1";"0"
"2295";"29783";"2295";"67";"3";"1";"1";"6";"0";"1";"1";"1";"0"
"2319";"31062";"737";"67";"1";"3";"1";"4";"0";"0";"1";"3";"0"
"2322";"31101";"2322";"67";"3";"6";"7";"6";"0";"3";"0";"1";"0"
"2329";"31768";"2329";"67";"1";"1";"7";"5";"0";"1";"1";"1";"0"
"2416";"33400";"2416";"67";"3";"1";"7";"5";"0";"1";"1";"1";"0"
"2421";"33414";"2421";"67";"1";"1";"7";"6";"0";"2";"1";"1";"0"
"2439";"33443";"2439";"67";"3";"1";"7";"5";"0";"1";"1";"1";"0"
"2441";"33448";"2441";"67";"4";"3";"1";"4";"1";"0";"1";"2";"0"
"2446";"33450";"2446";"67";"1";"1";"7";"4";"0";"1";"1";"1";"0"
"2450";"33452";"2450";"67";"2";"1";"1";"5";"0";"1";"1";"1";"0"
"2464";"33517";"2464";"67";"2";"1";"7";"4";"0";"1";"1";"1";"0"
"2465";"33518";"2465";"67";"1";"1";"7";"6";"0";"1";"1";"1";"0"
"2511";"33649";"2511";"67";"1";"3";"2";"6";"1";"2";"2";"2";"0"
"2572";"33939";"2572";"67";"1";"1";"7";"2";"0";"1";"1";"1";"0"
"2641";"35494";"2641";"67";"2";"2";"1";"6";"0";"1";"1";"1";"0"
"2673";"35614";"2673";"67";"1";"1";"7";"5";"0";"1";"1";"1";"0"
"2728";"36427";"2728";"67";"1";"1";"7";"4";"0";"1";"1";"1";"0"
"2733";"36454";"2733";"67";"1";"1";"7";"6";"0";"2";"0";"1";"0"
"2740";"36507";"2740";"67";"1";"1";"7";"7";"0";"1";"3";"1";"0"
"2741";"36507";"2741";"67";"1";"1";"7";"5";"1";"0";"1";"2";"0"
"2779";"37284";"2779";"67";"1";"1";"7";"5";"0";"1";"1";"1";"0"
"2819";"38061";"2819";"67";"1";"1";"7";"4";"0";"1";"1";"1";"0"
"2830";"38087";"2830";"67";"1";"1";"7";"4";"0";"1";"1";"1";"0"
"2858";"38104";"2858";"67";"1";"3";"2";"6";"0";"1";"1";"1";"0"
"2966";"38451";"2966";"67";"1";"1";"7";"4";"0";"1";"1";"1";"0"
"3060";"38676";"3060";"67";"1";"1";"7";"6";"0";"1";"2";"1";"0"
"3113";"38842";"3113";"67";"1";"2";"1";"5";"0";"1";"1";"1";"0"
"3187";"38988";"3187";"67";"1";"1";"7";"5";"0";"1";"1";"1";"0"
"3227";"39027";"3227";"67";"3";"1";"1";"4";"0";"1";"1";"1";"0"
"3256";"39047";"3256";"67";"5";"6";"1";"4";"0";"1";"1";"1";"0"
"3258";"39047";"3258";"67";"1";"1";"7";"4";"0";"1";"1";"1";"0"
"3287";"39060";"3287";"67";"3";"3";"1";"5";"0";"1";"1";"1";"0"
"3421";"39476";"3421";"67";"3";"1";"7";"4";"0";"1";"1";"1";"0"
"3457";"39547";"3457";"67";"3";"1";"7";"5";"0";"1";"1";"1";"0"
"3495";"39591";"3495";"67";"1";"1";"7";"5";"0";"1";"1";"1";"0"
"3706";"39938";"3706";"67";"1";"1";"7";"4";"0";"1";"1";"1";"0"
"3876";"40120";"3876";"67";"1";"1";"7";"4";"0";"1";"1";"1";"0"
"3877";"40120";"3877";"67";"1";"1";"7";"6";"0";"1";"1";"1";"0"
"3887";"40162";"3887";"67";"1";"1";"7";"5";"0";"1";"1";"1";"0"
"3969";"40308";"3969";"67";"1";"1";"7";"5";"0";"1";"2";"1";"0"
"4012";"40370";"4012";"67";"1";"1";"7";"6";"0";"1";"1";"1";"0"
"4139";"40593";"4139";"67";"1";"1";"7";"4";"0";"1";"1";"1";"0"
"4167";"40718";"4167";"67";"1";"1";"7";"5";"0";"1";"2";"1";"0"
"4172";"40728";"4172";"67";"1";"3";"1";"2";"0";"1";"1";"1";"0"
"4235";"40816";"4235";"67";"1";"1";"7";"5";"0";"1";"1";"1";"0"
"4240";"40840";"4240";"67";"1";"1";"7";"4";"0";"1";"1";"1";"0"
"4243";"40840";"4243";"67";"2";"1";"7";"5";"0";"1";"1";"1";"0"
"4248";"40843";"4248";"67";"2";"1";"7";"4";"0";"2";"1";"1";"0"
"4725";"42123";"4725";"67";"1";"1";"7";"6";"1";"0";"1";"2";"0"
"4729";"42124";"4729";"67";"3";"1";"7";"6";"0";"1";"1";"1";"0"
"4755";"42248";"4755";"67";"2";"1";"7";"6";"1";"0";"1";"2";"0"
"4833";"43102";"4833";"67";"1";"1";"7";"5";"0";"1";"1";"1";"0"
"24944";"85842212";"24944";"67";"1";"3";"1";"6";"0";"1";"1";"1";"0"
"25022";"85845106";"25022";"67";"3";"1";"7";"4";"0";"1";"1";"1";"0"
"26183";"86736206";"26183";"67";"1";"1";"7";"3";"0";"1";"1";"1";"0"
"28608";"87792402";"28608";"67";"1";"1";"7";"5";"1";"0";"1";"2";"0"
"19989";"81806409";"19989";"67";"1";"1";"7";"4";"0";"1";"1";"1";"0"
"20123";"81884506";"20123";"67";"1";"1";"7";"6";"0";"2";"0";"1";"0"
"22590";"84815310";"22590";"67";"1";"1";"7";"4";"0";"1";"1";"1";"0"
"23069";"84855403";"23069";"67";"3";"1";"7";"5";"0";"1";"1";"1";"0"
"19216";"81711506";"19216";"71";"1";"2";"2";"6";"1";"0";"1";"2";"0"
"19226";"81714205";"19226";"71";"3";"2";"2";"6";"1";"0";"1";"2";"0"
"19265";"81724401";"19265";"71";"3";"1";"7";"6";"1";"0";"1";"2";"0"
"19272";"81725502";"19272";"71";"3";"1";"7";"6";"1";"0";"1";"2";"0"
"19302";"81737103";"19302";"71";"1";"1";"7";"6";"1";"0";"1";"2";"0"
"19304";"81737103";"19304";"71";"1";"1";"7";"6";"1";"0";"1";"2";"0"
"19306";"81741102";"19306";"71";"1";"1";"7";"6";"0";"1";"1";"1";"0"
"19315";"81741512";"19315";"71";"1";"1";"7";"6";"1";"0";"1";"2";"0"
"19318";"81741516";"19318";"71";"3";"3";"1";"6";"3";"1";"1";"2";"0"
"19320";"81741516";"19320";"71";"2";"1";"7";"6";"0";"1";"1";"1";"0"
"19324";"81744515";"19324";"71";"1";"3";"2";"6";"0";"2";"1";"1";"0"
"19338";"81751105";"19338";"71";"1";"1";"7";"6";"1";"0";"1";"2";"0"
"19341";"81751201";"19341";"71";"2";"1";"7";"6";"0";"1";"1";"1";"0"
"19372";"81753201";"19372";"71";"1";"1";"7";"6";"0";"1";"1";"1";"0"
"19400";"81755405";"19400";"71";"1";"1";"7";"6";"0";"1";"1";"1";"0"
"19402";"81755406";"19402";"71";"1";"1";"7";"6";"1";"0";"1";"2";"0"
"19465";"81762403";"19465";"71";"1";"1";"7";"6";"0";"1";"1";"1";"0"
"19515";"81763308";"19515";"71";"1";"1";"7";"6";"0";"1";"1";"1";"0"
"19518";"81763310";"19518";"71";"1";"1";"7";"6";"0";"1";"1";"1";"0"
"19530";"81763405";"19530";"71";"2";"3";"2";"6";"0";"1";"1";"1";"0"
"19570";"81765101";"19570";"71";"1";"1";"1";"6";"0";"1";"1";"1";"0"
"19571";"81765101";"19571";"71";"1";"1";"7";"6";"0";"1";"1";"1";"0"
"19572";"81765104";"19572";"71";"1";"1";"7";"6";"0";"1";"1";"1";"0"
"19577";"81765201";"19577";"71";"1";"1";"7";"8";"1";"0";"1";"2";"0"
"19581";"81765204";"19581";"71";"1";"1";"7";"6";"1";"0";"1";"2";"0"
"19600";"81766201";"19600";"71";"1";"1";"7";"6";"1";"0";"1";"2";"0"
"19605";"81766202";"19605";"71";"1";"1";"7";"6";"0";"1";"1";"1";"0"
"19621";"81766205";"19621";"71";"1";"1";"7";"6";"0";"1";"1";"1";"0"
"19622";"81766302";"19622";"71";"1";"1";"7";"6";"0";"1";"1";"1";"0"
"19629";"81766302";"19629";"71";"3";"1";"7";"6";"1";"0";"1";"2";"0"
"19645";"81766406";"19645";"71";"1";"3";"2";"6";"0";"1";"1";"1";"0"
"19647";"81766407";"19647";"71";"1";"1";"7";"7";"1";"0";"1";"2";"0"
"19650";"81767101";"8862";"71";"3";"3";"1";"6";"0";"1";"2";"1";"0"
"19651";"81767102";"19651";"71";"1";"1";"1";"6";"0";"1";"1";"1";"0"
"19656";"81767103";"19656";"71";"1";"1";"7";"6";"0";"1";"1";"1";"0"
"19657";"81767103";"19657";"71";"1";"1";"7";"6";"0";"1";"1";"1";"0"
"19675";"81767305";"16588";"71";"2";"1";"7";"6";"0";"1";"1";"1";"0"
"19676";"81767308";"19676";"71";"2";"1";"7";"6";"0";"1";"1";"1";"0"
"19679";"81767308";"19679";"71";"1";"1";"7";"6";"0";"1";"1";"1";"0"
"19757";"81777204";"19757";"71";"1";"1";"7";"6";"1";"1";"1";"2";"0"
"19793";"81782213";"19793";"71";"1";"1";"7";"4";"0";"1";"1";"1";"0"
"19817";"81785202";"19817";"71";"1";"1";"7";"6";"0";"1";"1";"1";"0"
"19832";"81786103";"19832";"71";"1";"3";"1";"6";"0";"1";"1";"1";"0"
"19866";"81791503";"19866";"71";"1";"1";"7";"6";"0";"2";"1";"1";"0"
"19893";"81794504";"19893";"71";"1";"3";"2";"6";"1";"0";"1";"2";"0"
"19900";"81794504";"19900";"71";"1";"1";"7";"6";"0";"1";"1";"1";"0"
"19954";"81797303";"19954";"71";"1";"1";"7";"6";"0";"1";"1";"1";"0"
"19984";"81806405";"19984";"71";"1";"1";"7";"6";"0";"1";"1";"1";"0"
"20063";"81836405";"20063";"71";"1";"1";"7";"6";"0";"1";"1";"1";"0"
"20094";"81872413";"20094";"71";"3";"3";"1";"6";"0";"1";"1";"1";"0"
"20096";"81872503";"20096";"71";"1";"1";"7";"6";"0";"1";"1";"1";"0"
"20241";"82741401";"20241";"71";"1";"1";"7";"6";"0";"1";"1";"1";"0"
"20262";"82743508";"20262";"71";"1";"1";"7";"6";"0";"2";"1";"1";"0"
"20302";"82752301";"20302";"71";"3";"1";"7";"6";"1";"0";"1";"2";"0"
"20328";"82754408";"20328";"71";"1";"3";"1";"6";"0";"1";"1";"1";"0"
"20337";"82755402";"20337";"71";"3";"1";"7";"4";"0";"1";"1";"1";"0"
"20358";"82756302";"20358";"71";"1";"3";"1";"6";"0";"1";"1";"1";"0"
"20379";"82756506";"20379";"71";"1";"1";"7";"6";"0";"1";"1";"1";"0"
"20391";"82761101";"20391";"71";"3";"1";"2";"6";"1";"0";"1";"2";"0"
"20415";"82762101";"20415";"71";"1";"1";"7";"6";"0";"1";"1";"1";"0"
"20424";"82762303";"20424";"71";"1";"1";"7";"6";"0";"0";"1";"3";"0"
"20428";"82762303";"20428";"71";"1";"1";"2";"6";"0";"1";"1";"1";"0"
"20436";"82763101";"20436";"71";"1";"1";"7";"6";"0";"1";"1";"1";"0"
"20439";"82763313";"20439";"71";"1";"1";"7";"6";"1";"0";"1";"2";"0"
"20445";"82763313";"20445";"71";"2";"1";"7";"7";"0";"1";"1";"1";"0"
"20459";"82764305";"20459";"71";"3";"1";"7";"6";"0";"1";"1";"1";"0"
"20482";"82766301";"20482";"71";"1";"1";"7";"6";"0";"1";"1";"1";"0"
"20514";"82772404";"20514";"71";"1";"1";"1";"6";"1";"0";"1";"2";"0"
"20532";"82774202";"20532";"71";"1";"3";"2";"6";"1";"0";"1";"2";"0"
"20557";"82776406";"20557";"71";"1";"1";"7";"6";"0";"1";"1";"1";"0"
"20602";"82792504";"20602";"71";"1";"3";"2";"6";"1";"0";"1";"2";"0"
"20628";"82793203";"20628";"71";"5";"1";"7";"6";"1";"0";"0";"2";"0"
"20639";"82795503";"20639";"71";"3";"3";"1";"6";"0";"1";"1";"1";"0"
"20642";"82795503";"20642";"71";"1";"1";"7";"6";"0";"1";"1";"1";"0"
"20781";"82816303";"20781";"71";"1";"1";"7";"6";"0";"1";"1";"1";"0"
"20830";"82843507";"20830";"71";"1";"1";"7";"6";"0";"1";"1";"1";"0"
"20851";"82862203";"20851";"71";"3";"3";"1";"6";"2";"0";"1";"2";"0"
"20860";"82877502";"20860";"71";"1";"1";"7";"6";"0";"1";"1";"1";"0"
"20915";"82935102";"20915";"71";"1";"1";"7";"6";"0";"1";"1";"1";"0"
"20916";"82935102";"20916";"71";"3";"2";"2";"6";"0";"1";"1";"1";"0"
"20941";"83741301";"20941";"71";"5";"1";"7";"6";"0";"1";"1";"1";"0"
"20969";"83743109";"20969";"71";"1";"1";"7";"6";"0";"1";"1";"1";"0"
"20978";"83746304";"20978";"71";"1";"1";"1";"6";"1";"1";"1";"2";"0"
"21060";"83754305";"21060";"71";"1";"1";"7";"6";"1";"0";"1";"2";"0"
"21068";"83755105";"21068";"71";"1";"1";"7";"6";"1";"0";"1";"2";"0"
"21069";"83755105";"21069";"71";"2";"1";"7";"6";"0";"1";"1";"1";"0"
"21089";"83757501";"21089";"71";"1";"1";"1";"6";"0";"1";"1";"1";"0"
"21090";"83761213";"21090";"71";"3";"3";"1";"6";"1";"0";"1";"2";"0"
"21146";"83763302";"21146";"71";"1";"1";"7";"6";"0";"1";"1";"1";"0"
"21148";"83764106";"21148";"71";"1";"1";"7";"6";"0";"1";"2";"1";"0"
"21280";"83794402";"21280";"71";"1";"1";"7";"6";"0";"1";"1";"1";"0"
"21291";"83794402";"21291";"71";"1";"2";"1";"6";"1";"0";"1";"2";"0"