"accident_id";"lieu_id";"date_id";"cause_id";"lum_id";"intemp_id";"etat_surface_id";"impliq_id";"nb_blesses_graves";"nb_blesses_legers";"nb_indemnes";"gravite";"nb_morts"
"21306";"83795404";"21306";"71";"1";"1";"7";"6";"1";"0";"3";"2";"0"
"21315";"83795404";"21315";"71";"3";"1";"7";"6";"0";"0";"1";"3";"0"
"21330";"83795404";"21330";"71";"1";"1";"7";"6";"0";"1";"1";"1";"0"
"21335";"83795404";"21335";"71";"1";"1";"7";"6";"0";"1";"1";"1";"0"
"21351";"83804102";"21351";"71";"1";"1";"7";"6";"1";"0";"1";"2";"0"
"21353";"83804208";"21353";"71";"1";"1";"7";"6";"0";"1";"1";"1";"0"
"21438";"83811503";"21438";"71";"1";"1";"7";"6";"0";"1";"1";"1";"0"
"21451";"83811510";"21451";"71";"3";"6";"1";"6";"0";"1";"4";"1";"0"
"21497";"83817310";"21497";"71";"1";"1";"7";"6";"0";"1";"1";"1";"0"
"21514";"83825502";"21514";"71";"3";"1";"7";"6";"1";"0";"1";"2";"0"
"21648";"83857304";"21648";"71";"3";"3";"1";"6";"0";"1";"1";"1";"0"
"21655";"83864104";"21655";"71";"1";"1";"7";"6";"0";"1";"1";"1";"0"
"21748";"83867509";"21748";"71";"1";"1";"7";"6";"0";"1";"1";"1";"0"
"21755";"83867509";"21755";"71";"1";"1";"1";"6";"0";"0";"1";"3";"0"
"21767";"83874409";"21767";"71";"1";"1";"7";"6";"0";"1";"1";"1";"0"
"21785";"83875105";"21785";"71";"1";"1";"7";"6";"0";"1";"1";"1";"0"
"21800";"83876101";"21800";"71";"3";"7";"7";"6";"0";"1";"1";"1";"0"
"21840";"83877104";"21840";"71";"1";"1";"7";"6";"0";"1";"1";"1";"0"
"21843";"83877203";"15247";"71";"1";"3";"1";"6";"0";"1";"1";"1";"0"
"21845";"83877204";"21845";"71";"1";"1";"7";"6";"0";"1";"1";"1";"0"
"21849";"83877204";"21849";"71";"3";"1";"7";"6";"0";"1";"1";"1";"0"
"21851";"83877205";"21851";"71";"1";"1";"7";"6";"0";"0";"1";"3";"0"
"21860";"83881102";"21860";"71";"3";"1";"4";"6";"1";"0";"1";"2";"0"
"21877";"83885206";"21877";"71";"1";"1";"7";"6";"0";"1";"1";"1";"0"
"21912";"83891205";"21912";"71";"1";"1";"7";"6";"0";"1";"1";"1";"0"
"21913";"83891208";"21913";"71";"3";"1";"1";"6";"0";"1";"1";"1";"0"
"21924";"83891407";"21924";"71";"1";"1";"7";"6";"1";"0";"1";"2";"0"
"21927";"83891411";"21927";"71";"1";"1";"7";"6";"0";"2";"1";"1";"0"
"22009";"83923403";"22009";"71";"1";"1";"7";"6";"0";"1";"1";"1";"0"
"22012";"83923503";"22012";"71";"1";"3";"2";"4";"1";"1";"0";"2";"0"
"22015";"83923503";"22015";"71";"1";"1";"7";"6";"0";"1";"1";"1";"0"
"22019";"83923506";"22019";"71";"1";"1";"7";"6";"0";"1";"1";"1";"0"
"22032";"83926501";"22032";"71";"3";"3";"2";"6";"1";"0";"1";"2";"0"
"22101";"84742311";"15265";"71";"2";"1";"7";"6";"1";"0";"1";"2";"0"
"22140";"84743503";"22140";"71";"1";"1";"7";"6";"0";"1";"1";"1";"0"
"22257";"84767111";"22257";"71";"1";"1";"7";"6";"1";"0";"1";"2";"0"
"22385";"84794503";"22385";"71";"1";"2";"2";"6";"1";"0";"1";"2";"0"
"22587";"84815115";"22587";"71";"3";"1";"7";"6";"0";"1";"1";"1";"0"
"22621";"84816509";"22621";"71";"1";"3";"2";"4";"0";"1";"1";"1";"0"
"22666";"84823304";"22666";"71";"1";"1";"7";"6";"0";"1";"1";"1";"0"
"22681";"84823409";"22681";"71";"1";"1";"7";"6";"0";"1";"1";"1";"0"
"22682";"84824106";"22682";"71";"1";"3";"1";"6";"0";"1";"1";"1";"0"
"22684";"84824112";"22684";"71";"1";"1";"7";"6";"0";"1";"1";"1";"0"
"22685";"84824203";"22685";"71";"1";"1";"7";"6";"0";"1";"1";"1";"0"
"22701";"84825208";"22701";"71";"1";"1";"7";"6";"0";"1";"1";"1";"0"
"22725";"84826109";"22725";"71";"1";"1";"7";"6";"0";"1";"1";"1";"0"
"22728";"84826112";"22728";"71";"1";"1";"7";"6";"0";"1";"1";"1";"0"
"22734";"84826504";"22734";"71";"3";"1";"7";"6";"0";"1";"1";"1";"0"
"22737";"84827202";"22737";"71";"1";"1";"7";"6";"1";"0";"1";"2";"0"
"22738";"84827202";"22738";"71";"1";"1";"7";"6";"0";"1";"1";"1";"0"
"22775";"84831408";"22775";"71";"1";"1";"7";"6";"0";"1";"1";"1";"0"
"22803";"84834204";"22803";"71";"3";"1";"7";"5";"0";"1";"1";"1";"0"
"22806";"84834209";"22806";"71";"1";"1";"7";"6";"0";"1";"1";"1";"0"
"22809";"84834401";"22809";"71";"5";"3";"1";"6";"0";"1";"1";"1";"0"
"22816";"84835203";"22816";"71";"1";"1";"7";"6";"1";"0";"1";"2";"0"
"22823";"84835402";"22823";"71";"1";"1";"1";"6";"1";"0";"1";"2";"0"
"22830";"84836106";"22830";"71";"1";"1";"7";"6";"0";"1";"1";"1";"0"
"22851";"84836204";"22851";"71";"1";"1";"7";"6";"0";"1";"1";"1";"0"
"22878";"84837104";"22878";"71";"1";"1";"7";"6";"0";"1";"1";"1";"0"
"22908";"84837503";"22908";"71";"5";"1";"7";"6";"0";"0";"1";"3";"0"
"22926";"84842404";"22926";"71";"1";"1";"7";"6";"0";"1";"1";"1";"0"
"22960";"84846502";"22960";"71";"1";"1";"7";"6";"0";"1";"1";"1";"0"
"22980";"84851303";"22980";"71";"1";"1";"7";"6";"0";"1";"1";"1";"0"
"22987";"84851401";"22987";"71";"3";"1";"7";"6";"0";"1";"1";"1";"0"
"22990";"84851404";"22990";"71";"1";"3";"2";"6";"0";"1";"1";"1";"0"
"22993";"84851404";"22993";"71";"1";"1";"7";"6";"0";"1";"1";"1";"0"
"22999";"84851501";"22999";"71";"1";"1";"7";"6";"0";"1";"1";"1";"0"
"23013";"84852504";"23013";"71";"1";"1";"7";"6";"0";"1";"1";"1";"0"
"23040";"84854402";"23040";"71";"3";"3";"1";"6";"0";"1";"1";"1";"0"
"23050";"84854405";"23050";"71";"1";"1";"7";"4";"1";"0";"1";"2";"0"
"23061";"84855201";"5020";"71";"1";"2";"1";"6";"0";"1";"1";"1";"0"
"23065";"84855401";"23065";"71";"1";"2";"1";"6";"0";"2";"1";"1";"0"
"23092";"84857205";"23092";"71";"1";"1";"7";"6";"0";"2";"0";"1";"0"
"23098";"84857209";"16423";"71";"1";"1";"7";"6";"0";"0";"1";"3";"0"
"23103";"84857209";"23103";"71";"1";"1";"7";"2";"1";"0";"1";"2";"0"
"23130";"84857501";"23130";"71";"3";"1";"7";"6";"0";"1";"1";"1";"0"
"23155";"84861501";"23155";"71";"1";"1";"7";"6";"1";"0";"1";"2";"0"
"23205";"84862405";"23205";"71";"2";"1";"7";"5";"0";"1";"0";"3";"0"
"23221";"84863206";"23221";"71";"1";"1";"7";"6";"0";"1";"1";"1";"0"
"23225";"84863303";"23225";"71";"1";"1";"7";"6";"0";"1";"1";"1";"0"
"23241";"84863402";"23241";"71";"1";"1";"7";"6";"0";"1";"1";"1";"0"
"23271";"84864510";"23271";"71";"1";"1";"7";"6";"0";"1";"1";"1";"0"
"23276";"84864511";"23276";"71";"1";"1";"7";"6";"0";"1";"1";"1";"0"
"23281";"84864512";"23281";"71";"1";"3";"1";"6";"1";"0";"1";"2";"0"
"23286";"84864514";"23286";"71";"2";"1";"7";"6";"0";"1";"1";"1";"0"
"23287";"84865102";"23287";"71";"1";"1";"7";"6";"0";"1";"1";"1";"0"
"23294";"84865210";"23294";"71";"1";"1";"7";"5";"0";"1";"1";"1";"0"
"23318";"84866301";"23318";"71";"1";"1";"1";"6";"0";"1";"1";"1";"0"
"23321";"84866402";"23321";"71";"1";"1";"5";"6";"0";"1";"1";"1";"0"
"23347";"84867306";"23347";"71";"1";"3";"2";"6";"0";"1";"1";"1";"0"
"23349";"84867306";"23349";"71";"1";"1";"7";"6";"0";"1";"1";"1";"0"
"23350";"84867306";"23350";"71";"1";"1";"7";"6";"0";"1";"1";"1";"0"
"23393";"84871108";"23393";"71";"1";"1";"1";"6";"0";"1";"1";"1";"0"
"23401";"84871505";"23401";"71";"1";"1";"1";"5";"0";"1";"1";"1";"0"
"23407";"84872205";"23407";"71";"1";"1";"7";"6";"1";"0";"1";"2";"0"
"23425";"84873103";"23425";"71";"1";"1";"1";"6";"0";"1";"1";"1";"0"
"23448";"84873303";"23448";"71";"3";"1";"7";"6";"1";"0";"1";"2";"0"
"23462";"84874201";"23462";"71";"1";"1";"7";"8";"0";"1";"1";"1";"0"
"23472";"84874402";"23472";"71";"1";"1";"1";"6";"0";"1";"1";"1";"0"
"23479";"84875101";"23479";"71";"3";"1";"7";"6";"1";"0";"1";"2";"0"
"23482";"84875105";"23482";"71";"1";"1";"7";"6";"0";"1";"1";"1";"0"
"23492";"84875301";"23492";"71";"1";"1";"1";"6";"0";"1";"1";"1";"0"
"23514";"84875502";"23514";"71";"1";"1";"7";"6";"0";"1";"1";"1";"0"
"23515";"84876101";"23515";"71";"1";"1";"7";"6";"0";"1";"1";"1";"0"
"23526";"84876506";"23526";"71";"3";"1";"7";"6";"0";"0";"1";"3";"0"
"23545";"84877103";"23545";"71";"1";"1";"7";"6";"0";"1";"1";"1";"0"
"23593";"84877507";"23593";"71";"1";"1";"7";"5";"1";"1";"0";"2";"0"
"23696";"84913503";"23696";"71";"3";"1";"7";"6";"1";"0";"1";"2";"0"
"23724";"85735407";"23724";"71";"1";"1";"7";"6";"0";"1";"1";"1";"0"
"23725";"85735407";"23725";"71";"3";"3";"2";"6";"0";"1";"1";"1";"0"
"23747";"85753103";"23747";"71";"3";"1";"7";"6";"0";"1";"1";"1";"0"
"23861";"85802404";"23861";"71";"1";"1";"7";"6";"1";"0";"1";"2";"0"
"23921";"85811509";"23921";"71";"1";"1";"7";"6";"0";"1";"1";"1";"0"
"14406";"77905301";"14406";"71";"1";"1";"7";"6";"1";"0";"1";"2";"0"
"14479";"78674120";"14479";"71";"1";"1";"7";"6";"0";"1";"1";"1";"0"
"14483";"78675116";"14483";"71";"1";"1";"7";"4";"1";"0";"1";"2";"0"
"14487";"78676202";"14487";"71";"1";"1";"7";"6";"0";"1";"1";"1";"0"
"14493";"78676307";"14493";"71";"1";"1";"7";"6";"1";"0";"1";"2";"0"
"14494";"78676307";"14494";"71";"1";"1";"7";"6";"0";"1";"1";"1";"0"
"14546";"78706205";"14546";"71";"1";"1";"7";"6";"0";"1";"1";"1";"0"
"14598";"78732504";"14598";"71";"1";"1";"7";"6";"0";"1";"1";"1";"0"
"14619";"78734408";"14619";"71";"3";"1";"7";"6";"0";"1";"1";"1";"0"
"14680";"78744203";"14680";"71";"1";"1";"7";"6";"0";"1";"2";"1";"0"
"14682";"78744302";"14682";"71";"1";"1";"7";"6";"1";"0";"1";"2";"0"
"14691";"78744302";"14691";"71";"1";"1";"7";"6";"0";"1";"1";"1";"0"
"14728";"78746407";"14728";"71";"1";"1";"7";"6";"0";"2";"1";"1";"0"
"14731";"78746409";"14731";"71";"1";"1";"7";"4";"0";"1";"1";"1";"0"
"14770";"78747510";"14770";"71";"3";"1";"7";"6";"0";"1";"1";"1";"0"
"14793";"78755106";"14793";"71";"1";"3";"1";"6";"0";"1";"1";"1";"0"
"14794";"78755204";"14794";"71";"1";"1";"7";"6";"0";"1";"1";"1";"0"
"14795";"78755204";"14795";"71";"1";"1";"7";"6";"0";"1";"1";"1";"0"
"14801";"78756201";"14801";"71";"1";"1";"7";"6";"0";"1";"1";"1";"0"
"14871";"78761521";"14871";"71";"1";"3";"2";"6";"0";"1";"1";"1";"0"
"14874";"78761521";"14874";"71";"3";"1";"7";"6";"0";"1";"1";"1";"0"
"14904";"78763403";"14904";"71";"3";"1";"7";"4";"0";"1";"1";"1";"0"
"14917";"78763404";"14917";"71";"1";"2";"1";"6";"0";"1";"1";"1";"0"
"14943";"78764303";"14943";"71";"1";"1";"7";"6";"1";"0";"1";"2";"0"
"14973";"78765206";"14973";"71";"1";"1";"2";"6";"0";"1";"1";"1";"0"
"14995";"78766510";"14995";"71";"1";"1";"7";"6";"0";"1";"1";"1";"0"
"15015";"78767102";"15015";"71";"3";"1";"7";"6";"0";"0";"1";"3";"0"
"15026";"78771106";"15026";"71";"2";"3";"2";"6";"0";"1";"1";"1";"0"
"15049";"78771108";"15049";"71";"1";"1";"7";"6";"0";"1";"1";"1";"0"
"15053";"78771108";"15053";"71";"1";"1";"7";"6";"0";"1";"1";"1";"0"
"15125";"78773506";"15125";"71";"1";"1";"7";"6";"0";"1";"1";"1";"0"
"15149";"78774306";"15149";"71";"1";"1";"7";"6";"1";"0";"1";"2";"0"
"15206";"78776308";"15206";"71";"1";"1";"7";"6";"0";"1";"1";"1";"0"
"15217";"78777313";"4499";"71";"3";"2";"1";"6";"0";"1";"1";"1";"0"
"15222";"78777501";"15222";"71";"1";"1";"7";"6";"0";"1";"1";"1";"0"
"15278";"78783308";"15278";"71";"1";"1";"7";"6";"1";"0";"1";"2";"0"
"15284";"78783309";"15284";"71";"1";"3";"1";"6";"0";"1";"1";"1";"0"
"15429";"79672107";"15429";"71";"1";"1";"7";"6";"0";"1";"1";"1";"0"
"15498";"79715411";"15498";"71";"3";"1";"7";"6";"1";"0";"1";"2";"0"
"15516";"79721103";"15516";"71";"1";"1";"7";"6";"1";"0";"1";"2";"0"
"15599";"79727403";"15599";"71";"1";"1";"2";"6";"0";"1";"1";"3";"0"
"15607";"79727502";"15607";"71";"1";"1";"7";"6";"0";"1";"1";"1";"0"
"15609";"79727502";"15609";"71";"3";"1";"7";"6";"0";"1";"1";"1";"0"
"15620";"79731403";"15620";"71";"1";"1";"7";"6";"0";"1";"1";"1";"0"
"15626";"79732301";"15626";"71";"1";"1";"7";"6";"0";"1";"1";"1";"0"
"15629";"79732302";"15629";"71";"1";"1";"7";"6";"0";"1";"1";"1";"0"
"15679";"79733404";"15679";"71";"3";"1";"2";"6";"0";"1";"1";"1";"0"
"15731";"79736401";"15731";"71";"1";"1";"7";"6";"0";"1";"1";"1";"0"
"15750";"79737105";"15750";"71";"1";"1";"7";"4";"0";"2";"1";"1";"0"
"15757";"79737502";"15757";"71";"1";"1";"7";"6";"0";"1";"1";"1";"0"
"15759";"79742403";"15759";"71";"1";"1";"7";"6";"0";"1";"1";"1";"0"
"15764";"79743401";"15764";"71";"1";"1";"7";"5";"0";"1";"1";"1";"0"
"15779";"79743407";"15779";"71";"1";"1";"7";"6";"0";"1";"1";"1";"0"
"15785";"79744105";"15785";"71";"5";"1";"7";"6";"1";"0";"1";"2";"0"
"15789";"79744202";"15789";"71";"3";"1";"7";"6";"0";"1";"1";"1";"0"
"15792";"79744202";"15792";"71";"1";"1";"7";"6";"0";"1";"1";"1";"0"
"15802";"79744403";"15802";"71";"1";"1";"7";"6";"0";"1";"1";"1";"0"
"15813";"79744501";"15813";"71";"4";"1";"7";"6";"1";"1";"1";"2";"0"
"15818";"79744502";"15818";"71";"3";"1";"7";"6";"1";"0";"1";"2";"0"
"15826";"79745105";"15826";"71";"1";"1";"7";"6";"0";"1";"1";"1";"0"
"15837";"79745401";"15837";"71";"2";"1";"7";"7";"0";"1";"1";"1";"0"
"15844";"79745402";"15844";"71";"1";"1";"7";"6";"0";"1";"1";"1";"0"
"15850";"79745403";"15850";"71";"1";"1";"7";"7";"0";"1";"1";"1";"0"
"15865";"79745407";"15865";"71";"3";"1";"7";"4";"1";"0";"1";"2";"0"
"15866";"79745407";"15866";"71";"1";"1";"7";"6";"0";"1";"2";"1";"0"
"15867";"79745407";"15867";"71";"1";"3";"1";"6";"0";"1";"1";"1";"0"
"15871";"79745408";"15871";"71";"1";"1";"7";"6";"0";"1";"1";"1";"0"
"15872";"79745408";"15872";"71";"1";"1";"7";"6";"0";"1";"1";"1";"0"
"15873";"79745408";"15873";"71";"1";"1";"2";"6";"1";"0";"1";"2";"0"
"15875";"79745408";"15875";"71";"1";"1";"7";"6";"0";"1";"1";"1";"0"
"15889";"79746401";"15889";"71";"1";"1";"7";"6";"0";"1";"1";"1";"0"
"15892";"79746401";"15892";"71";"1";"1";"7";"6";"0";"1";"1";"1";"0"
"15906";"79746507";"15906";"71";"1";"1";"2";"6";"0";"1";"1";"1";"0"
"15909";"79746507";"15909";"71";"3";"1";"7";"6";"0";"1";"1";"1";"0"
"15912";"79746507";"15912";"71";"1";"1";"7";"6";"0";"1";"1";"1";"0"
"15913";"79746507";"15913";"71";"1";"1";"7";"6";"0";"1";"1";"1";"0"
"15918";"79747104";"15918";"71";"1";"1";"2";"6";"0";"1";"1";"1";"0"
"15920";"79747201";"15920";"71";"4";"1";"7";"6";"0";"1";"1";"1";"0"
"15934";"79747502";"15934";"71";"1";"1";"7";"6";"0";"1";"1";"1";"0"
"15951";"79751205";"15951";"71";"1";"1";"7";"8";"0";"1";"1";"1";"0"
"15982";"79751303";"15982";"71";"3";"2";"2";"6";"0";"1";"1";"1";"0"
"16021";"79752108";"16021";"71";"1";"1";"7";"6";"1";"0";"1";"2";"0"
"16022";"79752108";"16022";"71";"3";"1";"2";"6";"0";"1";"1";"1";"0"
"16041";"79752303";"16041";"71";"1";"1";"7";"8";"0";"2";"1";"1";"0"
"16042";"79752303";"16042";"71";"2";"1";"7";"6";"0";"1";"1";"1";"0"
"16053";"79752306";"16053";"71";"1";"3";"2";"6";"0";"1";"1";"1";"0"
"16087";"79752401";"16087";"71";"2";"1";"1";"6";"0";"1";"1";"1";"0"
"16093";"79752403";"16093";"71";"2";"1";"7";"6";"0";"1";"1";"1";"0"
"16099";"79753103";"16099";"71";"1";"1";"7";"6";"0";"1";"1";"1";"0"
"16103";"79753104";"16103";"71";"1";"1";"7";"6";"1";"0";"1";"2";"0"
"16113";"79753104";"16113";"71";"1";"1";"7";"6";"0";"1";"1";"1";"0"
"16142";"79753105";"16142";"71";"1";"1";"7";"6";"0";"1";"1";"1";"0"
"16145";"79753106";"16145";"71";"1";"1";"7";"6";"0";"1";"1";"1";"0"
"16147";"79753107";"16147";"71";"3";"2";"2";"6";"0";"1";"1";"1";"0"
"16149";"79753107";"16149";"71";"1";"1";"7";"6";"0";"1";"1";"1";"0"
"16152";"79753201";"16152";"71";"1";"1";"1";"6";"0";"1";"1";"1";"0"
"16200";"79753404";"16200";"71";"1";"1";"7";"6";"1";"0";"1";"2";"0"
"16202";"79753404";"16202";"71";"1";"1";"7";"6";"0";"1";"1";"1";"0"
"16219";"79753503";"16219";"71";"1";"1";"7";"6";"0";"2";"1";"1";"0"
"16240";"79753503";"11741";"71";"1";"1";"7";"6";"0";"1";"1";"1";"0"
"16288";"79754204";"16288";"71";"3";"1";"7";"6";"0";"1";"1";"1";"0"
"16290";"79754302";"16290";"71";"1";"1";"7";"6";"0";"1";"1";"1";"0"
"16300";"79754403";"16300";"71";"1";"1";"7";"6";"0";"1";"1";"1";"0"
"16302";"79754403";"16302";"71";"2";"3";"2";"6";"1";"0";"1";"2";"0"
"16307";"79754508";"16307";"71";"3";"1";"7";"6";"0";"1";"1";"1";"0"
"16315";"79755107";"16315";"71";"1";"1";"7";"6";"0";"1";"1";"1";"0"
"16319";"79755203";"16319";"71";"1";"1";"7";"6";"0";"1";"1";"1";"0"
"16321";"79755203";"16321";"71";"1";"1";"7";"6";"0";"1";"1";"1";"0"
"16322";"79755208";"16322";"71";"1";"1";"7";"6";"0";"1";"1";"1";"0"
"16353";"79756106";"16353";"71";"2";"1";"7";"6";"0";"1";"1";"1";"0"
"16358";"79756302";"16358";"71";"1";"1";"7";"6";"0";"1";"1";"1";"0"
"16365";"79756402";"16365";"71";"1";"1";"7";"6";"0";"1";"1";"1";"0"
"16367";"79756403";"16367";"71";"1";"1";"7";"6";"0";"1";"1";"1";"0"
"16369";"79756501";"16369";"71";"1";"1";"7";"6";"1";"0";"1";"2";"0"
"16423";"79757307";"16423";"71";"1";"1";"7";"6";"0";"1";"1";"1";"0"
"16457";"79757508";"16457";"71";"3";"1";"7";"6";"1";"1";"1";"2";"0"
"16507";"79762202";"16507";"71";"1";"1";"7";"6";"0";"1";"1";"1";"0"
"16519";"79763202";"16519";"71";"1";"3";"1";"6";"0";"1";"1";"1";"0"
"16532";"79763316";"16532";"71";"1";"1";"7";"6";"0";"1";"1";"1";"0"
"16533";"79763401";"16533";"71";"1";"1";"7";"6";"0";"1";"1";"1";"0"
"16571";"79764201";"16571";"71";"1";"1";"7";"6";"0";"1";"1";"1";"0"
"16591";"79764301";"16591";"71";"1";"1";"7";"6";"0";"1";"1";"1";"0"
"16602";"79765101";"7957";"71";"1";"1";"7";"6";"0";"1";"1";"1";"0"
"16734";"79767207";"16734";"71";"1";"1";"7";"6";"0";"1";"1";"1";"0"
"16737";"79767209";"16737";"71";"1";"1";"7";"6";"0";"1";"1";"1";"0"
"16861";"79767401";"16861";"71";"3";"1";"7";"6";"0";"1";"1";"1";"0"
"16876";"79771405";"16876";"71";"1";"2";"2";"6";"0";"1";"1";"1";"0"
"16891";"79773505";"16891";"71";"3";"1";"7";"6";"0";"1";"1";"1";"0"
"16965";"79777203";"16965";"71";"1";"1";"7";"6";"0";"1";"1";"1";"0"
"16971";"79777301";"16971";"71";"1";"1";"7";"6";"0";"1";"2";"1";"0"
"16975";"79777402";"16975";"71";"1";"2";"2";"6";"0";"1";"1";"1";"0"
"16994";"79782104";"16994";"71";"1";"1";"7";"6";"0";"1";"1";"1";"0"
"17102";"79795405";"17102";"71";"3";"3";"2";"8";"0";"0";"1";"3";"0"
"17110";"79796501";"17110";"71";"1";"1";"7";"9";"0";"1";"0";"1";"0"
"17141";"79813506";"17141";"71";"1";"1";"7";"7";"0";"1";"1";"1";"0"
"17145";"79814403";"17145";"71";"3";"3";"2";"6";"0";"1";"1";"1";"0"
"17152";"79816503";"17152";"71";"3";"1";"7";"6";"0";"1";"1";"1";"0"
"17171";"79827303";"17171";"71";"3";"3";"2";"6";"0";"1";"1";"1";"0"
"17215";"79914505";"17215";"71";"1";"1";"7";"6";"0";"1";"1";"1";"0"
"17258";"80723306";"17258";"71";"1";"1";"7";"6";"1";"0";"1";"2";"0"
"17290";"80731101";"17290";"71";"2";"1";"7";"6";"0";"1";"1";"1";"0"
"17314";"80732501";"17314";"71";"1";"3";"2";"6";"0";"1";"1";"1";"0"
"17328";"80732506";"17328";"71";"5";"1";"7";"6";"1";"0";"1";"2";"0"
"17339";"80734201";"17339";"71";"1";"1";"7";"6";"1";"0";"1";"2";"0"
"17341";"80734303";"17341";"71";"1";"1";"7";"6";"0";"1";"1";"1";"0"
"17354";"80736201";"17354";"71";"3";"6";"1";"6";"0";"1";"1";"1";"0"
"17358";"80736301";"17358";"71";"1";"2";"1";"6";"0";"1";"1";"1";"0"
"17368";"80737103";"17368";"71";"5";"3";"2";"2";"1";"0";"1";"2";"0"
"17370";"80737103";"17370";"71";"1";"1";"7";"6";"0";"1";"1";"1";"0"
"17383";"80737402";"17383";"71";"3";"1";"7";"6";"1";"0";"1";"2";"0"
"17395";"80737503";"17395";"71";"1";"1";"7";"6";"0";"0";"1";"3";"0"
"17398";"80737503";"17398";"71";"1";"1";"7";"6";"0";"1";"1";"1";"0"
"17416";"80741306";"17416";"71";"3";"1";"7";"6";"0";"1";"1";"1";"0"
"17423";"80741402";"17423";"71";"1";"1";"7";"6";"0";"1";"1";"1";"0"
"17426";"80741407";"17426";"71";"1";"3";"2";"4";"0";"2";"0";"1";"0"
"17449";"80741502";"17449";"71";"1";"1";"7";"6";"0";"1";"1";"1";"0"
"17454";"80742105";"17454";"71";"1";"1";"7";"6";"0";"1";"1";"1";"0"
"17464";"80742107";"17464";"71";"1";"3";"2";"6";"0";"1";"1";"1";"0"
"17467";"80742107";"17467";"71";"1";"1";"7";"6";"0";"1";"1";"1";"0"
"17508";"80742307";"17508";"71";"1";"1";"7";"6";"0";"1";"1";"1";"0"
"17512";"80742313";"17512";"71";"1";"1";"7";"6";"0";"1";"1";"1";"0"
"17518";"80742402";"17518";"71";"3";"1";"7";"6";"1";"0";"1";"2";"0"
"17522";"80742409";"17522";"71";"1";"1";"7";"6";"0";"1";"1";"1";"0"
"17524";"80742410";"17524";"71";"1";"1";"7";"6";"0";"1";"1";"1";"0"
"17571";"80743304";"17571";"71";"1";"1";"7";"6";"0";"1";"1";"1";"0"
"17583";"80743501";"17583";"71";"5";"1";"7";"6";"0";"1";"1";"1";"0"
"17584";"80743501";"17584";"71";"4";"1";"7";"6";"0";"1";"1";"1";"0"
"17587";"80743502";"17587";"71";"1";"1";"7";"6";"0";"1";"1";"1";"0"
"17628";"80746302";"17628";"71";"2";"3";"1";"6";"0";"1";"1";"1";"0"
"17637";"80746405";"17637";"71";"1";"1";"7";"7";"0";"1";"1";"1";"0"
"17666";"80746405";"17666";"71";"3";"3";"1";"6";"0";"1";"1";"1";"0"
"17669";"80746405";"17669";"71";"1";"3";"1";"6";"0";"2";"1";"1";"0"
"17733";"80747103";"17733";"71";"3";"1";"7";"6";"0";"1";"1";"1";"0"
"17740";"80747403";"17740";"71";"1";"1";"7";"6";"1";"0";"1";"2";"0"
"17752";"80751103";"17752";"71";"1";"1";"7";"6";"1";"0";"1";"2";"0"
"17754";"80751105";"17754";"71";"1";"1";"7";"6";"0";"1";"1";"1";"0"
"17777";"80751201";"17777";"71";"1";"1";"7";"6";"0";"1";"1";"1";"0"
"17795";"80751302";"17795";"71";"2";"1";"7";"6";"0";"1";"1";"1";"0"
"17800";"80751303";"17800";"71";"1";"1";"7";"1";"0";"1";"1";"1";"0"
"17804";"80751401";"17804";"71";"5";"3";"1";"6";"0";"0";"1";"3";"0"
"17810";"80751502";"17810";"71";"5";"1";"7";"6";"0";"1";"1";"1";"0"
"17812";"80751502";"17812";"71";"1";"1";"7";"6";"1";"0";"1";"2";"0"
"17882";"80752417";"17882";"71";"1";"3";"2";"6";"0";"1";"1";"1";"0"
"17886";"80752417";"17886";"71";"1";"1";"7";"6";"0";"1";"1";"1";"0"
"17901";"80753102";"17901";"71";"1";"1";"7";"6";"0";"1";"1";"1";"0"
"17905";"80753102";"17905";"71";"1";"1";"7";"6";"0";"1";"1";"1";"0"
"17922";"80753308";"17922";"71";"1";"3";"2";"8";"0";"1";"1";"1";"0"
"17931";"80753503";"17931";"71";"2";"1";"7";"6";"0";"1";"1";"1";"0"
"17965";"80754105";"17965";"71";"1";"1";"7";"6";"0";"1";"1";"1";"0"
"17967";"80754105";"17967";"71";"1";"1";"2";"6";"0";"1";"1";"1";"0"
"17970";"80754106";"17970";"71";"1";"1";"7";"6";"0";"1";"1";"1";"0"
"17980";"80754204";"17980";"71";"3";"1";"7";"6";"1";"0";"1";"2";"0"
"17982";"80754206";"17982";"71";"3";"1";"7";"6";"1";"0";"1";"2";"0"
"17983";"80754207";"17983";"71";"2";"2";"2";"6";"0";"1";"1";"1";"0"
"17999";"80754208";"17999";"71";"3";"1";"7";"6";"0";"1";"1";"1";"0"
"18001";"80754210";"18001";"71";"1";"1";"7";"3";"0";"1";"1";"1";"0"
"18005";"80754302";"18005";"71";"1";"3";"2";"6";"0";"1";"1";"1";"0"