"accident_id";"lieu_id";"date_id";"cause_id";"lum_id";"intemp_id";"etat_surface_id";"impliq_id";"nb_blesses_graves";"nb_blesses_legers";"nb_indemnes";"gravite";"nb_morts"
"18030";"80754410";"18030";"71";"1";"1";"7";"6";"0";"1";"1";"1";"0"
"18046";"80755306";"18046";"71";"1";"1";"1";"6";"0";"1";"1";"1";"0"
"18055";"80755405";"18055";"71";"1";"1";"7";"6";"1";"0";"1";"2";"0"
"18082";"80755508";"18082";"71";"1";"1";"7";"6";"0";"1";"1";"1";"0"
"18083";"80756101";"18083";"71";"1";"1";"7";"6";"0";"0";"1";"3";"0"
"18114";"80756501";"18114";"71";"3";"1";"7";"6";"0";"2";"1";"1";"0"
"18123";"80757501";"18123";"71";"2";"1";"7";"6";"0";"1";"1";"1";"0"
"18128";"80757509";"18128";"71";"1";"1";"7";"6";"0";"2";"2";"1";"0"
"18133";"80761102";"18133";"71";"1";"1";"7";"6";"0";"1";"1";"1";"0"
"18136";"80761103";"18136";"71";"1";"1";"7";"6";"1";"0";"1";"2";"0"
"18138";"80761103";"18138";"71";"1";"1";"7";"6";"0";"1";"1";"1";"0"
"18187";"80761202";"18187";"71";"3";"3";"2";"6";"1";"0";"1";"2";"0"
"18192";"80761301";"18192";"71";"1";"1";"7";"6";"0";"1";"1";"1";"0"
"18211";"80761303";"18211";"71";"1";"1";"7";"6";"0";"1";"1";"1";"0"
"18233";"80761404";"18233";"71";"2";"1";"1";"6";"0";"2";"1";"1";"0"
"18255";"80762104";"18255";"71";"3";"1";"7";"6";"0";"1";"1";"1";"0"
"18257";"80762104";"18257";"71";"1";"1";"7";"6";"0";"2";"1";"1";"0"
"18258";"80762104";"18258";"71";"1";"1";"7";"6";"0";"1";"1";"1";"0"
"18270";"80762108";"18270";"71";"1";"1";"7";"6";"0";"1";"1";"1";"0"
"18282";"80762108";"18282";"71";"1";"1";"7";"6";"1";"0";"1";"2";"0"
"18350";"80763410";"18350";"71";"3";"3";"2";"6";"1";"0";"1";"2";"0"
"18358";"80763503";"18358";"71";"4";"1";"7";"6";"1";"0";"1";"2";"0"
"18366";"80764105";"18366";"71";"5";"3";"1";"6";"1";"0";"1";"2";"0"
"18371";"80764106";"18371";"71";"1";"1";"7";"6";"0";"1";"1";"1";"0"
"18395";"80764204";"18395";"71";"1";"1";"7";"4";"1";"0";"1";"2";"0"
"18399";"80764204";"18399";"71";"1";"1";"7";"6";"0";"1";"1";"1";"0"
"18400";"80764204";"18400";"71";"2";"1";"7";"6";"0";"1";"1";"1";"0"
"18422";"80764403";"18422";"71";"3";"3";"2";"6";"0";"1";"1";"1";"0"
"18437";"80764406";"18437";"71";"3";"3";"2";"6";"0";"1";"1";"1";"0"
"18439";"80764502";"18439";"71";"1";"1";"7";"6";"0";"1";"1";"1";"0"
"18443";"80764512";"18443";"71";"1";"2";"2";"6";"1";"0";"1";"2";"0"
"18455";"80765201";"18455";"71";"1";"1";"7";"6";"1";"0";"1";"2";"0"
"18473";"80765305";"18473";"71";"3";"3";"2";"6";"0";"1";"1";"1";"0"
"18477";"80765305";"18477";"71";"1";"1";"7";"6";"0";"1";"2";"1";"0"
"18480";"80765402";"18480";"71";"1";"1";"7";"7";"0";"0";"1";"3";"0"
"18484";"80765402";"18484";"71";"1";"1";"7";"6";"0";"1";"1";"1";"0"
"18488";"80765402";"18488";"71";"1";"1";"7";"6";"0";"1";"1";"1";"0"
"18495";"80765402";"18495";"71";"2";"1";"7";"6";"0";"1";"1";"1";"0"
"18497";"80765404";"18497";"71";"3";"1";"7";"6";"0";"1";"1";"1";"0"
"18511";"80765405";"18511";"71";"1";"7";"7";"6";"0";"0";"1";"3";"0"
"18517";"80765502";"18517";"71";"1";"1";"7";"6";"0";"1";"1";"1";"0"
"18527";"80765510";"18527";"71";"3";"1";"7";"6";"0";"1";"1";"1";"0"
"18555";"80767519";"18555";"71";"3";"1";"7";"6";"0";"1";"1";"3";"0"
"18579";"80772305";"18579";"71";"1";"1";"1";"6";"0";"1";"1";"1";"0"
"18580";"80772307";"18580";"71";"3";"1";"7";"6";"1";"0";"1";"2";"0"
"18584";"80772316";"18584";"71";"1";"1";"7";"6";"0";"1";"1";"1";"0"
"18600";"80773103";"18600";"71";"1";"1";"7";"6";"0";"1";"1";"1";"0"
"18603";"80773112";"18603";"71";"1";"3";"1";"6";"0";"1";"1";"1";"0"
"18612";"80773203";"18612";"71";"3";"1";"7";"5";"1";"0";"1";"2";"0"
"18745";"80776407";"18745";"71";"2";"1";"7";"6";"0";"1";"1";"1";"0"
"18783";"80782404";"18783";"71";"1";"1";"7";"6";"0";"1";"1";"1";"0"
"18788";"80783406";"18788";"71";"1";"1";"7";"6";"0";"1";"1";"1";"0"
"18795";"80783410";"18795";"71";"1";"1";"7";"6";"0";"1";"1";"1";"0"
"18798";"80783411";"18798";"71";"1";"1";"7";"6";"0";"1";"1";"1";"0"
"18802";"80783508";"18802";"71";"1";"1";"7";"7";"1";"0";"1";"2";"0"
"18816";"80784403";"18816";"71";"1";"1";"7";"6";"1";"0";"1";"2";"0"
"18818";"80784403";"18818";"71";"2";"1";"7";"6";"0";"1";"1";"1";"0"
"18827";"80784407";"18827";"71";"2";"3";"2";"6";"0";"1";"1";"1";"0"
"18837";"80785102";"18837";"71";"3";"1";"7";"6";"0";"1";"1";"1";"0"
"18848";"80785106";"18848";"71";"1";"1";"7";"6";"0";"1";"1";"1";"0"
"18852";"80785301";"15276";"71";"1";"3";"1";"6";"0";"1";"1";"1";"0"
"18860";"80785310";"18860";"71";"1";"1";"7";"6";"0";"1";"1";"1";"0"
"18866";"80785405";"18866";"71";"1";"1";"1";"6";"0";"1";"1";"1";"0"
"18868";"80785405";"18868";"71";"1";"1";"1";"6";"0";"1";"1";"1";"0"
"18873";"80785503";"18873";"71";"3";"3";"2";"6";"0";"1";"1";"1";"0"
"18893";"80786303";"18893";"71";"1";"1";"7";"7";"1";"0";"1";"2";"0"
"18909";"80786407";"18909";"71";"1";"1";"7";"6";"1";"0";"1";"2";"0"
"18929";"80792205";"18929";"71";"1";"1";"7";"6";"0";"1";"1";"1";"0"
"18936";"80793505";"18936";"71";"1";"1";"7";"5";"0";"1";"1";"1";"0"
"18958";"80796106";"18958";"71";"1";"1";"7";"6";"0";"1";"1";"1";"0"
"18987";"80796506";"18987";"71";"1";"1";"7";"6";"0";"1";"1";"1";"0"
"19008";"80797505";"19008";"71";"3";"3";"2";"6";"1";"0";"1";"2";"0"
"19009";"80797505";"19009";"71";"1";"1";"7";"6";"1";"0";"1";"2";"0"
"19010";"80797505";"19010";"71";"3";"1";"7";"6";"0";"1";"1";"1";"0"
"19027";"80797508";"19027";"71";"1";"3";"1";"6";"0";"1";"1";"1";"0"
"19039";"80804112";"19039";"71";"1";"3";"2";"6";"0";"1";"1";"1";"0"
"19063";"80805210";"19063";"71";"2";"3";"2";"6";"0";"1";"1";"1";"0"
"19148";"80877516";"19148";"71";"3";"1";"7";"6";"1";"0";"1";"2";"0"
"4867";"43151";"4867";"71";"1";"1";"7";"6";"0";"1";"1";"1";"0"
"4868";"43151";"4868";"71";"1";"1";"7";"6";"1";"0";"1";"2";"0"
"4876";"43157";"4876";"71";"3";"2";"1";"6";"0";"1";"1";"1";"0"
"4877";"43157";"4877";"71";"1";"1";"7";"6";"0";"1";"1";"1";"0"
"4882";"43164";"4882";"71";"1";"1";"7";"6";"0";"1";"1";"1";"0"
"4896";"43212";"4896";"71";"1";"3";"1";"6";"0";"1";"1";"1";"0"
"4909";"43252";"4909";"71";"3";"3";"2";"1";"0";"2";"1";"1";"0"
"4951";"43315";"4951";"71";"1";"1";"7";"6";"0";"1";"1";"1";"0"
"4959";"43335";"4959";"71";"1";"1";"7";"6";"0";"1";"1";"1";"0"
"4965";"43395";"4965";"71";"1";"2";"2";"6";"0";"1";"1";"1";"0"
"4968";"43403";"4968";"71";"3";"1";"7";"6";"0";"1";"1";"1";"0"
"4998";"43513";"4998";"71";"1";"1";"7";"6";"0";"1";"1";"1";"0"
"5004";"43519";"5004";"71";"1";"1";"7";"4";"0";"1";"0";"1";"0"
"5005";"43519";"5005";"71";"4";"3";"1";"6";"0";"1";"1";"1";"0"
"5006";"43519";"5006";"71";"3";"1";"7";"6";"0";"1";"1";"1";"0"
"5007";"43520";"5007";"71";"1";"1";"4";"6";"0";"1";"1";"1";"0"
"5009";"43520";"5009";"71";"1";"1";"7";"6";"0";"2";"0";"1";"0"
"5013";"43520";"5013";"71";"1";"1";"7";"6";"0";"1";"1";"1";"0"
"5022";"43532";"5022";"71";"3";"1";"7";"4";"0";"2";"0";"1";"0"
"5024";"43534";"5024";"71";"1";"1";"7";"6";"0";"1";"1";"1";"0"
"5030";"43560";"5030";"71";"1";"1";"7";"6";"0";"1";"1";"1";"0"
"5031";"43579";"5031";"71";"2";"1";"7";"6";"0";"1";"1";"1";"0"
"5033";"43580";"5033";"71";"1";"1";"7";"6";"0";"1";"1";"1";"0"
"5065";"43832";"836";"71";"1";"1";"7";"6";"0";"1";"1";"1";"0"
"5072";"44375";"5072";"71";"1";"3";"1";"6";"1";"0";"1";"2";"0"
"5083";"45137";"5083";"71";"1";"1";"7";"6";"0";"1";"1";"1";"0"
"5095";"45195";"5095";"71";"1";"1";"7";"6";"1";"0";"1";"2";"0"
"5098";"45225";"5098";"71";"1";"1";"7";"6";"0";"1";"1";"1";"0"
"5104";"45239";"5104";"71";"1";"2";"1";"6";"0";"1";"1";"1";"0"
"5105";"45240";"5105";"71";"3";"3";"2";"6";"0";"1";"1";"1";"0"
"5106";"45245";"5106";"71";"1";"1";"7";"4";"1";"1";"0";"2";"0"
"5109";"45245";"5109";"71";"1";"1";"7";"6";"0";"1";"1";"1";"0"
"5121";"45255";"5121";"71";"3";"1";"2";"6";"0";"1";"1";"1";"0"
"5123";"45255";"5123";"71";"1";"1";"7";"6";"1";"0";"1";"2";"0"
"5133";"45269";"5133";"71";"3";"1";"7";"4";"0";"2";"0";"1";"0"
"5160";"45381";"5160";"71";"1";"1";"7";"6";"0";"1";"1";"1";"0"
"5165";"45384";"5165";"71";"3";"4";"3";"6";"1";"0";"1";"2";"0"
"5170";"45384";"5170";"71";"1";"1";"7";"6";"0";"1";"1";"1";"0"
"5175";"45385";"5175";"71";"1";"1";"7";"6";"0";"1";"1";"1";"0"
"5178";"45386";"5178";"71";"1";"1";"7";"6";"0";"1";"1";"1";"0"
"5184";"45388";"5184";"71";"1";"1";"7";"6";"0";"1";"1";"1";"0"
"5190";"45390";"5190";"71";"1";"1";"7";"6";"0";"1";"1";"1";"0"
"5191";"45390";"5191";"71";"1";"3";"2";"6";"1";"0";"1";"2";"0"
"5195";"45390";"5195";"71";"1";"1";"7";"8";"0";"1";"1";"1";"0"
"5201";"45392";"5201";"71";"1";"1";"7";"6";"0";"1";"1";"1";"0"
"5215";"45394";"5215";"71";"1";"3";"2";"6";"0";"1";"1";"1";"0"
"5217";"45394";"5217";"71";"1";"1";"7";"6";"1";"0";"1";"2";"0"
"5221";"45402";"5221";"71";"1";"1";"7";"6";"1";"0";"1";"2";"0"
"5226";"45420";"5226";"71";"3";"1";"7";"8";"1";"0";"1";"2";"0"
"5248";"45448";"5248";"71";"1";"1";"7";"6";"0";"1";"1";"1";"0"
"5250";"45449";"5250";"71";"1";"1";"7";"6";"0";"1";"1";"1";"0"
"5259";"45463";"5259";"71";"2";"3";"2";"7";"0";"0";"2";"3";"0"
"5290";"45517";"5290";"71";"1";"1";"7";"6";"0";"1";"1";"1";"0"
"5291";"45517";"5291";"71";"1";"1";"7";"6";"0";"1";"1";"1";"0"
"5302";"45604";"5302";"71";"1";"1";"7";"8";"0";"1";"1";"1";"0"
"5336";"46218";"5336";"71";"1";"1";"7";"6";"0";"2";"1";"1";"0"
"5341";"46244";"5341";"71";"1";"1";"7";"6";"0";"1";"1";"1";"0"
"5344";"46254";"5344";"71";"1";"1";"7";"6";"0";"1";"1";"1";"0"
"5347";"46254";"5347";"71";"1";"1";"7";"6";"1";"0";"1";"2";"0"
"5359";"46305";"5359";"71";"1";"1";"7";"6";"1";"0";"1";"2";"0"
"5371";"46314";"5371";"71";"1";"3";"1";"6";"0";"1";"1";"1";"0"
"5376";"46320";"5376";"71";"1";"1";"7";"6";"1";"0";"1";"2";"0"
"5382";"46322";"5382";"71";"1";"1";"7";"1";"0";"1";"1";"1";"0"
"5396";"46327";"5396";"71";"1";"1";"7";"6";"1";"0";"1";"2";"0"
"5407";"46359";"5407";"71";"1";"4";"1";"6";"0";"1";"1";"1";"0"
"5408";"46360";"5408";"71";"1";"1";"7";"6";"1";"0";"1";"2";"0"
"5411";"46363";"5411";"71";"1";"1";"7";"6";"0";"1";"1";"1";"0"
"5425";"46388";"5425";"71";"3";"3";"2";"6";"0";"1";"1";"1";"0"
"5438";"46392";"5438";"71";"3";"6";"1";"6";"0";"1";"1";"1";"0"
"5440";"46394";"5440";"71";"1";"1";"7";"6";"1";"0";"1";"2";"0"
"5447";"46397";"5447";"71";"2";"2";"1";"4";"0";"1";"1";"1";"0"
"5468";"46459";"5468";"71";"2";"1";"7";"6";"0";"1";"1";"1";"0"
"5470";"46461";"5470";"71";"3";"1";"1";"6";"0";"1";"1";"1";"0"
"5473";"46463";"5473";"71";"1";"3";"2";"6";"0";"1";"1";"1";"0"
"5478";"46475";"5478";"71";"1";"1";"7";"6";"0";"1";"1";"1";"0"
"5514";"47317";"5514";"71";"1";"1";"7";"6";"0";"1";"1";"1";"0"
"5525";"47349";"5525";"71";"1";"1";"7";"6";"1";"0";"1";"2";"0"
"5533";"47362";"5533";"71";"3";"3";"2";"6";"0";"1";"1";"1";"0"
"5542";"47374";"5542";"71";"1";"1";"7";"5";"1";"0";"1";"2";"0"
"5545";"47374";"5545";"71";"2";"1";"5";"6";"1";"0";"1";"2";"0"
"5553";"47377";"5553";"71";"1";"1";"7";"6";"0";"1";"1";"1";"0"
"5560";"47398";"5560";"71";"1";"1";"7";"6";"0";"1";"1";"1";"0"
"5561";"47406";"5561";"71";"1";"1";"7";"6";"0";"1";"1";"1";"0"
"5570";"47426";"5570";"71";"1";"1";"7";"6";"0";"1";"1";"1";"0"
"5572";"47459";"5572";"71";"1";"1";"7";"6";"0";"1";"1";"1";"0"
"5577";"47472";"5577";"71";"1";"2";"2";"6";"0";"1";"1";"1";"0"
"5579";"47477";"5579";"71";"5";"1";"7";"6";"0";"1";"1";"1";"0"
"5586";"47490";"5586";"71";"1";"1";"7";"6";"0";"1";"1";"1";"0"
"5589";"47495";"5589";"71";"2";"2";"2";"6";"0";"1";"1";"1";"0"
"5659";"47538";"5659";"71";"1";"1";"2";"1";"0";"2";"1";"1";"0"
"5671";"47562";"5671";"71";"1";"1";"7";"6";"1";"0";"1";"2";"0"
"5674";"47565";"5674";"71";"1";"1";"7";"6";"0";"1";"1";"1";"0"
"5676";"47599";"5676";"71";"2";"1";"1";"6";"1";"0";"1";"2";"0"
"5705";"47628";"5705";"71";"1";"3";"2";"9";"1";"0";"1";"2";"0"
"5708";"47629";"5708";"71";"3";"1";"7";"9";"0";"0";"1";"3";"0"
"5752";"47684";"5752";"71";"3";"3";"2";"5";"0";"2";"0";"1";"0"
"5754";"47697";"5754";"71";"1";"1";"7";"6";"0";"1";"1";"1";"0"
"5762";"47710";"5762";"71";"1";"4";"2";"6";"0";"1";"1";"1";"0"
"5787";"48394";"5787";"71";"1";"1";"1";"6";"0";"1";"1";"1";"0"
"5798";"48505";"5798";"71";"1";"1";"7";"6";"0";"1";"1";"1";"0"
"5845";"48596";"5845";"71";"1";"3";"1";"6";"0";"1";"1";"1";"0"
"5868";"48633";"5868";"71";"1";"2";"1";"6";"0";"1";"1";"1";"0"
"5870";"48634";"5870";"71";"1";"1";"7";"6";"0";"1";"1";"1";"0"
"5896";"48790";"5896";"71";"1";"1";"7";"4";"0";"1";"1";"1";"0"
"5916";"48842";"5916";"71";"1";"1";"7";"6";"1";"0";"1";"2";"0"
"5921";"48846";"5921";"71";"1";"1";"7";"6";"0";"1";"1";"1";"0"
"5963";"48922";"5963";"71";"3";"1";"7";"6";"1";"0";"1";"2";"0"
"5964";"48922";"5964";"71";"1";"3";"1";"6";"0";"1";"1";"1";"0"
"5966";"48926";"5966";"71";"1";"1";"7";"6";"0";"1";"1";"1";"0"
"5968";"48929";"5968";"71";"1";"1";"7";"6";"0";"1";"1";"1";"0"
"5975";"48932";"5975";"71";"1";"1";"7";"6";"0";"1";"1";"1";"0"
"5997";"49045";"5997";"71";"3";"1";"7";"6";"0";"1";"1";"1";"0"
"6003";"49061";"6003";"71";"1";"3";"1";"6";"0";"1";"1";"1";"0"
"6028";"49067";"6028";"71";"3";"6";"1";"6";"0";"0";"1";"3";"0"
"6072";"49156";"6072";"71";"1";"1";"7";"6";"0";"1";"1";"1";"0"
"6125";"49489";"6125";"71";"1";"1";"7";"6";"0";"1";"1";"1";"0"
"6166";"49759";"6166";"71";"1";"1";"7";"6";"0";"1";"0";"1";"0"
"6195";"50214";"6195";"71";"3";"1";"7";"6";"0";"1";"1";"1";"0"
"6201";"50218";"6201";"71";"3";"3";"1";"6";"0";"1";"1";"1";"0"
"6218";"50254";"6218";"71";"3";"6";"7";"6";"0";"1";"1";"1";"0"
"6226";"50278";"6226";"71";"1";"1";"7";"6";"1";"0";"1";"2";"0"
"6228";"50278";"6228";"71";"1";"1";"1";"6";"1";"0";"1";"2";"0"
"6239";"50290";"6239";"71";"1";"1";"7";"4";"1";"0";"1";"2";"0"
"6246";"50290";"6246";"71";"1";"1";"7";"6";"0";"1";"1";"1";"0"
"6249";"50292";"6249";"71";"3";"1";"1";"6";"1";"0";"1";"2";"0"
"6277";"51781";"6277";"71";"1";"1";"7";"6";"0";"1";"1";"1";"0"
"6283";"51860";"6283";"71";"1";"1";"7";"6";"0";"1";"1";"1";"0"
"6285";"51875";"6285";"71";"1";"1";"1";"8";"1";"0";"1";"2";"0"
"6289";"51883";"6289";"71";"1";"1";"7";"6";"1";"0";"1";"2";"0"
"6293";"51886";"6293";"71";"3";"1";"1";"6";"0";"1";"1";"1";"0"
"6297";"51892";"6297";"71";"1";"1";"7";"6";"1";"0";"1";"2";"0"
"6298";"51892";"6298";"71";"3";"1";"7";"6";"1";"0";"1";"2";"0"
"6300";"51898";"6300";"71";"3";"3";"1";"6";"1";"0";"1";"2";"0"
"6308";"51933";"6308";"71";"1";"3";"1";"6";"0";"1";"1";"1";"0"
"6313";"51965";"6313";"71";"1";"1";"7";"6";"0";"1";"1";"1";"0"
"6316";"51984";"6316";"71";"2";"1";"7";"6";"0";"1";"1";"1";"0"
"6317";"51984";"6317";"71";"1";"3";"1";"6";"0";"2";"0";"1";"0"
"6324";"52000";"6324";"71";"1";"1";"7";"6";"1";"0";"1";"2";"0"
"6335";"52007";"2387";"71";"3";"1";"7";"6";"0";"1";"0";"1";"0"
"6339";"52008";"6339";"71";"1";"1";"7";"6";"0";"1";"1";"1";"0"
"6340";"52008";"6340";"71";"1";"1";"7";"6";"0";"1";"1";"1";"0"
"6356";"52065";"6356";"71";"1";"3";"2";"6";"1";"0";"1";"2";"0"
"6378";"52199";"6378";"71";"1";"2";"1";"6";"1";"0";"1";"2";"0"
"6388";"52238";"6388";"71";"1";"1";"7";"6";"0";"1";"1";"1";"0"
"6399";"52862";"6399";"71";"3";"1";"7";"6";"1";"0";"1";"2";"0"
"6406";"52863";"6406";"71";"1";"1";"7";"1";"0";"0";"1";"3";"0"
"6424";"53004";"6424";"71";"1";"1";"7";"4";"0";"1";"1";"1";"0"
"6432";"53030";"6432";"71";"1";"1";"7";"6";"0";"1";"1";"1";"0"
"6493";"53189";"6493";"71";"3";"1";"7";"6";"1";"0";"1";"2";"0"
"6507";"53333";"6507";"71";"1";"1";"7";"6";"1";"0";"1";"2";"0"
"6539";"54200";"6539";"71";"1";"1";"7";"6";"0";"1";"1";"1";"0"
"6541";"54201";"6541";"71";"1";"1";"7";"6";"0";"1";"1";"1";"0"
"6543";"54210";"6543";"71";"1";"1";"7";"6";"1";"0";"1";"2";"0"
"6575";"54926";"6575";"71";"1";"1";"7";"6";"1";"0";"1";"2";"0"
"6586";"55623";"6586";"71";"2";"1";"7";"6";"0";"1";"1";"1";"0"
"6596";"55668";"6596";"71";"5";"1";"7";"6";"0";"1";"1";"1";"0"
"6606";"55683";"6606";"71";"1";"1";"7";"5";"0";"1";"1";"1";"0"
"6623";"55757";"6623";"71";"1";"1";"7";"6";"0";"1";"1";"1";"0"
"6652";"55846";"6652";"71";"1";"1";"7";"5";"1";"0";"1";"2";"0"
"6655";"55847";"6655";"71";"3";"3";"1";"6";"0";"1";"1";"1";"0"
"6682";"57843";"6682";"71";"1";"1";"7";"6";"1";"0";"1";"2";"0"
"6727";"58714";"6727";"71";"1";"1";"7";"6";"1";"0";"1";"2";"0"
"6730";"58725";"6730";"71";"1";"1";"7";"6";"1";"0";"1";"2";"0"
"6740";"58803";"6740";"71";"1";"1";"7";"6";"0";"1";"1";"1";"0"
"6744";"58806";"6744";"71";"3";"1";"7";"6";"1";"0";"1";"2";"0"
"6748";"58809";"6748";"71";"1";"2";"2";"6";"1";"0";"1";"2";"0"
"6754";"58820";"6754";"71";"1";"1";"7";"6";"1";"0";"1";"2";"0"
"6758";"58842";"6758";"71";"1";"1";"7";"4";"1";"0";"1";"2";"0"
"6760";"58852";"6760";"71";"1";"1";"7";"6";"1";"0";"1";"2";"0"
"6761";"58865";"6761";"71";"1";"1";"7";"6";"0";"1";"0";"1";"0"
"6763";"58879";"6763";"71";"1";"1";"7";"6";"0";"1";"1";"1";"0"
"6779";"58983";"6779";"71";"1";"1";"7";"6";"1";"0";"1";"2";"0"
"6788";"58998";"6788";"71";"1";"1";"7";"6";"0";"1";"1";"1";"0"
"6828";"59839";"6828";"71";"1";"1";"7";"6";"1";"0";"1";"2";"0"
"6856";"59891";"6856";"71";"5";"3";"1";"6";"0";"1";"1";"1";"0"
"6872";"59913";"6872";"71";"1";"1";"7";"6";"0";"1";"0";"0";"0"
"6882";"59939";"6882";"71";"1";"1";"7";"6";"0";"1";"1";"1";"0"
"6888";"59949";"6888";"71";"1";"1";"7";"6";"1";"0";"1";"2";"0"
"6897";"59966";"6897";"71";"1";"1";"7";"6";"1";"0";"1";"2";"0"
"6914";"59978";"6914";"71";"1";"1";"7";"6";"0";"1";"1";"1";"0"
"6916";"59979";"6916";"71";"1";"1";"7";"6";"0";"1";"2";"1";"0"
"7005";"60273";"7005";"71";"1";"2";"2";"6";"0";"1";"1";"1";"0"
"7029";"60825";"7029";"71";"3";"1";"1";"6";"0";"1";"1";"1";"0"
"7031";"60825";"7031";"71";"3";"1";"7";"6";"0";"1";"1";"1";"0"
"7032";"60825";"7032";"71";"1";"1";"7";"6";"0";"1";"1";"1";"0"
"7033";"60825";"7033";"71";"1";"3";"2";"6";"0";"1";"1";"1";"0"
"7035";"60825";"7035";"71";"1";"1";"7";"6";"0";"1";"1";"1";"0"
"7043";"60829";"7043";"71";"1";"1";"7";"6";"0";"1";"0";"1";"0"
"7050";"60832";"7050";"71";"1";"3";"5";"6";"0";"1";"1";"1";"0"
"7060";"60839";"7060";"71";"1";"3";"2";"6";"1";"0";"2";"2";"0"
"7069";"60849";"7069";"71";"1";"3";"1";"6";"0";"1";"1";"1";"0"
"7071";"60849";"7071";"71";"1";"1";"7";"4";"0";"1";"1";"1";"0"
"7075";"60851";"7075";"71";"1";"1";"7";"6";"0";"1";"1";"1";"0"
"7077";"60852";"7077";"71";"2";"3";"2";"4";"0";"3";"0";"1";"0"
"7080";"60853";"7080";"71";"1";"1";"7";"6";"0";"1";"1";"1";"0"
"7081";"60854";"7081";"71";"3";"1";"7";"6";"0";"1";"1";"1";"0"
"7082";"60854";"7082";"71";"1";"1";"7";"6";"0";"1";"1";"1";"0"
"7083";"60854";"7083";"71";"1";"1";"7";"6";"0";"1";"1";"1";"0"
"7084";"60854";"7084";"71";"1";"3";"1";"6";"0";"1";"1";"1";"0"
"7085";"60855";"7085";"71";"1";"1";"7";"6";"0";"1";"1";"1";"0"
"7088";"60855";"7088";"71";"3";"1";"7";"6";"0";"1";"1";"1";"0"
"7092";"60857";"7092";"71";"3";"1";"7";"6";"0";"1";"1";"1";"0"
"7098";"60868";"7098";"71";"1";"1";"7";"6";"0";"1";"1";"1";"0"
"7101";"60868";"7101";"71";"1";"1";"7";"6";"0";"1";"1";"1";"0"
"7113";"60868";"7113";"71";"1";"1";"7";"6";"0";"1";"1";"1";"0"
"7122";"60890";"7122";"71";"1";"6";"1";"6";"0";"1";"1";"1";"0"
"7124";"60891";"7124";"71";"3";"1";"7";"6";"0";"1";"1";"1";"0"
"7125";"60891";"7125";"71";"1";"1";"7";"6";"0";"1";"0";"1";"0"
"7127";"60894";"7127";"71";"1";"1";"7";"6";"0";"1";"1";"1";"0"
"7140";"60905";"7140";"71";"1";"1";"7";"6";"0";"1";"1";"1";"0"
"7150";"60911";"506";"71";"1";"1";"7";"6";"0";"1";"1";"1";"0"
"7152";"60913";"7152";"71";"1";"1";"1";"6";"0";"1";"1";"1";"0"
"7154";"60914";"7154";"71";"1";"1";"7";"6";"0";"1";"1";"1";"0"
"7157";"60918";"6709";"71";"1";"1";"7";"6";"0";"1";"1";"1";"0"
"7159";"60918";"7159";"71";"1";"1";"7";"6";"0";"1";"2";"1";"0"
"7183";"60938";"7183";"71";"1";"1";"7";"6";"0";"2";"1";"1";"0"
"7185";"60938";"7185";"71";"1";"1";"7";"6";"0";"1";"1";"1";"0"
"7186";"60938";"7186";"71";"2";"1";"7";"6";"0";"1";"0";"1";"0"
"7190";"60941";"7190";"71";"1";"1";"7";"6";"0";"1";"1";"1";"0"
"7200";"60952";"7200";"71";"1";"1";"7";"6";"1";"0";"1";"2";"0"
"7203";"60963";"7203";"71";"1";"1";"7";"6";"0";"1";"1";"1";"0"
"7208";"60969";"7208";"71";"1";"1";"7";"6";"0";"1";"1";"1";"0"
"7215";"60971";"7215";"71";"4";"1";"7";"6";"1";"0";"1";"2";"0"
"7221";"60972";"7221";"71";"1";"1";"7";"6";"0";"1";"1";"1";"0"
"7224";"60972";"7224";"71";"3";"1";"7";"6";"0";"1";"2";"1";"0"
"7231";"60977";"7231";"71";"1";"1";"1";"6";"0";"1";"1";"1";"0"
"7232";"60977";"7232";"71";"1";"2";"1";"6";"0";"1";"1";"1";"0"
"7239";"60981";"7239";"71";"1";"1";"7";"6";"0";"1";"1";"1";"0"
"7241";"60983";"7241";"71";"3";"1";"7";"6";"0";"1";"1";"1";"0"
"7242";"60984";"7242";"71";"3";"3";"1";"6";"0";"1";"1";"1";"0"
"7244";"60985";"7244";"71";"1";"1";"7";"6";"0";"1";"1";"1";"0"
"7260";"61004";"7260";"71";"1";"1";"7";"6";"0";"1";"1";"1";"0"
"7262";"61006";"7262";"71";"1";"3";"1";"6";"0";"1";"1";"1";"0"
"7264";"61008";"7264";"71";"1";"1";"7";"6";"0";"1";"1";"1";"0"
"7265";"61015";"7265";"71";"1";"1";"7";"6";"1";"0";"1";"2";"0"
"7272";"61045";"7272";"71";"1";"1";"7";"6";"0";"1";"1";"1";"0"
"7278";"61063";"7278";"71";"1";"1";"7";"5";"0";"1";"1";"1";"0"
"7280";"61070";"7280";"71";"1";"1";"7";"6";"0";"1";"1";"1";"0"
"7289";"61078";"7289";"71";"3";"6";"1";"6";"0";"1";"1";"1";"0"
"7315";"61105";"7315";"71";"1";"1";"7";"6";"0";"1";"1";"1";"0"
"7316";"61105";"7316";"71";"1";"1";"7";"6";"0";"1";"1";"1";"0"
"7317";"61105";"7317";"71";"3";"1";"7";"6";"0";"1";"1";"1";"0"
"7323";"61110";"7323";"71";"2";"1";"7";"6";"0";"1";"0";"1";"0"
"7337";"61124";"7337";"71";"1";"1";"7";"6";"0";"1";"1";"1";"0"
"7338";"61125";"7338";"71";"1";"1";"7";"6";"0";"1";"1";"1";"0"
"7343";"61132";"7343";"71";"1";"1";"7";"6";"0";"1";"1";"1";"0"
"7346";"61136";"7346";"71";"1";"2";"2";"6";"0";"1";"1";"1";"0"
"7347";"61136";"7347";"71";"1";"1";"7";"6";"0";"1";"1";"1";"0"
"7358";"61176";"7358";"71";"1";"3";"1";"6";"0";"1";"1";"1";"0"
"7364";"61179";"7364";"71";"1";"1";"7";"6";"0";"1";"1";"1";"0"