"accident_id";"lieu_id";"date_id";"cause_id";"lum_id";"intemp_id";"etat_surface_id";"impliq_id";"nb_blesses_graves";"nb_blesses_legers";"nb_indemnes";"gravite";"nb_morts"
"7376";"61182";"7376";"71";"1";"1";"7";"6";"0";"1";"1";"1";"0"
"7378";"61183";"7378";"71";"3";"2";"1";"6";"0";"1";"1";"1";"0"
"7383";"61188";"7383";"71";"1";"1";"7";"6";"0";"1";"1";"1";"0"
"7387";"61189";"7387";"71";"1";"1";"7";"6";"1";"0";"1";"2";"0"
"7388";"61189";"7388";"71";"1";"1";"7";"6";"0";"1";"2";"1";"0"
"7389";"61199";"7389";"71";"1";"1";"7";"6";"0";"2";"1";"1";"0"
"7398";"61213";"7398";"71";"1";"1";"7";"6";"0";"1";"1";"1";"0"
"7401";"61216";"7401";"71";"1";"1";"7";"6";"0";"1";"1";"1";"0"
"7423";"61248";"7423";"71";"1";"1";"7";"6";"0";"1";"2";"1";"0"
"7424";"61248";"7424";"71";"3";"6";"7";"6";"0";"1";"1";"1";"0"
"7425";"61249";"7425";"71";"3";"1";"7";"6";"0";"1";"1";"1";"0"
"7427";"61258";"7427";"71";"1";"1";"7";"6";"0";"1";"1";"1";"0"
"7428";"61264";"7428";"71";"1";"1";"7";"6";"0";"1";"0";"1";"0"
"7430";"61266";"7430";"71";"1";"1";"7";"6";"0";"1";"5";"1";"0"
"7434";"61266";"7434";"71";"1";"1";"1";"6";"0";"1";"1";"1";"0"
"7436";"61267";"7436";"71";"1";"1";"7";"6";"0";"1";"1";"1";"0"
"7437";"61267";"7437";"71";"3";"1";"7";"6";"1";"0";"1";"2";"0"
"7440";"61268";"7440";"71";"3";"3";"1";"6";"0";"1";"1";"1";"0"
"7441";"61269";"7441";"71";"1";"3";"1";"6";"0";"1";"1";"1";"0"
"7455";"61285";"7455";"71";"1";"1";"7";"6";"0";"1";"1";"1";"0"
"7456";"61285";"7456";"71";"2";"1";"7";"6";"0";"1";"1";"1";"0"
"7457";"61285";"7457";"71";"1";"1";"7";"6";"0";"1";"1";"1";"0"
"7476";"61298";"7476";"71";"2";"1";"7";"6";"0";"1";"1";"1";"0"
"7479";"61306";"7479";"71";"1";"1";"7";"6";"1";"0";"1";"2";"0"
"7484";"61309";"7484";"71";"1";"1";"7";"6";"0";"1";"1";"1";"0"
"7487";"61313";"7487";"71";"1";"1";"7";"6";"0";"1";"1";"1";"0"
"7497";"61342";"7497";"71";"1";"7";"7";"6";"0";"1";"2";"1";"0"
"7503";"61345";"7503";"71";"1";"1";"1";"6";"0";"1";"1";"1";"0"
"7510";"61351";"7510";"71";"1";"1";"7";"6";"0";"1";"1";"1";"0"
"7519";"61356";"7519";"71";"3";"1";"7";"6";"0";"1";"1";"1";"0"
"7524";"61359";"7524";"71";"1";"1";"7";"6";"0";"1";"1";"1";"0"
"7527";"61360";"7527";"71";"1";"3";"2";"6";"0";"1";"1";"1";"0"
"7529";"61361";"7529";"71";"1";"1";"7";"6";"0";"1";"1";"1";"0"
"7534";"61363";"7534";"71";"1";"1";"1";"6";"0";"1";"1";"1";"0"
"7537";"61363";"7537";"71";"1";"1";"7";"6";"0";"1";"1";"1";"0"
"7540";"61363";"7540";"71";"1";"1";"7";"6";"0";"1";"1";"1";"0"
"7544";"61364";"7544";"71";"1";"1";"7";"6";"0";"1";"1";"1";"0"
"7547";"61365";"7547";"71";"3";"1";"7";"6";"1";"0";"1";"2";"0"
"7552";"61366";"7552";"71";"2";"1";"1";"6";"0";"1";"1";"1";"0"
"7553";"61369";"7553";"71";"2";"1";"7";"6";"0";"1";"1";"1";"0"
"7554";"61369";"7554";"71";"1";"2";"2";"6";"0";"1";"1";"1";"0"
"7556";"61373";"7556";"71";"1";"1";"7";"6";"0";"1";"1";"1";"0"
"7558";"61381";"7558";"71";"1";"1";"7";"6";"0";"1";"1";"1";"0"
"7563";"61392";"7563";"71";"1";"1";"7";"6";"0";"1";"2";"1";"0"
"7566";"61395";"7566";"71";"1";"1";"7";"6";"0";"1";"1";"1";"0"
"7569";"61404";"7569";"71";"1";"1";"7";"6";"0";"1";"1";"1";"0"
"7571";"61408";"7571";"71";"1";"1";"7";"6";"0";"1";"1";"1";"0"
"7580";"61419";"7580";"71";"1";"1";"7";"6";"1";"0";"1";"2";"0"
"7581";"61423";"7581";"71";"1";"1";"7";"6";"0";"1";"1";"1";"0"
"7597";"61440";"7597";"71";"1";"1";"7";"6";"0";"1";"1";"1";"0"
"7598";"61440";"7598";"71";"1";"1";"7";"6";"0";"1";"1";"1";"0"
"7600";"61440";"7600";"71";"3";"1";"7";"6";"0";"1";"1";"1";"0"
"7604";"61444";"7604";"71";"3";"6";"7";"6";"0";"1";"1";"1";"0"
"7606";"61444";"7606";"71";"3";"3";"2";"6";"1";"0";"1";"2";"0"
"7611";"61445";"7611";"71";"1";"1";"7";"6";"0";"1";"1";"1";"0"
"7614";"61448";"7614";"71";"1";"3";"2";"6";"0";"1";"1";"1";"0"
"7615";"61448";"7615";"71";"1";"1";"7";"6";"1";"0";"1";"2";"0"
"7619";"61454";"7619";"71";"3";"1";"7";"6";"0";"1";"1";"1";"0"
"7623";"61458";"7623";"71";"1";"1";"7";"6";"0";"1";"1";"1";"0"
"7629";"61477";"7629";"71";"1";"1";"7";"6";"0";"1";"1";"1";"0"
"7631";"61477";"7631";"71";"1";"1";"7";"6";"0";"1";"1";"1";"0"
"7638";"61477";"7638";"71";"1";"1";"7";"6";"0";"1";"1";"1";"0"
"7647";"61479";"7647";"71";"1";"1";"7";"6";"0";"3";"1";"1";"0"
"7654";"61480";"7654";"71";"1";"1";"7";"6";"0";"1";"1";"1";"0"
"7664";"61481";"7664";"71";"1";"1";"7";"6";"0";"1";"0";"1";"0"
"7665";"61481";"7665";"71";"1";"1";"7";"6";"1";"0";"1";"2";"0"
"7682";"61498";"7682";"71";"1";"1";"7";"6";"0";"1";"1";"1";"0"
"7683";"61501";"7683";"71";"1";"1";"7";"6";"0";"1";"1";"1";"0"
"7689";"61505";"7689";"71";"3";"1";"7";"6";"0";"1";"1";"1";"0"
"7693";"61505";"7693";"71";"1";"1";"7";"6";"0";"1";"1";"1";"0"
"7697";"61505";"7697";"71";"1";"1";"7";"6";"0";"1";"1";"1";"0"
"7701";"61506";"7701";"71";"1";"1";"7";"6";"0";"1";"1";"1";"0"
"7705";"61507";"7705";"71";"1";"3";"2";"1";"1";"1";"1";"2";"0"
"7714";"61518";"7714";"71";"3";"1";"7";"6";"0";"1";"1";"1";"0"
"7715";"61520";"7715";"71";"1";"1";"7";"6";"0";"1";"1";"1";"0"
"7719";"61527";"7719";"71";"1";"1";"7";"6";"0";"1";"1";"1";"0"
"7724";"61529";"7724";"71";"1";"1";"7";"6";"1";"0";"1";"2";"0"
"7725";"61531";"7725";"71";"1";"1";"7";"6";"0";"1";"1";"1";"0"
"7731";"61531";"7731";"71";"1";"1";"7";"6";"0";"1";"1";"1";"0"
"7733";"61532";"7733";"71";"1";"1";"7";"4";"0";"2";"0";"1";"0"
"7734";"61533";"7734";"71";"1";"1";"7";"6";"0";"1";"1";"1";"0"
"7741";"61541";"7741";"71";"1";"1";"7";"6";"0";"1";"1";"1";"0"
"7768";"61574";"7768";"71";"1";"1";"7";"6";"1";"0";"1";"2";"0"
"7776";"61584";"7776";"71";"1";"1";"7";"6";"0";"1";"2";"1";"0"
"7787";"61599";"7787";"71";"1";"1";"7";"6";"0";"1";"1";"1";"0"
"7792";"61604";"7792";"71";"1";"1";"7";"5";"0";"1";"0";"3";"0"
"7793";"61604";"7793";"71";"1";"1";"1";"6";"0";"1";"1";"1";"0"
"7794";"61604";"7794";"71";"1";"1";"7";"6";"0";"1";"1";"1";"0"
"7797";"61604";"7797";"71";"1";"1";"7";"6";"0";"1";"1";"1";"0"
"7799";"61635";"7799";"71";"2";"3";"1";"6";"0";"1";"1";"1";"0"
"7800";"61637";"7800";"71";"1";"1";"7";"6";"1";"0";"2";"2";"0"
"7802";"61637";"7802";"71";"3";"1";"7";"6";"0";"1";"2";"1";"0"
"7803";"61637";"7803";"71";"1";"1";"7";"6";"0";"1";"1";"1";"0"
"7808";"61639";"7808";"71";"1";"1";"7";"6";"0";"1";"1";"1";"0"
"7809";"61639";"7809";"71";"1";"1";"7";"6";"0";"1";"1";"1";"0"
"7810";"61639";"7810";"71";"1";"1";"7";"6";"0";"1";"1";"1";"0"
"7811";"61640";"7811";"71";"1";"1";"7";"6";"0";"1";"0";"1";"0"
"7814";"61646";"7814";"71";"1";"1";"7";"6";"0";"1";"1";"1";"0"
"7816";"61670";"7816";"71";"1";"1";"7";"6";"0";"1";"1";"1";"0"
"7820";"61673";"7820";"71";"1";"1";"7";"6";"0";"1";"1";"1";"0"
"7823";"61676";"7823";"71";"3";"1";"7";"6";"0";"1";"1";"1";"0"
"7841";"61700";"7841";"71";"1";"1";"7";"4";"0";"1";"1";"1";"0"
"7845";"61706";"7845";"71";"1";"1";"7";"6";"0";"1";"4";"1";"0"
"7848";"61711";"7848";"71";"1";"1";"7";"6";"0";"1";"1";"1";"0"
"7851";"61714";"7851";"71";"1";"1";"7";"6";"0";"1";"1";"1";"0"
"7852";"61714";"7852";"71";"1";"1";"7";"6";"0";"1";"1";"1";"0"
"7855";"61716";"7855";"71";"1";"1";"7";"3";"1";"1";"0";"2";"0"
"7857";"61720";"7857";"71";"1";"1";"7";"6";"0";"1";"1";"1";"0"
"7862";"61730";"7862";"71";"1";"1";"7";"6";"0";"1";"1";"1";"0"
"7864";"61730";"7864";"71";"1";"1";"7";"5";"0";"1";"1";"1";"0"
"7867";"61731";"7867";"71";"1";"1";"7";"6";"1";"0";"1";"2";"0"
"7870";"61733";"7870";"71";"1";"3";"1";"6";"0";"1";"1";"1";"0"
"7878";"61741";"7878";"71";"1";"1";"7";"6";"0";"1";"1";"1";"0"
"7892";"61753";"7892";"71";"1";"3";"1";"6";"0";"1";"1";"1";"0"
"7896";"61761";"7896";"71";"1";"3";"2";"6";"0";"1";"1";"1";"0"
"7897";"61761";"7897";"71";"3";"1";"7";"6";"0";"1";"2";"1";"0"
"7903";"61763";"7903";"71";"3";"3";"1";"6";"0";"1";"1";"1";"0"
"7957";"61783";"7957";"71";"1";"1";"7";"6";"0";"1";"1";"1";"0"
"7960";"61786";"7960";"71";"1";"1";"7";"6";"0";"1";"1";"1";"0"
"7998";"61809";"7998";"71";"1";"1";"7";"6";"0";"1";"1";"1";"0"
"7999";"61809";"7999";"71";"1";"1";"7";"6";"0";"1";"1";"1";"0"
"8000";"61809";"8000";"71";"1";"1";"7";"6";"0";"1";"1";"1";"0"
"8001";"61809";"8001";"71";"1";"1";"7";"6";"0";"1";"1";"1";"0"
"8005";"61810";"8005";"71";"1";"1";"7";"6";"0";"1";"1";"1";"0"
"8006";"61810";"8006";"71";"1";"1";"7";"6";"0";"1";"1";"1";"0"
"8009";"61812";"8009";"71";"1";"1";"7";"6";"0";"1";"1";"1";"0"
"8017";"61817";"8017";"71";"1";"1";"1";"6";"0";"1";"1";"1";"0"
"8021";"61819";"8021";"71";"1";"1";"7";"6";"0";"1";"1";"1";"0"
"8023";"61819";"8023";"71";"1";"1";"7";"6";"0";"1";"1";"1";"0"
"8025";"61820";"8025";"71";"1";"1";"7";"6";"0";"1";"2";"1";"0"
"8033";"61820";"8033";"71";"1";"1";"7";"6";"0";"1";"1";"1";"0"
"8038";"61825";"8038";"71";"3";"1";"7";"4";"0";"1";"1";"1";"0"
"8039";"61827";"8039";"71";"1";"1";"7";"3";"0";"1";"1";"1";"0"
"8040";"61827";"8040";"71";"1";"1";"7";"4";"0";"1";"1";"1";"0"
"8041";"61827";"8041";"71";"1";"1";"7";"6";"0";"1";"1";"1";"0"
"8043";"61828";"8043";"71";"1";"1";"7";"6";"0";"1";"1";"1";"0"
"8045";"61829";"8045";"71";"1";"1";"7";"6";"0";"1";"1";"1";"0"
"8046";"61829";"8046";"71";"1";"1";"7";"6";"0";"1";"1";"1";"0"
"8048";"61830";"8048";"71";"1";"1";"7";"4";"1";"1";"0";"2";"0"
"8056";"61840";"8056";"71";"3";"1";"1";"6";"0";"0";"1";"3";"0"
"8057";"61841";"8057";"71";"1";"3";"2";"6";"0";"1";"1";"1";"0"
"8060";"61842";"8060";"71";"1";"1";"7";"6";"0";"1";"1";"1";"0"
"8062";"61842";"8062";"71";"1";"3";"1";"6";"0";"1";"1";"1";"0"
"8080";"61860";"8080";"71";"1";"1";"7";"6";"1";"0";"1";"2";"0"
"8082";"61861";"8082";"71";"1";"1";"7";"6";"0";"1";"1";"1";"0"
"8086";"61862";"8086";"71";"1";"1";"7";"6";"1";"0";"1";"2";"0"
"8092";"61866";"8092";"71";"1";"1";"7";"6";"1";"0";"1";"2";"0"
"8095";"61868";"8095";"71";"1";"1";"7";"6";"0";"1";"1";"1";"0"
"8105";"61881";"8105";"71";"1";"1";"7";"6";"1";"0";"1";"2";"0"
"8107";"61881";"8107";"71";"1";"7";"7";"6";"0";"1";"1";"1";"0"
"8109";"61883";"8109";"71";"1";"1";"7";"6";"0";"1";"1";"1";"0"
"8115";"61887";"8115";"71";"1";"1";"7";"6";"0";"1";"1";"1";"0"
"8116";"61887";"8116";"71";"1";"1";"7";"6";"0";"1";"1";"1";"0"
"8117";"61889";"8117";"71";"1";"3";"2";"6";"0";"1";"1";"1";"0"
"8119";"61889";"8119";"71";"1";"1";"7";"4";"0";"2";"1";"1";"0"
"8120";"61889";"8120";"71";"3";"1";"7";"6";"1";"0";"1";"2";"0"
"8125";"61891";"8125";"71";"1";"1";"7";"6";"0";"1";"1";"1";"0"
"8127";"61891";"8127";"71";"1";"1";"7";"6";"0";"1";"1";"1";"0"
"8129";"61891";"8129";"71";"1";"1";"7";"6";"0";"1";"1";"1";"0"
"8134";"61892";"8134";"71";"1";"1";"7";"6";"0";"1";"2";"1";"0"
"8137";"61892";"8137";"71";"3";"1";"7";"6";"0";"1";"1";"1";"0"
"8140";"61893";"8140";"71";"1";"1";"7";"4";"0";"2";"0";"1";"0"
"8144";"61893";"8144";"71";"2";"1";"7";"6";"0";"1";"1";"1";"0"
"8152";"61895";"8152";"71";"1";"1";"7";"6";"0";"2";"0";"1";"0"
"8156";"61896";"8156";"71";"1";"1";"7";"6";"0";"1";"2";"1";"0"
"8159";"61896";"8159";"71";"3";"1";"7";"6";"0";"1";"1";"1";"0"
"8162";"61896";"8162";"71";"1";"1";"7";"6";"0";"1";"1";"1";"0"
"8163";"61897";"8163";"71";"1";"1";"1";"6";"0";"1";"1";"1";"0"
"8177";"61903";"8177";"71";"1";"1";"7";"6";"0";"2";"1";"1";"0"
"8178";"61903";"8178";"71";"1";"1";"7";"4";"0";"1";"1";"1";"0"
"8179";"61903";"8179";"71";"1";"1";"7";"7";"0";"1";"1";"1";"0"
"8181";"61903";"8181";"71";"3";"1";"7";"6";"0";"1";"1";"1";"0"
"8185";"61906";"8185";"71";"2";"1";"7";"6";"0";"1";"2";"1";"0"
"8194";"61907";"8194";"71";"1";"1";"7";"6";"0";"1";"1";"1";"0"
"8196";"61908";"8196";"71";"1";"1";"7";"6";"0";"1";"2";"1";"0"
"8197";"61908";"8197";"71";"1";"1";"7";"6";"0";"1";"1";"1";"0"
"8198";"61908";"8198";"71";"1";"1";"7";"6";"1";"0";"1";"2";"0"
"8205";"61909";"8205";"71";"2";"1";"7";"6";"0";"1";"1";"1";"0"
"8206";"61910";"8206";"71";"1";"1";"7";"5";"0";"2";"1";"1";"0"
"8229";"61941";"8229";"71";"1";"1";"7";"6";"0";"1";"2";"1";"0"
"8232";"61947";"8232";"71";"1";"1";"7";"6";"0";"1";"1";"1";"0"
"8246";"61965";"8246";"71";"1";"1";"7";"6";"0";"1";"1";"1";"0"
"8247";"61965";"8247";"71";"1";"3";"1";"6";"0";"1";"1";"1";"0"
"8250";"61972";"8250";"71";"3";"2";"2";"6";"1";"0";"1";"2";"0"
"8254";"61993";"8254";"71";"1";"1";"7";"6";"1";"0";"1";"2";"0"
"8256";"61999";"8256";"71";"1";"1";"7";"6";"0";"1";"2";"1";"0"
"8265";"62004";"8265";"71";"1";"1";"7";"6";"0";"1";"1";"1";"0"
"8269";"62007";"8269";"71";"1";"1";"7";"6";"0";"1";"1";"1";"0"
"8272";"62007";"8272";"71";"1";"1";"7";"6";"0";"1";"1";"1";"0"
"8273";"62007";"8273";"71";"1";"1";"7";"6";"0";"1";"1";"1";"0"
"8282";"62021";"8282";"71";"1";"1";"7";"6";"0";"1";"1";"1";"0"
"8283";"62021";"8283";"71";"1";"1";"7";"6";"0";"1";"1";"1";"0"
"8300";"62065";"8300";"71";"1";"1";"7";"6";"1";"0";"1";"2";"0"
"8322";"62102";"8322";"71";"1";"3";"1";"6";"0";"1";"1";"1";"0"
"8324";"62102";"8324";"71";"1";"1";"7";"6";"0";"1";"1";"1";"0"
"8346";"62111";"8346";"71";"3";"1";"7";"6";"0";"1";"1";"1";"0"
"8347";"62111";"8347";"71";"1";"1";"7";"7";"0";"1";"1";"1";"0"
"8350";"62112";"8350";"71";"1";"3";"1";"6";"0";"1";"1";"1";"0"
"8360";"62114";"8360";"71";"1";"1";"7";"6";"0";"0";"1";"3";"0"
"8361";"62114";"8361";"71";"1";"1";"7";"6";"0";"1";"1";"1";"0"
"8364";"62115";"8364";"71";"1";"3";"1";"6";"0";"1";"1";"1";"0"
"8368";"62116";"8368";"71";"3";"7";"1";"6";"0";"1";"1";"1";"0"
"8374";"62141";"8374";"71";"1";"1";"7";"6";"0";"1";"1";"1";"0"
"8377";"62147";"8377";"71";"1";"1";"7";"6";"1";"0";"1";"2";"0"
"8378";"62153";"8378";"71";"1";"1";"7";"6";"0";"1";"1";"1";"0"
"8384";"62157";"8384";"71";"1";"1";"7";"6";"1";"0";"1";"2";"0"
"8388";"62159";"8388";"71";"1";"1";"1";"6";"0";"1";"1";"1";"0"
"8390";"62170";"8390";"71";"1";"1";"7";"6";"0";"1";"1";"1";"0"
"8393";"62171";"8393";"71";"1";"1";"7";"6";"0";"1";"1";"1";"0"
"8399";"62171";"8399";"71";"1";"1";"7";"6";"0";"1";"0";"1";"0"
"8403";"62173";"8403";"71";"1";"1";"7";"6";"0";"1";"1";"1";"0"
"8405";"62176";"8405";"71";"1";"1";"7";"6";"0";"1";"1";"1";"0"
"8407";"62176";"8407";"71";"1";"1";"7";"6";"0";"1";"1";"1";"0"
"8411";"62179";"8411";"71";"1";"1";"7";"6";"0";"1";"1";"1";"0"
"8412";"62179";"8412";"71";"1";"1";"7";"6";"1";"0";"1";"2";"0"
"8417";"62189";"8417";"71";"1";"1";"7";"6";"0";"1";"1";"1";"0"
"8418";"62192";"8418";"71";"1";"1";"7";"6";"0";"1";"1";"1";"0"
"8425";"62212";"8425";"71";"1";"1";"7";"6";"0";"1";"1";"1";"0"
"8432";"62214";"8432";"71";"1";"1";"1";"6";"0";"1";"1";"1";"0"
"8435";"62214";"8435";"71";"1";"1";"7";"6";"0";"1";"1";"1";"0"
"8439";"62215";"8439";"71";"1";"3";"1";"6";"0";"1";"1";"1";"0"
"8441";"62216";"8441";"71";"1";"1";"7";"6";"0";"1";"1";"1";"0"
"8460";"62218";"8460";"71";"3";"3";"2";"6";"0";"1";"1";"1";"0"
"8463";"62218";"8463";"71";"1";"1";"7";"4";"0";"1";"1";"1";"0"
"8465";"62219";"8465";"71";"3";"3";"2";"6";"0";"1";"1";"1";"0"
"8467";"62220";"8467";"71";"1";"1";"7";"6";"0";"1";"1";"1";"0"
"8470";"62220";"8470";"71";"1";"1";"7";"6";"0";"1";"1";"1";"0"
"8480";"62222";"8480";"71";"1";"1";"7";"6";"0";"1";"1";"1";"0"
"8486";"62224";"8486";"71";"1";"1";"7";"6";"1";"0";"1";"2";"0"
"8488";"62230";"8488";"71";"1";"1";"7";"5";"0";"1";"1";"1";"0"
"8497";"62248";"8497";"71";"1";"1";"7";"6";"0";"1";"1";"1";"0"
"8499";"62252";"8499";"71";"1";"1";"7";"8";"0";"1";"1";"1";"0"
"8500";"62252";"8500";"71";"1";"1";"7";"6";"0";"1";"1";"1";"0"
"8503";"62254";"8503";"71";"1";"1";"7";"6";"0";"1";"1";"1";"0"
"8506";"62263";"8506";"71";"1";"1";"7";"6";"0";"1";"1";"1";"0"
"8510";"62265";"8510";"71";"1";"1";"7";"6";"0";"1";"1";"1";"0"
"8524";"62285";"8524";"71";"3";"1";"7";"6";"1";"0";"1";"2";"0"
"8536";"62286";"8536";"71";"1";"3";"2";"6";"0";"1";"1";"1";"0"
"8553";"62288";"8553";"71";"1";"1";"7";"6";"0";"1";"1";"1";"0"
"8554";"62288";"8554";"71";"1";"1";"7";"6";"0";"0";"1";"3";"0"
"8568";"62291";"8568";"71";"1";"1";"7";"9";"1";"0";"0";"2";"0"
"8569";"62291";"8569";"71";"1";"1";"7";"6";"0";"1";"1";"1";"0"
"8574";"62295";"8574";"71";"1";"1";"7";"6";"0";"1";"1";"1";"0"
"8588";"62317";"8588";"71";"1";"1";"7";"3";"0";"1";"1";"1";"0"
"8591";"62330";"8591";"71";"2";"1";"7";"6";"0";"1";"1";"1";"0"
"8592";"62342";"8592";"71";"1";"1";"7";"6";"0";"1";"1";"1";"0"
"8593";"62344";"8593";"71";"3";"3";"1";"6";"0";"1";"1";"1";"0"
"8608";"62358";"8608";"71";"3";"1";"7";"6";"0";"1";"1";"1";"0"
"8609";"62358";"8609";"71";"1";"1";"7";"6";"0";"1";"1";"1";"0"
"8610";"62359";"8610";"71";"1";"1";"7";"6";"0";"1";"1";"1";"0"
"8618";"62362";"8618";"71";"1";"1";"7";"6";"0";"1";"1";"1";"0"
"8619";"62362";"8619";"71";"1";"1";"7";"6";"0";"1";"1";"1";"0"
"8621";"62363";"8621";"71";"1";"1";"7";"6";"0";"1";"1";"1";"0"
"8623";"62363";"8623";"71";"2";"1";"7";"6";"0";"1";"1";"1";"0"
"8625";"62363";"8625";"71";"1";"1";"7";"6";"0";"1";"2";"1";"0"
"8629";"62366";"8629";"71";"1";"1";"7";"6";"0";"1";"1";"1";"0"
"8638";"62366";"8638";"71";"1";"1";"7";"6";"0";"1";"1";"1";"0"
"8641";"62367";"8641";"71";"3";"3";"1";"6";"0";"1";"1";"1";"0"
"8647";"62368";"8647";"71";"1";"1";"7";"6";"0";"1";"1";"1";"0"
"8649";"62368";"8649";"71";"3";"3";"1";"6";"1";"0";"1";"2";"0"
"8661";"62373";"8661";"71";"1";"1";"7";"6";"0";"1";"1";"1";"0"
"8672";"62378";"8672";"71";"1";"1";"7";"6";"0";"1";"1";"1";"0"
"8677";"62386";"8677";"71";"1";"1";"7";"6";"0";"1";"1";"1";"0"
"8682";"62391";"8682";"71";"1";"1";"7";"8";"0";"1";"1";"1";"0"
"8691";"62426";"8691";"71";"1";"1";"7";"6";"0";"1";"1";"1";"0"
"8694";"62437";"8694";"71";"1";"1";"7";"6";"0";"1";"1";"1";"0"
"8703";"62453";"8703";"71";"1";"1";"7";"6";"0";"1";"1";"1";"0"
"8713";"62461";"8713";"71";"1";"1";"7";"6";"0";"1";"1";"1";"0"
"8727";"62475";"8727";"71";"1";"1";"7";"6";"0";"3";"1";"1";"0"
"8728";"62475";"8728";"71";"1";"1";"7";"6";"0";"1";"1";"1";"0"
"8756";"62539";"8756";"71";"1";"3";"1";"6";"0";"1";"1";"1";"0"
"8760";"62545";"8760";"71";"1";"1";"7";"6";"0";"1";"2";"1";"0"
"8762";"62546";"8762";"71";"1";"1";"7";"6";"0";"1";"1";"1";"0"
"8768";"62557";"8768";"71";"1";"1";"7";"6";"0";"1";"1";"1";"0"
"8783";"62592";"8783";"71";"1";"1";"7";"6";"0";"1";"1";"1";"0"
"8789";"62603";"8789";"71";"1";"1";"7";"6";"0";"1";"2";"1";"0"
"8790";"62603";"8790";"71";"1";"3";"1";"6";"0";"1";"1";"1";"0"
"8805";"62606";"8805";"71";"1";"3";"2";"6";"0";"1";"1";"1";"0"
"8811";"62607";"8811";"71";"3";"1";"7";"6";"0";"1";"1";"1";"0"
"8812";"62607";"8812";"71";"1";"1";"7";"6";"0";"1";"1";"1";"0"
"8813";"62607";"8813";"71";"1";"1";"7";"6";"1";"0";"1";"2";"0"
"8819";"62610";"8819";"71";"1";"1";"7";"6";"0";"1";"1";"1";"0"
"8821";"62610";"8821";"71";"1";"1";"7";"6";"1";"0";"1";"2";"0"
"8822";"62610";"8822";"71";"1";"1";"7";"6";"1";"0";"1";"2";"0"
"8834";"62636";"8834";"71";"1";"1";"7";"6";"0";"1";"1";"1";"0"
"8835";"62636";"8835";"71";"1";"1";"7";"6";"0";"1";"1";"1";"0"
"8836";"62636";"8836";"71";"1";"1";"7";"6";"0";"1";"1";"1";"0"
"8837";"62636";"8837";"71";"3";"6";"1";"6";"0";"1";"2";"1";"0"
"8838";"62636";"8838";"71";"1";"1";"7";"6";"0";"1";"1";"1";"0"
"8840";"62637";"8840";"71";"1";"1";"7";"6";"0";"1";"1";"1";"0"
"8841";"62637";"8841";"71";"3";"1";"7";"6";"0";"2";"1";"1";"0"
"8846";"62639";"8846";"71";"1";"1";"7";"6";"0";"1";"1";"1";"0"
"8848";"62640";"8848";"71";"3";"1";"7";"6";"0";"1";"1";"1";"0"
"8851";"62641";"8851";"71";"1";"1";"7";"6";"1";"0";"1";"2";"0"
"8867";"62646";"8867";"71";"3";"1";"7";"6";"1";"0";"1";"2";"0"
"8869";"62647";"8869";"71";"3";"1";"1";"6";"1";"0";"1";"2";"0"
"8879";"62662";"8879";"71";"3";"1";"7";"6";"0";"1";"1";"1";"0"
"8880";"62663";"8880";"71";"1";"1";"7";"6";"0";"1";"1";"1";"0"
"8896";"62698";"8896";"71";"3";"3";"1";"6";"0";"1";"1";"1";"0"
"8899";"62701";"8899";"71";"1";"3";"2";"6";"0";"1";"2";"1";"0"
"8900";"62701";"8900";"71";"1";"1";"7";"6";"0";"1";"1";"1";"0"
"8903";"62701";"8903";"71";"1";"2";"2";"6";"1";"0";"1";"2";"0"
"8905";"62701";"8905";"71";"1";"1";"7";"6";"1";"0";"1";"2";"0"
"8908";"62701";"8908";"71";"1";"1";"7";"6";"0";"1";"1";"1";"0"
"8909";"62701";"8909";"71";"1";"1";"7";"6";"0";"1";"1";"1";"0"
"8911";"62701";"8911";"71";"1";"1";"7";"6";"0";"1";"1";"1";"0"
"8912";"62701";"8912";"71";"1";"1";"7";"6";"0";"1";"1";"1";"0"
"8914";"62701";"8914";"71";"1";"1";"7";"6";"0";"1";"1";"1";"0"
"8917";"62714";"8917";"71";"1";"1";"7";"6";"1";"0";"1";"2";"0"
"8918";"62714";"8918";"71";"1";"1";"7";"6";"0";"1";"1";"1";"0"
"8919";"62714";"8919";"71";"1";"1";"7";"6";"0";"1";"1";"1";"0"
"8931";"62717";"8931";"71";"1";"1";"7";"6";"0";"1";"1";"1";"0"
"8936";"62726";"8936";"71";"1";"1";"7";"6";"1";"0";"1";"2";"0"
"8944";"62735";"8944";"71";"3";"1";"2";"6";"0";"1";"1";"1";"0"
"8950";"62736";"8950";"71";"1";"1";"7";"6";"0";"1";"1";"1";"0"
"8960";"62748";"8960";"71";"1";"1";"7";"6";"0";"1";"1";"1";"0"
"8963";"62752";"8963";"71";"1";"1";"7";"6";"0";"1";"1";"1";"0"
"8974";"62792";"8974";"71";"1";"1";"7";"6";"0";"1";"1";"1";"0"
"8984";"62845";"8984";"71";"1";"1";"7";"6";"0";"1";"1";"1";"0"
"9001";"62941";"9001";"71";"3";"3";"1";"6";"0";"1";"1";"1";"0"
"9029";"62965";"9029";"71";"1";"1";"7";"6";"0";"1";"1";"1";"0"
"9041";"63000";"9041";"71";"1";"1";"7";"6";"0";"1";"1";"1";"0"
"9043";"63000";"9043";"71";"1";"1";"7";"6";"0";"1";"1";"1";"0"
"9044";"63004";"9044";"71";"3";"1";"7";"6";"0";"1";"1";"1";"0"
"9047";"63005";"9047";"71";"1";"1";"7";"6";"0";"1";"1";"1";"0"
"9049";"63005";"9049";"71";"1";"1";"7";"6";"0";"1";"2";"1";"0"
"9051";"63005";"9051";"71";"1";"1";"7";"6";"0";"1";"1";"1";"0"
"9059";"63024";"9059";"71";"1";"1";"7";"6";"0";"1";"1";"1";"0"
"9060";"63024";"9060";"71";"1";"1";"7";"6";"0";"1";"1";"1";"0"
"9071";"63034";"9071";"71";"1";"1";"7";"6";"0";"1";"1";"1";"0"
"9073";"63036";"9073";"71";"2";"3";"1";"6";"0";"1";"1";"1";"0"
"9074";"63036";"9074";"71";"1";"1";"2";"6";"0";"1";"1";"1";"0"
"9076";"63036";"9076";"71";"1";"1";"7";"6";"0";"1";"1";"1";"0"
"9077";"63036";"9077";"71";"1";"1";"7";"6";"0";"1";"0";"1";"0"
"9084";"63039";"9084";"71";"1";"6";"7";"6";"0";"1";"1";"1";"0"