"accident_id";"lieu_id";"date_id";"cause_id";"lum_id";"intemp_id";"etat_surface_id";"impliq_id";"nb_blesses_graves";"nb_blesses_legers";"nb_indemnes";"gravite";"nb_morts"
"9087";"63039";"9087";"71";"1";"1";"7";"6";"0";"1";"1";"1";"0"
"9091";"63041";"9091";"71";"1";"1";"7";"6";"1";"0";"1";"2";"0"
"9106";"63074";"9106";"71";"3";"1";"7";"6";"1";"0";"1";"2";"0"
"9109";"63083";"9109";"71";"1";"1";"7";"6";"0";"1";"1";"1";"0"
"9147";"65038";"9147";"71";"1";"1";"7";"6";"0";"1";"1";"1";"0"
"9149";"65049";"9149";"71";"1";"3";"2";"6";"1";"0";"1";"2";"0"
"9155";"65094";"9155";"71";"3";"3";"1";"6";"1";"0";"1";"2";"0"
"9161";"65108";"9161";"71";"1";"3";"1";"6";"0";"1";"1";"1";"0"
"9166";"65131";"9166";"71";"1";"1";"7";"6";"0";"1";"1";"1";"0"
"9230";"65929";"9230";"71";"1";"3";"2";"6";"0";"1";"1";"1";"0"
"9233";"65932";"9233";"71";"1";"1";"7";"6";"0";"1";"1";"1";"0"
"9244";"65956";"9244";"71";"4";"1";"7";"4";"0";"2";"0";"1";"0"
"9293";"66078";"9293";"71";"1";"3";"2";"6";"0";"1";"1";"1";"0"
"9326";"66135";"9326";"71";"1";"1";"7";"4";"1";"0";"1";"2";"0"
"9377";"67567";"9377";"71";"3";"1";"7";"6";"0";"0";"1";"3";"0"
"9395";"68306";"9395";"71";"1";"1";"7";"6";"1";"0";"1";"2";"0"
"9416";"68501";"9416";"71";"1";"1";"7";"6";"1";"0";"1";"2";"0"
"9417";"68509";"9417";"71";"1";"1";"7";"6";"0";"1";"1";"1";"0"
"9418";"68513";"9418";"71";"1";"1";"7";"6";"1";"0";"1";"2";"0"
"9455";"68582";"9455";"71";"3";"1";"1";"6";"0";"0";"1";"3";"0"
"9465";"68621";"9465";"71";"2";"2";"2";"6";"0";"1";"1";"1";"0"
"9581";"69693";"9581";"71";"5";"1";"2";"6";"1";"0";"1";"2";"0"
"9605";"70351";"9605";"71";"1";"1";"7";"6";"0";"1";"1";"1";"0"
"9606";"70351";"9606";"71";"1";"3";"1";"6";"1";"0";"1";"2";"0"
"9607";"70352";"9607";"71";"1";"1";"7";"6";"0";"1";"0";"1";"0"
"9621";"71086";"9621";"71";"1";"1";"7";"6";"0";"1";"1";"1";"0"
"9626";"71088";"9626";"71";"3";"1";"7";"6";"0";"0";"1";"3";"0"
"9636";"71145";"9636";"71";"3";"1";"7";"6";"0";"1";"1";"1";"0"
"9644";"71151";"9644";"71";"1";"1";"7";"6";"0";"1";"1";"1";"0"
"9645";"71151";"9645";"71";"3";"1";"1";"6";"0";"1";"1";"1";"0"
"9669";"71826";"9669";"71";"1";"3";"2";"6";"1";"0";"1";"2";"0"
"9677";"71835";"9677";"71";"1";"1";"7";"6";"1";"0";"1";"2";"0"
"9678";"71835";"9678";"71";"1";"1";"7";"6";"0";"1";"1";"1";"0"
"9682";"71839";"9682";"71";"1";"1";"7";"6";"0";"1";"1";"1";"0"
"9703";"71875";"9703";"71";"1";"1";"7";"6";"0";"1";"1";"1";"0"
"9718";"71900";"9718";"71";"1";"1";"7";"6";"0";"1";"1";"1";"0"
"9719";"71900";"9719";"71";"1";"3";"1";"6";"0";"1";"1";"1";"0"
"9722";"71930";"1110";"71";"1";"1";"7";"6";"0";"1";"1";"1";"0"
"9736";"72004";"9736";"71";"1";"1";"7";"6";"1";"0";"1";"2";"0"
"9738";"72005";"9738";"71";"1";"3";"2";"6";"1";"0";"1";"2";"0"
"9751";"72019";"9751";"71";"1";"1";"7";"6";"1";"0";"1";"2";"0"
"9762";"72044";"9762";"71";"1";"1";"7";"8";"1";"0";"1";"2";"0"
"9769";"72064";"9769";"71";"1";"1";"7";"4";"0";"1";"1";"1";"0"
"9773";"72067";"9773";"71";"3";"1";"7";"6";"0";"1";"1";"1";"0"
"9780";"72069";"9780";"71";"1";"1";"7";"6";"0";"1";"1";"1";"0"
"9787";"72084";"9787";"71";"1";"1";"7";"6";"0";"1";"3";"1";"0"
"9801";"72089";"9801";"71";"1";"1";"7";"6";"0";"1";"1";"1";"0"
"9802";"72089";"9802";"71";"1";"1";"7";"4";"0";"1";"1";"1";"0"
"9803";"72089";"9803";"71";"1";"3";"1";"6";"0";"1";"2";"1";"0"
"9805";"72090";"9805";"71";"2";"7";"1";"6";"1";"0";"1";"2";"0"
"9809";"72091";"9809";"71";"1";"1";"7";"6";"0";"1";"1";"1";"0"
"9817";"72102";"8325";"71";"1";"1";"7";"6";"1";"0";"1";"2";"0"
"9819";"72103";"9819";"71";"3";"2";"1";"6";"1";"0";"1";"2";"0"
"9830";"72121";"9830";"71";"1";"1";"7";"4";"1";"0";"1";"2";"0"
"9841";"72140";"9841";"71";"1";"1";"7";"6";"0";"1";"1";"1";"0"
"9850";"72152";"9850";"71";"1";"1";"7";"6";"0";"1";"1";"1";"0"
"9873";"72185";"9873";"71";"1";"1";"7";"6";"0";"1";"1";"1";"0"
"9889";"72210";"9889";"71";"2";"1";"7";"6";"1";"0";"1";"2";"0"
"9902";"72248";"9902";"71";"1";"1";"7";"4";"0";"1";"1";"1";"0"
"9918";"72274";"9918";"71";"1";"1";"1";"6";"0";"1";"1";"1";"0"
"9933";"72342";"9933";"71";"1";"1";"7";"6";"0";"1";"1";"1";"0"
"9937";"72342";"9937";"71";"1";"1";"7";"5";"0";"1";"0";"3";"0"
"9939";"72343";"9939";"71";"1";"1";"7";"6";"1";"0";"0";"2";"0"
"9949";"72350";"9949";"71";"1";"1";"7";"6";"0";"1";"1";"1";"0"
"9951";"72350";"9951";"71";"1";"1";"7";"3";"0";"1";"1";"1";"0"
"9955";"72350";"9955";"71";"1";"1";"7";"6";"0";"1";"1";"1";"0"
"9956";"72350";"9956";"71";"1";"1";"7";"6";"0";"1";"1";"1";"0"
"9957";"72350";"9957";"71";"1";"1";"1";"4";"1";"1";"0";"2";"0"
"9959";"72358";"9959";"71";"1";"1";"7";"6";"0";"1";"1";"1";"0"
"9961";"72370";"9961";"71";"1";"1";"7";"6";"0";"1";"1";"1";"0"
"9963";"72372";"9963";"71";"1";"1";"7";"6";"0";"1";"1";"1";"0"
"9971";"72374";"9971";"71";"1";"1";"7";"6";"0";"1";"1";"1";"0"
"9994";"72423";"9994";"71";"1";"1";"7";"6";"0";"1";"1";"1";"0"
"10000";"72432";"10000";"71";"3";"1";"7";"6";"0";"1";"1";"1";"0"
"10003";"72439";"10003";"71";"3";"1";"7";"6";"0";"0";"2";"3";"0"
"10020";"72462";"10020";"71";"1";"2";"1";"6";"0";"1";"1";"1";"0"
"10036";"72503";"10036";"71";"1";"1";"7";"6";"1";"0";"1";"2";"0"
"10037";"72503";"10037";"71";"1";"1";"7";"6";"0";"1";"1";"1";"0"
"10041";"72504";"10041";"71";"1";"1";"7";"6";"0";"1";"1";"1";"0"
"10075";"72541";"10075";"71";"1";"1";"7";"6";"0";"1";"1";"1";"0"
"10096";"72554";"10096";"71";"1";"3";"1";"6";"0";"2";"1";"1";"0"
"10097";"72554";"10097";"71";"1";"1";"7";"6";"1";"0";"1";"2";"0"
"10099";"72556";"10099";"71";"1";"1";"7";"6";"1";"0";"1";"2";"0"
"10110";"72576";"10110";"71";"3";"3";"2";"6";"0";"1";"1";"1";"0"
"10112";"72577";"10112";"71";"1";"1";"7";"6";"0";"1";"1";"1";"0"
"10116";"72589";"10116";"71";"3";"1";"7";"6";"0";"1";"1";"1";"0"
"10157";"72631";"10157";"71";"1";"1";"1";"6";"0";"1";"1";"1";"0"
"10176";"72636";"10176";"71";"1";"1";"7";"6";"0";"1";"1";"1";"0"
"10179";"72636";"10179";"71";"1";"1";"7";"6";"0";"1";"1";"1";"0"
"10180";"72636";"10180";"71";"1";"1";"7";"6";"0";"0";"1";"3";"0"
"10188";"72640";"10188";"71";"1";"1";"7";"6";"0";"1";"1";"1";"0"
"10189";"72640";"10189";"71";"1";"1";"7";"6";"0";"1";"1";"1";"0"
"10191";"72641";"10191";"71";"1";"1";"7";"6";"0";"1";"1";"1";"0"
"10198";"72645";"10198";"71";"3";"1";"7";"6";"1";"0";"1";"2";"0"
"10199";"72645";"10199";"71";"1";"1";"7";"6";"1";"0";"1";"2";"0"
"10200";"72645";"10200";"71";"3";"1";"7";"6";"1";"0";"1";"2";"0"
"10208";"72651";"10208";"71";"1";"1";"7";"6";"0";"1";"1";"1";"0"
"10211";"72652";"10211";"71";"1";"2";"1";"5";"1";"0";"1";"2";"0"
"10214";"72654";"10214";"71";"3";"1";"1";"6";"0";"1";"1";"1";"0"
"10230";"72681";"10230";"71";"1";"1";"7";"6";"1";"0";"1";"2";"0"
"10235";"72687";"10235";"71";"1";"1";"7";"6";"0";"1";"1";"1";"0"
"10245";"72707";"10245";"71";"3";"1";"7";"6";"0";"1";"1";"1";"0"
"10249";"72707";"10249";"71";"3";"3";"1";"6";"0";"1";"1";"1";"0"
"10251";"72709";"10251";"71";"1";"3";"2";"6";"0";"0";"1";"3";"0"
"10258";"72714";"10258";"71";"1";"1";"7";"6";"0";"1";"1";"1";"0"
"10267";"72727";"10267";"71";"2";"1";"7";"6";"0";"1";"1";"1";"0"
"10288";"72755";"10288";"71";"1";"1";"7";"6";"0";"1";"1";"1";"0"
"10303";"72791";"10303";"71";"1";"1";"7";"6";"0";"1";"1";"1";"0"
"10305";"72809";"10305";"71";"1";"1";"7";"6";"1";"0";"1";"2";"0"
"10306";"72809";"10306";"71";"1";"1";"7";"6";"0";"1";"1";"1";"0"
"10308";"72819";"10308";"71";"1";"1";"7";"6";"0";"1";"1";"1";"0"
"10315";"72822";"10315";"71";"3";"1";"7";"6";"0";"1";"1";"1";"0"
"10317";"72823";"10317";"71";"1";"1";"7";"6";"0";"1";"1";"1";"0"
"10321";"72851";"10321";"71";"1";"1";"7";"6";"0";"1";"1";"1";"0"
"10328";"72876";"10328";"71";"1";"1";"7";"6";"0";"1";"1";"1";"0"
"10363";"72957";"10363";"71";"1";"1";"7";"6";"1";"0";"1";"2";"0"
"10380";"72975";"10380";"71";"1";"1";"7";"6";"0";"1";"1";"1";"0"
"10383";"72987";"10383";"71";"1";"3";"1";"6";"1";"0";"1";"2";"0"
"10385";"72998";"10385";"71";"1";"1";"7";"6";"0";"1";"1";"1";"0"
"10391";"73025";"10391";"71";"1";"1";"7";"6";"0";"1";"1";"1";"0"
"10392";"73027";"10392";"71";"1";"1";"7";"6";"0";"1";"1";"1";"0"
"10409";"73048";"10409";"71";"1";"1";"7";"6";"0";"1";"1";"1";"0"
"10410";"73050";"10410";"71";"3";"1";"7";"6";"0";"2";"0";"1";"0"
"10438";"73078";"10438";"71";"2";"1";"1";"7";"1";"0";"1";"2";"0"
"10453";"73097";"10453";"71";"2";"1";"1";"6";"1";"0";"1";"2";"0"
"10482";"73152";"10482";"71";"1";"1";"7";"6";"0";"1";"1";"1";"0"
"10490";"73183";"10490";"71";"1";"1";"7";"5";"0";"2";"1";"1";"0"
"10492";"73191";"10492";"71";"1";"1";"1";"6";"0";"1";"1";"1";"0"
"10493";"73191";"10493";"71";"1";"3";"1";"6";"0";"1";"1";"1";"0"
"10494";"73191";"10494";"71";"1";"1";"7";"6";"0";"1";"1";"1";"0"
"10495";"73197";"10495";"71";"1";"1";"7";"3";"0";"1";"1";"1";"0"
"10510";"73209";"10510";"71";"1";"1";"7";"4";"0";"1";"1";"1";"0"
"10511";"73209";"10511";"71";"1";"1";"7";"6";"0";"1";"1";"1";"0"
"10516";"73213";"7659";"71";"3";"1";"7";"6";"1";"0";"1";"2";"0"
"10534";"73254";"10534";"71";"1";"1";"7";"6";"0";"1";"1";"1";"0"
"10538";"73264";"10538";"71";"1";"1";"7";"6";"0";"1";"1";"1";"0"
"10540";"73264";"10540";"71";"1";"1";"7";"6";"1";"0";"1";"2";"0"
"10544";"73265";"10544";"71";"3";"1";"1";"6";"0";"1";"1";"1";"0"
"10554";"73269";"10554";"71";"3";"1";"7";"6";"1";"0";"1";"2";"0"
"10567";"73318";"10567";"71";"1";"2";"1";"6";"0";"1";"1";"1";"0"
"10571";"73323";"10571";"71";"1";"1";"7";"6";"0";"1";"1";"1";"0"
"10576";"73326";"10576";"71";"3";"1";"7";"6";"0";"0";"1";"3";"0"
"10582";"73331";"10582";"71";"3";"1";"7";"6";"1";"0";"1";"2";"0"
"10600";"73341";"10600";"71";"3";"1";"7";"6";"0";"1";"1";"1";"0"
"10605";"73357";"10605";"71";"1";"1";"7";"6";"0";"1";"1";"1";"0"
"10608";"73359";"10608";"71";"1";"1";"7";"6";"0";"1";"1";"1";"0"
"10628";"73403";"10628";"71";"1";"1";"7";"6";"0";"1";"1";"1";"0"
"10629";"73407";"10629";"71";"1";"1";"7";"6";"0";"1";"1";"1";"0"
"10640";"73454";"10640";"71";"1";"1";"7";"6";"0";"1";"1";"1";"0"
"10660";"73465";"10660";"71";"1";"1";"7";"6";"0";"1";"1";"1";"0"
"10671";"73478";"10671";"71";"1";"1";"7";"6";"1";"0";"1";"2";"0"
"10672";"73478";"10672";"71";"3";"1";"7";"6";"1";"0";"1";"2";"0"
"10673";"73479";"10673";"71";"1";"1";"1";"6";"1";"0";"1";"2";"0"
"10675";"73482";"10675";"71";"1";"1";"2";"6";"1";"0";"1";"2";"0"
"10678";"73493";"10678";"71";"5";"1";"7";"6";"1";"0";"1";"2";"0"
"10685";"73494";"10685";"71";"1";"1";"7";"6";"0";"1";"1";"1";"0"
"10689";"73494";"10689";"71";"1";"1";"7";"6";"0";"1";"1";"1";"0"
"10697";"73497";"10697";"71";"1";"1";"7";"4";"0";"1";"1";"1";"0"
"10699";"73497";"10699";"71";"1";"1";"7";"6";"0";"1";"1";"1";"0"
"10714";"73508";"10714";"71";"1";"1";"7";"6";"0";"1";"1";"1";"0"
"10715";"73511";"10715";"71";"1";"1";"7";"6";"1";"0";"1";"2";"0"
"10722";"73584";"10722";"71";"1";"1";"7";"6";"1";"0";"1";"2";"0"
"10742";"73650";"10742";"71";"3";"1";"7";"6";"0";"1";"1";"1";"0"
"10762";"73688";"10762";"71";"1";"1";"7";"6";"1";"0";"1";"2";"0"
"10789";"73724";"10789";"71";"1";"1";"7";"6";"1";"0";"1";"2";"0"
"10832";"73863";"10832";"71";"1";"1";"7";"6";"0";"1";"1";"1";"0"
"10853";"73999";"10853";"71";"1";"1";"7";"6";"0";"1";"1";"1";"0"
"10855";"74009";"10855";"71";"1";"1";"7";"6";"0";"1";"1";"1";"0"
"10861";"74034";"10861";"71";"3";"1";"7";"8";"1";"0";"1";"2";"0"
"10862";"74037";"10862";"71";"1";"1";"7";"6";"1";"0";"1";"2";"0"
"10866";"74054";"10866";"71";"1";"1";"7";"6";"0";"1";"1";"1";"0"
"10874";"74073";"10874";"71";"1";"3";"2";"3";"0";"0";"1";"3";"0"
"10880";"74087";"10880";"71";"1";"1";"7";"6";"1";"0";"1";"2";"0"
"10913";"75285";"10417";"71";"1";"3";"2";"6";"0";"1";"1";"1";"0"
"10954";"76662";"10954";"71";"1";"1";"5";"6";"1";"0";"1";"2";"0"
"10963";"76686";"10963";"71";"3";"1";"7";"6";"0";"1";"1";"1";"0"
"10972";"76739";"10972";"71";"1";"1";"7";"6";"0";"1";"1";"1";"0"
"10996";"76772";"10996";"71";"1";"3";"2";"6";"0";"1";"2";"1";"0"
"10998";"76773";"10998";"71";"1";"1";"7";"6";"0";"1";"1";"1";"0"
"11004";"76774";"11004";"71";"1";"1";"7";"6";"0";"1";"2";"1";"0"
"11061";"76958";"11061";"71";"1";"1";"1";"6";"1";"0";"1";"2";"0"
"11099";"78324";"11099";"71";"3";"2";"1";"6";"0";"1";"1";"1";"0"
"11107";"78329";"11107";"71";"1";"1";"7";"6";"0";"1";"1";"1";"0"
"11140";"78425";"11140";"71";"1";"3";"2";"6";"0";"1";"1";"1";"0"
"11154";"78456";"11154";"71";"1";"3";"2";"6";"0";"1";"1";"1";"0"
"11155";"78456";"11155";"71";"1";"3";"2";"6";"0";"1";"1";"1";"0"
"11167";"78494";"11167";"71";"1";"1";"7";"6";"0";"2";"0";"1";"0"
"11169";"78497";"11169";"71";"1";"1";"7";"6";"1";"0";"1";"2";"0"
"11172";"78506";"11172";"71";"1";"1";"7";"6";"1";"0";"1";"2";"0"
"11184";"78538";"11184";"71";"1";"1";"7";"9";"0";"1";"0";"1";"0"
"11202";"78580";"11202";"71";"1";"3";"1";"6";"0";"1";"1";"1";"0"
"11204";"78615";"11204";"71";"1";"1";"7";"6";"0";"1";"1";"1";"0"
"11231";"78716";"11231";"71";"1";"1";"7";"6";"1";"0";"1";"2";"0"
"11232";"78716";"11232";"71";"1";"1";"7";"6";"0";"1";"1";"1";"0"
"11283";"79429";"11283";"71";"1";"1";"7";"6";"0";"1";"1";"1";"0"
"11285";"79431";"11285";"71";"1";"1";"7";"6";"0";"0";"1";"3";"0"
"11289";"79445";"11289";"71";"2";"1";"7";"6";"0";"1";"1";"1";"0"
"11291";"79449";"11291";"71";"1";"1";"7";"6";"1";"0";"1";"2";"0"
"11299";"79453";"11299";"71";"3";"1";"7";"6";"1";"0";"1";"2";"0"
"11300";"79453";"11300";"71";"1";"1";"1";"6";"1";"0";"1";"2";"0"
"11301";"79453";"11301";"71";"1";"3";"2";"6";"0";"0";"1";"3";"0"
"11307";"79454";"11307";"71";"2";"3";"2";"6";"1";"0";"1";"2";"0"
"11309";"79455";"11309";"71";"3";"1";"7";"6";"1";"0";"1";"2";"0"
"11310";"79458";"11310";"71";"3";"1";"7";"6";"1";"0";"1";"2";"0"
"11312";"79482";"11312";"71";"1";"1";"7";"6";"0";"1";"1";"1";"0"
"11315";"79494";"11315";"71";"1";"1";"7";"6";"1";"0";"1";"2";"0"
"11352";"79728";"11352";"71";"1";"1";"7";"6";"0";"1";"1";"1";"0"
"11353";"79730";"11353";"71";"3";"1";"7";"6";"1";"0";"1";"2";"0"
"11377";"80466";"11377";"71";"1";"1";"7";"6";"0";"1";"1";"1";"0"
"11387";"80491";"11387";"71";"1";"1";"7";"6";"0";"1";"1";"1";"0"
"11389";"80493";"11389";"71";"3";"1";"7";"6";"0";"1";"1";"1";"0"
"11407";"80646";"11407";"71";"3";"1";"1";"6";"0";"2";"1";"1";"0"
"11411";"80648";"11411";"71";"3";"3";"1";"6";"0";"1";"1";"1";"0"
"11415";"80650";"11415";"71";"1";"1";"1";"6";"0";"1";"1";"1";"0"
"11417";"80650";"11417";"71";"3";"2";"1";"6";"1";"0";"1";"2";"0"
"11423";"80652";"11423";"71";"1";"1";"7";"6";"0";"1";"1";"1";"0"
"11433";"80654";"11433";"71";"1";"1";"7";"6";"0";"1";"1";"1";"0"
"11436";"80655";"11436";"71";"1";"3";"1";"7";"0";"0";"1";"3";"0"
"11439";"80657";"11439";"71";"1";"1";"1";"6";"0";"1";"1";"1";"0"
"11442";"80662";"11442";"71";"1";"4";"2";"6";"1";"0";"1";"2";"0"
"11447";"80679";"11447";"71";"1";"1";"7";"6";"0";"1";"1";"1";"0"
"11495";"80890";"11495";"71";"1";"3";"1";"6";"0";"1";"1";"1";"0"
"11501";"80913";"11501";"71";"1";"1";"7";"6";"0";"1";"1";"1";"0"
"11506";"80938";"11506";"71";"3";"1";"7";"5";"1";"0";"1";"2";"0"
"11508";"80940";"11508";"71";"1";"1";"7";"6";"0";"1";"1";"1";"0"
"11535";"81017";"11535";"71";"3";"1";"1";"6";"0";"1";"2";"1";"0"
"11538";"81018";"11538";"71";"3";"1";"1";"6";"0";"1";"1";"1";"0"
"11539";"81018";"11539";"71";"1";"1";"7";"6";"0";"0";"1";"0";"0"
"11540";"81018";"11540";"71";"1";"1";"7";"6";"0";"2";"0";"1";"0"
"11549";"81045";"11549";"71";"1";"1";"7";"6";"0";"1";"1";"1";"0"
"11553";"81047";"11553";"71";"3";"1";"7";"6";"0";"1";"1";"1";"0"
"11554";"81048";"11554";"71";"3";"1";"1";"6";"1";"0";"1";"2";"0"
"11555";"81049";"11555";"71";"1";"1";"7";"6";"1";"0";"0";"2";"0"
"11556";"81053";"11556";"71";"1";"1";"7";"6";"0";"1";"1";"1";"0"
"11579";"81105";"11579";"71";"1";"1";"7";"4";"0";"1";"1";"1";"0"
"11586";"81115";"11586";"71";"1";"3";"1";"6";"0";"0";"1";"3";"0"
"11588";"81115";"11588";"71";"3";"1";"7";"6";"0";"1";"1";"1";"0"
"11590";"81118";"11590";"71";"2";"2";"2";"6";"1";"0";"1";"2";"0"
"11597";"81118";"11597";"71";"1";"3";"1";"6";"0";"1";"1";"1";"0"
"11616";"81152";"11616";"71";"1";"1";"7";"6";"0";"1";"1";"1";"0"
"11675";"81293";"11675";"71";"1";"1";"7";"6";"0";"1";"1";"1";"0"
"11679";"81298";"1228";"71";"1";"1";"7";"6";"0";"1";"1";"1";"0"
"11680";"81299";"11680";"71";"1";"1";"7";"6";"1";"0";"1";"2";"0"
"11686";"81303";"11686";"71";"1";"1";"7";"6";"0";"1";"1";"1";"0"
"11694";"81341";"11694";"71";"1";"1";"7";"6";"1";"0";"1";"2";"0"
"11710";"81379";"11710";"71";"1";"1";"7";"6";"1";"0";"1";"2";"0"
"11717";"81410";"11717";"71";"3";"1";"7";"6";"0";"1";"1";"1";"0"
"11721";"81426";"11721";"71";"1";"1";"7";"4";"0";"1";"1";"1";"0"
"11725";"81468";"11725";"71";"2";"1";"7";"6";"0";"1";"0";"1";"0"
"11730";"81477";"11730";"71";"1";"1";"7";"6";"1";"0";"1";"3";"0"
"11756";"81554";"11756";"71";"1";"1";"7";"4";"0";"1";"1";"1";"0"
"11758";"81558";"11758";"71";"1";"1";"7";"6";"0";"1";"1";"1";"0"
"11775";"81606";"11775";"71";"1";"1";"7";"6";"0";"1";"1";"1";"0"
"11780";"81610";"11780";"71";"1";"1";"7";"6";"1";"0";"1";"2";"0"
"11785";"81610";"11785";"71";"1";"1";"7";"6";"0";"1";"1";"1";"0"
"11818";"81884";"11818";"71";"1";"1";"7";"6";"0";"1";"1";"1";"0"
"11820";"81884";"11820";"71";"3";"3";"1";"4";"0";"2";"0";"1";"0"
"11834";"81978";"11834";"71";"1";"1";"7";"6";"0";"1";"1";"1";"0"
"11835";"81978";"11835";"71";"3";"1";"7";"6";"0";"1";"1";"1";"0"
"11836";"81979";"11836";"71";"1";"1";"7";"6";"0";"2";"1";"1";"0"
"11845";"82428";"11845";"71";"1";"1";"2";"6";"1";"0";"1";"2";"0"
"11879";"82629";"11879";"71";"1";"1";"7";"6";"1";"0";"1";"2";"0"
"11932";"83493";"11932";"71";"1";"1";"7";"6";"0";"1";"1";"1";"0"
"11934";"83550";"11934";"71";"1";"3";"2";"6";"0";"1";"1";"1";"0"
"11965";"90005";"11454";"71";"3";"1";"7";"6";"0";"1";"1";"1";"0"
"12013";"90111";"12013";"71";"1";"3";"1";"4";"1";"0";"1";"2";"0"
"12023";"90142";"12023";"71";"1";"1";"7";"6";"0";"1";"1";"1";"0"
"12058";"90208";"12058";"71";"1";"3";"1";"6";"0";"1";"1";"1";"0"
"12061";"90208";"12061";"71";"1";"3";"1";"6";"0";"1";"1";"1";"0"
"12063";"90211";"12063";"71";"1";"1";"7";"6";"0";"1";"1";"1";"0"
"12066";"90212";"12066";"71";"1";"1";"7";"4";"0";"1";"0";"1";"0"
"12069";"90215";"12069";"71";"1";"1";"7";"6";"0";"1";"1";"1";"0"
"12082";"90252";"12082";"71";"3";"1";"7";"6";"0";"1";"0";"1";"0"
"12084";"90253";"12084";"71";"1";"1";"7";"6";"0";"1";"1";"1";"0"
"12097";"90269";"12097";"71";"3";"1";"2";"6";"0";"1";"1";"1";"0"
"12104";"90273";"12104";"71";"4";"1";"7";"6";"0";"1";"1";"1";"0"
"12107";"90273";"12107";"71";"3";"3";"1";"6";"0";"1";"1";"1";"0"
"12121";"90280";"12121";"71";"1";"1";"7";"6";"0";"1";"1";"1";"0"
"12122";"90281";"12122";"71";"3";"1";"7";"6";"0";"1";"1";"1";"0"
"12124";"90281";"12124";"71";"1";"1";"7";"6";"0";"1";"1";"1";"0"
"12149";"90308";"12149";"71";"1";"1";"7";"6";"0";"0";"1";"3";"0"
"12150";"90308";"12150";"71";"3";"3";"2";"6";"1";"0";"1";"2";"0"
"12158";"90309";"12158";"71";"2";"1";"7";"6";"1";"0";"1";"2";"0"
"12159";"90310";"8258";"71";"3";"3";"2";"6";"1";"0";"1";"2";"0"
"12175";"90332";"12175";"71";"1";"3";"2";"6";"0";"1";"1";"1";"0"
"12180";"90332";"12180";"71";"3";"4";"3";"6";"1";"0";"1";"2";"0"
"12186";"90332";"12186";"71";"3";"2";"1";"6";"0";"0";"1";"3";"0"
"12189";"90332";"12189";"71";"1";"1";"7";"6";"0";"0";"1";"3";"0"
"12207";"90335";"12207";"71";"3";"1";"7";"6";"0";"1";"1";"1";"0"
"12209";"90335";"12209";"71";"1";"1";"7";"6";"0";"1";"1";"1";"0"
"12242";"90434";"12242";"71";"1";"1";"1";"6";"0";"1";"1";"1";"0"
"12265";"90472";"12265";"71";"1";"1";"7";"6";"0";"1";"1";"1";"0"
"12268";"90473";"12268";"71";"3";"1";"7";"6";"0";"1";"1";"1";"0"
"12274";"90479";"12274";"71";"3";"3";"2";"6";"0";"0";"1";"3";"0"
"12275";"90479";"12275";"71";"1";"1";"7";"6";"0";"1";"1";"1";"0"
"12302";"90572";"12302";"71";"1";"1";"7";"6";"0";"1";"1";"1";"0"
"12310";"90610";"12310";"71";"1";"1";"7";"6";"0";"1";"1";"1";"0"
"12331";"90650";"12331";"71";"3";"1";"7";"6";"0";"1";"1";"1";"0"
"12350";"90706";"12350";"71";"1";"1";"7";"6";"1";"0";"1";"2";"0"
"12357";"90737";"12357";"71";"3";"1";"7";"6";"0";"1";"1";"1";"0"
"12370";"90770";"12370";"71";"1";"1";"7";"6";"0";"1";"1";"1";"0"
"12375";"90772";"12375";"71";"3";"2";"2";"6";"0";"1";"1";"1";"0"
"12377";"90774";"12377";"71";"1";"1";"7";"6";"1";"0";"1";"2";"0"
"12387";"90786";"12387";"71";"1";"1";"7";"6";"0";"1";"1";"1";"0"
"12391";"90792";"12391";"71";"1";"1";"7";"6";"0";"1";"1";"1";"0"
"12399";"90806";"12399";"71";"1";"1";"7";"6";"0";"1";"1";"1";"0"
"12417";"90838";"12417";"71";"1";"3";"1";"6";"0";"1";"1";"1";"0"
"12418";"90838";"12418";"71";"1";"1";"7";"6";"0";"2";"1";"1";"0"
"12442";"67642304";"12442";"71";"2";"6";"1";"6";"1";"0";"1";"2";"0"
"12481";"67652108";"12481";"71";"1";"1";"7";"6";"0";"1";"1";"1";"0"
"12485";"67653107";"12485";"71";"1";"1";"7";"8";"0";"1";"1";"1";"0"
"12497";"67656205";"12497";"71";"1";"1";"7";"6";"0";"1";"1";"1";"0"
"12570";"70692310";"12570";"71";"1";"1";"7";"6";"1";"0";"1";"2";"0"
"12589";"70805503";"12589";"71";"3";"1";"7";"6";"1";"0";"1";"2";"0"
"12590";"70811405";"12590";"71";"3";"1";"7";"6";"0";"1";"1";"3";"0"
"12621";"70815507";"12621";"71";"3";"1";"1";"6";"0";"0";"1";"3";"0"
"12622";"70816102";"12622";"71";"2";"1";"7";"6";"0";"1";"1";"1";"0"
"12623";"70816102";"12623";"71";"1";"1";"7";"6";"1";"0";"1";"2";"0"
"12652";"70817406";"12652";"71";"1";"1";"7";"6";"0";"1";"1";"1";"0"
"12683";"70825104";"12683";"71";"2";"1";"7";"6";"1";"0";"1";"2";"0"
"12692";"70825404";"12692";"71";"3";"3";"2";"6";"1";"0";"1";"2";"0"
"12696";"70825404";"12696";"71";"1";"1";"7";"6";"1";"0";"1";"2";"0"
"12716";"70826308";"12716";"71";"1";"1";"7";"6";"1";"0";"1";"2";"0"
"12790";"71803303";"12790";"71";"1";"1";"7";"6";"0";"1";"1";"1";"0"
"12809";"71811410";"12809";"71";"1";"1";"7";"6";"1";"0";"1";"2";"0"
"12813";"71811410";"12813";"71";"3";"1";"7";"6";"0";"1";"1";"1";"0"