"accident_id";"lieu_id";"date_id";"cause_id";"lum_id";"intemp_id";"etat_surface_id";"impliq_id";"nb_blesses_graves";"nb_blesses_legers";"nb_indemnes";"gravite";"nb_morts"
"12815";"71811504";"12815";"71";"1";"3";"2";"6";"0";"1";"1";"1";"0"
"12820";"71811508";"12820";"71";"1";"1";"7";"6";"1";"0";"1";"2";"0"
"12830";"71812502";"12830";"71";"1";"1";"7";"6";"0";"1";"1";"1";"0"
"12871";"71814510";"12871";"71";"3";"2";"2";"6";"0";"1";"1";"1";"0"
"12873";"71814510";"12873";"71";"1";"1";"7";"6";"0";"1";"1";"1";"0"
"12883";"71821104";"12883";"71";"3";"3";"2";"6";"1";"0";"1";"2";"0"
"12886";"71821104";"12886";"71";"1";"1";"7";"6";"1";"0";"1";"2";"0"
"12895";"71821106";"12895";"71";"3";"2";"1";"6";"1";"0";"1";"2";"0"
"12982";"71825108";"12982";"71";"3";"1";"7";"6";"0";"1";"1";"1";"0"
"12990";"71826106";"12990";"71";"3";"1";"7";"6";"0";"1";"1";"1";"0"
"12999";"71826110";"12999";"71";"1";"1";"7";"6";"1";"0";"1";"2";"0"
"13001";"71827103";"13001";"71";"1";"1";"7";"6";"0";"1";"1";"1";"0"
"13031";"71833212";"13031";"71";"1";"1";"7";"6";"0";"1";"1";"1";"0"
"13040";"71842107";"13040";"71";"2";"1";"7";"6";"0";"1";"1";"1";"0"
"13049";"72674404";"13049";"71";"2";"1";"7";"8";"0";"1";"1";"1";"0"
"13054";"72683104";"13054";"71";"3";"1";"7";"6";"0";"1";"1";"1";"0"
"13089";"72822318";"13089";"71";"1";"1";"7";"6";"0";"1";"1";"1";"0"
"13096";"72823307";"13096";"71";"1";"1";"7";"6";"1";"0";"1";"2";"0"
"13097";"72823307";"13097";"71";"3";"1";"7";"6";"1";"0";"1";"2";"0"
"13104";"72825305";"13104";"71";"1";"1";"7";"6";"0";"1";"1";"1";"0"
"13119";"72836202";"13119";"71";"1";"1";"7";"6";"1";"0";"1";"2";"0"
"13124";"73684309";"13124";"71";"1";"1";"7";"6";"0";"1";"2";"1";"0"
"13125";"73684309";"13125";"71";"1";"1";"7";"6";"1";"0";"1";"2";"0"
"13128";"73695106";"13128";"71";"3";"1";"7";"6";"0";"1";"1";"1";"0"
"13131";"73697204";"13131";"71";"1";"1";"7";"6";"1";"0";"1";"2";"0"
"13148";"73791401";"13148";"71";"1";"3";"1";"6";"0";"0";"1";"3";"0"
"13162";"73794104";"13162";"71";"1";"1";"1";"7";"1";"0";"1";"2";"0"
"13182";"74694202";"13182";"71";"1";"1";"7";"6";"1";"0";"1";"2";"0"
"13350";"75777301";"13350";"71";"1";"1";"7";"6";"0";"1";"1";"1";"0"
"13352";"75786201";"13352";"71";"3";"1";"7";"6";"1";"0";"1";"2";"0"
"13370";"75794511";"13370";"71";"1";"1";"7";"6";"0";"1";"1";"1";"0"
"13421";"75807206";"13421";"71";"1";"1";"7";"6";"0";"1";"1";"1";"0"
"13423";"75807208";"13423";"71";"1";"1";"7";"6";"0";"1";"2";"1";"0"
"13458";"76726504";"13458";"71";"1";"1";"7";"6";"0";"1";"1";"1";"0"
"13510";"76734502";"13510";"71";"3";"1";"7";"5";"0";"3";"0";"1";"0"
"13537";"76746404";"13537";"71";"1";"1";"7";"6";"1";"0";"1";"2";"0"
"13553";"76753301";"13553";"71";"1";"1";"7";"6";"0";"1";"2";"1";"0"
"13623";"76774307";"13623";"71";"1";"1";"7";"6";"0";"1";"1";"1";"0"
"13638";"76774405";"13638";"71";"3";"1";"7";"6";"0";"1";"0";"1";"0"
"13648";"76774506";"13648";"71";"1";"2";"1";"6";"0";"1";"1";"1";"0"
"13694";"76847502";"13694";"71";"3";"3";"2";"6";"0";"0";"1";"3";"0"
"13814";"77734514";"13814";"71";"1";"3";"2";"6";"0";"1";"1";"1";"0"
"13817";"77735110";"13817";"71";"1";"1";"7";"6";"0";"1";"1";"1";"0"
"13847";"77736407";"13847";"71";"1";"1";"7";"6";"0";"1";"1";"1";"0"
"13900";"77743104";"13900";"71";"1";"1";"7";"6";"0";"1";"1";"1";"0"
"13908";"77744210";"13908";"71";"1";"1";"7";"6";"1";"0";"1";"2";"0"
"13910";"77744210";"13910";"71";"3";"6";"1";"6";"0";"1";"1";"1";"0"
"13933";"77745107";"13933";"71";"1";"1";"7";"6";"0";"1";"1";"1";"0"
"13956";"77747114";"13956";"71";"1";"1";"7";"6";"0";"1";"1";"1";"0"
"13966";"77747205";"13966";"71";"1";"1";"7";"6";"0";"1";"1";"1";"0"
"13969";"77747309";"13969";"71";"1";"1";"7";"6";"1";"0";"1";"2";"0"
"13975";"77752502";"13975";"71";"1";"6";"7";"6";"0";"1";"1";"1";"0"
"13982";"77752507";"13982";"71";"1";"1";"7";"6";"0";"1";"1";"1";"0"
"13996";"77755501";"13996";"71";"1";"1";"7";"5";"1";"2";"0";"2";"0"
"14018";"77762104";"14018";"71";"2";"7";"2";"6";"0";"0";"1";"3";"0"
"14019";"77762109";"14019";"71";"1";"3";"1";"6";"0";"1";"1";"1";"0"
"14073";"77765304";"14073";"71";"1";"3";"2";"6";"0";"1";"1";"1";"0"
"14075";"77765402";"14075";"71";"1";"1";"7";"6";"0";"1";"1";"1";"0"
"14161";"77772505";"14161";"71";"1";"1";"2";"6";"0";"1";"1";"1";"0"
"14163";"77772509";"14163";"71";"1";"3";"2";"3";"0";"1";"1";"1";"0"
"14207";"77776305";"14207";"71";"1";"3";"1";"6";"0";"1";"1";"1";"0"
"14215";"77776305";"14215";"71";"1";"1";"7";"6";"0";"1";"1";"1";"0"
"14222";"77776305";"14222";"71";"3";"1";"7";"6";"0";"1";"1";"1";"0"
"14226";"77776305";"14226";"71";"3";"1";"7";"6";"0";"1";"1";"1";"0"
"14228";"77776310";"14228";"71";"1";"1";"7";"6";"0";"1";"1";"1";"0"
"14231";"77776310";"14231";"71";"1";"1";"7";"6";"0";"1";"1";"1";"0"
"14258";"77777206";"14258";"71";"1";"1";"7";"6";"0";"1";"1";"1";"0"
"14340";"77901408";"14340";"71";"1";"1";"7";"6";"0";"1";"1";"1";"0"
"14376";"77903504";"14376";"71";"1";"1";"1";"6";"0";"1";"1";"1";"0"
"14393";"77904407";"14393";"71";"1";"1";"7";"6";"1";"0";"1";"2";"0"
"23953";"85813205";"23953";"71";"3";"1";"7";"6";"0";"1";"1";"1";"0"
"24013";"85814405";"24013";"71";"1";"1";"7";"9";"0";"1";"1";"1";"0"
"24018";"85814502";"24018";"71";"1";"1";"7";"6";"0";"1";"1";"1";"0"
"24147";"85821307";"24147";"71";"3";"3";"1";"6";"0";"1";"1";"1";"0"
"24148";"85821307";"24148";"71";"3";"1";"7";"6";"0";"1";"1";"1";"0"
"24184";"85822403";"24184";"71";"1";"1";"7";"6";"0";"1";"1";"1";"0"
"24185";"85822404";"24185";"71";"1";"1";"7";"6";"0";"1";"1";"1";"0"
"24200";"85822406";"24200";"71";"1";"1";"7";"4";"0";"1";"1";"1";"0"
"24223";"85823109";"24223";"71";"1";"1";"7";"6";"0";"1";"0";"1";"0"
"24228";"85823201";"24228";"71";"1";"1";"7";"6";"0";"1";"1";"1";"0"
"24249";"85823307";"24249";"71";"1";"1";"7";"6";"0";"1";"1";"1";"0"
"24252";"85823501";"24252";"71";"1";"1";"7";"6";"0";"1";"1";"1";"0"
"24282";"85824202";"24282";"71";"1";"1";"7";"6";"0";"1";"1";"1";"0"
"24352";"85825403";"24352";"71";"3";"1";"7";"5";"0";"1";"1";"1";"0"
"24355";"85825506";"24355";"71";"1";"1";"7";"6";"0";"1";"1";"1";"0"
"24404";"85826204";"24404";"71";"5";"1";"7";"4";"0";"1";"1";"1";"0"
"24405";"85826205";"24405";"71";"1";"1";"7";"6";"1";"0";"2";"2";"0"
"24407";"85826205";"24407";"71";"3";"1";"7";"4";"0";"1";"1";"1";"0"
"24423";"85826303";"24423";"71";"1";"1";"7";"6";"0";"1";"1";"1";"0"
"24429";"85826303";"24429";"71";"3";"1";"7";"6";"0";"1";"1";"1";"0"
"24441";"85826505";"24441";"71";"1";"1";"7";"6";"0";"2";"1";"1";"0"
"24463";"85827204";"24463";"71";"1";"1";"7";"6";"0";"1";"1";"1";"0"
"24516";"85831201";"24516";"71";"1";"1";"7";"6";"0";"1";"2";"1";"0"
"24582";"85833301";"24582";"71";"1";"1";"7";"6";"0";"1";"1";"1";"0"
"24586";"85833301";"19672";"71";"3";"1";"7";"5";"0";"1";"1";"1";"0"
"24659";"85834308";"24659";"71";"1";"1";"7";"6";"0";"1";"1";"1";"0"
"24673";"85834308";"24673";"71";"3";"1";"7";"6";"0";"1";"1";"1";"0"
"24694";"85835207";"24694";"71";"3";"1";"7";"6";"0";"2";"1";"1";"0"
"24707";"85835212";"24707";"71";"3";"1";"7";"6";"0";"0";"1";"3";"0"
"24737";"85835303";"24737";"71";"1";"1";"7";"6";"0";"1";"1";"1";"0"
"24745";"85835401";"24745";"71";"1";"3";"2";"6";"0";"1";"1";"1";"0"
"24746";"85835401";"24746";"71";"1";"1";"7";"6";"0";"1";"1";"1";"0"
"24748";"85835401";"24748";"71";"1";"1";"7";"6";"0";"1";"1";"1";"0"
"24755";"85835405";"24755";"71";"1";"1";"7";"6";"1";"0";"1";"2";"0"
"24796";"85836106";"24796";"71";"1";"1";"7";"6";"0";"1";"2";"1";"0"
"24797";"85836301";"24797";"71";"1";"1";"7";"6";"0";"1";"1";"1";"0"
"24814";"85836404";"24814";"71";"1";"1";"7";"6";"0";"1";"1";"1";"0"
"24815";"85836404";"24815";"71";"1";"1";"7";"6";"0";"1";"1";"1";"0"
"24823";"85836503";"24823";"71";"1";"2";"1";"6";"0";"1";"1";"1";"0"
"24863";"85837507";"24863";"71";"1";"3";"1";"6";"0";"1";"1";"1";"0"
"24874";"85841406";"24874";"71";"1";"1";"7";"6";"0";"1";"1";"1";"0"
"24881";"85841407";"24881";"71";"1";"1";"3";"6";"0";"2";"1";"1";"0"
"24893";"85841501";"24893";"71";"1";"1";"7";"6";"0";"1";"1";"1";"0"
"24897";"85841506";"24897";"71";"3";"1";"2";"6";"1";"0";"1";"2";"0"
"24909";"85841506";"24909";"71";"1";"1";"7";"6";"1";"0";"1";"2";"0"
"24910";"85841506";"24910";"71";"1";"1";"1";"6";"0";"1";"1";"1";"0"
"24914";"85841506";"24914";"71";"1";"1";"7";"6";"1";"0";"1";"2";"0"
"24964";"85843103";"24964";"71";"1";"1";"7";"6";"0";"1";"1";"1";"0"
"25026";"85845203";"25026";"71";"1";"1";"7";"4";"0";"2";"0";"1";"0"
"25090";"85846101";"25090";"71";"1";"1";"7";"6";"1";"0";"0";"2";"0"
"25117";"85847106";"25117";"71";"1";"1";"7";"6";"0";"1";"1";"1";"0"
"25155";"85851303";"25155";"71";"1";"1";"7";"4";"0";"2";"1";"1";"0"
"25192";"85851401";"25192";"71";"1";"1";"7";"6";"0";"1";"1";"1";"0"
"25264";"85852201";"25264";"71";"1";"1";"7";"6";"0";"1";"1";"1";"0"
"25276";"85852402";"25276";"71";"1";"1";"1";"7";"0";"1";"1";"1";"0"
"25292";"85852410";"25292";"71";"3";"2";"2";"6";"0";"1";"1";"1";"0"
"25320";"85853405";"25320";"71";"1";"1";"7";"6";"0";"1";"1";"1";"0"
"25335";"85854104";"25335";"71";"1";"1";"7";"6";"1";"0";"1";"2";"0"
"25345";"85854106";"25345";"71";"2";"1";"7";"6";"0";"1";"1";"1";"0"
"25354";"85854201";"25354";"71";"1";"1";"7";"6";"0";"1";"1";"1";"0"
"25448";"85861101";"25448";"71";"1";"1";"7";"6";"1";"0";"1";"2";"0"
"25449";"85861102";"25449";"71";"1";"1";"7";"8";"0";"1";"1";"1";"0"
"25456";"85861104";"25456";"71";"1";"1";"7";"6";"0";"1";"1";"1";"0"
"25457";"85861104";"25457";"71";"1";"1";"7";"6";"0";"1";"1";"1";"0"
"25461";"85861107";"25461";"71";"1";"1";"7";"6";"0";"1";"1";"1";"0"
"25469";"85861204";"25469";"71";"1";"1";"7";"8";"0";"1";"1";"1";"0"
"25473";"85861205";"25473";"71";"1";"1";"7";"6";"0";"1";"1";"1";"0"
"25485";"85861211";"25485";"71";"1";"1";"7";"4";"0";"1";"1";"1";"0"
"25488";"85861211";"25488";"71";"1";"1";"7";"6";"1";"0";"1";"2";"0"
"25493";"85861302";"25493";"71";"2";"2";"2";"6";"0";"1";"1";"1";"0"
"25494";"85861302";"25494";"71";"1";"1";"7";"4";"1";"1";"0";"2";"0"
"25523";"85862101";"25523";"71";"1";"1";"1";"6";"1";"0";"1";"2";"0"
"25532";"85862101";"25532";"71";"1";"1";"2";"6";"0";"2";"1";"1";"0"
"25547";"85862201";"25547";"71";"1";"1";"7";"4";"0";"1";"1";"1";"0"
"25548";"85862201";"25548";"71";"1";"3";"1";"6";"0";"1";"1";"1";"0"
"25563";"85862320";"25563";"71";"1";"1";"7";"6";"0";"1";"1";"1";"0"
"25571";"85862503";"25571";"71";"1";"1";"7";"5";"0";"2";"0";"1";"0"
"25598";"85863402";"25598";"71";"2";"1";"7";"5";"0";"2";"0";"1";"0"
"25638";"85864204";"25638";"71";"3";"1";"2";"5";"0";"1";"1";"1";"0"
"25651";"85864401";"25651";"71";"1";"1";"7";"6";"1";"0";"1";"2";"0"
"25682";"85865103";"25682";"71";"1";"1";"7";"6";"1";"0";"1";"2";"0"
"25683";"85865205";"25683";"71";"1";"1";"7";"4";"0";"2";"0";"1";"0"
"25730";"85865505";"25730";"71";"1";"1";"7";"6";"0";"1";"1";"1";"0"
"25733";"85866103";"25733";"71";"3";"3";"1";"6";"0";"1";"1";"1";"0"
"25766";"85867502";"25766";"71";"1";"1";"7";"6";"0";"1";"1";"1";"0"
"25767";"85867502";"25767";"71";"2";"1";"1";"6";"0";"1";"1";"1";"0"
"25771";"85867502";"25771";"71";"1";"1";"7";"6";"0";"1";"1";"1";"0"
"25772";"85871109";"25772";"71";"3";"2";"2";"6";"0";"1";"1";"1";"0"
"25783";"85871202";"25783";"71";"1";"1";"7";"4";"0";"2";"0";"1";"0"
"25793";"85871206";"25793";"71";"3";"4";"1";"6";"0";"1";"1";"1";"0"
"25807";"85871308";"25807";"71";"1";"3";"1";"6";"0";"1";"1";"1";"0"
"25831";"85872306";"25831";"71";"1";"1";"7";"5";"1";"0";"1";"2";"0"
"25838";"85872401";"25838";"71";"1";"3";"1";"6";"0";"1";"1";"1";"0"
"25853";"85873104";"25853";"71";"3";"1";"7";"6";"0";"1";"1";"1";"0"
"25855";"85873105";"25855";"71";"1";"1";"7";"6";"1";"0";"1";"2";"0"
"25865";"85873205";"25865";"71";"1";"1";"7";"6";"0";"1";"1";"1";"0"
"25868";"85873305";"25868";"71";"1";"1";"7";"6";"0";"1";"1";"1";"0"
"25893";"85874105";"25893";"71";"2";"1";"7";"6";"1";"0";"1";"2";"0"
"25906";"85874401";"25906";"71";"3";"1";"1";"6";"1";"0";"1";"2";"0"
"25939";"85874508";"25939";"71";"1";"1";"7";"6";"0";"1";"1";"1";"0"
"25943";"85875102";"25943";"71";"1";"1";"7";"6";"0";"1";"1";"1";"0"
"25966";"85876101";"20459";"71";"2";"1";"7";"6";"1";"0";"1";"2";"0"
"25980";"85876402";"3548";"71";"1";"1";"7";"6";"1";"0";"1";"2";"0"
"25994";"85876506";"25994";"71";"1";"1";"7";"6";"0";"1";"1";"1";"0"
"26004";"85877102";"26004";"71";"1";"2";"2";"6";"0";"1";"1";"1";"0"
"26072";"85883204";"26072";"71";"1";"1";"7";"6";"0";"1";"1";"1";"0"
"26077";"85883204";"26077";"71";"1";"1";"7";"6";"1";"0";"1";"2";"0"
"26099";"85887106";"26099";"71";"1";"1";"7";"6";"0";"1";"1";"1";"0"
"26100";"85887106";"26100";"71";"5";"3";"1";"6";"0";"1";"1";"1";"0"
"26207";"86785405";"26207";"71";"3";"3";"2";"6";"0";"1";"1";"1";"0"
"26211";"86786103";"26211";"71";"3";"1";"7";"6";"0";"1";"1";"1";"0"
"26258";"86797205";"26258";"71";"1";"1";"7";"6";"1";"0";"1";"2";"0"
"26316";"86802504";"26316";"71";"1";"1";"7";"6";"1";"0";"1";"2";"0"
"26502";"86807112";"26502";"71";"3";"3";"1";"6";"0";"1";"1";"1";"0"
"26550";"86811303";"26550";"71";"3";"3";"1";"6";"0";"1";"1";"1";"0"
"26565";"86812101";"11911";"71";"1";"1";"7";"6";"0";"1";"1";"1";"0"
"26578";"86812207";"8347";"71";"1";"1";"7";"6";"0";"1";"1";"1";"0"
"26581";"86812304";"26581";"71";"2";"1";"1";"6";"0";"1";"1";"1";"0"
"26596";"86812403";"26596";"71";"1";"1";"7";"6";"0";"1";"1";"1";"0"
"26636";"86813104";"26636";"71";"1";"1";"7";"6";"0";"1";"1";"1";"0"
"26678";"86813512";"26678";"71";"1";"1";"7";"4";"0";"2";"0";"1";"0"
"26680";"86813512";"26680";"71";"1";"4";"1";"6";"0";"1";"1";"1";"0"
"26817";"86817101";"26817";"71";"1";"1";"7";"6";"0";"1";"1";"1";"0"
"26829";"86817101";"26829";"71";"3";"3";"2";"6";"0";"2";"1";"1";"0"
"26831";"86817101";"26831";"71";"3";"3";"2";"6";"0";"1";"1";"1";"0"
"26879";"86817401";"26879";"71";"1";"1";"7";"6";"0";"1";"1";"1";"0"
"26883";"86817402";"26883";"71";"1";"1";"7";"6";"0";"1";"1";"1";"0"
"26886";"86817402";"26886";"71";"1";"1";"7";"6";"0";"1";"1";"1";"0"
"26889";"86817402";"26889";"71";"3";"1";"7";"6";"0";"1";"1";"1";"0"
"26935";"86821402";"26935";"71";"1";"1";"7";"4";"0";"1";"1";"1";"0"
"26947";"86821406";"26947";"71";"1";"1";"7";"6";"0";"1";"1";"1";"0"
"26948";"86821406";"26948";"71";"1";"3";"1";"6";"0";"1";"1";"1";"0"
"26957";"86821411";"26957";"71";"1";"1";"7";"6";"0";"1";"1";"1";"0"
"26966";"86821505";"26966";"71";"1";"1";"7";"6";"1";"2";"1";"2";"0"
"26967";"86821505";"26967";"71";"1";"1";"7";"4";"0";"2";"1";"1";"0"
"26975";"86821505";"26975";"71";"3";"1";"7";"6";"1";"0";"1";"2";"0"
"26998";"86822203";"26998";"71";"1";"1";"7";"6";"0";"1";"1";"1";"0"
"27027";"86822307";"27027";"71";"1";"1";"7";"4";"0";"1";"1";"1";"0"
"27029";"86822407";"27029";"71";"1";"1";"7";"6";"0";"1";"1";"1";"0"
"27048";"86822503";"27048";"71";"1";"1";"7";"6";"0";"1";"1";"1";"0"
"27093";"86823301";"27093";"71";"3";"1";"1";"6";"1";"0";"1";"2";"0"
"27101";"86823304";"27101";"71";"3";"3";"1";"6";"0";"1";"1";"1";"0"
"27106";"86823305";"24897";"71";"3";"3";"1";"6";"0";"1";"1";"1";"0"
"27120";"86823307";"27120";"71";"3";"1";"7";"6";"0";"1";"1";"1";"0"
"27125";"86823307";"27125";"71";"2";"1";"7";"4";"0";"1";"1";"1";"0"
"27132";"86823307";"27132";"71";"1";"1";"7";"3";"0";"0";"1";"3";"0"
"27137";"86823307";"27137";"71";"1";"1";"1";"6";"0";"1";"1";"1";"0"
"27204";"86824101";"27204";"71";"1";"3";"1";"6";"0";"1";"1";"1";"0"
"27210";"86824204";"27210";"71";"1";"3";"2";"6";"0";"1";"1";"1";"0"
"27229";"86824207";"27229";"71";"1";"1";"7";"6";"0";"1";"1";"1";"0"
"27254";"86824404";"27254";"71";"1";"1";"7";"6";"0";"1";"1";"1";"0"
"27277";"86824407";"27277";"71";"1";"1";"7";"6";"0";"1";"1";"1";"0"
"27280";"86824407";"27280";"71";"1";"3";"2";"6";"0";"1";"1";"1";"0"
"27310";"86825101";"27310";"71";"1";"1";"7";"6";"0";"1";"1";"1";"0"
"27331";"86825303";"27331";"71";"3";"1";"7";"6";"0";"1";"1";"1";"0"
"27337";"86825304";"27337";"71";"1";"3";"1";"6";"0";"1";"1";"1";"0"
"27342";"86825304";"27342";"71";"3";"3";"1";"6";"0";"1";"1";"1";"0"
"27351";"86825304";"27351";"71";"1";"1";"7";"6";"0";"1";"1";"1";"0"
"27415";"86826201";"27415";"71";"3";"1";"7";"6";"0";"1";"1";"1";"0"
"27417";"86826201";"27417";"71";"1";"1";"7";"6";"0";"1";"1";"1";"0"
"27423";"86826201";"27423";"71";"1";"1";"7";"6";"0";"1";"1";"1";"0"
"27450";"86826501";"27450";"71";"1";"1";"1";"6";"0";"1";"1";"1";"0"
"27453";"86826505";"27453";"71";"1";"1";"7";"6";"0";"1";"1";"1";"0"
"27465";"86827302";"27465";"71";"3";"1";"7";"6";"1";"0";"1";"2";"0"
"27490";"86827503";"27490";"71";"1";"3";"1";"6";"0";"1";"1";"1";"0"
"27614";"86832206";"27614";"71";"1";"1";"7";"6";"0";"1";"1";"1";"0"
"27619";"86832306";"27619";"71";"3";"2";"1";"6";"0";"1";"1";"1";"0"
"27633";"86832403";"27633";"71";"3";"1";"7";"4";"0";"2";"0";"1";"0"
"27683";"86833304";"27683";"71";"1";"1";"7";"6";"0";"1";"1";"1";"0"
"27746";"86834102";"27746";"71";"1";"1";"7";"6";"0";"1";"1";"1";"0"
"27765";"86834105";"27765";"71";"1";"3";"1";"6";"0";"1";"1";"1";"0"
"27794";"86834202";"27794";"71";"1";"1";"2";"6";"0";"1";"1";"1";"0"
"27806";"86834203";"27806";"71";"3";"1";"7";"6";"1";"0";"1";"2";"0"
"27810";"86834301";"27810";"71";"1";"1";"7";"6";"0";"1";"1";"1";"0"
"27836";"86835101";"27836";"71";"1";"1";"7";"6";"1";"0";"1";"2";"0"
"27901";"86836204";"27901";"71";"1";"1";"7";"6";"0";"1";"1";"1";"0"
"27918";"86836502";"27918";"71";"1";"2";"2";"6";"0";"1";"1";"1";"0"
"27981";"86842101";"27981";"71";"1";"1";"1";"6";"0";"1";"1";"1";"0"
"27982";"86842101";"27982";"71";"1";"1";"1";"6";"0";"1";"1";"1";"0"
"28046";"86844102";"28046";"71";"3";"1";"7";"6";"0";"1";"1";"1";"0"
"28190";"86847403";"28190";"71";"1";"1";"7";"6";"0";"1";"1";"1";"0"
"28201";"86847406";"28201";"71";"3";"3";"1";"6";"0";"1";"1";"1";"0"
"28245";"86852302";"28245";"71";"1";"1";"7";"6";"0";"1";"1";"1";"0"
"28257";"86855103";"28257";"71";"1";"1";"7";"6";"0";"1";"1";"1";"0"
"28295";"86856302";"28295";"71";"1";"1";"7";"6";"0";"1";"1";"1";"0"
"28298";"86857102";"28298";"71";"1";"1";"7";"6";"0";"1";"1";"1";"0"
"28301";"86857107";"28301";"71";"1";"1";"7";"6";"0";"1";"1";"1";"0"
"28305";"86857110";"28305";"71";"3";"3";"1";"6";"0";"1";"1";"1";"0"
"28327";"86861304";"28327";"71";"1";"1";"7";"6";"0";"1";"1";"1";"0"
"28424";"86871202";"28424";"71";"1";"1";"7";"6";"1";"0";"1";"2";"0"
"28429";"86871205";"28429";"71";"1";"1";"7";"6";"0";"1";"1";"1";"0"
"28489";"86873203";"28489";"71";"3";"1";"1";"6";"0";"1";"1";"1";"0"
"28497";"86873203";"28497";"71";"3";"1";"1";"6";"1";"0";"1";"2";"0"
"28522";"86874406";"28522";"71";"1";"3";"2";"6";"0";"1";"1";"1";"0"
"28523";"86874406";"28523";"71";"1";"1";"7";"6";"0";"1";"1";"1";"0"
"28549";"86876502";"28549";"71";"1";"1";"7";"6";"0";"1";"1";"1";"0"
"28551";"86876503";"28551";"71";"1";"1";"1";"6";"0";"1";"2";"1";"0"
"28584";"86883309";"28584";"71";"1";"1";"1";"7";"0";"0";"1";"3";"0"
"28632";"87793505";"28632";"71";"1";"1";"7";"6";"1";"0";"1";"2";"0"
"28653";"87797504";"28653";"71";"1";"3";"2";"6";"0";"2";"1";"1";"0"
"28657";"87797507";"28657";"71";"1";"1";"7";"6";"0";"1";"1";"1";"0"
"28665";"87801504";"28665";"71";"1";"3";"2";"6";"0";"1";"1";"1";"0"
"28753";"87803502";"28753";"71";"1";"1";"7";"4";"0";"1";"1";"1";"0"
"28808";"87806303";"28808";"71";"1";"1";"1";"6";"0";"1";"1";"1";"0"
"28824";"87807401";"9908";"71";"1";"3";"2";"6";"0";"1";"1";"1";"0"
"28849";"87811201";"28849";"71";"3";"3";"1";"6";"0";"1";"1";"1";"0"
"28934";"87811501";"28934";"71";"1";"1";"7";"6";"0";"1";"1";"1";"0"
"28936";"87811501";"28936";"71";"1";"1";"7";"6";"0";"1";"1";"1";"0"
"28949";"87812102";"28949";"71";"4";"1";"7";"6";"0";"1";"1";"1";"0"
"29055";"87813501";"29055";"71";"1";"1";"1";"6";"0";"1";"1";"1";"0"
"29093";"87821105";"29093";"71";"1";"1";"1";"6";"0";"1";"1";"1";"0"
"29102";"87821204";"29102";"71";"1";"1";"7";"6";"0";"1";"2";"1";"0"
"29117";"87821304";"29117";"71";"1";"1";"7";"6";"0";"1";"1";"1";"0"
"29125";"87821501";"29125";"71";"2";"1";"7";"6";"0";"1";"1";"1";"0"
"29133";"87821501";"29133";"71";"1";"1";"7";"6";"0";"1";"1";"1";"0"
"29148";"87822104";"19070";"71";"2";"1";"7";"6";"0";"1";"1";"1";"0"
"29152";"87822105";"29152";"71";"3";"1";"7";"6";"0";"1";"1";"1";"0"
"29163";"87822201";"29163";"71";"3";"1";"7";"6";"0";"1";"1";"1";"0"
"29211";"87824103";"29211";"71";"1";"1";"7";"6";"0";"1";"1";"1";"0"
"29286";"87833313";"29286";"71";"1";"1";"7";"6";"1";"0";"1";"2";"0"
"29301";"87833422";"29301";"71";"1";"1";"7";"6";"0";"1";"1";"1";"0"
"29353";"87835402";"29353";"71";"1";"1";"7";"5";"0";"1";"1";"1";"0"
"29369";"87836503";"29369";"71";"1";"1";"7";"6";"1";"0";"1";"2";"0"
"29374";"87836508";"29374";"71";"1";"1";"7";"6";"0";"1";"1";"1";"0"
"29385";"87837503";"29385";"71";"1";"1";"7";"6";"1";"0";"1";"2";"0"
"29393";"87837506";"29393";"71";"1";"1";"7";"6";"0";"1";"1";"1";"0"
"29417";"87842212";"29417";"71";"1";"1";"7";"6";"0";"2";"1";"1";"0"
"29532";"88793305";"29532";"71";"1";"1";"7";"4";"1";"0";"1";"2";"0"
"29719";"88844407";"29719";"71";"1";"1";"7";"4";"0";"2";"0";"1";"0"
"29745";"89762103";"29745";"71";"3";"4";"3";"6";"1";"0";"2";"2";"0"
"29759";"89812407";"29759";"71";"1";"1";"7";"6";"0";"1";"1";"1";"0"
"119";"634";"119";"71";"3";"1";"7";"6";"0";"2";"0";"3";"0"
"124";"694";"124";"71";"1";"1";"7";"6";"0";"1";"1";"1";"0"
"125";"694";"125";"71";"2";"1";"7";"6";"1";"0";"1";"2";"0"
"138";"701";"138";"71";"1";"1";"7";"6";"0";"1";"1";"1";"0"
"177";"824";"177";"71";"1";"1";"7";"6";"1";"0";"1";"2";"0"
"187";"835";"187";"71";"1";"1";"7";"6";"0";"1";"1";"1";"0"
"195";"838";"195";"71";"3";"1";"2";"6";"0";"1";"1";"1";"0"
"197";"840";"197";"71";"1";"1";"7";"6";"1";"0";"1";"2";"0"
"198";"841";"198";"71";"1";"1";"7";"6";"0";"1";"1";"1";"0"
"202";"844";"202";"71";"2";"1";"1";"5";"0";"2";"0";"1";"0"