"accident_id";"lieu_id";"date_id";"cause_id";"lum_id";"intemp_id";"etat_surface_id";"impliq_id";"nb_blesses_graves";"nb_blesses_legers";"nb_indemnes";"gravite";"nb_morts"
"216";"860";"216";"71";"1";"1";"7";"7";"1";"0";"1";"2";"0"
"226";"888";"226";"71";"1";"1";"7";"6";"1";"0";"1";"2";"0"
"228";"889";"228";"71";"1";"1";"7";"6";"1";"0";"1";"2";"0"
"237";"926";"237";"71";"1";"1";"7";"6";"0";"1";"1";"1";"0"
"254";"972";"254";"71";"1";"1";"7";"6";"0";"1";"1";"1";"0"
"262";"991";"262";"71";"1";"1";"7";"6";"1";"0";"1";"2";"0"
"266";"993";"266";"71";"1";"1";"7";"6";"0";"1";"1";"1";"0"
"297";"1197";"297";"71";"1";"1";"7";"6";"1";"0";"1";"2";"0"
"334";"1331";"334";"71";"1";"1";"7";"6";"0";"1";"1";"1";"0"
"347";"1384";"347";"71";"1";"1";"7";"6";"0";"1";"1";"1";"0"
"362";"1454";"362";"71";"1";"1";"7";"6";"0";"1";"1";"1";"0"
"378";"1476";"378";"71";"1";"1";"7";"6";"0";"1";"1";"1";"0"
"388";"1508";"388";"71";"1";"1";"7";"6";"0";"1";"1";"1";"0"
"392";"1606";"392";"71";"1";"1";"7";"6";"0";"1";"1";"1";"0"
"466";"3466";"466";"71";"1";"1";"7";"6";"0";"1";"1";"1";"0"
"467";"3468";"467";"71";"1";"1";"7";"6";"0";"1";"1";"1";"0"
"473";"3485";"473";"71";"1";"1";"7";"6";"1";"0";"1";"2";"0"
"494";"3534";"494";"71";"1";"1";"7";"6";"1";"0";"1";"2";"0"
"500";"3550";"500";"71";"3";"4";"3";"6";"0";"1";"1";"1";"0"
"501";"3550";"501";"71";"2";"3";"2";"6";"1";"0";"1";"2";"0"
"509";"3584";"509";"71";"1";"1";"7";"6";"0";"1";"1";"1";"0"
"510";"3584";"510";"71";"3";"3";"1";"6";"1";"0";"1";"2";"0"
"531";"3620";"531";"71";"3";"1";"7";"6";"1";"0";"1";"2";"0"
"533";"3621";"533";"71";"1";"1";"7";"6";"0";"0";"1";"3";"0"
"534";"3621";"534";"71";"3";"1";"7";"6";"1";"0";"1";"2";"0"
"536";"3636";"536";"71";"1";"1";"7";"6";"1";"0";"1";"2";"0"
"551";"3665";"551";"71";"1";"1";"7";"5";"1";"0";"1";"2";"0"
"558";"3683";"558";"71";"1";"1";"7";"6";"1";"0";"1";"2";"0"
"568";"3758";"568";"71";"1";"1";"7";"6";"0";"1";"1";"1";"0"
"576";"3836";"576";"71";"1";"1";"7";"6";"1";"0";"1";"2";"0"
"580";"3841";"580";"71";"3";"1";"1";"6";"1";"0";"1";"3";"0"
"608";"4052";"608";"71";"3";"1";"7";"6";"1";"0";"1";"2";"0"
"614";"4053";"614";"71";"1";"1";"7";"6";"0";"1";"1";"1";"0"
"642";"4880";"642";"71";"1";"3";"2";"6";"1";"0";"1";"2";"0"
"662";"5484";"662";"71";"1";"1";"7";"6";"1";"0";"2";"2";"0"
"666";"5506";"666";"71";"3";"3";"1";"7";"1";"0";"1";"2";"0"
"671";"5523";"671";"71";"1";"1";"7";"6";"0";"1";"2";"1";"0"
"672";"5523";"672";"71";"1";"1";"7";"6";"1";"0";"1";"2";"0"
"679";"5539";"679";"71";"1";"1";"7";"6";"1";"0";"4";"2";"0"
"699";"6924";"699";"71";"1";"1";"7";"6";"0";"1";"1";"1";"0"
"710";"6990";"710";"71";"1";"1";"7";"6";"0";"1";"1";"1";"0"
"731";"7093";"731";"71";"3";"1";"7";"6";"1";"0";"1";"2";"0"
"741";"7112";"741";"71";"3";"1";"7";"6";"0";"0";"1";"3";"0"
"766";"7179";"766";"71";"1";"1";"7";"6";"1";"0";"1";"2";"0"
"787";"7233";"787";"71";"3";"1";"7";"6";"0";"1";"1";"1";"0"
"795";"7646";"795";"71";"1";"1";"7";"6";"1";"0";"1";"2";"0"
"837";"8242";"837";"71";"1";"1";"7";"8";"0";"1";"1";"1";"0"
"856";"8280";"856";"71";"1";"3";"1";"6";"0";"1";"1";"1";"0"
"865";"8299";"865";"71";"1";"1";"7";"7";"1";"0";"1";"2";"0"
"927";"10461";"927";"71";"3";"1";"7";"6";"1";"0";"1";"2";"0"
"948";"10481";"948";"71";"1";"1";"7";"4";"0";"1";"1";"1";"0"
"961";"10540";"961";"71";"1";"1";"7";"6";"0";"0";"1";"3";"0"
"972";"11307";"972";"71";"1";"1";"7";"6";"0";"0";"1";"3";"0"
"994";"12075";"994";"71";"1";"1";"7";"6";"0";"1";"1";"1";"0"
"1009";"12172";"1009";"71";"1";"1";"7";"3";"1";"0";"1";"2";"0"
"1011";"12173";"1011";"71";"3";"1";"7";"2";"2";"0";"0";"2";"0"
"1012";"12176";"1012";"71";"1";"1";"7";"6";"0";"0";"1";"3";"0"
"1032";"12311";"1032";"71";"3";"1";"7";"6";"0";"1";"1";"1";"0"
"1033";"12313";"1033";"71";"3";"2";"2";"6";"0";"1";"1";"1";"0"
"1042";"12376";"1042";"71";"1";"1";"7";"6";"0";"1";"1";"1";"0"
"1078";"13129";"1078";"71";"3";"1";"7";"6";"0";"1";"1";"1";"0"
"1090";"13134";"1090";"71";"1";"1";"7";"8";"1";"0";"1";"2";"0"
"1107";"13287";"1107";"71";"1";"1";"7";"6";"0";"0";"1";"3";"0"
"1113";"13296";"1113";"71";"2";"7";"7";"6";"0";"1";"1";"1";"0"
"1123";"13313";"1123";"71";"1";"1";"7";"6";"0";"1";"1";"1";"0"
"1126";"13313";"1126";"71";"3";"1";"7";"6";"1";"0";"1";"2";"0"
"1129";"13313";"1129";"71";"3";"3";"1";"6";"1";"0";"1";"2";"0"
"1134";"13334";"1134";"71";"1";"3";"2";"6";"0";"1";"1";"1";"0"
"1139";"13334";"1139";"71";"2";"1";"7";"6";"1";"0";"1";"2";"0"
"1143";"13338";"1143";"71";"1";"1";"7";"6";"0";"1";"1";"1";"0"
"1146";"13339";"1146";"71";"1";"3";"1";"6";"0";"1";"1";"1";"0"
"1156";"13368";"1156";"71";"3";"1";"2";"6";"0";"0";"1";"3";"0"
"1166";"13408";"1166";"71";"1";"1";"7";"6";"0";"1";"1";"1";"0"
"1171";"13421";"1171";"71";"1";"1";"7";"6";"0";"1";"1";"1";"0"
"1175";"13422";"1175";"71";"3";"3";"1";"6";"0";"1";"1";"1";"0"
"1176";"13424";"1176";"71";"1";"3";"1";"6";"0";"1";"1";"1";"0"
"1177";"13426";"1177";"71";"3";"1";"7";"6";"1";"0";"1";"2";"0"
"1182";"13428";"1182";"71";"3";"3";"2";"6";"1";"0";"1";"2";"0"
"1194";"13430";"1194";"71";"1";"3";"2";"6";"0";"1";"1";"1";"0"
"1207";"13432";"1207";"71";"2";"1";"7";"5";"0";"2";"0";"1";"0"
"1210";"13433";"1210";"71";"1";"1";"1";"6";"0";"1";"1";"1";"0"
"1220";"13450";"1220";"71";"1";"1";"7";"6";"0";"1";"1";"1";"0"
"1221";"13456";"1221";"71";"1";"1";"7";"6";"0";"1";"1";"1";"0"
"1225";"13488";"1225";"71";"1";"1";"7";"4";"0";"2";"0";"1";"0"
"1231";"13546";"1231";"71";"1";"1";"7";"6";"0";"1";"1";"1";"0"
"1232";"13565";"1232";"71";"1";"1";"7";"4";"0";"1";"1";"1";"0"
"1233";"13568";"1233";"71";"1";"1";"7";"6";"0";"1";"1";"1";"0"
"1256";"13617";"1256";"71";"1";"2";"1";"6";"0";"1";"1";"1";"0"
"1266";"13670";"1266";"71";"1";"1";"7";"6";"0";"1";"1";"1";"0"
"1282";"13716";"1282";"71";"1";"3";"2";"6";"0";"1";"1";"1";"0"
"1320";"15167";"1320";"71";"2";"1";"7";"6";"1";"0";"0";"2";"0"
"1356";"16591";"1356";"71";"1";"1";"7";"6";"1";"0";"1";"2";"0"
"1368";"16712";"1368";"71";"1";"1";"7";"8";"1";"0";"1";"2";"0"
"1371";"16734";"1371";"71";"1";"1";"7";"6";"0";"1";"2";"1";"0"
"1414";"17991";"1414";"71";"1";"1";"2";"6";"1";"0";"1";"2";"0"
"1421";"18003";"1421";"71";"5";"3";"2";"6";"0";"1";"1";"1";"0"
"1429";"18043";"1429";"71";"1";"1";"7";"6";"1";"0";"1";"2";"0"
"1436";"19438";"1436";"71";"1";"1";"7";"6";"1";"0";"1";"2";"0"
"1437";"19438";"1437";"71";"1";"1";"7";"6";"0";"1";"1";"1";"0"
"1439";"19452";"1439";"71";"1";"1";"7";"6";"0";"1";"1";"1";"0"
"1441";"19461";"1441";"71";"1";"1";"7";"6";"1";"0";"1";"2";"0"
"1444";"19490";"1444";"71";"1";"1";"7";"6";"0";"1";"1";"1";"0"
"1449";"19547";"1449";"71";"5";"1";"7";"6";"1";"0";"1";"2";"0"
"1455";"19619";"1455";"71";"1";"1";"7";"6";"1";"0";"1";"2";"0"
"1462";"19649";"1462";"71";"1";"1";"1";"6";"1";"0";"1";"2";"0"
"1463";"19651";"1463";"71";"1";"1";"7";"6";"1";"0";"1";"2";"0"
"1476";"19774";"1476";"71";"1";"1";"7";"6";"0";"1";"1";"1";"0"
"1481";"19915";"1481";"71";"2";"1";"7";"6";"1";"0";"1";"2";"0"
"1521";"21940";"1521";"71";"5";"3";"2";"6";"0";"1";"1";"1";"0"
"1540";"22655";"1540";"71";"3";"3";"1";"6";"1";"0";"1";"2";"0"
"1617";"24988";"1617";"71";"1";"1";"7";"6";"1";"0";"1";"2";"0"
"1622";"25048";"1622";"71";"1";"1";"7";"6";"0";"1";"1";"1";"0"
"1623";"25052";"1623";"71";"2";"1";"7";"6";"0";"1";"1";"1";"0"
"1631";"25173";"1631";"71";"1";"3";"1";"6";"0";"1";"1";"1";"0"
"1633";"25176";"1633";"71";"1";"1";"7";"6";"0";"1";"1";"1";"0"
"1652";"25211";"1652";"71";"1";"1";"7";"4";"0";"2";"0";"1";"0"
"1665";"25227";"1665";"71";"1";"1";"7";"6";"0";"1";"1";"1";"0"
"1684";"25274";"1684";"71";"2";"1";"1";"6";"1";"0";"1";"2";"0"
"1685";"25274";"1685";"71";"1";"1";"7";"6";"0";"0";"1";"3";"0"
"1702";"25347";"1702";"71";"1";"1";"7";"6";"0";"0";"1";"3";"0"
"1749";"26788";"1749";"71";"1";"1";"7";"6";"0";"1";"1";"1";"0"
"1750";"26789";"1750";"71";"1";"1";"7";"6";"0";"1";"1";"1";"0"
"1787";"26931";"1787";"71";"3";"1";"7";"6";"0";"1";"1";"1";"0"
"1790";"26932";"1790";"71";"1";"1";"7";"6";"0";"1";"1";"1";"0"
"1791";"26933";"1791";"71";"1";"1";"7";"6";"1";"0";"1";"2";"0"
"1793";"26938";"1793";"71";"1";"1";"7";"6";"1";"0";"1";"2";"0"
"1802";"26967";"1802";"71";"1";"1";"7";"6";"0";"1";"1";"1";"0"
"1853";"27118";"1853";"71";"3";"1";"7";"6";"0";"1";"1";"1";"0"
"1869";"27149";"1869";"71";"1";"1";"7";"6";"0";"1";"1";"1";"0"
"1889";"27298";"1889";"71";"2";"1";"7";"8";"0";"1";"1";"1";"0"
"1922";"27975";"1922";"71";"1";"1";"7";"6";"0";"1";"1";"1";"0"
"1931";"28017";"1931";"71";"1";"1";"7";"6";"0";"0";"1";"3";"0"
"1932";"28018";"1932";"71";"4";"3";"1";"6";"1";"0";"1";"2";"0"
"1933";"28018";"1933";"71";"1";"1";"7";"6";"0";"1";"1";"1";"0"
"1938";"28047";"1938";"71";"2";"3";"2";"4";"0";"1";"1";"1";"0"
"1940";"28060";"1940";"71";"1";"1";"7";"6";"0";"1";"1";"1";"0"
"1945";"28100";"1945";"71";"1";"1";"7";"6";"0";"1";"1";"1";"0"
"1954";"28159";"1954";"71";"1";"1";"7";"6";"0";"1";"1";"1";"0"
"1955";"28159";"1955";"71";"3";"1";"1";"6";"0";"1";"1";"1";"0"
"1968";"28179";"1968";"71";"4";"1";"7";"6";"0";"1";"1";"1";"0"
"2011";"28326";"2011";"71";"2";"1";"7";"6";"0";"1";"1";"1";"0"
"2028";"28902";"2028";"71";"1";"1";"7";"6";"0";"1";"1";"1";"0"
"2061";"29038";"2061";"71";"4";"1";"7";"6";"0";"1";"1";"1";"0"
"2064";"29038";"2064";"71";"1";"1";"7";"6";"0";"1";"1";"1";"0"
"2074";"29045";"2074";"71";"1";"1";"7";"6";"0";"1";"1";"1";"0"
"2075";"29045";"2075";"71";"1";"1";"7";"5";"0";"2";"0";"1";"0"
"2083";"29059";"2083";"71";"1";"1";"7";"6";"1";"0";"1";"2";"0"
"2084";"29059";"2084";"71";"1";"1";"7";"6";"0";"1";"1";"1";"0"
"2086";"29061";"2086";"71";"1";"1";"7";"6";"1";"0";"1";"2";"0"
"2087";"29061";"2087";"71";"1";"1";"7";"6";"0";"1";"1";"1";"0"
"2093";"29070";"2093";"71";"1";"1";"7";"6";"0";"1";"1";"1";"0"
"2114";"29115";"2114";"71";"1";"1";"7";"6";"0";"1";"1";"1";"0"
"2147";"29152";"2147";"71";"3";"2";"1";"6";"1";"0";"1";"2";"0"
"2159";"29204";"2159";"71";"1";"1";"7";"6";"0";"1";"1";"1";"0"
"2180";"29219";"2180";"71";"1";"1";"7";"6";"0";"1";"1";"1";"0"
"2183";"29220";"2183";"71";"1";"1";"7";"6";"1";"0";"1";"2";"0"
"2185";"29221";"2185";"71";"1";"1";"7";"6";"0";"1";"1";"1";"0"
"2190";"29223";"2190";"71";"5";"1";"1";"6";"0";"1";"1";"1";"0"
"2191";"29226";"2191";"71";"1";"1";"7";"6";"0";"1";"1";"1";"0"
"2200";"29240";"2200";"71";"1";"1";"7";"6";"1";"0";"1";"2";"0"
"2201";"29240";"2201";"71";"3";"1";"7";"6";"0";"1";"1";"1";"0"
"2205";"29241";"2205";"71";"1";"3";"1";"6";"0";"1";"1";"1";"0"
"2208";"29241";"2208";"71";"1";"1";"7";"6";"0";"1";"1";"1";"0"
"2210";"29241";"2210";"71";"3";"1";"7";"6";"0";"1";"1";"1";"0"
"2231";"29300";"2231";"71";"3";"1";"7";"6";"0";"1";"1";"1";"0"
"2232";"29320";"2232";"71";"2";"3";"2";"6";"0";"1";"1";"1";"0"
"2236";"29383";"2236";"71";"1";"7";"7";"6";"1";"0";"1";"2";"0"
"2239";"29392";"2239";"71";"1";"3";"1";"6";"0";"1";"1";"1";"0"
"2303";"29813";"2303";"71";"1";"1";"7";"6";"0";"1";"1";"1";"0"
"2324";"31150";"2324";"71";"1";"1";"7";"7";"1";"0";"1";"2";"0"
"2375";"32016";"2375";"71";"1";"1";"7";"6";"1";"0";"1";"2";"0"
"2378";"32079";"2378";"71";"1";"1";"7";"6";"0";"1";"1";"1";"0"
"2381";"32669";"2381";"71";"1";"1";"7";"6";"1";"0";"1";"2";"0"
"2404";"32756";"2404";"71";"1";"1";"7";"6";"1";"0";"1";"2";"0"
"2408";"33370";"2408";"71";"1";"1";"7";"6";"0";"1";"1";"1";"0"
"2423";"33416";"2423";"71";"1";"1";"7";"6";"0";"1";"1";"1";"0"
"2425";"33419";"2425";"71";"1";"3";"2";"6";"0";"1";"1";"1";"0"
"2428";"33427";"2428";"71";"1";"1";"7";"6";"0";"1";"1";"1";"0"
"2442";"33449";"2442";"71";"1";"1";"7";"6";"0";"1";"1";"1";"0"
"2443";"33449";"2443";"71";"1";"3";"2";"6";"0";"1";"1";"1";"0"
"2445";"33450";"2445";"71";"1";"3";"2";"6";"0";"1";"1";"1";"0"
"2447";"33450";"2447";"71";"1";"1";"1";"6";"0";"0";"1";"3";"0"
"2451";"33455";"2451";"71";"1";"1";"7";"6";"0";"0";"1";"3";"0"
"2466";"33530";"2466";"71";"1";"1";"7";"6";"0";"1";"1";"1";"0"
"2469";"33564";"2469";"71";"1";"1";"7";"6";"0";"1";"1";"1";"0"
"2470";"33575";"2470";"71";"1";"1";"7";"4";"1";"1";"0";"2";"0"
"2474";"33585";"2474";"71";"1";"1";"7";"6";"1";"0";"1";"2";"0"
"2493";"33640";"2493";"71";"3";"3";"2";"6";"1";"0";"1";"2";"0"
"2520";"33681";"2520";"71";"2";"1";"7";"6";"0";"1";"1";"1";"0"
"2523";"33705";"2523";"71";"1";"3";"2";"6";"1";"0";"1";"2";"0"
"2555";"33863";"2555";"71";"3";"1";"7";"6";"0";"1";"1";"1";"0"
"2557";"33905";"2557";"71";"1";"1";"7";"6";"1";"0";"1";"2";"0"
"2590";"34119";"2590";"71";"1";"3";"2";"6";"0";"1";"1";"1";"0"
"2592";"34121";"2592";"71";"1";"1";"7";"6";"1";"0";"1";"2";"0"
"2604";"34685";"2604";"71";"1";"1";"7";"6";"0";"1";"1";"1";"0"
"2605";"34688";"2605";"71";"1";"1";"7";"6";"0";"1";"1";"1";"0"
"2607";"34714";"2607";"71";"3";"3";"1";"6";"0";"1";"1";"1";"0"
"2608";"34714";"2608";"71";"3";"3";"2";"6";"0";"1";"1";"1";"0"
"2640";"35493";"2640";"71";"3";"1";"1";"6";"0";"0";"1";"3";"0"
"2663";"35583";"2663";"71";"1";"1";"7";"6";"0";"0";"1";"3";"0"
"2664";"35589";"2664";"71";"1";"1";"7";"6";"0";"1";"1";"1";"0"
"2684";"35634";"2684";"71";"1";"1";"7";"6";"0";"1";"1";"1";"0"
"2687";"35635";"2687";"71";"3";"2";"1";"6";"0";"1";"1";"1";"0"
"2690";"35638";"2690";"71";"1";"1";"7";"6";"0";"2";"1";"1";"0"
"2698";"35719";"2698";"71";"1";"1";"7";"4";"0";"1";"1";"1";"0"
"2723";"36403";"2723";"71";"1";"1";"7";"6";"0";"1";"2";"1";"0"
"2774";"37282";"2774";"71";"1";"1";"7";"6";"1";"0";"1";"2";"0"
"2802";"37977";"2802";"71";"3";"1";"7";"6";"0";"1";"1";"1";"0"
"2814";"38047";"2814";"71";"1";"1";"7";"6";"0";"1";"1";"1";"0"
"2816";"38057";"2816";"71";"1";"1";"7";"6";"1";"0";"1";"2";"0"
"2825";"38077";"2825";"71";"1";"1";"7";"6";"0";"1";"1";"1";"0"
"2831";"38089";"2831";"71";"1";"1";"7";"6";"0";"1";"1";"1";"0"
"2834";"38090";"2834";"71";"1";"1";"7";"6";"0";"1";"1";"1";"0"
"2836";"38090";"2836";"71";"1";"1";"7";"6";"0";"1";"1";"1";"0"
"2837";"38090";"2837";"71";"1";"1";"7";"6";"1";"0";"1";"2";"0"
"2840";"38090";"2840";"71";"1";"1";"7";"6";"0";"1";"1";"1";"0"
"2841";"38090";"2841";"71";"1";"1";"7";"6";"0";"1";"1";"1";"0"
"2843";"38090";"2843";"71";"2";"1";"7";"6";"0";"1";"1";"1";"0"
"2846";"38091";"2846";"71";"1";"1";"7";"6";"0";"2";"1";"1";"0"
"2847";"38092";"2847";"71";"1";"1";"7";"6";"0";"1";"1";"1";"0"
"2849";"38092";"2849";"71";"1";"1";"7";"6";"0";"1";"1";"1";"0"
"2851";"38092";"2851";"71";"1";"1";"7";"6";"0";"1";"1";"1";"0"
"2854";"38099";"2854";"71";"1";"3";"1";"6";"0";"1";"1";"1";"0"
"2860";"38111";"2860";"71";"1";"1";"7";"6";"1";"1";"1";"2";"0"
"2861";"38111";"2861";"71";"2";"1";"7";"4";"0";"1";"1";"1";"0"
"2866";"38118";"2866";"71";"1";"1";"7";"6";"0";"1";"1";"1";"0"
"2867";"38118";"2867";"71";"1";"1";"7";"6";"0";"1";"1";"1";"0"
"2868";"38118";"2868";"71";"1";"1";"7";"6";"0";"0";"2";"3";"0"
"2870";"38118";"2870";"71";"1";"1";"7";"6";"0";"1";"1";"1";"0"
"2872";"38118";"2872";"71";"1";"1";"7";"6";"0";"1";"1";"1";"0"
"2873";"38118";"2873";"71";"3";"3";"1";"6";"0";"1";"1";"1";"0"
"2875";"38120";"2875";"71";"4";"3";"7";"6";"0";"1";"1";"1";"0"
"2879";"38128";"2879";"71";"1";"1";"7";"6";"1";"0";"1";"2";"0"
"2881";"38131";"2881";"71";"1";"1";"2";"6";"0";"1";"1";"1";"0"
"2888";"38147";"2888";"71";"1";"1";"7";"5";"0";"1";"1";"1";"0"
"2898";"38161";"2898";"71";"1";"1";"7";"6";"0";"1";"1";"1";"0"
"2903";"38183";"2903";"71";"1";"3";"1";"6";"0";"1";"1";"1";"0"
"2905";"38184";"2905";"71";"1";"1";"7";"6";"0";"1";"1";"1";"0"
"2912";"38219";"2912";"71";"1";"1";"7";"6";"0";"1";"1";"1";"0"
"2913";"38221";"2913";"71";"1";"1";"7";"6";"0";"1";"1";"1";"0"
"2914";"38221";"2914";"71";"1";"1";"7";"6";"0";"1";"1";"1";"0"
"2917";"38230";"2917";"71";"1";"1";"7";"6";"0";"1";"1";"1";"0"
"2921";"38247";"2921";"71";"1";"1";"7";"6";"0";"1";"1";"1";"0"
"2946";"38371";"2946";"71";"1";"1";"7";"6";"0";"1";"1";"1";"0"
"2947";"38406";"2947";"71";"1";"1";"7";"6";"0";"1";"1";"1";"0"
"2959";"38445";"2959";"71";"1";"1";"7";"6";"0";"1";"1";"1";"0"
"2968";"38462";"2968";"71";"1";"1";"7";"6";"0";"1";"1";"1";"0"
"2981";"38490";"2981";"71";"3";"3";"1";"6";"0";"1";"1";"1";"0"
"2983";"38492";"2983";"71";"1";"1";"7";"8";"0";"1";"1";"1";"0"
"2984";"38492";"2984";"71";"4";"3";"1";"6";"0";"1";"1";"1";"0"
"2985";"38493";"2985";"71";"1";"3";"2";"6";"0";"1";"1";"1";"0"
"3005";"38520";"3005";"71";"3";"1";"7";"6";"0";"1";"1";"1";"0"
"3027";"38549";"3027";"71";"1";"1";"7";"6";"0";"1";"1";"1";"0"
"3034";"38572";"3034";"71";"1";"1";"7";"6";"0";"1";"1";"1";"0"
"3036";"38578";"3036";"71";"1";"1";"7";"6";"0";"1";"1";"1";"0"
"3050";"38608";"3050";"71";"1";"1";"7";"6";"0";"1";"1";"1";"0"
"3052";"38626";"3052";"71";"1";"1";"7";"6";"0";"1";"1";"1";"0"
"3055";"38642";"3055";"71";"1";"3";"2";"6";"0";"1";"1";"1";"0"
"3056";"38649";"3056";"71";"1";"1";"7";"6";"0";"1";"1";"1";"0"
"3059";"38659";"3059";"71";"1";"1";"7";"6";"0";"1";"1";"1";"0"
"3071";"38723";"3071";"71";"1";"1";"7";"6";"0";"1";"1";"1";"0"
"3074";"38735";"3074";"71";"1";"1";"7";"6";"1";"0";"1";"2";"0"
"3085";"38769";"3085";"71";"1";"1";"7";"6";"0";"1";"1";"1";"0"
"3089";"38792";"3089";"71";"1";"1";"7";"6";"0";"0";"1";"3";"0"
"3094";"38797";"3094";"71";"1";"1";"7";"6";"1";"0";"1";"2";"0"
"3108";"38825";"3108";"71";"1";"1";"7";"6";"0";"1";"1";"1";"0"
"3130";"38901";"3130";"71";"1";"1";"7";"6";"0";"1";"1";"1";"0"
"3131";"38927";"3131";"71";"1";"1";"7";"6";"0";"1";"1";"1";"0"
"3152";"38940";"3152";"71";"1";"1";"7";"6";"1";"0";"1";"2";"0"
"3153";"38940";"3153";"71";"1";"1";"7";"6";"0";"1";"1";"1";"0"
"3158";"38942";"3158";"71";"1";"1";"2";"6";"0";"1";"1";"1";"0"
"3171";"38965";"3171";"71";"1";"1";"7";"6";"0";"1";"1";"1";"0"
"3182";"38987";"3182";"71";"1";"1";"7";"6";"0";"1";"1";"1";"0"
"3183";"38987";"3183";"71";"1";"1";"7";"8";"0";"1";"1";"1";"0"
"3198";"38997";"3198";"71";"3";"2";"2";"6";"0";"1";"1";"1";"0"
"3199";"38997";"3199";"71";"4";"1";"7";"6";"1";"0";"1";"2";"0"
"3200";"38997";"3200";"71";"4";"1";"7";"6";"0";"1";"1";"1";"0"
"3203";"38998";"3203";"71";"1";"1";"7";"6";"0";"1";"1";"1";"0"
"3208";"39018";"3208";"71";"1";"1";"7";"4";"0";"2";"0";"1";"0"
"3214";"39019";"3214";"71";"2";"3";"2";"6";"1";"0";"1";"2";"0"
"3216";"39020";"3216";"71";"3";"1";"7";"6";"0";"1";"1";"1";"0"
"3230";"39030";"3230";"71";"3";"1";"7";"6";"0";"1";"1";"1";"0"
"3238";"39033";"3238";"71";"1";"1";"7";"5";"0";"1";"1";"1";"0"
"3239";"39033";"3239";"71";"1";"1";"7";"6";"0";"1";"1";"1";"0"
"3242";"39035";"3242";"71";"5";"1";"7";"6";"0";"1";"1";"1";"0"
"3243";"39035";"3243";"71";"1";"1";"7";"6";"0";"1";"1";"1";"0"
"3244";"39035";"3244";"71";"1";"3";"1";"6";"1";"0";"1";"2";"0"
"3264";"39049";"3264";"71";"1";"1";"7";"4";"0";"1";"1";"1";"0"
"3266";"39049";"3266";"71";"3";"1";"7";"6";"0";"1";"1";"1";"0"
"3267";"39049";"3267";"71";"3";"1";"7";"4";"0";"1";"1";"1";"0"
"3268";"39049";"3268";"71";"1";"3";"1";"6";"0";"1";"1";"1";"0"
"3271";"39054";"3271";"71";"1";"1";"7";"6";"0";"1";"1";"1";"0"
"3274";"39056";"3274";"71";"1";"1";"7";"6";"0";"1";"1";"1";"0"
"3275";"39056";"3275";"71";"2";"1";"7";"5";"0";"2";"0";"1";"0"
"3276";"39056";"3276";"71";"1";"1";"7";"4";"0";"2";"0";"1";"0"
"3277";"39057";"3277";"71";"1";"3";"1";"6";"1";"0";"1";"2";"0"
"3279";"39058";"3279";"71";"3";"1";"7";"6";"0";"1";"1";"1";"0"
"3283";"39059";"3283";"71";"1";"1";"1";"6";"0";"1";"1";"1";"0"
"3288";"39060";"3288";"71";"1";"1";"7";"6";"1";"0";"1";"2";"0"
"3292";"39099";"3292";"71";"1";"1";"7";"4";"1";"0";"1";"2";"0"
"3294";"39099";"3294";"71";"4";"6";"1";"6";"0";"1";"1";"1";"0"
"3298";"39113";"3298";"71";"1";"1";"7";"6";"1";"0";"1";"2";"0"
"3318";"39162";"3318";"71";"1";"1";"7";"6";"1";"0";"1";"2";"0"
"3319";"39177";"3319";"71";"1";"1";"7";"6";"0";"1";"1";"1";"0"
"3328";"39188";"3328";"71";"3";"3";"2";"6";"0";"1";"1";"1";"0"
"3329";"39188";"3329";"71";"1";"1";"7";"8";"0";"1";"1";"1";"0"
"3330";"39190";"3330";"71";"5";"1";"7";"6";"0";"1";"1";"1";"0"
"3332";"39191";"3332";"71";"1";"3";"1";"6";"1";"0";"1";"2";"0"
"3340";"39205";"3340";"71";"1";"1";"2";"6";"0";"1";"1";"1";"0"
"3341";"39206";"3341";"71";"1";"1";"7";"5";"0";"1";"1";"1";"0"
"3344";"39223";"3344";"71";"1";"1";"7";"6";"0";"1";"1";"1";"0"
"3348";"39266";"3348";"71";"2";"3";"2";"6";"0";"1";"1";"1";"0"
"3352";"39286";"3352";"71";"1";"1";"7";"6";"0";"1";"1";"1";"0"
"3354";"39292";"3354";"71";"1";"1";"7";"4";"0";"1";"1";"1";"0"
"3362";"39301";"3362";"71";"1";"1";"7";"6";"0";"1";"1";"1";"0"
"3363";"39310";"3363";"71";"4";"1";"7";"6";"0";"1";"1";"1";"0"
"3373";"39338";"3373";"71";"1";"1";"7";"6";"1";"0";"1";"2";"0"
"3388";"39384";"3388";"71";"3";"1";"7";"6";"0";"1";"1";"1";"0"
"3389";"39385";"3389";"71";"1";"1";"7";"6";"1";"0";"1";"2";"0"
"3391";"39389";"3391";"71";"1";"1";"7";"6";"0";"1";"1";"1";"0"
"3394";"39390";"3394";"71";"1";"1";"7";"6";"0";"1";"1";"1";"0"
"3397";"39396";"3397";"71";"1";"1";"7";"6";"0";"1";"1";"1";"0"
"3402";"39402";"3402";"71";"3";"1";"7";"6";"0";"1";"1";"1";"0"
"3409";"39416";"3409";"71";"1";"1";"7";"6";"0";"1";"1";"1";"0"
"3413";"39455";"3413";"71";"1";"1";"7";"6";"1";"0";"1";"2";"0"
"3418";"39471";"3418";"71";"1";"1";"7";"6";"0";"1";"1";"1";"0"
"3419";"39472";"3419";"71";"1";"1";"7";"6";"0";"1";"1";"1";"0"
"3427";"39497";"3427";"71";"1";"1";"1";"6";"0";"1";"1";"1";"0"
"3430";"39505";"3430";"71";"5";"1";"5";"6";"0";"1";"1";"1";"0"
"3450";"39536";"3450";"71";"1";"1";"7";"6";"0";"1";"1";"1";"0"
"3451";"39536";"3451";"71";"1";"1";"7";"6";"0";"1";"1";"1";"0"
"3452";"39536";"3452";"71";"1";"1";"7";"6";"0";"1";"1";"1";"0"
"3458";"39547";"3458";"71";"1";"1";"7";"4";"0";"1";"1";"1";"0"
"3467";"39555";"3467";"71";"1";"1";"7";"6";"1";"0";"1";"2";"0"
"3468";"39556";"3468";"71";"1";"1";"7";"6";"0";"1";"1";"1";"0"
"3477";"39578";"3477";"71";"1";"1";"7";"6";"0";"1";"1";"1";"0"
"3485";"39584";"3485";"71";"4";"1";"1";"4";"0";"1";"1";"1";"0"