"accident_id";"lieu_id";"date_id";"cause_id";"lum_id";"intemp_id";"etat_surface_id";"impliq_id";"nb_blesses_graves";"nb_blesses_legers";"nb_indemnes";"gravite";"nb_morts"
"3488";"39587";"3488";"71";"1";"1";"7";"6";"0";"1";"1";"1";"0"
"3490";"39587";"3490";"71";"1";"1";"7";"6";"0";"1";"1";"1";"0"
"3491";"39589";"3491";"71";"2";"1";"7";"6";"0";"1";"1";"1";"0"
"3497";"39608";"3497";"71";"5";"1";"7";"6";"0";"1";"1";"1";"0"
"3498";"39608";"3498";"71";"1";"1";"7";"6";"0";"1";"1";"1";"0"
"3500";"39610";"3500";"71";"1";"1";"7";"6";"0";"1";"1";"1";"0"
"3505";"39614";"3505";"71";"2";"1";"7";"6";"0";"1";"1";"1";"0"
"3509";"39621";"3509";"71";"1";"1";"7";"6";"0";"1";"1";"1";"0"
"3515";"39633";"3515";"71";"1";"2";"2";"6";"0";"1";"1";"1";"0"
"3516";"39633";"3516";"71";"1";"1";"7";"6";"1";"0";"1";"2";"0"
"3518";"39633";"3518";"71";"1";"1";"7";"4";"1";"0";"2";"2";"0"
"3519";"39633";"3519";"71";"1";"1";"7";"6";"0";"1";"1";"1";"0"
"3522";"39634";"3522";"71";"1";"1";"7";"6";"0";"1";"1";"1";"0"
"3523";"39635";"3523";"71";"1";"1";"7";"6";"0";"1";"1";"1";"0"
"3528";"39636";"3528";"71";"1";"1";"7";"6";"1";"0";"1";"2";"0"
"3530";"39639";"3530";"71";"1";"3";"2";"6";"0";"1";"1";"1";"0"
"3540";"39649";"3540";"71";"1";"1";"7";"6";"0";"1";"1";"1";"0"
"3544";"39653";"3544";"71";"3";"1";"7";"6";"0";"1";"1";"1";"0"
"3570";"39662";"3570";"71";"1";"1";"7";"6";"0";"2";"1";"1";"0"
"3577";"39690";"3577";"71";"1";"1";"7";"6";"0";"1";"1";"1";"0"
"3579";"39693";"3579";"71";"3";"1";"7";"6";"1";"0";"1";"2";"0"
"3583";"39694";"3583";"71";"3";"1";"7";"6";"1";"1";"1";"2";"0"
"3586";"39695";"3586";"71";"1";"3";"2";"6";"1";"0";"1";"2";"0"
"3595";"39696";"3595";"71";"5";"1";"7";"6";"0";"1";"1";"1";"0"
"3599";"39697";"3599";"71";"1";"1";"2";"6";"0";"1";"1";"1";"0"
"3600";"39697";"3600";"71";"1";"1";"7";"6";"0";"1";"1";"1";"0"
"3606";"39704";"3606";"71";"1";"1";"7";"6";"0";"1";"1";"1";"0"
"3616";"39711";"3616";"71";"3";"2";"2";"6";"0";"1";"1";"1";"0"
"3617";"39729";"3617";"71";"3";"3";"2";"6";"0";"1";"0";"1";"0"
"3619";"39737";"3619";"71";"1";"1";"7";"6";"0";"1";"1";"1";"0"
"3628";"39749";"3628";"71";"2";"1";"7";"6";"0";"1";"1";"1";"0"
"3630";"39751";"3630";"71";"1";"1";"7";"6";"0";"1";"1";"1";"0"
"3637";"39764";"3637";"71";"1";"1";"1";"6";"0";"1";"1";"1";"0"
"3653";"39788";"3653";"71";"1";"1";"2";"6";"1";"0";"1";"2";"0"
"3655";"39788";"3655";"71";"5";"1";"7";"4";"0";"1";"1";"1";"0"
"3662";"39823";"3662";"71";"1";"1";"7";"6";"0";"1";"1";"1";"0"
"3667";"39837";"3667";"71";"1";"1";"7";"7";"1";"0";"1";"2";"0"
"3675";"39870";"3675";"71";"3";"1";"1";"6";"0";"1";"1";"1";"0"
"3682";"39877";"3682";"71";"3";"1";"7";"5";"0";"1";"1";"1";"0"
"3684";"39900";"3684";"71";"1";"1";"7";"6";"0";"1";"1";"1";"0"
"3686";"39901";"3686";"71";"3";"3";"2";"6";"0";"1";"1";"1";"0"
"3695";"39905";"3695";"71";"1";"1";"7";"6";"0";"1";"1";"1";"0"
"3701";"39914";"3701";"71";"1";"1";"7";"6";"0";"1";"1";"1";"0"
"3710";"39943";"3710";"71";"1";"1";"7";"6";"0";"1";"1";"1";"0"
"3717";"39970";"3717";"71";"2";"1";"7";"6";"1";"0";"1";"2";"0"
"3722";"39974";"3722";"71";"1";"2";"1";"6";"0";"1";"1";"1";"0"
"3731";"39979";"3731";"71";"1";"2";"1";"6";"0";"1";"1";"1";"0"
"3734";"39989";"3734";"71";"1";"1";"7";"6";"0";"1";"1";"1";"0"
"3739";"40014";"3739";"71";"1";"1";"7";"6";"0";"1";"1";"1";"0"
"3742";"40014";"3742";"71";"1";"1";"7";"6";"0";"1";"1";"1";"0"
"3743";"40014";"3743";"71";"1";"1";"7";"6";"0";"1";"1";"1";"0"
"3752";"40019";"3752";"71";"1";"1";"7";"6";"0";"1";"1";"1";"0"
"3762";"40044";"3762";"71";"1";"1";"7";"7";"0";"1";"1";"1";"0"
"3763";"40044";"3763";"71";"5";"1";"7";"6";"0";"1";"1";"1";"0"
"3764";"40045";"3764";"71";"5";"3";"1";"6";"0";"1";"1";"1";"0"
"3768";"40047";"3768";"71";"1";"1";"7";"6";"1";"0";"1";"2";"0"
"3773";"40051";"3773";"71";"3";"3";"1";"6";"0";"1";"1";"1";"0"
"3776";"40052";"3776";"71";"3";"1";"7";"6";"0";"1";"1";"1";"0"
"3777";"40053";"3777";"71";"1";"1";"7";"6";"1";"0";"1";"2";"0"
"3780";"40053";"3780";"71";"1";"1";"7";"6";"0";"1";"1";"1";"0"
"3781";"40053";"3781";"71";"1";"1";"7";"6";"0";"1";"1";"1";"0"
"3782";"40053";"3782";"71";"3";"1";"7";"6";"0";"1";"1";"1";"0"
"3783";"40053";"3783";"71";"1";"1";"7";"6";"1";"0";"1";"2";"0"
"3786";"40054";"3786";"71";"1";"1";"7";"6";"1";"0";"1";"2";"0"
"3804";"40078";"3804";"71";"1";"3";"2";"6";"0";"1";"1";"1";"0"
"3814";"40085";"3814";"71";"1";"1";"7";"6";"0";"1";"1";"1";"0"
"3816";"40085";"3816";"71";"1";"1";"7";"6";"0";"1";"1";"1";"0"
"3817";"40085";"3817";"71";"1";"3";"1";"6";"0";"2";"1";"1";"0"
"3819";"40085";"3819";"71";"1";"1";"7";"6";"0";"1";"1";"1";"0"
"3820";"40085";"3820";"71";"3";"3";"2";"3";"0";"1";"1";"1";"0"
"3822";"40086";"3822";"71";"1";"1";"7";"8";"0";"1";"1";"1";"0"
"3826";"40086";"3826";"71";"1";"1";"7";"6";"1";"0";"1";"2";"0"
"3829";"40086";"3829";"71";"1";"1";"7";"6";"0";"1";"1";"1";"0"
"3837";"40089";"3837";"71";"1";"1";"7";"3";"0";"1";"1";"1";"0"
"3840";"40091";"3840";"71";"1";"1";"7";"6";"0";"1";"1";"1";"0"
"3845";"40097";"3845";"71";"3";"1";"7";"6";"0";"1";"1";"1";"0"
"3850";"40098";"3850";"71";"3";"1";"7";"6";"1";"0";"2";"2";"0"
"3860";"40101";"3860";"71";"1";"3";"1";"6";"0";"1";"1";"1";"0"
"3866";"40103";"3866";"71";"3";"3";"1";"6";"0";"2";"1";"1";"0"
"3872";"40106";"3872";"71";"3";"1";"7";"6";"0";"1";"1";"1";"0"
"3874";"40110";"3874";"71";"1";"1";"7";"6";"1";"0";"1";"2";"0"
"3881";"40138";"3881";"71";"1";"1";"7";"6";"0";"1";"1";"1";"0"
"3882";"40138";"3882";"71";"1";"1";"7";"6";"0";"1";"0";"1";"0"
"3895";"40166";"3895";"71";"1";"3";"1";"6";"1";"0";"1";"2";"0"
"3900";"40182";"3900";"71";"1";"3";"1";"6";"0";"1";"1";"1";"0"
"3901";"40183";"3901";"71";"1";"1";"7";"6";"0";"1";"1";"1";"0"
"3906";"40193";"3906";"71";"3";"1";"7";"6";"1";"0";"1";"2";"0"
"3909";"40206";"3909";"71";"1";"3";"2";"6";"0";"1";"1";"1";"0"
"3910";"40206";"3910";"71";"2";"1";"2";"6";"0";"1";"1";"1";"0"
"3911";"40208";"3911";"71";"1";"1";"7";"6";"0";"1";"1";"1";"0"
"3919";"40219";"3919";"71";"1";"1";"7";"6";"0";"1";"1";"1";"0"
"3920";"40220";"3920";"71";"1";"1";"7";"6";"0";"1";"1";"1";"0"
"3922";"40222";"3922";"71";"1";"1";"7";"6";"0";"1";"1";"1";"0"
"3923";"40225";"3923";"71";"1";"1";"7";"6";"1";"0";"1";"2";"0"
"3937";"40248";"3937";"71";"1";"1";"7";"6";"0";"1";"1";"1";"0"
"3942";"40283";"3942";"71";"1";"1";"7";"6";"0";"1";"1";"1";"0"
"3954";"40302";"3954";"71";"1";"1";"7";"6";"1";"0";"1";"2";"0"
"3962";"40306";"3962";"71";"1";"3";"2";"6";"0";"1";"1";"1";"0"
"3964";"40307";"3964";"71";"1";"1";"7";"6";"0";"1";"1";"1";"0"
"3965";"40307";"3965";"71";"3";"3";"1";"6";"0";"0";"1";"3";"0"
"3974";"40309";"3974";"71";"1";"1";"7";"6";"0";"1";"1";"1";"0"
"3976";"40309";"3976";"71";"1";"1";"7";"6";"0";"1";"1";"1";"0"
"3980";"40310";"3980";"71";"1";"2";"2";"6";"0";"1";"1";"1";"0"
"3984";"40311";"3984";"71";"1";"1";"7";"6";"0";"1";"1";"1";"0"
"3988";"40319";"3988";"71";"3";"1";"7";"6";"0";"0";"1";"3";"0"
"4000";"40354";"4000";"71";"1";"1";"7";"6";"0";"1";"1";"1";"0"
"4002";"40355";"4002";"71";"1";"1";"7";"6";"0";"2";"1";"1";"0"
"4004";"40360";"4004";"71";"1";"1";"7";"6";"0";"1";"1";"1";"0"
"4010";"40370";"468";"71";"1";"1";"7";"6";"0";"1";"1";"1";"0"
"4014";"40376";"4014";"71";"1";"1";"7";"6";"0";"1";"1";"1";"0"
"4026";"40380";"4026";"71";"1";"1";"7";"6";"0";"1";"1";"1";"0"
"4032";"40381";"4032";"71";"3";"1";"7";"6";"0";"1";"1";"1";"0"
"4033";"40381";"4033";"71";"1";"1";"7";"6";"0";"1";"1";"1";"0"
"4037";"40381";"4037";"71";"1";"3";"2";"6";"0";"1";"1";"1";"0"
"4041";"40382";"4041";"71";"1";"1";"7";"6";"1";"0";"1";"2";"0"
"4045";"40383";"4045";"71";"3";"1";"7";"6";"0";"1";"1";"1";"0"
"4047";"40383";"4047";"71";"5";"1";"7";"6";"0";"1";"1";"1";"0"
"4052";"40391";"4052";"71";"5";"3";"1";"6";"0";"1";"1";"1";"0"
"4058";"40392";"4058";"71";"1";"1";"7";"6";"0";"1";"1";"1";"0"
"4063";"40393";"4063";"71";"1";"1";"7";"6";"0";"1";"1";"1";"0"
"4064";"40396";"4064";"71";"1";"1";"7";"6";"0";"1";"1";"1";"0"
"4067";"40414";"4067";"71";"1";"1";"7";"6";"0";"1";"1";"1";"0"
"4071";"40446";"4071";"71";"2";"3";"1";"6";"0";"1";"1";"1";"0"
"4091";"40481";"4091";"71";"1";"1";"7";"6";"0";"1";"1";"1";"0"
"4096";"40488";"4096";"71";"1";"1";"7";"6";"0";"1";"1";"1";"0"
"4099";"40489";"4099";"71";"1";"3";"1";"6";"0";"1";"1";"1";"0"
"4100";"40489";"4100";"71";"1";"1";"7";"6";"0";"1";"1";"1";"0"
"4123";"40544";"4123";"71";"1";"1";"7";"6";"0";"1";"1";"1";"0"
"4125";"40547";"4125";"71";"1";"1";"7";"6";"0";"0";"1";"3";"0"
"4130";"40565";"4130";"71";"1";"1";"7";"6";"1";"0";"1";"2";"0"
"4133";"40576";"4133";"71";"1";"1";"7";"6";"0";"1";"1";"1";"0"
"4140";"40593";"4140";"71";"1";"1";"7";"6";"0";"1";"1";"1";"0"
"4146";"40631";"4146";"71";"1";"1";"7";"6";"0";"1";"1";"1";"0"
"4151";"40660";"4151";"71";"1";"1";"7";"6";"0";"2";"1";"1";"0"
"4162";"40708";"4162";"71";"1";"1";"7";"6";"0";"1";"1";"1";"0"
"4165";"40713";"4165";"71";"1";"1";"7";"6";"1";"0";"1";"2";"0"
"4169";"40718";"4169";"71";"1";"1";"7";"5";"1";"0";"1";"2";"0"
"4173";"40729";"4173";"71";"1";"1";"7";"6";"0";"1";"1";"1";"0"
"4174";"40729";"4174";"71";"1";"1";"7";"6";"0";"1";"1";"1";"0"
"4176";"40739";"4176";"71";"1";"1";"7";"6";"0";"1";"1";"1";"0"
"4181";"40751";"3348";"71";"1";"1";"7";"6";"0";"1";"1";"1";"0"
"4198";"40752";"4198";"71";"1";"3";"2";"5";"1";"0";"1";"2";"0"
"4205";"40753";"4205";"71";"1";"1";"7";"6";"0";"1";"1";"1";"0"
"4214";"40756";"4214";"71";"1";"1";"7";"6";"1";"0";"1";"2";"0"
"4218";"40773";"4218";"71";"1";"1";"7";"6";"0";"1";"1";"1";"0"
"4220";"40778";"4220";"71";"1";"4";"2";"6";"0";"1";"1";"1";"0"
"4223";"40787";"4223";"71";"1";"1";"7";"6";"0";"1";"1";"1";"0"
"4226";"40806";"4226";"71";"5";"1";"7";"6";"0";"1";"1";"1";"0"
"4228";"40808";"4228";"71";"1";"1";"7";"6";"1";"0";"1";"2";"0"
"4238";"40830";"4238";"71";"1";"1";"7";"6";"0";"1";"1";"1";"0"
"4246";"40842";"4246";"71";"1";"1";"7";"6";"0";"1";"1";"1";"0"
"4254";"40853";"4254";"71";"1";"1";"7";"4";"0";"1";"1";"1";"0"
"4259";"40861";"4259";"71";"1";"1";"7";"6";"0";"1";"1";"1";"0"
"4261";"40864";"4261";"71";"1";"1";"7";"6";"1";"0";"1";"2";"0"
"4276";"40890";"4276";"71";"1";"1";"7";"6";"0";"1";"1";"1";"0"
"4281";"40925";"4281";"71";"1";"1";"7";"6";"0";"1";"1";"1";"0"
"4282";"40925";"4282";"71";"1";"3";"1";"6";"0";"1";"1";"1";"0"
"4298";"40940";"4298";"71";"1";"1";"7";"6";"1";"0";"1";"2";"0"
"4302";"40941";"4302";"71";"3";"1";"7";"6";"0";"1";"1";"1";"0"
"4307";"40947";"4307";"71";"1";"1";"7";"6";"0";"1";"1";"1";"0"
"4319";"40999";"4319";"71";"1";"1";"7";"6";"0";"1";"1";"1";"0"
"4321";"41000";"4321";"71";"5";"1";"7";"6";"0";"1";"1";"1";"0"
"4322";"41002";"4322";"71";"1";"1";"7";"6";"1";"0";"1";"2";"0"
"4388";"41152";"4388";"71";"3";"1";"7";"6";"1";"0";"1";"2";"0"
"4414";"41211";"4414";"71";"1";"1";"7";"6";"0";"1";"1";"1";"0"
"4416";"41212";"4416";"71";"1";"1";"7";"6";"0";"1";"1";"1";"0"
"4470";"41299";"4470";"71";"1";"3";"2";"6";"0";"0";"1";"3";"0"
"4526";"41455";"4526";"71";"1";"1";"7";"6";"0";"1";"1";"1";"0"
"4538";"41509";"4538";"71";"1";"2";"1";"6";"1";"0";"1";"2";"0"
"4539";"41521";"4539";"71";"1";"1";"7";"6";"0";"1";"1";"1";"0"
"4540";"41531";"4540";"71";"3";"1";"7";"5";"1";"1";"0";"2";"0"
"4544";"41532";"4544";"71";"1";"1";"7";"6";"0";"1";"2";"1";"0"
"4551";"41554";"4551";"71";"1";"1";"7";"6";"0";"1";"1";"1";"0"
"4560";"41576";"4560";"71";"3";"7";"7";"6";"0";"1";"1";"1";"0"
"4561";"41576";"4561";"71";"3";"1";"2";"6";"1";"0";"1";"2";"0"
"4571";"41598";"4571";"71";"2";"1";"7";"6";"1";"0";"1";"2";"0"
"4591";"41600";"4591";"71";"3";"2";"2";"6";"0";"1";"1";"1";"0"
"4595";"41605";"4595";"71";"1";"1";"7";"6";"0";"1";"1";"1";"0"
"4621";"41635";"4621";"71";"3";"1";"7";"6";"0";"1";"1";"1";"0"
"4624";"41641";"4624";"71";"1";"1";"7";"6";"1";"0";"1";"2";"0"
"4708";"41763";"4708";"71";"1";"3";"1";"6";"0";"1";"1";"1";"0"
"4723";"42081";"4723";"71";"1";"1";"7";"6";"0";"2";"0";"1";"0"
"4724";"42120";"4724";"71";"5";"3";"1";"6";"0";"0";"1";"3";"0"
"4812";"43089";"4812";"71";"1";"1";"7";"5";"0";"1";"1";"1";"0"
"4816";"43095";"4816";"71";"1";"1";"7";"4";"0";"1";"1";"1";"0"
"4818";"43095";"4818";"71";"1";"1";"7";"6";"0";"1";"1";"1";"0"
"4820";"43096";"2544";"71";"3";"1";"7";"6";"0";"0";"1";"3";"0"
"4837";"43102";"4837";"71";"1";"1";"7";"6";"0";"1";"1";"1";"0"
"4840";"43103";"4840";"71";"1";"1";"7";"6";"1";"0";"1";"2";"0"
"4842";"43104";"4841";"71";"1";"1";"7";"6";"0";"1";"1";"1";"0"
"4843";"43105";"4843";"71";"1";"1";"7";"6";"0";"1";"1";"1";"0"
"4847";"43107";"4847";"71";"3";"1";"7";"6";"0";"1";"1";"1";"0"
"4861";"43117";"4861";"71";"1";"1";"7";"6";"0";"1";"1";"1";"0"
"4862";"43117";"4862";"71";"1";"1";"7";"6";"0";"1";"1";"1";"0"
"4865";"43151";"4865";"71";"3";"3";"1";"6";"0";"1";"1";"1";"0"
"122";"674";"122";"72";"4";"1";"7";"4";"0";"1";"1";"1";"0"
"123";"691";"123";"72";"2";"1";"7";"6";"1";"0";"1";"2";"0"
"132";"697";"132";"72";"1";"1";"7";"3";"0";"1";"1";"1";"0"
"136";"700";"136";"72";"2";"1";"1";"6";"1";"0";"1";"2";"0"
"144";"713";"144";"72";"1";"1";"7";"6";"0";"1";"1";"1";"0"
"146";"725";"146";"72";"1";"1";"7";"6";"1";"0";"1";"2";"0"
"147";"725";"147";"72";"1";"1";"7";"6";"1";"0";"1";"2";"0"
"148";"725";"148";"72";"3";"1";"7";"6";"0";"1";"1";"1";"0"
"152";"772";"152";"72";"3";"3";"2";"6";"1";"0";"2";"2";"0"
"178";"826";"178";"72";"1";"1";"7";"6";"1";"0";"1";"2";"0"
"184";"835";"184";"72";"1";"1";"7";"6";"1";"0";"1";"2";"0"
"191";"836";"191";"72";"1";"1";"7";"6";"0";"1";"2";"1";"0"
"203";"847";"203";"72";"1";"1";"7";"6";"0";"2";"1";"1";"0"
"207";"848";"207";"72";"2";"1";"7";"7";"0";"1";"1";"1";"0"
"211";"848";"211";"72";"1";"1";"7";"6";"0";"1";"1";"1";"0"
"238";"928";"238";"72";"5";"2";"2";"6";"0";"1";"1";"1";"0"
"244";"938";"244";"72";"1";"1";"7";"6";"0";"0";"1";"3";"0"
"251";"956";"251";"72";"1";"1";"7";"6";"0";"1";"1";"1";"0"
"253";"971";"253";"72";"1";"1";"7";"6";"1";"0";"1";"2";"0"
"255";"975";"255";"72";"1";"1";"7";"6";"0";"1";"1";"1";"0"
"259";"978";"259";"72";"1";"1";"7";"6";"1";"0";"1";"2";"0"
"261";"981";"261";"72";"1";"1";"7";"6";"0";"1";"0";"1";"0"
"267";"994";"267";"72";"3";"1";"7";"6";"0";"1";"1";"1";"0"
"274";"1068";"274";"72";"1";"1";"7";"6";"1";"0";"1";"2";"0"
"280";"1105";"280";"72";"1";"1";"7";"6";"0";"1";"1";"1";"0"
"293";"1124";"293";"72";"1";"1";"7";"6";"1";"0";"1";"2";"0"
"294";"1124";"294";"72";"1";"1";"7";"6";"0";"1";"1";"1";"0"
"301";"1202";"301";"72";"1";"1";"7";"6";"0";"1";"1";"1";"0"
"304";"1223";"304";"72";"1";"1";"7";"6";"1";"0";"1";"2";"0"
"329";"1322";"329";"72";"1";"1";"7";"6";"1";"0";"1";"2";"0"
"342";"1379";"342";"72";"1";"1";"7";"6";"0";"1";"1";"1";"0"
"351";"1420";"351";"72";"1";"1";"7";"6";"0";"1";"1";"1";"0"
"354";"1426";"354";"72";"3";"1";"5";"6";"1";"0";"1";"2";"0"
"357";"1429";"357";"72";"1";"1";"7";"6";"0";"1";"1";"1";"0"
"358";"1436";"358";"72";"3";"3";"1";"6";"0";"1";"1";"1";"0"
"360";"1437";"360";"72";"1";"1";"7";"6";"0";"1";"0";"1";"0"
"368";"1456";"368";"72";"1";"1";"1";"4";"0";"2";"2";"1";"0"
"371";"1462";"371";"72";"1";"1";"7";"6";"0";"1";"1";"1";"0"
"372";"1462";"372";"72";"2";"1";"7";"6";"0";"1";"1";"1";"0"
"373";"1462";"373";"72";"1";"1";"7";"6";"1";"1";"1";"2";"0"
"380";"1485";"380";"72";"1";"1";"7";"4";"0";"1";"2";"1";"0"
"386";"1502";"386";"72";"1";"1";"7";"6";"0";"1";"1";"1";"0"
"391";"1548";"391";"72";"1";"1";"7";"6";"0";"1";"1";"1";"0"
"403";"1626";"403";"72";"1";"1";"7";"6";"0";"1";"1";"1";"0"
"407";"1723";"407";"72";"1";"1";"7";"6";"1";"0";"0";"2";"0"
"438";"2185";"438";"72";"1";"1";"7";"4";"1";"1";"0";"2";"0"
"448";"2741";"448";"72";"1";"1";"7";"6";"1";"0";"1";"2";"0"
"450";"2747";"450";"72";"1";"1";"7";"6";"0";"1";"1";"1";"0"
"461";"3400";"461";"72";"3";"3";"2";"4";"1";"1";"0";"2";"0"
"462";"3431";"462";"72";"1";"1";"7";"6";"1";"0";"1";"2";"0"
"465";"3460";"465";"72";"1";"1";"1";"6";"0";"1";"1";"1";"0"
"468";"3470";"468";"72";"1";"1";"7";"6";"0";"1";"1";"1";"0"
"476";"3491";"476";"72";"2";"3";"1";"5";"1";"0";"1";"2";"0"
"478";"3500";"478";"72";"1";"1";"7";"6";"1";"0";"1";"2";"0"
"479";"3512";"479";"72";"1";"1";"7";"6";"0";"1";"1";"1";"0"
"485";"3528";"485";"72";"3";"3";"1";"4";"0";"1";"1";"1";"0"
"505";"3551";"505";"72";"1";"1";"7";"4";"1";"0";"1";"2";"0"
"506";"3558";"506";"72";"1";"1";"7";"6";"0";"1";"1";"1";"0"
"507";"3573";"507";"72";"1";"1";"7";"4";"0";"1";"1";"1";"0"
"512";"3590";"512";"72";"1";"1";"7";"6";"1";"0";"1";"2";"0"
"517";"3596";"517";"72";"3";"1";"7";"6";"1";"0";"2";"2";"0"
"528";"3619";"528";"72";"2";"1";"7";"6";"1";"0";"1";"2";"0"
"567";"3757";"567";"72";"1";"3";"1";"6";"0";"1";"1";"1";"0"
"575";"3836";"575";"72";"3";"3";"2";"6";"1";"0";"1";"2";"0"
"579";"3841";"579";"72";"1";"3";"1";"6";"1";"0";"1";"2";"0"
"581";"3841";"581";"72";"1";"3";"1";"6";"1";"0";"1";"2";"0"
"589";"3855";"589";"72";"1";"1";"7";"6";"0";"1";"1";"1";"0"
"596";"3864";"596";"72";"1";"1";"7";"6";"0";"1";"1";"1";"0"
"598";"3911";"598";"72";"1";"1";"7";"6";"1";"0";"1";"2";"0"
"609";"4052";"609";"72";"2";"1";"7";"6";"1";"0";"1";"2";"0"
"611";"4052";"611";"72";"2";"3";"1";"6";"0";"1";"1";"1";"0"
"615";"4605";"615";"72";"2";"3";"1";"6";"0";"1";"1";"1";"0"
"636";"4865";"636";"72";"1";"3";"1";"7";"1";"0";"1";"2";"0"
"653";"4891";"653";"72";"3";"3";"2";"6";"1";"0";"1";"2";"0"
"657";"5445";"657";"72";"1";"1";"7";"4";"1";"0";"1";"2";"0"
"667";"5509";"667";"72";"1";"1";"7";"6";"1";"0";"1";"2";"0"
"669";"5522";"669";"72";"3";"1";"7";"6";"0";"1";"1";"1";"0"
"687";"6282";"687";"72";"1";"1";"7";"6";"1";"0";"1";"2";"0"
"688";"6282";"688";"72";"1";"1";"7";"6";"1";"0";"1";"2";"0"
"691";"6285";"691";"72";"5";"2";"2";"6";"0";"0";"1";"3";"0"
"707";"6963";"707";"72";"1";"1";"7";"6";"1";"0";"1";"2";"0"
"709";"6965";"709";"72";"2";"1";"7";"6";"0";"1";"1";"1";"0"
"737";"7099";"737";"72";"1";"1";"7";"6";"1";"0";"1";"2";"0"
"742";"7116";"742";"72";"3";"3";"2";"6";"0";"1";"1";"1";"0"
"750";"7165";"750";"72";"1";"1";"7";"6";"0";"1";"1";"1";"0"
"793";"7579";"793";"72";"3";"1";"7";"6";"0";"1";"1";"1";"0"
"801";"7674";"801";"72";"1";"1";"7";"6";"1";"0";"1";"2";"0"
"847";"8247";"847";"72";"3";"1";"7";"6";"1";"0";"1";"2";"0"
"860";"8289";"860";"72";"1";"1";"7";"6";"1";"0";"1";"2";"0"
"866";"8300";"866";"72";"4";"3";"1";"6";"1";"0";"1";"2";"0"
"913";"10433";"913";"72";"1";"1";"7";"6";"0";"1";"1";"1";"0"
"957";"10513";"957";"72";"1";"1";"7";"6";"1";"0";"2";"2";"0"
"960";"10531";"960";"72";"1";"1";"7";"6";"0";"1";"1";"1";"0"
"973";"11307";"973";"72";"3";"1";"7";"6";"0";"0";"1";"3";"0"
"1015";"12207";"1015";"72";"1";"1";"7";"6";"0";"1";"1";"1";"0"
"1025";"12275";"1025";"72";"1";"1";"7";"6";"0";"1";"1";"1";"0"
"1035";"12318";"1035";"72";"1";"3";"1";"6";"1";"0";"1";"2";"0"
"1040";"12361";"1040";"72";"2";"1";"7";"6";"1";"0";"1";"2";"0"
"1044";"12385";"1044";"72";"1";"1";"7";"6";"1";"0";"1";"2";"0"
"1045";"12387";"1045";"72";"1";"1";"7";"6";"0";"0";"2";"3";"0"
"1074";"13129";"1074";"72";"2";"2";"2";"6";"1";"0";"1";"2";"0"
"1076";"13129";"1076";"72";"1";"1";"7";"4";"0";"1";"1";"1";"0"
"1077";"13129";"1077";"72";"3";"1";"7";"6";"0";"1";"1";"1";"0"
"1080";"13130";"1080";"72";"3";"1";"1";"6";"0";"1";"1";"1";"0"
"1083";"13132";"1083";"72";"1";"1";"7";"6";"1";"0";"1";"2";"0"
"1084";"13132";"1084";"72";"1";"1";"7";"6";"0";"1";"1";"1";"0"
"1088";"13133";"1088";"72";"3";"4";"3";"6";"0";"1";"1";"1";"0"
"1092";"13148";"1092";"72";"1";"1";"7";"6";"0";"1";"1";"1";"0"
"1098";"13206";"1098";"72";"1";"1";"7";"6";"0";"1";"1";"1";"0"
"1099";"13207";"1099";"72";"1";"1";"7";"6";"1";"0";"1";"2";"0"
"1100";"13209";"1100";"72";"1";"1";"7";"6";"0";"1";"1";"1";"0"
"1101";"13214";"1101";"72";"1";"1";"7";"6";"0";"1";"1";"1";"0"
"1103";"13238";"1103";"72";"1";"1";"7";"6";"0";"1";"1";"1";"0"
"1108";"13287";"1108";"72";"1";"1";"7";"6";"1";"0";"1";"2";"0"
"1109";"13294";"1109";"72";"1";"3";"1";"6";"0";"1";"1";"1";"0"
"1136";"13334";"1136";"72";"1";"1";"7";"6";"0";"1";"1";"1";"0"
"1157";"13368";"1157";"72";"3";"1";"2";"6";"1";"0";"1";"2";"0"
"1167";"13409";"1167";"72";"1";"1";"7";"6";"0";"2";"1";"1";"0"
"1168";"13413";"1168";"72";"1";"1";"7";"6";"0";"1";"1";"1";"0"
"1184";"13428";"1184";"72";"1";"1";"7";"6";"1";"0";"1";"2";"0"
"1193";"13430";"1193";"72";"1";"1";"7";"4";"0";"1";"1";"1";"0"
"1197";"13430";"1197";"72";"2";"3";"1";"6";"0";"1";"1";"1";"0"
"1205";"13432";"1205";"72";"1";"1";"7";"5";"0";"1";"1";"1";"0"
"1214";"13436";"1214";"72";"3";"1";"7";"5";"1";"0";"1";"2";"0"
"1215";"13437";"1215";"72";"1";"1";"7";"6";"0";"1";"1";"1";"0"
"1218";"13449";"1218";"72";"1";"1";"7";"6";"1";"0";"1";"2";"0"
"1223";"13467";"1223";"72";"1";"1";"7";"6";"0";"1";"1";"1";"0"
"1226";"13515";"1226";"72";"1";"1";"7";"6";"0";"1";"1";"1";"0"
"1227";"13531";"1227";"72";"1";"1";"7";"6";"0";"1";"1";"1";"0"
"1228";"13542";"1228";"72";"1";"1";"7";"6";"0";"1";"1";"1";"0"
"1237";"13603";"1237";"72";"1";"1";"7";"6";"0";"1";"1";"1";"0"
"1238";"13603";"1238";"72";"1";"1";"7";"6";"1";"0";"2";"2";"0"
"1261";"13651";"1261";"72";"1";"1";"7";"6";"1";"0";"1";"2";"0"
"1262";"13655";"1262";"72";"1";"1";"7";"6";"0";"1";"1";"1";"0"
"1263";"13666";"1263";"72";"1";"1";"7";"6";"0";"1";"1";"1";"0"
"1268";"13671";"1268";"72";"3";"1";"7";"6";"1";"0";"1";"2";"0"
"1271";"13688";"1271";"72";"1";"1";"1";"6";"1";"0";"1";"2";"0"
"1274";"13693";"1274";"72";"1";"1";"7";"6";"0";"0";"1";"3";"0"
"1276";"13695";"1276";"72";"3";"1";"2";"6";"0";"0";"1";"3";"0"
"1290";"13776";"1290";"72";"1";"1";"7";"6";"1";"1";"0";"2";"0"
"1323";"15194";"1323";"72";"1";"1";"7";"6";"0";"1";"1";"1";"0"
"1351";"15960";"1351";"72";"3";"2";"1";"6";"1";"0";"1";"2";"0"
"1405";"17984";"1405";"72";"1";"1";"7";"4";"0";"2";"0";"1";"0"
"1422";"18013";"1422";"72";"2";"1";"7";"6";"2";"0";"0";"2";"0"
"1430";"18083";"1430";"72";"1";"1";"7";"6";"1";"0";"1";"2";"0"