"accident_id";"lieu_id";"date_id";"cause_id";"lum_id";"intemp_id";"etat_surface_id";"impliq_id";"nb_blesses_graves";"nb_blesses_legers";"nb_indemnes";"gravite";"nb_morts"
"1432";"19378";"1432";"72";"1";"2";"1";"6";"1";"0";"1";"2";"0"
"1434";"19385";"1434";"72";"1";"1";"7";"6";"1";"0";"1";"2";"0"
"1443";"19471";"1443";"72";"1";"2";"1";"6";"1";"0";"1";"2";"0"
"1451";"19552";"1451";"72";"1";"3";"1";"6";"0";"1";"1";"1";"0"
"1457";"19637";"1457";"72";"1";"1";"7";"5";"1";"1";"0";"2";"0"
"1466";"19693";"1466";"72";"1";"1";"7";"6";"1";"0";"1";"2";"0"
"1469";"19696";"1469";"72";"1";"1";"7";"6";"0";"1";"1";"1";"0"
"1472";"19700";"1472";"72";"2";"1";"7";"6";"1";"0";"0";"2";"0"
"1488";"19973";"1472";"72";"2";"1";"7";"6";"1";"0";"2";"2";"0"
"1502";"21239";"1502";"72";"2";"1";"7";"6";"1";"0";"1";"2";"0"
"1512";"21905";"1512";"72";"1";"1";"7";"6";"0";"1";"1";"1";"0"
"1520";"21940";"1520";"72";"1";"3";"2";"6";"0";"1";"1";"1";"0"
"1546";"22721";"1546";"72";"3";"1";"7";"6";"0";"1";"1";"1";"0"
"1547";"22740";"1547";"72";"1";"1";"7";"6";"1";"0";"1";"2";"0"
"1583";"23572";"1583";"72";"1";"1";"7";"6";"0";"1";"1";"1";"0"
"1612";"24950";"1612";"72";"1";"1";"7";"8";"0";"1";"0";"1";"0"
"1613";"24954";"1613";"72";"1";"1";"7";"6";"0";"1";"1";"1";"0"
"1618";"24994";"1618";"72";"1";"1";"7";"6";"0";"1";"1";"1";"0"
"1621";"25045";"1621";"72";"1";"3";"1";"6";"0";"1";"1";"1";"0"
"1625";"25053";"1625";"72";"3";"1";"1";"6";"0";"1";"1";"1";"0"
"1626";"25053";"1626";"72";"1";"1";"7";"6";"1";"0";"1";"2";"0"
"1627";"25101";"1627";"72";"1";"3";"1";"6";"1";"0";"1";"2";"0"
"1628";"25112";"1628";"72";"1";"1";"7";"7";"0";"1";"1";"1";"0"
"1629";"25119";"1629";"72";"1";"1";"7";"6";"0";"1";"1";"1";"0"
"1632";"25175";"1632";"72";"1";"1";"7";"6";"0";"1";"1";"1";"0"
"1639";"25205";"1639";"72";"1";"1";"7";"6";"0";"1";"1";"1";"0"
"1645";"25208";"1645";"72";"1";"1";"7";"4";"0";"1";"1";"1";"0"
"1655";"25212";"1655";"72";"1";"1";"7";"6";"0";"1";"1";"1";"0"
"1660";"25222";"1660";"72";"1";"1";"7";"6";"1";"0";"1";"2";"0"
"1677";"25252";"1677";"72";"1";"1";"7";"6";"1";"0";"1";"2";"0"
"1686";"25278";"1686";"72";"1";"1";"7";"6";"0";"1";"1";"1";"0"
"1688";"25278";"1688";"72";"1";"1";"7";"5";"0";"2";"0";"1";"0"
"1696";"25290";"1696";"72";"1";"1";"1";"6";"0";"1";"1";"1";"0"
"1697";"25295";"1697";"72";"1";"1";"7";"6";"0";"1";"1";"1";"0"
"1698";"25306";"1698";"72";"1";"1";"7";"6";"0";"1";"1";"1";"0"
"1701";"25347";"1701";"72";"1";"3";"1";"6";"0";"1";"1";"1";"0"
"1719";"25509";"1719";"72";"1";"1";"7";"6";"0";"1";"1";"1";"0"
"1720";"25559";"1720";"72";"1";"1";"1";"6";"1";"0";"1";"2";"0"
"1726";"25604";"1726";"72";"3";"1";"7";"6";"0";"0";"1";"3";"0"
"1729";"25606";"1729";"72";"1";"1";"7";"6";"0";"1";"1";"1";"0"
"1752";"26799";"1752";"72";"1";"1";"7";"6";"0";"1";"1";"1";"0"
"1767";"26868";"1767";"72";"1";"1";"7";"4";"0";"1";"1";"1";"0"
"1774";"26906";"1774";"72";"1";"1";"7";"6";"0";"1";"1";"1";"0"
"1781";"26907";"1781";"72";"3";"2";"2";"6";"0";"1";"1";"1";"0"
"1782";"26908";"1782";"72";"1";"1";"7";"6";"0";"1";"1";"1";"0"
"1789";"26932";"1789";"72";"1";"1";"7";"6";"0";"1";"1";"1";"0"
"1799";"26957";"1799";"72";"1";"1";"7";"6";"0";"1";"1";"1";"0"
"1800";"26957";"1800";"72";"3";"1";"7";"6";"0";"1";"1";"1";"0"
"1803";"26967";"1803";"72";"1";"1";"7";"4";"1";"0";"1";"2";"0"
"1810";"27017";"1810";"72";"1";"1";"7";"6";"0";"1";"1";"1";"0"
"1811";"27019";"1811";"72";"1";"1";"7";"6";"1";"0";"1";"2";"0"
"1821";"27024";"1821";"72";"5";"3";"1";"6";"0";"1";"1";"1";"0"
"1827";"27091";"1827";"72";"1";"3";"1";"6";"0";"1";"1";"1";"0"
"1832";"27097";"1832";"72";"1";"1";"7";"6";"1";"0";"1";"2";"0"
"1835";"27098";"1835";"72";"1";"1";"7";"6";"0";"1";"1";"1";"0"
"1846";"27112";"1846";"72";"1";"1";"7";"6";"0";"1";"1";"1";"0"
"1852";"27118";"1852";"72";"1";"1";"7";"6";"0";"1";"1";"1";"0"
"1866";"27136";"1866";"72";"1";"1";"7";"6";"1";"0";"2";"2";"0"
"1873";"27216";"1873";"72";"1";"1";"7";"6";"0";"1";"1";"1";"0"
"1875";"27242";"1875";"72";"1";"1";"7";"6";"0";"1";"1";"1";"0"
"1877";"27278";"1877";"72";"1";"1";"7";"6";"1";"0";"1";"2";"0"
"1878";"27286";"1878";"72";"1";"1";"7";"6";"0";"1";"1";"1";"0"
"1900";"27872";"1900";"72";"1";"1";"7";"6";"0";"1";"1";"1";"0"
"1901";"27872";"1901";"72";"1";"1";"7";"4";"1";"0";"1";"2";"0"
"1902";"27875";"1902";"72";"1";"1";"7";"6";"0";"1";"1";"1";"0"
"1903";"27879";"1903";"72";"1";"1";"7";"6";"0";"1";"1";"1";"0"
"1904";"27879";"1904";"72";"1";"1";"7";"6";"1";"0";"1";"2";"0"
"1905";"27881";"1905";"72";"1";"1";"6";"6";"0";"1";"1";"1";"0"
"1906";"27881";"1906";"72";"3";"1";"7";"6";"0";"1";"1";"1";"0"
"1907";"27881";"1907";"72";"1";"1";"7";"6";"0";"1";"1";"1";"0"
"1908";"27897";"1908";"72";"1";"1";"7";"6";"0";"1";"1";"1";"0"
"1909";"27926";"1909";"72";"1";"3";"2";"6";"0";"2";"1";"1";"0"
"1910";"27946";"1910";"72";"1";"1";"7";"4";"0";"2";"0";"1";"0"
"1911";"27957";"1911";"72";"1";"1";"7";"6";"0";"1";"1";"1";"0"
"1914";"27967";"1914";"72";"1";"1";"7";"6";"0";"1";"1";"1";"0"
"1915";"27967";"1915";"72";"1";"1";"7";"6";"1";"0";"1";"2";"0"
"1919";"27971";"1919";"72";"1";"1";"7";"6";"0";"1";"1";"1";"0"
"1927";"28004";"1927";"72";"1";"1";"7";"6";"1";"0";"1";"2";"0"
"1929";"28007";"1929";"72";"1";"1";"7";"6";"0";"1";"1";"1";"0"
"1930";"28010";"1930";"72";"1";"1";"7";"6";"0";"1";"1";"1";"0"
"1952";"28140";"1952";"72";"1";"1";"7";"6";"0";"1";"1";"1";"0"
"1963";"28171";"1963";"72";"3";"1";"2";"6";"0";"1";"1";"1";"0"
"1977";"28180";"1977";"72";"1";"1";"7";"6";"0";"1";"1";"1";"0"
"1978";"28183";"1978";"72";"3";"2";"2";"6";"0";"1";"1";"1";"0"
"1981";"28214";"1981";"72";"1";"2";"1";"6";"1";"0";"1";"2";"0"
"1996";"28298";"1996";"72";"1";"1";"7";"6";"0";"1";"1";"1";"0"
"2007";"28325";"2007";"72";"1";"1";"7";"3";"0";"1";"1";"1";"0"
"2010";"28326";"2010";"72";"1";"1";"7";"6";"0";"2";"1";"1";"0"
"2014";"28328";"2014";"72";"1";"1";"7";"6";"0";"1";"1";"1";"0"
"2016";"28337";"2016";"72";"1";"1";"7";"6";"1";"0";"1";"2";"0"
"2018";"28340";"2018";"72";"3";"1";"2";"6";"0";"1";"1";"1";"0"
"2019";"28340";"2019";"72";"3";"1";"7";"6";"0";"1";"1";"1";"0"
"2030";"28903";"2030";"72";"1";"1";"7";"6";"1";"0";"1";"2";"0"
"2031";"28906";"2031";"72";"1";"1";"7";"6";"0";"1";"1";"1";"0"
"2032";"28929";"2032";"72";"1";"1";"7";"6";"0";"1";"1";"1";"0"
"2033";"28939";"2033";"72";"1";"1";"7";"6";"1";"0";"1";"2";"0"
"2034";"28941";"2034";"72";"1";"1";"7";"4";"0";"1";"1";"1";"0"
"2049";"29000";"2049";"72";"2";"3";"1";"4";"0";"2";"0";"1";"0"
"2072";"29045";"2072";"72";"1";"1";"7";"6";"0";"1";"1";"1";"0"
"2073";"29045";"2073";"72";"2";"1";"7";"4";"1";"1";"0";"2";"0"
"2078";"29049";"2078";"72";"1";"1";"7";"6";"0";"1";"1";"1";"0"
"2080";"29051";"2080";"72";"3";"1";"7";"6";"0";"1";"1";"1";"0"
"2081";"29051";"2081";"72";"1";"1";"7";"6";"1";"0";"1";"2";"0"
"2085";"29061";"2085";"72";"1";"3";"2";"6";"1";"0";"1";"2";"0"
"2089";"29062";"2089";"72";"1";"1";"7";"6";"0";"1";"1";"1";"0"
"2090";"29063";"2090";"72";"1";"1";"7";"6";"0";"1";"2";"1";"0"
"2094";"29070";"2094";"72";"1";"1";"7";"6";"0";"1";"1";"1";"0"
"2096";"29072";"2096";"72";"1";"1";"7";"6";"0";"1";"1";"1";"0"
"2097";"29072";"2097";"72";"2";"1";"7";"6";"0";"1";"1";"1";"0"
"2118";"29117";"2118";"72";"1";"1";"7";"6";"0";"1";"1";"1";"0"
"2137";"29144";"2137";"72";"1";"1";"7";"6";"0";"1";"1";"1";"0"
"2141";"29148";"2141";"72";"3";"3";"1";"6";"0";"1";"1";"1";"0"
"2150";"29168";"2150";"72";"1";"1";"7";"6";"0";"1";"1";"1";"0"
"2156";"29186";"2156";"72";"1";"1";"7";"6";"0";"1";"1";"1";"0"
"2160";"29204";"2160";"72";"1";"1";"7";"6";"0";"1";"1";"1";"0"
"2166";"29214";"2166";"72";"1";"1";"7";"6";"0";"1";"1";"1";"0"
"2170";"29215";"2170";"72";"1";"1";"7";"6";"0";"1";"1";"1";"0"
"2172";"29216";"2172";"72";"1";"1";"7";"6";"0";"1";"1";"1";"0"
"2174";"29216";"2174";"72";"1";"1";"7";"6";"0";"1";"1";"1";"0"
"2204";"29240";"2204";"72";"1";"1";"7";"6";"0";"1";"1";"1";"0"
"2213";"29251";"2213";"72";"1";"1";"7";"6";"0";"1";"1";"1";"0"
"2214";"29251";"2214";"72";"3";"1";"7";"6";"0";"1";"1";"1";"0"
"2223";"29262";"2223";"72";"1";"1";"7";"6";"0";"1";"1";"1";"0"
"2225";"29278";"2225";"72";"1";"2";"2";"6";"0";"1";"1";"1";"0"
"2227";"29285";"2227";"72";"1";"1";"7";"6";"1";"0";"1";"2";"0"
"2230";"29300";"2230";"72";"1";"1";"7";"6";"0";"1";"1";"1";"0"
"2233";"29331";"2233";"72";"1";"1";"7";"6";"1";"0";"1";"2";"0"
"2247";"29462";"2247";"72";"3";"1";"7";"6";"0";"1";"1";"1";"0"
"2253";"29499";"2253";"72";"1";"1";"7";"6";"0";"1";"1";"1";"0"
"2288";"29703";"2288";"72";"1";"1";"7";"6";"1";"0";"1";"2";"0"
"2293";"29736";"2293";"72";"3";"1";"7";"6";"1";"0";"1";"2";"0"
"2294";"29782";"2294";"72";"1";"1";"7";"6";"0";"1";"1";"1";"0"
"2296";"29783";"2296";"72";"1";"1";"7";"6";"1";"0";"1";"2";"0"
"2297";"29783";"2297";"72";"1";"1";"7";"6";"0";"1";"1";"1";"0"
"2302";"29812";"2302";"72";"1";"1";"7";"3";"1";"1";"0";"2";"0"
"2304";"29813";"2304";"72";"1";"1";"7";"6";"0";"1";"1";"1";"0"
"2318";"31055";"2318";"72";"1";"1";"2";"6";"0";"1";"1";"1";"0"
"2331";"31769";"2331";"72";"3";"1";"2";"6";"1";"0";"1";"2";"0"
"2332";"31778";"2332";"72";"1";"1";"7";"6";"0";"1";"1";"1";"0"
"2333";"31800";"2333";"72";"1";"1";"7";"4";"0";"1";"1";"1";"0"
"2346";"31875";"2346";"72";"3";"1";"7";"6";"1";"0";"1";"2";"0"
"2352";"31918";"2352";"72";"1";"3";"2";"6";"0";"1";"2";"1";"0"
"2355";"31927";"2355";"72";"1";"1";"7";"6";"0";"1";"1";"1";"0"
"2357";"31933";"2357";"72";"1";"1";"7";"6";"1";"0";"1";"2";"0"
"2359";"31939";"2359";"72";"1";"1";"7";"6";"0";"0";"1";"3";"0"
"2361";"31941";"2361";"72";"5";"1";"7";"6";"0";"1";"1";"1";"0"
"2379";"32095";"2379";"72";"3";"1";"7";"6";"1";"0";"1";"2";"0"
"2394";"32711";"2394";"72";"1";"1";"1";"6";"0";"0";"1";"3";"0"
"2411";"33395";"2411";"72";"1";"1";"7";"6";"0";"1";"1";"1";"0"
"2418";"33403";"2418";"72";"1";"1";"7";"6";"0";"2";"1";"1";"0"
"2427";"33419";"2427";"72";"1";"1";"7";"6";"0";"1";"1";"1";"0"
"2438";"33443";"2438";"72";"1";"1";"7";"6";"0";"1";"1";"1";"0"
"2449";"33452";"2449";"72";"3";"1";"7";"6";"1";"0";"1";"2";"0"
"2468";"33564";"2468";"72";"1";"1";"7";"6";"1";"0";"1";"2";"0"
"2473";"33585";"2473";"72";"3";"1";"7";"6";"0";"1";"1";"1";"0"
"2478";"33613";"2478";"72";"1";"1";"7";"8";"0";"1";"1";"1";"0"
"2479";"33621";"2479";"72";"1";"1";"7";"6";"0";"1";"1";"1";"0"
"2483";"33628";"2483";"72";"1";"3";"2";"6";"1";"0";"1";"2";"0"
"2499";"33644";"2499";"72";"2";"1";"7";"5";"0";"1";"2";"1";"0"
"2502";"33644";"2502";"72";"3";"1";"7";"5";"1";"1";"0";"2";"0"
"2510";"33648";"2510";"72";"1";"1";"7";"6";"0";"0";"2";"0";"0"
"2518";"33674";"2518";"72";"1";"1";"7";"6";"0";"1";"1";"1";"0"
"2526";"33705";"2526";"72";"3";"1";"7";"6";"0";"1";"1";"1";"0"
"2532";"33726";"2532";"72";"3";"2";"2";"6";"0";"1";"1";"1";"0"
"2535";"33726";"2535";"72";"1";"3";"1";"6";"0";"1";"1";"1";"0"
"2536";"33743";"2536";"72";"1";"1";"7";"4";"0";"1";"1";"1";"0"
"2543";"33772";"2543";"72";"1";"1";"7";"6";"0";"1";"1";"1";"0"
"2545";"33775";"2545";"72";"1";"1";"7";"6";"0";"1";"1";"1";"0"
"2549";"33820";"2549";"72";"3";"1";"7";"6";"0";"1";"1";"1";"0"
"2561";"33905";"2561";"72";"1";"1";"7";"6";"0";"1";"1";"1";"0"
"2573";"33970";"2573";"72";"1";"1";"7";"6";"0";"1";"1";"1";"0"
"2585";"34113";"2585";"72";"1";"1";"7";"6";"0";"1";"1";"1";"0"
"2595";"34121";"2595";"72";"1";"1";"7";"6";"0";"1";"1";"1";"0"
"2598";"34130";"2598";"72";"1";"1";"7";"6";"0";"1";"1";"1";"0"
"2599";"34130";"2599";"72";"1";"1";"7";"6";"1";"0";"1";"2";"0"
"2600";"34130";"2600";"72";"1";"1";"7";"6";"0";"1";"1";"1";"0"
"2601";"34131";"2601";"72";"3";"1";"7";"4";"0";"1";"1";"1";"0"
"2606";"34692";"2606";"72";"1";"1";"7";"6";"0";"1";"1";"1";"0"
"2611";"34714";"2611";"72";"1";"1";"7";"4";"0";"1";"2";"1";"0"
"2622";"35375";"2622";"72";"1";"1";"7";"6";"0";"1";"1";"1";"0"
"2628";"35422";"2628";"72";"1";"1";"7";"6";"0";"1";"1";"1";"0"
"2638";"35478";"2638";"72";"1";"1";"7";"6";"0";"0";"1";"3";"0"
"2653";"35529";"2653";"72";"1";"1";"7";"6";"0";"1";"1";"1";"0"
"2655";"35532";"2655";"72";"1";"1";"7";"6";"1";"0";"1";"2";"0"
"2662";"35582";"2662";"72";"1";"1";"7";"6";"0";"1";"1";"1";"0"
"2676";"35633";"2676";"72";"1";"1";"7";"6";"0";"1";"1";"1";"0"
"2713";"35834";"2713";"72";"1";"1";"1";"6";"0";"1";"1";"1";"0"
"2714";"35834";"2714";"72";"2";"1";"7";"6";"0";"1";"1";"1";"0"
"2729";"36435";"2729";"72";"1";"1";"7";"4";"0";"1";"1";"1";"0"
"2744";"36509";"2744";"72";"1";"1";"7";"6";"0";"1";"1";"1";"0"
"2754";"36641";"2754";"72";"1";"1";"7";"6";"1";"0";"1";"2";"0"
"2763";"36681";"2763";"72";"3";"1";"7";"6";"1";"0";"1";"2";"0"
"2766";"37244";"2766";"72";"3";"1";"7";"6";"0";"1";"1";"1";"0"
"2767";"37252";"2767";"72";"1";"1";"7";"6";"0";"1";"1";"1";"0"
"2775";"37282";"2775";"72";"1";"1";"1";"6";"1";"0";"1";"2";"0"
"2801";"37971";"2801";"72";"1";"1";"7";"6";"0";"1";"1";"1";"0"
"2811";"38031";"2811";"72";"1";"1";"7";"6";"1";"0";"1";"2";"0"
"2813";"38046";"2813";"72";"1";"1";"7";"6";"0";"1";"1";"1";"0"
"2818";"38061";"2818";"72";"1";"1";"7";"6";"0";"1";"1";"1";"0"
"2820";"38063";"2820";"72";"1";"3";"2";"6";"1";"0";"1";"2";"0"
"2824";"38074";"2824";"72";"1";"1";"7";"6";"0";"1";"1";"1";"0"
"2827";"38083";"2827";"72";"1";"1";"7";"6";"1";"0";"1";"2";"0"
"2833";"38090";"2833";"72";"1";"1";"7";"6";"0";"1";"1";"1";"0"
"2839";"38090";"2839";"72";"1";"1";"7";"6";"0";"1";"1";"1";"0"
"2844";"38090";"2844";"72";"1";"1";"7";"6";"0";"1";"1";"1";"0"
"2845";"38091";"2845";"72";"1";"1";"7";"6";"0";"1";"1";"1";"0"
"2848";"38092";"2848";"72";"1";"1";"7";"6";"0";"1";"1";"1";"0"
"2850";"38092";"2850";"72";"1";"1";"7";"6";"0";"1";"1";"1";"0"
"2855";"38102";"2855";"72";"1";"1";"7";"6";"1";"0";"1";"2";"0"
"2856";"38103";"2856";"72";"1";"1";"7";"6";"0";"1";"1";"1";"0"
"2857";"38103";"2857";"72";"1";"1";"7";"6";"1";"0";"1";"2";"0"
"2859";"38106";"2859";"72";"5";"1";"7";"6";"0";"1";"1";"1";"0"
"2862";"38112";"2862";"72";"1";"1";"7";"6";"0";"1";"1";"1";"0"
"2863";"38118";"2863";"72";"1";"1";"7";"6";"0";"1";"1";"1";"0"
"2864";"38118";"2864";"72";"1";"1";"7";"6";"0";"1";"1";"1";"0"
"2882";"38131";"2882";"72";"1";"1";"7";"6";"1";"0";"1";"2";"0"
"2883";"38132";"2883";"72";"3";"1";"7";"6";"1";"0";"1";"2";"0"
"2884";"38134";"2884";"72";"1";"1";"7";"6";"0";"1";"1";"1";"0"
"2893";"38156";"2893";"72";"1";"1";"7";"6";"0";"1";"1";"1";"0"
"2907";"38197";"2907";"72";"1";"1";"7";"6";"0";"1";"1";"1";"0"
"2908";"38203";"2908";"72";"1";"1";"7";"6";"0";"1";"1";"1";"0"
"2919";"38242";"2919";"72";"1";"1";"7";"6";"0";"1";"1";"1";"0"
"2920";"38243";"2920";"72";"1";"1";"7";"6";"0";"1";"1";"1";"0"
"2929";"38284";"2929";"72";"1";"1";"7";"6";"1";"0";"1";"2";"0"
"2935";"38325";"2935";"72";"1";"1";"7";"6";"1";"0";"1";"2";"0"
"2936";"38326";"2936";"72";"1";"1";"7";"6";"0";"1";"1";"1";"0"
"2937";"38331";"2937";"72";"1";"1";"7";"6";"0";"1";"1";"1";"0"
"2938";"38334";"2938";"72";"1";"3";"1";"6";"0";"1";"1";"1";"0"
"2942";"38358";"2942";"72";"1";"1";"7";"6";"0";"1";"1";"1";"0"
"2943";"38361";"2943";"72";"1";"1";"7";"6";"0";"1";"1";"1";"0"
"2945";"38369";"2945";"72";"4";"3";"1";"6";"1";"0";"1";"2";"0"
"2951";"38421";"2951";"72";"1";"1";"7";"6";"0";"1";"1";"1";"0"
"2952";"38421";"2952";"72";"1";"1";"7";"6";"0";"1";"1";"1";"0"
"2960";"38445";"2960";"72";"3";"1";"7";"6";"0";"1";"1";"1";"0"
"2961";"38445";"2961";"72";"1";"1";"7";"6";"1";"0";"1";"2";"0"
"2965";"38447";"2965";"72";"1";"1";"7";"6";"0";"1";"1";"1";"0"
"2969";"38464";"2969";"72";"1";"1";"7";"6";"1";"0";"1";"2";"0"
"2971";"38481";"2971";"72";"1";"1";"7";"6";"0";"1";"1";"1";"0"
"2972";"38481";"2972";"72";"1";"1";"7";"6";"1";"0";"1";"2";"0"
"2973";"38481";"2973";"72";"1";"1";"7";"6";"0";"1";"1";"1";"0"
"2974";"38481";"2974";"72";"1";"1";"7";"6";"0";"1";"1";"1";"0"
"2979";"38488";"2979";"72";"1";"1";"7";"6";"0";"1";"1";"1";"0"
"2987";"38503";"2987";"72";"1";"1";"7";"6";"0";"1";"1";"1";"0"
"2988";"38503";"2988";"72";"1";"1";"7";"6";"1";"0";"1";"2";"0"
"2990";"38507";"2990";"72";"1";"1";"7";"6";"0";"1";"1";"1";"0"
"2991";"38507";"2991";"72";"5";"1";"1";"6";"0";"1";"1";"1";"0"
"2999";"38520";"2999";"72";"1";"1";"7";"6";"0";"1";"1";"1";"0"
"3001";"38520";"3001";"72";"1";"1";"7";"6";"0";"1";"1";"1";"0"
"3004";"38520";"3004";"72";"1";"1";"7";"6";"0";"1";"1";"1";"0"
"3007";"38520";"3007";"72";"3";"1";"2";"6";"0";"1";"1";"1";"0"
"3018";"38521";"3018";"72";"5";"1";"7";"6";"1";"0";"1";"2";"0"
"3021";"38522";"3021";"72";"1";"1";"6";"9";"0";"1";"1";"1";"0"
"3023";"38529";"3023";"72";"1";"1";"7";"4";"0";"1";"1";"1";"0"
"3030";"38569";"3030";"72";"2";"1";"7";"6";"0";"1";"1";"1";"0"
"3031";"38569";"3031";"72";"1";"1";"7";"6";"0";"1";"1";"1";"0"
"3032";"38569";"3032";"72";"3";"1";"7";"6";"0";"1";"1";"1";"0"
"3038";"38578";"3038";"72";"5";"1";"7";"6";"0";"1";"1";"1";"0"
"3049";"38605";"3049";"72";"1";"1";"7";"6";"0";"1";"1";"1";"0"
"3053";"38632";"3053";"72";"1";"1";"7";"6";"0";"1";"1";"1";"0"
"3054";"38641";"3054";"72";"1";"1";"7";"6";"0";"1";"1";"1";"0"
"3057";"38659";"3057";"72";"1";"1";"7";"6";"0";"1";"1";"1";"0"
"3058";"38659";"3058";"72";"1";"1";"7";"6";"0";"1";"1";"1";"0"
"3061";"38677";"3061";"72";"1";"1";"7";"6";"1";"0";"1";"2";"0"
"3068";"38709";"3068";"72";"1";"1";"7";"6";"1";"0";"1";"2";"0"
"3072";"38730";"3072";"72";"1";"1";"7";"6";"0";"1";"1";"1";"0"
"3077";"38742";"3077";"72";"1";"1";"7";"4";"0";"2";"0";"1";"0"
"3086";"38774";"3086";"72";"1";"1";"7";"6";"1";"0";"1";"2";"0"
"3087";"38785";"3087";"72";"1";"1";"7";"6";"1";"0";"1";"2";"0"
"3092";"38793";"3092";"72";"1";"1";"7";"6";"0";"1";"1";"1";"0"
"3115";"38858";"3115";"72";"1";"1";"7";"8";"0";"1";"1";"1";"0"
"3116";"38863";"3116";"72";"1";"1";"7";"6";"0";"1";"1";"1";"0"
"3117";"38868";"3117";"72";"1";"1";"7";"6";"1";"0";"1";"2";"0"
"3123";"38895";"3123";"72";"1";"1";"7";"6";"0";"1";"1";"1";"0"
"3124";"38896";"3124";"72";"1";"1";"7";"6";"0";"0";"1";"3";"0"
"3128";"38900";"3128";"72";"3";"1";"7";"6";"0";"1";"1";"1";"0"
"3129";"38901";"3129";"72";"3";"1";"7";"4";"0";"1";"1";"1";"0"
"3145";"38937";"3145";"72";"3";"4";"3";"6";"0";"1";"1";"1";"0"
"3146";"38937";"3146";"72";"1";"3";"2";"6";"0";"1";"1";"1";"0"
"3150";"38939";"3150";"72";"1";"1";"7";"6";"0";"1";"1";"1";"0"
"3156";"38941";"3156";"72";"1";"1";"7";"6";"0";"1";"1";"1";"0"
"3159";"38942";"3159";"72";"3";"1";"7";"6";"0";"1";"1";"1";"0"
"3162";"38954";"3162";"72";"1";"1";"7";"8";"0";"1";"1";"1";"0"
"3167";"38960";"3167";"72";"1";"1";"7";"6";"0";"1";"1";"1";"0"
"3168";"38962";"3168";"72";"1";"1";"7";"6";"1";"0";"1";"2";"0"
"3169";"38963";"3169";"72";"1";"1";"7";"6";"0";"1";"1";"1";"0"
"3176";"38976";"3176";"72";"1";"1";"7";"6";"0";"1";"1";"1";"0"
"3177";"38981";"3177";"72";"1";"1";"7";"6";"0";"1";"1";"1";"0"
"3181";"38987";"3181";"72";"1";"1";"7";"6";"0";"2";"1";"1";"0"
"3185";"38987";"3185";"72";"1";"1";"7";"8";"0";"1";"1";"1";"0"
"3186";"38987";"3186";"72";"1";"1";"7";"6";"0";"1";"1";"1";"0"
"3192";"38994";"3192";"72";"1";"1";"7";"6";"0";"1";"1";"1";"0"
"3193";"38994";"3193";"72";"1";"1";"7";"4";"0";"1";"2";"1";"0"
"3195";"38994";"3195";"72";"1";"1";"7";"6";"0";"1";"1";"1";"0"
"3197";"38997";"3197";"72";"1";"1";"7";"6";"0";"1";"1";"1";"0"
"3202";"38998";"3202";"72";"1";"1";"7";"6";"0";"1";"1";"1";"0"
"3207";"39018";"3207";"72";"3";"1";"7";"2";"0";"1";"1";"1";"0"
"3226";"39027";"3226";"72";"3";"2";"2";"6";"1";"1";"1";"2";"0"
"3232";"39031";"3232";"72";"1";"1";"7";"6";"1";"0";"1";"2";"0"
"3236";"39031";"3236";"72";"1";"1";"7";"6";"0";"1";"1";"1";"0"
"3248";"39047";"3248";"72";"3";"1";"7";"6";"1";"0";"1";"2";"0"
"3262";"39048";"3262";"72";"1";"2";"2";"6";"0";"1";"4";"1";"0"
"3281";"39059";"3281";"72";"1";"1";"7";"6";"0";"1";"1";"1";"0"
"3282";"39059";"3282";"72";"1";"1";"7";"6";"0";"1";"1";"1";"0"
"3289";"39086";"3289";"72";"1";"1";"7";"6";"0";"1";"1";"1";"0"
"3291";"39099";"3291";"72";"1";"1";"7";"6";"0";"1";"1";"1";"0"
"3295";"39101";"3295";"72";"1";"1";"7";"6";"0";"1";"1";"1";"0"
"3306";"39133";"3306";"72";"1";"1";"7";"6";"0";"1";"1";"1";"0"
"3307";"39134";"3307";"72";"1";"1";"7";"6";"0";"1";"1";"1";"0"
"3308";"39136";"3308";"72";"1";"3";"2";"6";"0";"1";"1";"1";"0"
"3310";"39136";"3310";"72";"1";"1";"7";"4";"1";"0";"1";"2";"0"
"3312";"39139";"3312";"72";"2";"1";"7";"6";"1";"0";"1";"2";"0"
"3327";"39187";"3327";"72";"1";"1";"7";"4";"0";"2";"1";"1";"0"
"3334";"39201";"3334";"72";"3";"1";"7";"6";"0";"1";"1";"1";"0"
"3335";"39201";"3335";"72";"1";"2";"1";"6";"0";"1";"1";"1";"0"
"3336";"39205";"3336";"72";"1";"1";"7";"6";"1";"0";"1";"2";"0"
"3338";"39205";"3338";"72";"1";"1";"7";"6";"1";"0";"1";"2";"0"
"3345";"39256";"3345";"72";"1";"1";"7";"6";"0";"1";"1";"1";"0"
"3346";"39264";"3346";"72";"1";"1";"7";"6";"0";"1";"1";"1";"0"
"3347";"39264";"3347";"72";"1";"1";"7";"6";"1";"0";"1";"2";"0"
"3349";"39267";"3349";"72";"1";"3";"2";"6";"0";"1";"1";"1";"0"
"3353";"39292";"3353";"72";"4";"1";"7";"5";"0";"2";"0";"1";"0"
"3356";"39294";"3356";"72";"1";"1";"7";"6";"0";"1";"1";"1";"0"
"3365";"39312";"3365";"72";"1";"1";"2";"4";"0";"1";"1";"1";"0"
"3367";"39312";"3367";"72";"1";"1";"7";"5";"0";"1";"1";"1";"0"
"3369";"39328";"3369";"72";"1";"1";"7";"6";"1";"0";"1";"2";"0"
"3382";"39356";"3382";"72";"1";"1";"7";"6";"1";"0";"1";"2";"0"
"3383";"39362";"3383";"72";"1";"1";"7";"6";"0";"1";"1";"1";"0"
"3384";"39363";"3384";"72";"1";"1";"7";"6";"1";"0";"1";"2";"0"
"3387";"39384";"3387";"72";"1";"1";"7";"6";"0";"1";"1";"1";"0"
"3398";"39396";"3398";"72";"1";"1";"5";"7";"0";"1";"1";"1";"0"
"3401";"39402";"3401";"72";"1";"1";"7";"6";"0";"1";"1";"1";"0"
"3405";"39403";"3405";"72";"1";"1";"7";"6";"0";"1";"1";"1";"0"
"3408";"39416";"3408";"72";"1";"1";"7";"6";"0";"1";"1";"1";"0"
"3414";"39458";"3414";"72";"2";"1";"7";"6";"0";"1";"1";"1";"0"