"accident_id";"lieu_id";"date_id";"cause_id";"lum_id";"intemp_id";"etat_surface_id";"impliq_id";"nb_blesses_graves";"nb_blesses_legers";"nb_indemnes";"gravite";"nb_morts"
"3415";"39460";"3415";"72";"1";"1";"7";"6";"0";"1";"2";"1";"0"
"3416";"39471";"3416";"72";"2";"1";"2";"6";"0";"1";"1";"1";"0"
"3417";"39471";"3417";"72";"1";"1";"7";"6";"0";"1";"1";"1";"0"
"3420";"39476";"3420";"72";"3";"1";"7";"6";"0";"0";"1";"3";"0"
"3429";"39504";"3429";"72";"1";"1";"7";"6";"0";"1";"1";"1";"0"
"3432";"39508";"3432";"72";"1";"1";"7";"6";"1";"0";"1";"2";"0"
"3433";"39513";"3433";"72";"1";"1";"7";"6";"0";"1";"1";"1";"0"
"3434";"39513";"3434";"72";"3";"1";"7";"6";"0";"1";"1";"1";"0"
"3436";"39517";"3436";"72";"1";"1";"7";"3";"0";"2";"0";"1";"0"
"3438";"39521";"3438";"72";"1";"1";"7";"6";"0";"1";"1";"1";"0"
"3440";"39526";"3440";"72";"1";"1";"7";"6";"0";"1";"1";"1";"0"
"3441";"39527";"3441";"72";"1";"1";"7";"6";"0";"1";"1";"1";"0"
"3442";"39533";"3442";"72";"1";"1";"7";"6";"0";"1";"1";"1";"0"
"3447";"39535";"3447";"72";"1";"1";"7";"6";"1";"0";"1";"2";"0"
"3448";"39536";"3448";"72";"1";"1";"7";"6";"0";"1";"1";"1";"0"
"3460";"39548";"3460";"72";"2";"1";"7";"6";"1";"0";"1";"2";"0"
"3474";"39572";"3474";"72";"1";"1";"7";"6";"0";"1";"1";"1";"0"
"3479";"39583";"3479";"72";"2";"3";"1";"6";"0";"1";"1";"1";"0"
"3482";"39584";"3482";"72";"1";"2";"2";"6";"0";"1";"1";"1";"0"
"3483";"39584";"3483";"72";"1";"1";"7";"6";"1";"0";"1";"2";"0"
"3484";"39584";"3484";"72";"1";"1";"7";"6";"0";"1";"1";"1";"0"
"3487";"39585";"3487";"72";"3";"1";"7";"6";"0";"1";"1";"1";"0"
"3489";"39587";"3489";"72";"1";"1";"7";"6";"0";"1";"1";"1";"0"
"3492";"39590";"3492";"72";"1";"1";"7";"6";"0";"1";"1";"1";"0"
"3493";"39591";"3493";"72";"1";"1";"7";"6";"0";"1";"1";"1";"0"
"3508";"39621";"3508";"72";"1";"1";"7";"6";"0";"1";"1";"1";"0"
"3512";"39629";"3512";"72";"1";"1";"7";"6";"0";"1";"1";"1";"0"
"3514";"39630";"3514";"72";"1";"1";"7";"6";"0";"1";"1";"1";"0"
"3532";"39642";"3532";"72";"1";"1";"7";"6";"0";"1";"1";"1";"0"
"3533";"39643";"3533";"72";"1";"1";"7";"6";"0";"1";"1";"1";"0"
"3534";"39643";"3534";"72";"1";"1";"7";"6";"0";"1";"1";"1";"0"
"3536";"39644";"3536";"72";"1";"1";"7";"6";"0";"1";"1";"1";"0"
"3538";"39644";"3538";"72";"1";"1";"7";"3";"0";"1";"1";"1";"0"
"3546";"39655";"3546";"72";"1";"1";"7";"6";"0";"1";"1";"1";"0"
"3550";"39658";"3550";"72";"3";"1";"7";"6";"1";"0";"1";"2";"0"
"3581";"39694";"3581";"72";"1";"1";"7";"6";"0";"1";"1";"1";"0"
"3584";"39694";"3584";"72";"1";"1";"7";"6";"0";"1";"1";"1";"0"
"3590";"39695";"3590";"72";"1";"1";"7";"6";"0";"1";"1";"1";"0"
"3605";"39704";"3605";"72";"1";"3";"2";"6";"1";"0";"1";"2";"0"
"3618";"39737";"3618";"72";"1";"1";"7";"6";"0";"1";"1";"1";"0"
"3620";"39738";"3620";"72";"1";"1";"7";"6";"0";"1";"1";"1";"0"
"3621";"39740";"3621";"72";"3";"1";"7";"6";"0";"1";"1";"1";"0"
"3626";"39749";"3626";"72";"1";"3";"2";"6";"0";"1";"1";"1";"0"
"3627";"39749";"3627";"72";"1";"1";"7";"6";"0";"1";"1";"1";"0"
"3632";"39754";"3632";"72";"1";"1";"7";"6";"0";"1";"1";"1";"0"
"3638";"39770";"3638";"72";"1";"1";"7";"6";"0";"1";"1";"1";"0"
"3648";"39787";"3648";"72";"1";"1";"7";"6";"0";"1";"1";"1";"0"
"3650";"39787";"3650";"72";"1";"1";"7";"6";"1";"0";"1";"2";"0"
"3651";"39787";"3651";"72";"1";"1";"7";"6";"0";"1";"1";"1";"0"
"3658";"39807";"3658";"72";"1";"1";"7";"6";"0";"1";"1";"1";"0"
"3659";"39807";"3659";"72";"1";"1";"7";"6";"0";"1";"1";"1";"0"
"3664";"39825";"3664";"72";"1";"1";"7";"6";"0";"1";"1";"1";"0"
"3665";"39833";"3665";"72";"1";"1";"7";"6";"0";"1";"1";"1";"0"
"3666";"39833";"3666";"72";"1";"1";"7";"6";"0";"1";"1";"1";"0"
"3668";"39838";"3668";"72";"4";"1";"2";"6";"0";"1";"1";"1";"0"
"3681";"39877";"3681";"72";"1";"1";"7";"6";"0";"1";"1";"1";"0"
"3693";"39903";"3693";"72";"1";"1";"7";"6";"0";"1";"1";"1";"0"
"3696";"39907";"3696";"72";"3";"1";"2";"6";"0";"1";"1";"1";"0"
"3699";"39913";"3699";"72";"1";"1";"7";"6";"0";"1";"1";"1";"0"
"3714";"39968";"3714";"72";"1";"1";"7";"6";"0";"1";"1";"1";"0"
"3715";"39968";"3715";"72";"1";"7";"7";"6";"0";"1";"1";"1";"0"
"3719";"39972";"3719";"72";"3";"1";"7";"6";"0";"1";"1";"1";"0"
"3721";"39974";"3721";"72";"1";"1";"7";"6";"0";"1";"1";"1";"0"
"3724";"39975";"3724";"72";"1";"1";"7";"5";"1";"0";"1";"2";"0"
"3725";"39975";"3725";"72";"1";"1";"7";"6";"0";"1";"1";"1";"0"
"3726";"39975";"3726";"72";"1";"1";"7";"6";"0";"1";"1";"1";"0"
"3727";"39977";"3727";"72";"4";"1";"7";"6";"0";"1";"1";"1";"0"
"3728";"39978";"3728";"72";"1";"1";"7";"6";"0";"1";"1";"1";"0"
"3729";"39978";"3729";"72";"1";"1";"7";"6";"0";"1";"1";"1";"0"
"3730";"39978";"3730";"72";"1";"3";"2";"6";"0";"1";"1";"1";"0"
"3732";"39985";"3732";"72";"1";"1";"7";"6";"0";"1";"1";"1";"0"
"3733";"39985";"3733";"72";"5";"1";"7";"6";"0";"1";"1";"1";"0"
"3736";"39998";"3736";"72";"1";"1";"7";"6";"0";"1";"1";"1";"0"
"3737";"39998";"3737";"72";"1";"1";"7";"6";"1";"0";"1";"2";"0"
"3746";"40017";"3746";"72";"1";"1";"7";"4";"0";"1";"1";"1";"0"
"3747";"40018";"3747";"72";"3";"1";"7";"6";"0";"3";"1";"1";"0"
"3761";"40028";"3761";"72";"1";"1";"7";"4";"0";"2";"0";"1";"0"
"3769";"40048";"3769";"72";"1";"1";"7";"6";"0";"1";"1";"1";"0"
"3774";"40051";"3774";"72";"1";"1";"7";"6";"0";"1";"1";"1";"0"
"3785";"40054";"3785";"72";"3";"1";"4";"6";"0";"1";"1";"1";"0"
"3790";"40055";"3790";"72";"5";"1";"7";"6";"0";"1";"1";"1";"0"
"3791";"40055";"3791";"72";"1";"1";"7";"6";"0";"1";"1";"1";"0"
"3795";"40056";"3795";"72";"1";"1";"7";"4";"0";"1";"1";"1";"0"
"3805";"40081";"3805";"72";"1";"1";"7";"6";"0";"1";"1";"1";"0"
"3832";"40087";"3832";"72";"1";"1";"7";"6";"0";"1";"1";"1";"0"
"3833";"40087";"3833";"72";"1";"1";"7";"3";"0";"1";"1";"1";"0"
"3847";"40098";"3847";"72";"1";"1";"7";"5";"1";"0";"1";"2";"0"
"3848";"40098";"3848";"72";"1";"1";"7";"6";"0";"1";"1";"1";"0"
"3855";"40099";"3855";"72";"1";"1";"7";"6";"0";"1";"1";"1";"0"
"3875";"40118";"3875";"72";"1";"1";"7";"6";"0";"1";"1";"1";"0"
"3886";"40162";"3886";"72";"3";"1";"7";"6";"0";"1";"1";"1";"0"
"3891";"40165";"3891";"72";"1";"1";"7";"6";"0";"1";"1";"1";"0"
"3896";"40169";"3896";"72";"2";"1";"7";"6";"0";"1";"1";"1";"0"
"3897";"40176";"3897";"72";"1";"1";"7";"5";"0";"1";"1";"1";"0"
"3905";"40192";"3905";"72";"1";"1";"7";"6";"0";"1";"1";"1";"0"
"3908";"40194";"3908";"72";"1";"1";"7";"6";"0";"1";"1";"1";"0"
"3912";"40209";"3912";"72";"1";"1";"7";"6";"0";"1";"1";"1";"0"
"3913";"40209";"3913";"72";"1";"1";"7";"6";"0";"1";"1";"1";"0"
"3921";"40222";"3921";"72";"1";"1";"7";"6";"0";"1";"1";"1";"0"
"3935";"40233";"3935";"72";"1";"1";"7";"6";"0";"1";"1";"1";"0"
"3938";"40253";"3938";"72";"1";"1";"7";"6";"0";"0";"1";"3";"0"
"3939";"40258";"3939";"72";"1";"1";"7";"6";"0";"1";"1";"1";"0"
"3952";"40300";"3952";"72";"3";"1";"7";"6";"0";"1";"1";"1";"0"
"3961";"40305";"3961";"72";"1";"1";"7";"6";"0";"1";"1";"1";"0"
"3975";"40309";"3975";"72";"1";"1";"7";"6";"0";"1";"1";"1";"0"
"3991";"40335";"3991";"72";"1";"1";"7";"6";"0";"1";"1";"1";"0"
"3992";"40335";"3992";"72";"1";"1";"7";"6";"0";"1";"1";"1";"0"
"3994";"40339";"3994";"72";"1";"1";"7";"6";"0";"1";"1";"1";"0"
"3995";"40344";"3995";"72";"1";"1";"7";"6";"0";"1";"1";"1";"0"
"3996";"40344";"3996";"72";"3";"1";"7";"6";"0";"1";"1";"1";"0"
"4003";"40360";"4003";"72";"1";"1";"7";"6";"0";"1";"1";"1";"0"
"4019";"40379";"4019";"72";"1";"1";"7";"6";"0";"1";"1";"1";"0"
"4020";"40379";"4020";"72";"3";"1";"7";"7";"0";"0";"1";"3";"0"
"4028";"40381";"4028";"72";"3";"1";"1";"6";"1";"0";"1";"2";"0"
"4029";"40381";"4029";"72";"1";"1";"1";"6";"0";"1";"1";"1";"0"
"4031";"40381";"4031";"72";"1";"1";"7";"6";"1";"0";"1";"2";"0"
"4034";"40381";"4034";"72";"1";"1";"7";"5";"0";"2";"0";"1";"0"
"4038";"40382";"4038";"72";"1";"1";"7";"6";"1";"0";"1";"2";"0"
"4044";"40383";"4044";"72";"1";"1";"7";"6";"1";"0";"1";"2";"0"
"4070";"40433";"4070";"72";"1";"1";"4";"6";"0";"1";"1";"1";"0"
"4090";"40481";"4090";"72";"1";"1";"7";"6";"0";"1";"1";"1";"0"
"4104";"40491";"4104";"72";"1";"1";"7";"6";"0";"1";"1";"1";"0"
"4105";"40491";"4105";"72";"1";"2";"2";"6";"1";"0";"1";"2";"0"
"4107";"40503";"4107";"72";"1";"1";"7";"6";"0";"1";"1";"1";"0"
"4131";"40574";"4131";"72";"1";"1";"7";"6";"0";"1";"1";"1";"0"
"4132";"40576";"4132";"72";"1";"1";"7";"6";"0";"1";"1";"1";"0"
"4134";"40578";"4134";"72";"4";"3";"2";"6";"0";"1";"1";"1";"0"
"4137";"40586";"4137";"72";"1";"1";"7";"6";"0";"1";"1";"1";"0"
"4141";"40595";"4141";"72";"1";"1";"7";"6";"0";"1";"1";"1";"0"
"4145";"40631";"4145";"72";"1";"1";"7";"6";"0";"1";"1";"1";"0"
"4149";"40646";"4149";"72";"1";"3";"2";"6";"1";"0";"1";"2";"0"
"4156";"40694";"4156";"72";"1";"1";"7";"4";"0";"1";"1";"1";"0"
"4164";"40712";"4164";"72";"1";"1";"7";"6";"1";"0";"1";"2";"0"
"4166";"40713";"4166";"72";"1";"3";"2";"6";"0";"1";"1";"1";"0"
"4168";"40718";"4168";"72";"1";"1";"7";"8";"1";"0";"1";"2";"0"
"4175";"40734";"4175";"72";"1";"1";"7";"6";"0";"1";"1";"1";"0"
"4178";"40742";"4178";"72";"1";"1";"7";"6";"0";"1";"1";"1";"0"
"4184";"40751";"4184";"72";"1";"1";"7";"6";"1";"0";"1";"2";"0"
"4186";"40751";"4186";"72";"1";"1";"7";"6";"0";"1";"1";"1";"0"
"4190";"40751";"4190";"72";"1";"1";"7";"6";"1";"0";"1";"2";"0"
"4192";"40751";"4192";"72";"1";"1";"7";"6";"0";"1";"2";"1";"0"
"4194";"40751";"4194";"72";"1";"1";"7";"6";"1";"0";"1";"2";"0"
"4203";"40752";"4203";"72";"1";"1";"7";"6";"0";"1";"1";"1";"0"
"4207";"40756";"4207";"72";"1";"1";"7";"6";"0";"1";"1";"1";"0"
"4208";"40756";"4208";"72";"1";"1";"7";"6";"0";"1";"1";"1";"0"
"4219";"40776";"4219";"72";"1";"1";"7";"6";"0";"1";"1";"1";"0"
"4221";"40784";"4221";"72";"1";"1";"7";"6";"0";"1";"1";"1";"0"
"4224";"40802";"4224";"72";"3";"1";"7";"6";"1";"0";"1";"2";"0"
"4230";"40814";"4230";"72";"1";"1";"7";"6";"0";"1";"1";"1";"0"
"4231";"40814";"4231";"72";"1";"1";"7";"6";"0";"1";"1";"1";"0"
"4239";"40835";"4239";"72";"1";"1";"2";"6";"0";"1";"1";"1";"0"
"4251";"40849";"4251";"72";"2";"3";"1";"6";"0";"1";"1";"1";"0"
"4258";"40861";"4258";"72";"1";"1";"7";"6";"0";"1";"1";"1";"0"
"4260";"40861";"4260";"72";"3";"1";"7";"6";"0";"1";"1";"1";"0"
"4263";"40869";"4263";"72";"1";"1";"7";"6";"0";"1";"1";"1";"0"
"4273";"40889";"4273";"72";"1";"1";"2";"3";"0";"1";"1";"1";"0"
"4287";"40934";"4287";"72";"1";"1";"7";"6";"0";"1";"1";"1";"0"
"4306";"40947";"4306";"72";"1";"1";"7";"8";"0";"1";"1";"1";"0"
"4317";"40997";"4317";"72";"1";"1";"7";"6";"0";"1";"1";"1";"0"
"4324";"41003";"4324";"72";"1";"1";"7";"6";"0";"1";"1";"1";"0"
"4338";"41017";"4338";"72";"5";"2";"1";"6";"0";"1";"1";"1";"0"
"4365";"41079";"4365";"72";"1";"1";"7";"6";"0";"1";"1";"1";"0"
"4377";"41130";"4377";"72";"1";"1";"7";"6";"0";"1";"1";"1";"0"
"4386";"41140";"4386";"72";"1";"1";"2";"6";"0";"1";"1";"1";"0"
"4389";"41152";"4389";"72";"1";"1";"7";"6";"1";"0";"1";"2";"0"
"4392";"41166";"4392";"72";"4";"1";"7";"6";"0";"1";"1";"1";"0"
"4403";"41191";"4403";"72";"3";"2";"1";"6";"0";"1";"1";"1";"0"
"4405";"41193";"4405";"72";"1";"1";"7";"6";"1";"0";"1";"2";"0"
"4406";"41194";"4406";"72";"1";"1";"7";"6";"0";"1";"1";"1";"0"
"4411";"41203";"4411";"72";"1";"1";"7";"6";"0";"1";"1";"1";"0"
"4415";"41211";"4415";"72";"1";"1";"7";"6";"0";"1";"1";"1";"0"
"4474";"41308";"4474";"72";"1";"1";"7";"6";"1";"0";"1";"2";"0"
"4477";"41322";"4477";"72";"1";"1";"7";"6";"0";"1";"1";"1";"0"
"4491";"41390";"4491";"72";"3";"1";"2";"6";"0";"1";"1";"1";"0"
"4495";"41417";"4495";"72";"1";"3";"1";"6";"0";"1";"1";"1";"0"
"4503";"41422";"4503";"72";"1";"1";"1";"6";"0";"1";"1";"1";"0"
"4504";"41422";"4504";"72";"3";"1";"7";"6";"0";"0";"1";"3";"0"
"4506";"41422";"4506";"72";"1";"1";"7";"6";"0";"1";"1";"1";"0"
"4519";"41427";"4519";"72";"3";"3";"2";"6";"0";"1";"2";"1";"0"
"4521";"41448";"4521";"72";"1";"1";"7";"6";"0";"1";"1";"1";"0"
"4525";"41454";"4525";"72";"3";"2";"2";"6";"1";"0";"1";"2";"0"
"4527";"41456";"4527";"72";"2";"2";"2";"6";"0";"1";"1";"1";"0"
"4528";"41460";"4528";"72";"1";"1";"7";"6";"0";"1";"1";"1";"0"
"4529";"41460";"4529";"72";"1";"1";"7";"6";"0";"1";"1";"1";"0"
"4530";"41462";"4530";"72";"1";"1";"7";"6";"0";"1";"1";"1";"0"
"4531";"41462";"4531";"72";"1";"1";"7";"6";"0";"1";"1";"1";"0"
"4536";"41508";"4536";"72";"1";"1";"7";"6";"0";"1";"1";"1";"0"
"4545";"41537";"4545";"72";"1";"1";"7";"6";"0";"1";"1";"1";"0"
"4546";"41540";"4546";"72";"1";"1";"7";"6";"0";"1";"1";"1";"0"
"4550";"41554";"4550";"72";"1";"1";"7";"6";"0";"1";"1";"1";"0"
"4552";"41555";"4552";"72";"1";"1";"7";"6";"0";"1";"1";"1";"0"
"4554";"41576";"4554";"72";"1";"1";"7";"6";"0";"1";"1";"1";"0"
"4555";"41576";"4555";"72";"1";"1";"7";"6";"0";"1";"1";"1";"0"
"4562";"41577";"4562";"72";"1";"1";"7";"6";"0";"1";"1";"1";"0"
"4563";"41577";"4563";"72";"1";"1";"7";"6";"0";"1";"1";"1";"0"
"4568";"41593";"4568";"72";"3";"1";"7";"6";"0";"1";"1";"1";"0"
"4576";"41598";"4576";"72";"3";"3";"2";"6";"1";"0";"1";"2";"0"
"4580";"41599";"4580";"72";"3";"1";"7";"6";"1";"0";"1";"2";"0"
"4589";"41600";"4589";"72";"1";"1";"7";"6";"1";"0";"1";"2";"0"
"4597";"41610";"4597";"72";"1";"1";"7";"6";"0";"1";"1";"1";"0"
"4601";"41617";"4601";"72";"1";"1";"7";"6";"0";"1";"1";"1";"0"
"4611";"41629";"4611";"72";"1";"1";"7";"6";"0";"2";"1";"1";"0"
"4612";"41630";"4612";"72";"1";"1";"7";"6";"0";"1";"1";"1";"0"
"4613";"41630";"4613";"72";"1";"1";"7";"6";"0";"1";"1";"1";"0"
"4614";"41630";"4614";"72";"1";"1";"7";"6";"0";"1";"1";"1";"0"
"4617";"41632";"4617";"72";"3";"1";"7";"6";"0";"1";"1";"1";"0"
"4618";"41632";"4618";"72";"3";"1";"7";"6";"0";"0";"1";"3";"0"
"4619";"41632";"4619";"72";"5";"1";"7";"6";"0";"1";"1";"1";"0"
"4622";"41635";"4622";"72";"1";"1";"7";"6";"0";"1";"1";"1";"0"
"4623";"41636";"4623";"72";"1";"1";"7";"6";"0";"1";"1";"1";"0"
"4664";"41683";"4664";"72";"3";"1";"7";"6";"1";"0";"1";"2";"0"
"4667";"41683";"4667";"72";"1";"1";"7";"6";"1";"1";"1";"2";"0"
"4690";"41721";"4690";"72";"1";"3";"2";"6";"1";"0";"2";"2";"0"
"4693";"41726";"4693";"72";"3";"3";"2";"6";"1";"0";"1";"2";"0"
"4695";"41742";"4695";"72";"3";"3";"1";"6";"0";"1";"1";"1";"0"
"4710";"41773";"4710";"72";"1";"1";"7";"6";"0";"1";"1";"1";"0"
"4720";"42044";"4720";"72";"1";"1";"7";"6";"0";"1";"1";"1";"0"
"4743";"42168";"4743";"72";"3";"1";"7";"6";"0";"1";"1";"1";"0"
"4745";"42180";"4745";"72";"1";"3";"2";"6";"1";"0";"1";"2";"0"
"4747";"42196";"4747";"72";"1";"1";"7";"6";"1";"0";"1";"2";"0"
"4751";"42244";"4751";"72";"1";"1";"7";"6";"0";"1";"1";"1";"0"
"4783";"42973";"4783";"72";"1";"1";"7";"6";"0";"1";"1";"1";"0"
"4784";"42973";"4784";"72";"1";"1";"7";"6";"0";"1";"1";"1";"0"
"4785";"42973";"4785";"72";"1";"1";"7";"6";"0";"1";"1";"1";"0"
"4786";"42973";"4786";"72";"1";"1";"7";"6";"1";"0";"1";"2";"0"
"4787";"42973";"4787";"72";"1";"1";"7";"6";"1";"0";"1";"2";"0"
"4796";"42993";"4796";"72";"1";"1";"6";"4";"0";"2";"0";"1";"0"
"4801";"43021";"4801";"72";"1";"1";"7";"6";"1";"0";"1";"2";"0"
"4802";"43021";"4802";"72";"1";"1";"7";"6";"0";"1";"1";"1";"0"
"4803";"43024";"4803";"72";"1";"1";"7";"6";"0";"1";"1";"1";"0"
"4804";"43032";"4804";"72";"1";"1";"7";"3";"0";"2";"0";"1";"0"
"4805";"43032";"4805";"72";"1";"3";"1";"6";"1";"0";"1";"2";"0"
"4841";"43103";"4841";"72";"1";"1";"7";"6";"0";"1";"1";"1";"0"
"4848";"43108";"4848";"72";"2";"1";"7";"6";"0";"1";"1";"1";"0"
"4895";"43212";"4895";"72";"1";"1";"7";"6";"0";"1";"1";"1";"0"
"4904";"43232";"4904";"72";"3";"1";"7";"6";"0";"1";"1";"1";"0"
"4907";"43235";"4907";"72";"1";"1";"7";"6";"0";"2";"0";"1";"0"
"4910";"43258";"4910";"72";"1";"1";"7";"6";"0";"1";"1";"1";"0"
"4911";"43258";"4911";"72";"1";"1";"7";"6";"0";"1";"1";"1";"0"
"4913";"43267";"4913";"72";"1";"1";"7";"6";"0";"1";"1";"1";"0"
"4917";"43274";"4917";"72";"1";"1";"7";"6";"0";"1";"1";"1";"0"
"4918";"43275";"4918";"72";"1";"1";"7";"6";"0";"1";"1";"1";"0"
"4920";"43280";"4920";"72";"1";"1";"7";"6";"1";"0";"1";"2";"0"
"4922";"43284";"4922";"72";"4";"1";"7";"5";"0";"0";"1";"3";"0"
"4947";"43305";"4947";"72";"2";"1";"2";"6";"0";"1";"3";"1";"0"
"4953";"43317";"4953";"72";"1";"1";"7";"6";"0";"1";"1";"1";"0"
"4954";"43317";"4954";"72";"1";"1";"7";"6";"1";"0";"1";"2";"0"
"4955";"43319";"4955";"72";"1";"1";"7";"6";"1";"0";"1";"2";"0"
"4964";"43394";"4964";"72";"1";"1";"7";"6";"0";"1";"1";"1";"0"
"4966";"43399";"4966";"72";"1";"1";"7";"6";"0";"1";"1";"1";"0"
"4967";"43402";"4967";"72";"1";"1";"7";"6";"0";"1";"1";"1";"0"
"4970";"43407";"4970";"72";"2";"3";"2";"6";"0";"1";"0";"1";"0"
"4973";"43412";"4973";"72";"1";"1";"7";"6";"0";"1";"1";"1";"0"
"4974";"43413";"4974";"72";"1";"1";"7";"6";"0";"1";"1";"1";"0"
"4984";"43453";"4984";"72";"2";"1";"7";"6";"0";"1";"1";"1";"0"
"4985";"43461";"4985";"72";"1";"3";"2";"6";"0";"1";"1";"1";"0"
"4992";"43482";"4992";"72";"1";"1";"7";"6";"0";"1";"1";"1";"0"
"4997";"43511";"4997";"72";"1";"1";"7";"6";"0";"1";"1";"1";"0"
"5016";"43522";"5016";"72";"1";"1";"7";"6";"0";"1";"1";"1";"0"
"5018";"43522";"5018";"72";"1";"1";"7";"6";"0";"1";"1";"1";"0"
"5019";"43530";"5019";"72";"1";"1";"7";"6";"0";"1";"1";"1";"0"
"5020";"43531";"5020";"72";"1";"1";"7";"6";"0";"1";"1";"1";"0"
"5023";"43532";"5023";"72";"2";"1";"7";"6";"0";"1";"1";"1";"0"
"5025";"43538";"5025";"72";"1";"1";"7";"6";"0";"1";"1";"1";"0"
"5029";"43560";"5029";"72";"1";"1";"7";"6";"1";"0";"1";"2";"0"
"5041";"43625";"5041";"72";"1";"1";"7";"6";"0";"1";"1";"1";"0"
"5042";"43626";"5042";"72";"1";"1";"7";"6";"0";"1";"1";"1";"0"
"5059";"43798";"5059";"72";"1";"3";"2";"6";"0";"1";"1";"1";"0"
"5067";"43853";"5067";"72";"1";"1";"7";"6";"0";"1";"1";"1";"0"
"5068";"43855";"5068";"72";"1";"1";"7";"6";"0";"1";"1";"1";"0"
"5076";"45113";"5076";"72";"1";"1";"7";"6";"0";"1";"1";"1";"0"
"5077";"45114";"5077";"72";"1";"1";"7";"6";"0";"1";"1";"1";"0"
"5079";"45123";"5079";"72";"1";"1";"7";"6";"0";"1";"1";"1";"0"
"5080";"45123";"5080";"72";"1";"1";"7";"6";"0";"1";"1";"1";"0"
"5088";"45162";"5088";"72";"1";"1";"7";"3";"1";"0";"1";"2";"0"
"5090";"45174";"5090";"72";"1";"1";"7";"6";"1";"0";"1";"2";"0"
"5092";"45178";"5092";"72";"1";"1";"7";"6";"0";"2";"1";"1";"0"
"5102";"45239";"5102";"72";"1";"1";"7";"6";"0";"1";"1";"1";"0"
"5108";"45245";"5108";"72";"2";"1";"7";"6";"0";"1";"0";"1";"0"
"5112";"45254";"5112";"72";"3";"3";"2";"6";"1";"0";"1";"2";"0"
"5113";"45254";"5113";"72";"1";"1";"7";"6";"0";"1";"1";"1";"0"
"5129";"45257";"5129";"72";"1";"1";"7";"6";"0";"1";"1";"1";"0"
"5134";"45269";"5134";"72";"1";"1";"2";"6";"0";"1";"1";"1";"0"
"5137";"45274";"5137";"72";"2";"1";"7";"6";"1";"0";"1";"2";"0"
"5142";"45302";"5142";"72";"1";"1";"7";"6";"0";"1";"1";"1";"0"
"5144";"45322";"5144";"72";"1";"1";"7";"6";"0";"1";"1";"1";"0"
"5150";"45331";"5150";"72";"1";"1";"7";"6";"0";"1";"1";"1";"0"
"5158";"45356";"5158";"72";"1";"1";"7";"6";"0";"1";"1";"1";"0"
"5159";"45366";"5159";"72";"1";"1";"7";"6";"0";"1";"1";"1";"0"
"5166";"45384";"5166";"72";"1";"1";"7";"6";"0";"1";"1";"1";"0"
"5207";"45394";"5207";"72";"1";"1";"7";"6";"0";"2";"1";"1";"0"
"5211";"45394";"5211";"72";"1";"3";"1";"6";"0";"1";"1";"1";"0"
"5218";"45395";"5218";"72";"1";"1";"7";"6";"0";"1";"1";"1";"0"
"5222";"45420";"5222";"72";"1";"1";"7";"6";"0";"1";"1";"1";"0"
"5231";"45422";"5231";"72";"3";"1";"7";"6";"0";"0";"1";"3";"0"
"5256";"45461";"5256";"72";"1";"1";"7";"6";"0";"1";"1";"1";"0"
"5266";"45478";"5266";"72";"1";"1";"7";"6";"0";"1";"1";"1";"0"
"5269";"45482";"5269";"72";"1";"1";"7";"6";"0";"1";"1";"1";"0"
"5307";"45626";"5307";"72";"5";"3";"1";"6";"1";"0";"1";"2";"0"
"5309";"45631";"5309";"72";"3";"1";"7";"6";"0";"1";"1";"1";"0"
"5332";"46200";"5332";"72";"3";"3";"1";"6";"0";"1";"1";"1";"0"
"5338";"46232";"5338";"72";"1";"1";"7";"6";"0";"1";"1";"1";"0"
"5346";"46254";"5346";"72";"1";"1";"7";"6";"1";"0";"1";"2";"0"
"5361";"46307";"5361";"72";"1";"1";"7";"6";"0";"1";"1";"1";"0"
"5384";"46322";"5384";"72";"1";"1";"7";"7";"0";"0";"1";"3";"0"
"5399";"46336";"5399";"72";"3";"1";"2";"6";"0";"1";"1";"1";"0"
"5400";"46352";"5400";"72";"5";"1";"7";"6";"0";"1";"1";"1";"0"
"5402";"46358";"5402";"72";"3";"1";"7";"6";"1";"0";"1";"2";"0"
"5413";"46366";"5413";"72";"1";"1";"7";"6";"1";"0";"1";"2";"0"
"5417";"46368";"5417";"72";"1";"1";"7";"3";"0";"1";"1";"1";"0"
"5436";"46390";"5436";"72";"1";"1";"7";"6";"0";"1";"1";"1";"0"
"5441";"46395";"5441";"72";"1";"1";"7";"4";"0";"1";"1";"1";"0"
"5449";"46398";"5449";"72";"1";"1";"7";"6";"1";"0";"1";"2";"0"
"5451";"46400";"5451";"72";"1";"3";"2";"6";"0";"1";"1";"1";"0"
"5452";"46400";"5452";"72";"1";"1";"7";"6";"1";"0";"1";"2";"0"
"5454";"46400";"5454";"72";"2";"1";"7";"6";"0";"1";"1";"1";"0"
"5462";"46409";"5462";"72";"2";"1";"7";"6";"0";"1";"1";"1";"0"
"5464";"46416";"5464";"72";"1";"1";"7";"6";"0";"1";"1";"1";"0"
"5479";"46491";"5479";"72";"2";"1";"7";"6";"0";"1";"1";"1";"0"
"5501";"46679";"5501";"72";"1";"3";"1";"6";"0";"1";"1";"1";"0"
"5508";"47277";"5508";"72";"1";"1";"7";"6";"0";"1";"1";"1";"0"
"5509";"47289";"5509";"72";"1";"1";"7";"6";"1";"0";"1";"2";"0"
"5511";"47297";"5511";"72";"1";"1";"7";"6";"0";"1";"1";"1";"0"
"5515";"47319";"5515";"72";"1";"1";"7";"6";"0";"1";"1";"1";"0"
"5517";"47342";"5517";"72";"1";"1";"7";"6";"0";"1";"1";"1";"0"
"5518";"47342";"5518";"72";"1";"1";"7";"6";"0";"1";"1";"1";"0"
"5520";"47344";"5520";"72";"1";"1";"7";"3";"0";"1";"1";"1";"0"
"5521";"47344";"5521";"72";"1";"1";"7";"6";"0";"1";"1";"1";"0"
"5522";"47346";"5522";"72";"1";"3";"1";"6";"0";"1";"1";"1";"0"
"5524";"47346";"5524";"72";"1";"1";"7";"6";"0";"1";"1";"1";"0"
"5527";"47352";"5527";"72";"3";"1";"7";"6";"0";"1";"1";"1";"0"
"5528";"47353";"5528";"72";"1";"1";"7";"6";"0";"1";"1";"1";"0"
"5529";"47353";"5529";"72";"1";"1";"7";"6";"1";"0";"1";"2";"0"
"5535";"47368";"5535";"72";"1";"1";"7";"6";"0";"2";"1";"1";"0"
"5546";"47374";"5546";"72";"1";"1";"7";"6";"0";"0";"2";"3";"0"