"accident_id";"lieu_id";"date_id";"cause_id";"lum_id";"intemp_id";"etat_surface_id";"impliq_id";"nb_blesses_graves";"nb_blesses_legers";"nb_indemnes";"gravite";"nb_morts"
"5547";"47374";"5547";"72";"1";"3";"1";"6";"0";"1";"1";"1";"0"
"5549";"47374";"5549";"72";"3";"1";"7";"6";"0";"1";"1";"1";"0"
"5565";"47418";"5565";"72";"1";"1";"7";"6";"0";"1";"1";"1";"0"
"5566";"47418";"5566";"72";"1";"1";"7";"6";"0";"1";"1";"1";"0"
"5569";"47419";"5569";"72";"1";"1";"7";"4";"0";"2";"0";"1";"0"
"5573";"47465";"5573";"72";"1";"1";"7";"6";"0";"1";"1";"1";"0"
"5582";"47482";"5582";"72";"1";"1";"7";"6";"0";"1";"1";"1";"0"
"5585";"47490";"5585";"72";"3";"3";"2";"6";"0";"1";"1";"1";"0"
"5594";"47507";"5594";"72";"1";"1";"7";"6";"0";"1";"1";"1";"0"
"5596";"47516";"5596";"72";"3";"1";"7";"6";"0";"1";"1";"1";"0"
"5597";"47516";"5597";"72";"1";"2";"1";"6";"0";"1";"1";"1";"0"
"5603";"47524";"5603";"72";"2";"1";"7";"6";"0";"1";"2";"1";"0"
"5662";"47541";"5662";"72";"1";"1";"7";"6";"1";"0";"1";"2";"0"
"5663";"47542";"5663";"72";"2";"6";"1";"6";"0";"1";"1";"1";"0"
"5667";"47559";"5667";"72";"1";"1";"7";"6";"0";"1";"1";"1";"0"
"5678";"47603";"5678";"72";"1";"1";"7";"6";"1";"0";"1";"2";"0"
"5683";"47612";"5683";"72";"1";"1";"7";"6";"0";"1";"1";"1";"0"
"5702";"47625";"5702";"72";"3";"1";"7";"9";"0";"0";"1";"3";"0"
"5704";"47626";"5704";"72";"1";"1";"7";"9";"1";"0";"1";"2";"0"
"5710";"47631";"5710";"72";"1";"1";"7";"6";"0";"1";"1";"1";"0"
"5714";"47632";"5714";"72";"1";"1";"7";"5";"0";"1";"1";"1";"0"
"5715";"47632";"5715";"72";"1";"1";"7";"6";"0";"1";"1";"1";"0"
"5724";"47639";"5724";"72";"3";"3";"1";"6";"0";"1";"1";"1";"0"
"5748";"47645";"5748";"72";"1";"1";"7";"6";"1";"0";"1";"2";"0"
"5759";"47704";"5759";"72";"1";"1";"7";"6";"0";"1";"1";"1";"0"
"5761";"47709";"5761";"72";"1";"1";"7";"6";"0";"1";"1";"1";"0"
"5763";"47710";"5763";"72";"1";"1";"7";"6";"0";"1";"1";"1";"0"
"5770";"48303";"5770";"72";"4";"1";"1";"6";"0";"1";"1";"1";"0"
"5771";"48303";"5771";"72";"3";"3";"1";"6";"0";"1";"1";"1";"0"
"5780";"48363";"5780";"72";"1";"1";"7";"6";"0";"1";"1";"1";"0"
"5781";"48367";"5781";"72";"1";"1";"7";"6";"0";"1";"1";"1";"0"
"5785";"48393";"5785";"72";"1";"1";"7";"6";"0";"2";"0";"1";"0"
"5790";"48436";"5790";"72";"1";"1";"7";"6";"0";"1";"1";"1";"0"
"5791";"48436";"5791";"72";"1";"1";"7";"3";"0";"1";"1";"1";"0"
"5792";"48437";"5792";"72";"1";"1";"7";"6";"0";"1";"1";"1";"0"
"5804";"48519";"5804";"72";"3";"2";"1";"6";"1";"1";"0";"2";"0"
"5809";"48558";"5809";"72";"1";"1";"7";"6";"0";"1";"1";"1";"0"
"5814";"48571";"5814";"72";"1";"1";"2";"6";"1";"0";"1";"2";"0"
"5830";"48591";"5830";"72";"1";"3";"1";"6";"0";"1";"1";"1";"0"
"5831";"48591";"5831";"72";"1";"1";"7";"6";"0";"1";"1";"1";"0"
"5832";"48592";"5832";"72";"1";"1";"7";"6";"0";"1";"1";"1";"0"
"5837";"48595";"5837";"72";"1";"1";"7";"6";"1";"0";"1";"2";"0"
"5842";"48596";"5842";"72";"2";"1";"7";"6";"0";"1";"1";"1";"0"
"5851";"48619";"5851";"72";"1";"1";"7";"6";"0";"1";"1";"1";"0"
"5852";"48619";"5852";"72";"1";"1";"7";"6";"0";"1";"1";"1";"0"
"5858";"48629";"5858";"72";"1";"1";"7";"4";"0";"2";"0";"1";"0"
"5860";"48629";"5860";"72";"1";"1";"7";"6";"0";"1";"1";"1";"0"
"5866";"48633";"5866";"72";"1";"3";"2";"6";"0";"1";"1";"1";"0"
"5874";"48635";"5874";"72";"3";"1";"7";"6";"0";"1";"1";"1";"0"
"5876";"48636";"5876";"72";"2";"1";"7";"6";"1";"0";"1";"2";"0"
"5886";"48688";"5886";"72";"1";"1";"7";"4";"0";"2";"0";"1";"0"
"5887";"48688";"5887";"72";"1";"1";"7";"6";"0";"1";"1";"1";"0"
"5890";"48708";"5890";"72";"1";"1";"7";"2";"1";"0";"2";"2";"0"
"5891";"48719";"5891";"72";"1";"1";"7";"6";"1";"0";"1";"2";"0"
"5892";"48719";"5892";"72";"1";"1";"7";"6";"0";"1";"1";"1";"0"
"5899";"48797";"5899";"72";"3";"1";"7";"6";"0";"1";"1";"1";"0"
"5903";"48838";"5903";"72";"3";"1";"1";"6";"1";"0";"1";"2";"0"
"5910";"48839";"5910";"72";"1";"1";"2";"6";"0";"1";"1";"1";"0"
"5919";"48844";"5919";"72";"1";"6";"1";"6";"0";"1";"1";"1";"0"
"5922";"48846";"5922";"72";"1";"1";"7";"6";"0";"1";"1";"1";"0"
"5931";"48852";"5931";"72";"3";"1";"7";"4";"0";"1";"1";"1";"0"
"5962";"48921";"5962";"72";"3";"3";"2";"6";"0";"1";"1";"1";"0"
"5988";"48933";"5988";"72";"3";"1";"7";"5";"1";"1";"0";"2";"0"
"5992";"48978";"5992";"72";"1";"1";"7";"6";"0";"1";"1";"1";"0"
"6063";"49079";"6063";"72";"1";"1";"7";"6";"0";"1";"1";"1";"0"
"6067";"49122";"6067";"72";"1";"1";"7";"6";"0";"1";"1";"1";"0"
"6124";"49489";"6124";"72";"1";"1";"7";"8";"0";"1";"1";"1";"0"
"6131";"49559";"6131";"72";"1";"1";"7";"6";"0";"1";"1";"1";"0"
"6133";"49562";"6133";"72";"1";"1";"2";"6";"0";"1";"1";"1";"0"
"6138";"49614";"6138";"72";"1";"1";"7";"6";"0";"1";"1";"1";"0"
"6141";"49643";"6141";"72";"3";"3";"2";"9";"0";"1";"0";"3";"0"
"6154";"49694";"6154";"72";"1";"1";"7";"7";"0";"1";"1";"1";"0"
"6161";"49754";"6161";"72";"1";"1";"7";"6";"0";"1";"1";"1";"0"
"6162";"49754";"6162";"72";"1";"1";"7";"6";"0";"1";"1";"1";"0"
"6177";"50192";"6177";"72";"1";"1";"7";"6";"0";"1";"1";"1";"0"
"6179";"50193";"6179";"72";"1";"1";"7";"6";"0";"1";"1";"1";"0"
"6180";"50195";"6180";"72";"1";"1";"7";"6";"1";"0";"1";"2";"0"
"6186";"50205";"6186";"72";"1";"1";"7";"6";"0";"1";"1";"1";"0"
"6187";"50209";"6187";"72";"1";"2";"2";"6";"1";"0";"1";"2";"0"
"6189";"50210";"6189";"72";"1";"1";"7";"6";"1";"0";"1";"2";"0"
"6191";"50214";"6191";"72";"3";"1";"7";"6";"0";"1";"1";"1";"0"
"6200";"50217";"6200";"72";"1";"1";"7";"6";"0";"1";"1";"1";"0"
"6206";"50233";"6206";"72";"2";"1";"7";"6";"0";"1";"1";"1";"0"
"6223";"50268";"6223";"72";"3";"1";"7";"6";"1";"0";"1";"2";"0"
"6224";"50269";"6224";"72";"1";"1";"7";"6";"0";"1";"1";"1";"0"
"6250";"50301";"6250";"72";"1";"1";"7";"6";"0";"1";"1";"1";"0"
"6263";"51071";"6263";"72";"1";"1";"7";"6";"1";"0";"1";"2";"0"
"6271";"51146";"6271";"72";"1";"1";"1";"6";"0";"1";"1";"1";"0"
"6274";"51757";"6274";"72";"1";"1";"7";"6";"1";"0";"0";"2";"0"
"6276";"51765";"6276";"72";"1";"1";"7";"6";"0";"1";"1";"1";"0"
"6278";"51790";"6278";"72";"2";"1";"7";"6";"0";"1";"1";"1";"0"
"6282";"51853";"6282";"72";"1";"1";"7";"6";"0";"1";"1";"1";"0"
"6288";"51880";"6288";"72";"1";"1";"1";"6";"0";"1";"1";"1";"0"
"6291";"51886";"6291";"72";"3";"1";"7";"6";"0";"1";"1";"1";"0"
"6296";"51890";"6296";"72";"1";"1";"7";"4";"1";"0";"1";"2";"0"
"6305";"51926";"6305";"72";"1";"1";"7";"6";"0";"1";"1";"1";"0"
"6311";"51963";"6311";"72";"1";"1";"7";"6";"0";"1";"1";"1";"0"
"6312";"51965";"6312";"72";"1";"1";"7";"6";"1";"0";"1";"2";"0"
"6320";"51984";"6320";"72";"1";"1";"7";"6";"0";"1";"1";"1";"0"
"6325";"52007";"6325";"72";"1";"1";"7";"4";"0";"2";"0";"1";"0"
"6326";"52007";"6326";"72";"1";"1";"7";"2";"1";"0";"1";"2";"0"
"6327";"52007";"6327";"72";"1";"1";"7";"6";"0";"1";"1";"1";"0"
"6330";"52007";"6330";"72";"1";"3";"2";"6";"1";"0";"1";"2";"0"
"6331";"52007";"6331";"72";"1";"1";"1";"6";"1";"0";"1";"2";"0"
"6332";"52007";"6332";"72";"1";"1";"7";"6";"0";"1";"1";"1";"0"
"6333";"52007";"6333";"72";"1";"1";"7";"6";"1";"0";"1";"2";"0"
"6342";"52010";"6342";"72";"3";"1";"7";"6";"0";"1";"1";"1";"0"
"6344";"52010";"6344";"72";"1";"1";"7";"6";"0";"1";"0";"1";"0"
"6346";"52011";"6346";"72";"1";"1";"7";"6";"0";"1";"1";"1";"0"
"6347";"52011";"6347";"72";"1";"1";"7";"6";"0";"1";"1";"1";"0"
"6349";"52015";"6349";"72";"1";"1";"7";"6";"1";"0";"1";"2";"0"
"6351";"52033";"6351";"72";"1";"1";"7";"6";"1";"0";"1";"2";"0"
"6352";"52060";"6352";"72";"2";"1";"7";"6";"0";"1";"1";"1";"0"
"6354";"52061";"6354";"72";"2";"2";"1";"6";"0";"0";"1";"3";"0"
"6357";"52066";"6357";"72";"1";"1";"7";"6";"1";"0";"1";"2";"0"
"6369";"52101";"6369";"72";"1";"1";"7";"6";"0";"1";"1";"1";"0"
"6370";"52119";"6370";"72";"1";"1";"7";"6";"0";"1";"1";"1";"0"
"6372";"52143";"6372";"72";"1";"1";"7";"6";"0";"1";"1";"1";"0"
"6374";"52189";"6374";"72";"1";"1";"7";"6";"1";"0";"1";"2";"0"
"6391";"52263";"6391";"72";"1";"1";"7";"6";"0";"1";"1";"1";"0"
"6395";"52272";"6395";"72";"1";"1";"2";"6";"1";"1";"0";"2";"0"
"6398";"52827";"6398";"72";"3";"1";"7";"5";"0";"1";"1";"1";"0"
"6403";"52863";"6403";"72";"1";"1";"7";"6";"1";"0";"1";"2";"0"
"6407";"52863";"6407";"72";"3";"1";"7";"9";"0";"1";"0";"1";"0"
"6409";"52896";"6409";"72";"1";"1";"7";"6";"0";"1";"1";"1";"0"
"6410";"52907";"6410";"72";"1";"1";"7";"6";"0";"1";"1";"1";"0"
"6412";"52911";"6412";"72";"1";"1";"7";"6";"0";"1";"1";"1";"0"
"6421";"52949";"6421";"72";"1";"1";"7";"6";"0";"1";"1";"1";"0"
"6422";"52990";"6422";"72";"1";"1";"7";"6";"1";"0";"1";"2";"0"
"6426";"53011";"6426";"72";"3";"1";"7";"4";"0";"2";"0";"1";"0"
"6428";"53014";"6428";"72";"1";"1";"7";"6";"1";"0";"1";"2";"0"
"6431";"53029";"6431";"72";"1";"1";"7";"6";"0";"1";"1";"1";"0"
"6433";"53030";"6433";"72";"2";"3";"1";"6";"0";"1";"1";"1";"0"
"6434";"53031";"6434";"72";"1";"1";"7";"6";"1";"0";"1";"2";"0"
"6437";"53034";"6437";"72";"1";"1";"7";"6";"1";"0";"1";"2";"0"
"6446";"53045";"6446";"72";"1";"1";"2";"6";"0";"0";"1";"3";"0"
"6447";"53053";"6447";"72";"1";"1";"7";"6";"1";"0";"1";"2";"0"
"6475";"53118";"6475";"72";"1";"1";"7";"6";"0";"1";"1";"1";"0"
"6481";"53170";"6481";"72";"1";"3";"1";"6";"1";"0";"1";"2";"0"
"6492";"53186";"451";"72";"1";"1";"7";"6";"1";"0";"1";"2";"0"
"6494";"53194";"6494";"72";"1";"1";"7";"6";"0";"1";"1";"1";"0"
"6500";"53265";"6500";"72";"1";"1";"7";"6";"0";"1";"1";"1";"0"
"6509";"53334";"6509";"72";"1";"1";"7";"6";"0";"1";"1";"1";"0"
"6512";"53334";"6512";"72";"1";"1";"7";"4";"0";"1";"1";"1";"0"
"6516";"53974";"6516";"72";"1";"1";"7";"6";"1";"0";"1";"2";"0"
"6519";"53994";"6519";"72";"1";"1";"7";"6";"1";"0";"1";"2";"0"
"6521";"53994";"6521";"72";"3";"3";"1";"6";"0";"1";"1";"1";"0"
"6529";"54026";"6529";"72";"1";"1";"7";"6";"0";"1";"1";"1";"0"
"6540";"54201";"6540";"72";"1";"2";"2";"6";"0";"1";"1";"1";"0"
"6545";"54210";"6545";"72";"3";"6";"7";"6";"0";"1";"1";"1";"0"
"6568";"54323";"6568";"72";"2";"1";"7";"6";"1";"0";"1";"2";"0"
"6569";"54323";"6569";"72";"1";"2";"1";"6";"1";"0";"1";"2";"0"
"6570";"54323";"6570";"72";"1";"1";"7";"5";"1";"0";"0";"2";"0"
"6572";"54390";"6572";"72";"1";"3";"2";"6";"0";"1";"1";"1";"0"
"6585";"55623";"6585";"72";"1";"1";"7";"6";"0";"1";"1";"1";"0"
"6587";"55624";"6587";"72";"3";"1";"7";"6";"0";"1";"0";"1";"0"
"6603";"55681";"6603";"72";"3";"3";"2";"6";"1";"0";"1";"2";"0"
"6620";"55748";"6620";"72";"1";"1";"7";"6";"0";"1";"1";"1";"0"
"6621";"55757";"6621";"72";"1";"1";"7";"6";"1";"0";"0";"2";"0"
"6625";"55758";"6625";"72";"1";"1";"7";"6";"0";"1";"1";"1";"0"
"6627";"55758";"6627";"72";"1";"1";"7";"6";"0";"1";"2";"1";"0"
"6633";"55759";"6633";"72";"1";"1";"7";"6";"1";"0";"1";"2";"0"
"6660";"57084";"6660";"72";"1";"1";"7";"0";"0";"1";"1";"1";"0"
"6679";"57830";"6679";"72";"1";"1";"7";"6";"0";"1";"1";"1";"0"
"6711";"58658";"6711";"72";"1";"1";"7";"6";"1";"0";"1";"2";"0"
"6712";"58659";"6712";"72";"1";"1";"7";"6";"0";"1";"1";"1";"0"
"6717";"58661";"6717";"72";"1";"3";"1";"6";"0";"1";"1";"1";"0"
"6724";"58710";"6724";"72";"1";"1";"7";"6";"1";"0";"1";"2";"0"
"6728";"58721";"6728";"72";"1";"1";"7";"6";"1";"0";"1";"2";"0"
"6729";"58725";"6729";"72";"1";"1";"7";"6";"0";"1";"1";"1";"0"
"6731";"58728";"6731";"72";"1";"1";"7";"6";"1";"0";"1";"2";"0"
"6735";"58774";"6735";"72";"3";"3";"2";"6";"0";"1";"1";"1";"0"
"6736";"58775";"6736";"72";"1";"1";"7";"6";"1";"0";"1";"2";"0"
"6746";"58806";"6746";"72";"2";"1";"2";"6";"0";"1";"1";"1";"0"
"6757";"58835";"6757";"72";"3";"1";"7";"6";"0";"1";"1";"1";"0"
"6769";"58935";"6769";"72";"1";"1";"7";"6";"1";"0";"1";"2";"0"
"6777";"58981";"6777";"72";"1";"1";"7";"6";"1";"0";"1";"2";"0"
"6778";"58981";"6778";"72";"1";"1";"7";"6";"1";"0";"1";"2";"0"
"6782";"58989";"6782";"72";"1";"1";"7";"6";"1";"0";"1";"2";"0"
"6789";"58998";"6789";"72";"2";"1";"7";"6";"0";"1";"1";"1";"0"
"6799";"59068";"6799";"72";"1";"1";"7";"4";"2";"0";"0";"2";"0"
"6801";"59093";"6801";"72";"1";"1";"7";"6";"1";"0";"1";"2";"0"
"6812";"59743";"6812";"72";"1";"1";"7";"6";"0";"1";"1";"1";"0"
"6818";"59832";"6818";"72";"1";"1";"7";"6";"0";"1";"1";"1";"0"
"6827";"59839";"6827";"72";"1";"1";"7";"6";"0";"1";"1";"1";"0"
"6832";"59841";"6832";"72";"3";"1";"7";"6";"1";"0";"1";"2";"0"
"6861";"59900";"6861";"72";"1";"1";"7";"6";"0";"1";"1";"1";"0"
"6864";"59907";"6864";"72";"1";"3";"1";"6";"2";"0";"1";"2";"0"
"6878";"59916";"6878";"72";"1";"1";"7";"6";"1";"0";"1";"2";"0"
"6879";"59925";"6879";"72";"1";"1";"7";"3";"0";"1";"1";"1";"0"
"6884";"59946";"6884";"72";"1";"1";"1";"6";"0";"1";"1";"1";"0"
"6887";"59947";"6887";"72";"1";"1";"1";"6";"1";"0";"1";"2";"0"
"6920";"59982";"6920";"72";"1";"1";"7";"6";"1";"0";"1";"2";"0"
"6921";"59982";"6921";"72";"1";"2";"1";"6";"0";"1";"1";"1";"0"
"6932";"59994";"6932";"72";"1";"3";"2";"6";"0";"1";"1";"1";"0"
"6937";"60031";"6937";"72";"1";"1";"7";"6";"1";"0";"1";"2";"0"
"6951";"60064";"6951";"72";"3";"1";"7";"6";"0";"1";"1";"1";"0"
"6958";"60092";"6958";"72";"3";"1";"7";"6";"0";"1";"1";"1";"0"
"6964";"60119";"6964";"72";"1";"1";"7";"6";"1";"0";"1";"2";"0"
"6974";"60177";"6974";"72";"1";"1";"7";"6";"0";"1";"1";"1";"0"
"6998";"60236";"6998";"72";"1";"1";"7";"6";"0";"1";"1";"1";"0"
"7010";"60301";"7010";"72";"1";"1";"7";"6";"0";"1";"1";"1";"0"
"7011";"60301";"7011";"72";"1";"1";"7";"6";"0";"0";"1";"3";"0"
"7012";"60805";"7012";"72";"1";"1";"7";"6";"0";"1";"1";"1";"0"
"7015";"60816";"7015";"72";"3";"1";"7";"6";"0";"1";"1";"1";"0"
"7023";"60823";"7023";"72";"1";"1";"7";"6";"0";"1";"1";"1";"0"
"7024";"60823";"5925";"72";"1";"1";"7";"6";"0";"1";"1";"1";"0"
"7026";"60824";"7026";"72";"1";"1";"7";"6";"0";"1";"1";"1";"0"
"7041";"60829";"928";"72";"1";"3";"2";"6";"0";"1";"1";"1";"0"
"7046";"60830";"7046";"72";"2";"1";"7";"6";"0";"1";"1";"1";"0"
"7048";"60830";"7048";"72";"1";"1";"7";"6";"0";"1";"1";"1";"0"
"7049";"60830";"7049";"72";"1";"1";"7";"6";"0";"1";"1";"1";"0"
"7051";"60832";"7051";"72";"1";"1";"7";"6";"0";"1";"1";"1";"0"
"7057";"60835";"7057";"72";"1";"1";"7";"6";"0";"1";"1";"1";"0"
"7058";"60836";"7058";"72";"1";"1";"7";"6";"0";"1";"1";"1";"0"
"7059";"60837";"7059";"72";"1";"1";"7";"6";"0";"1";"1";"1";"0"
"7062";"60842";"7062";"72";"1";"1";"7";"6";"0";"1";"1";"1";"0"
"7068";"60849";"7068";"72";"1";"1";"7";"4";"0";"2";"0";"1";"0"
"7070";"60849";"7070";"72";"2";"1";"7";"6";"1";"0";"2";"2";"0"
"7076";"60851";"7076";"72";"1";"1";"7";"6";"0";"1";"1";"1";"0"
"7087";"60855";"7087";"72";"1";"1";"7";"6";"0";"1";"1";"1";"0"
"7089";"60856";"7089";"72";"1";"3";"2";"6";"0";"1";"1";"1";"0"
"7091";"60857";"7091";"72";"1";"1";"7";"6";"0";"1";"1";"1";"0"
"7094";"60865";"7094";"72";"1";"1";"7";"6";"1";"0";"2";"2";"0"
"7095";"60865";"7095";"72";"3";"3";"1";"6";"0";"1";"1";"1";"0"
"7107";"60868";"7107";"72";"3";"1";"7";"6";"0";"1";"1";"1";"0"
"7110";"60868";"7110";"72";"3";"3";"1";"6";"0";"1";"1";"1";"0"
"7118";"60878";"7118";"72";"1";"1";"7";"6";"0";"1";"1";"1";"0"
"7123";"60890";"7123";"72";"1";"1";"7";"6";"0";"1";"1";"1";"0"
"7128";"60894";"7128";"72";"1";"3";"1";"6";"0";"1";"1";"1";"0"
"7130";"60896";"7130";"72";"1";"1";"7";"6";"1";"0";"1";"2";"0"
"7131";"60896";"7131";"72";"1";"1";"7";"6";"0";"1";"3";"1";"0"
"7132";"60896";"7132";"72";"1";"1";"7";"6";"0";"1";"1";"1";"0"
"7134";"60896";"7134";"72";"1";"1";"7";"6";"0";"1";"1";"1";"0"
"7138";"60902";"7138";"72";"2";"3";"1";"6";"0";"1";"1";"1";"0"
"7141";"60908";"7141";"72";"1";"1";"7";"6";"0";"1";"1";"1";"0"
"7142";"60908";"7142";"72";"1";"1";"7";"6";"0";"1";"1";"1";"0"
"7144";"60909";"7144";"72";"1";"1";"7";"6";"1";"0";"1";"2";"0"
"7145";"60909";"7145";"72";"1";"1";"7";"6";"1";"0";"1";"2";"0"
"7146";"60910";"7146";"72";"1";"1";"7";"6";"0";"1";"1";"1";"0"
"7148";"60911";"7148";"72";"1";"1";"2";"6";"0";"1";"1";"1";"0"
"7149";"60911";"7149";"72";"3";"3";"1";"6";"0";"1";"1";"1";"0"
"7151";"60911";"7151";"72";"1";"1";"1";"6";"0";"1";"1";"1";"0"
"7153";"60914";"7153";"72";"1";"1";"7";"6";"0";"1";"1";"1";"0"
"7161";"60924";"7161";"72";"1";"1";"7";"6";"0";"1";"1";"1";"0"
"7162";"60924";"3440";"72";"1";"2";"1";"6";"0";"1";"1";"1";"0"
"7184";"60938";"7184";"72";"1";"1";"7";"6";"0";"1";"1";"1";"0"
"7196";"60948";"7196";"72";"1";"1";"7";"6";"0";"1";"1";"1";"0"
"7197";"60948";"7197";"72";"1";"1";"7";"6";"0";"1";"1";"1";"0"
"7198";"60951";"7198";"72";"1";"1";"7";"6";"0";"1";"1";"1";"0"
"7223";"60972";"7223";"72";"1";"1";"7";"6";"0";"1";"2";"1";"0"
"7235";"60978";"7235";"72";"1";"1";"7";"5";"0";"1";"1";"1";"0"
"7236";"60979";"7236";"72";"1";"1";"7";"6";"0";"1";"1";"1";"0"
"7250";"60986";"7250";"72";"1";"1";"7";"1";"0";"2";"1";"1";"0"
"7251";"60986";"7251";"72";"1";"1";"7";"8";"1";"0";"1";"2";"0"
"7252";"60987";"7252";"72";"1";"1";"7";"6";"0";"1";"0";"1";"0"
"7253";"60987";"7253";"72";"1";"1";"7";"6";"0";"1";"1";"1";"0"
"7256";"60989";"7256";"72";"1";"1";"7";"6";"0";"1";"1";"1";"0"
"7261";"61005";"7261";"72";"1";"1";"7";"6";"0";"1";"1";"1";"0"
"7268";"61020";"7268";"72";"1";"1";"7";"6";"1";"0";"1";"2";"0"
"7269";"61027";"7269";"72";"1";"1";"7";"6";"0";"1";"2";"1";"0"
"7270";"61027";"7270";"72";"2";"1";"1";"6";"0";"0";"1";"3";"0"
"7273";"61046";"7273";"72";"1";"1";"7";"6";"0";"1";"1";"1";"0"
"7274";"61046";"7274";"72";"1";"1";"7";"6";"0";"1";"1";"1";"0"
"7281";"61070";"7281";"72";"1";"1";"7";"6";"1";"0";"1";"2";"0"
"7282";"61070";"7282";"72";"1";"1";"7";"6";"0";"1";"1";"1";"0"
"7284";"61071";"7284";"72";"1";"1";"7";"6";"0";"1";"1";"1";"0"
"7286";"61074";"7286";"72";"1";"1";"7";"6";"0";"1";"1";"1";"0"
"7290";"61078";"7290";"72";"1";"1";"7";"6";"0";"1";"1";"1";"0"
"7292";"61080";"7292";"72";"2";"1";"7";"6";"0";"1";"1";"1";"0"
"7300";"61093";"7300";"72";"1";"1";"7";"6";"0";"1";"1";"1";"0"
"7303";"61101";"7303";"72";"1";"1";"7";"6";"0";"1";"1";"1";"0"
"7304";"61101";"7304";"72";"1";"1";"7";"6";"0";"1";"1";"1";"0"
"7308";"61103";"7308";"72";"1";"1";"7";"6";"0";"1";"1";"1";"0"
"7313";"61105";"7313";"72";"1";"1";"7";"6";"1";"0";"2";"2";"0"
"7318";"61106";"7318";"72";"1";"3";"2";"6";"0";"1";"1";"1";"0"
"7321";"61110";"7321";"72";"2";"1";"7";"6";"0";"1";"1";"1";"0"
"7322";"61110";"7322";"72";"1";"1";"7";"6";"0";"1";"1";"1";"0"
"7324";"61112";"7324";"72";"1";"1";"7";"6";"0";"1";"1";"1";"0"
"7325";"61112";"7325";"72";"1";"1";"7";"6";"0";"1";"1";"1";"0"
"7326";"61112";"7326";"72";"1";"1";"7";"6";"0";"1";"1";"1";"0"
"7328";"61116";"7328";"72";"1";"1";"7";"6";"0";"1";"1";"1";"0"
"7329";"61123";"7329";"72";"3";"1";"7";"6";"0";"2";"1";"1";"0"
"7332";"61123";"7332";"72";"2";"1";"7";"6";"0";"1";"1";"1";"0"
"7335";"61124";"7335";"72";"1";"1";"7";"6";"0";"1";"1";"1";"0"
"7339";"61125";"7339";"72";"1";"1";"7";"6";"0";"1";"1";"1";"0"
"7344";"61132";"7344";"72";"1";"1";"7";"6";"0";"1";"1";"1";"0"
"7349";"61142";"7349";"72";"1";"1";"7";"6";"0";"1";"1";"1";"0"
"7351";"61164";"7351";"72";"3";"1";"7";"6";"0";"1";"1";"1";"0"
"7353";"61165";"7353";"72";"1";"1";"7";"6";"0";"1";"1";"1";"0"
"7356";"61176";"7356";"72";"1";"1";"7";"5";"0";"1";"1";"1";"0"
"7357";"61176";"7357";"72";"1";"1";"7";"6";"0";"1";"1";"1";"0"
"7362";"61177";"7362";"72";"1";"1";"7";"6";"0";"1";"1";"1";"0"
"7367";"61179";"7367";"72";"1";"1";"7";"6";"0";"1";"1";"1";"0"
"7371";"61182";"7371";"72";"3";"3";"1";"6";"0";"1";"1";"1";"0"
"7372";"61182";"7372";"72";"1";"1";"7";"6";"1";"0";"1";"2";"0"
"7373";"61182";"7373";"72";"1";"1";"7";"6";"0";"1";"1";"1";"0"
"7377";"61182";"7377";"72";"1";"1";"7";"7";"0";"1";"1";"1";"0"
"7381";"61184";"7381";"72";"3";"1";"7";"6";"0";"1";"1";"1";"0"
"7382";"61188";"4898";"72";"1";"1";"7";"6";"0";"1";"1";"1";"0"
"7384";"61189";"7384";"72";"1";"1";"7";"6";"1";"0";"1";"2";"0"
"7385";"61189";"7385";"72";"1";"1";"7";"4";"1";"0";"1";"2";"0"
"7390";"61199";"7390";"72";"3";"1";"7";"6";"0";"1";"1";"1";"0"
"7391";"61203";"7391";"72";"1";"1";"7";"6";"1";"0";"1";"2";"0"
"7392";"61204";"7392";"72";"1";"1";"7";"4";"0";"3";"0";"1";"0"
"7396";"61210";"7396";"72";"1";"1";"7";"6";"0";"1";"1";"1";"0"
"7400";"61216";"7400";"72";"1";"1";"7";"6";"0";"1";"1";"1";"0"
"7404";"61216";"7404";"72";"2";"1";"7";"6";"0";"1";"1";"1";"0"
"7405";"61216";"7405";"72";"3";"1";"1";"6";"0";"1";"1";"1";"0"
"7408";"61220";"7408";"72";"3";"1";"7";"6";"0";"1";"1";"1";"0"
"7409";"61228";"7409";"72";"1";"1";"7";"6";"0";"1";"1";"1";"0"
"7410";"61233";"7410";"72";"1";"1";"7";"6";"0";"1";"1";"1";"0"
"7411";"61233";"7411";"72";"1";"1";"7";"6";"0";"1";"1";"1";"0"
"7412";"61233";"7412";"72";"1";"1";"7";"6";"0";"1";"1";"1";"0"
"7413";"61234";"7413";"72";"1";"1";"7";"6";"0";"1";"1";"1";"0"
"7414";"61234";"7414";"72";"1";"1";"7";"6";"0";"1";"3";"1";"0"
"7418";"61240";"7418";"72";"1";"1";"7";"6";"0";"1";"1";"1";"0"
"7419";"61247";"7419";"72";"1";"1";"7";"3";"0";"1";"1";"1";"0"
"7426";"61256";"7426";"72";"1";"1";"7";"6";"0";"1";"1";"1";"0"
"7429";"61265";"7429";"72";"1";"3";"2";"6";"0";"1";"1";"1";"0"
"7431";"61266";"7431";"72";"1";"1";"7";"6";"0";"1";"1";"1";"0"
"7433";"61266";"7433";"72";"3";"1";"7";"6";"0";"1";"1";"1";"0"
"7435";"61266";"7435";"72";"1";"1";"7";"6";"0";"2";"1";"1";"0"
"7439";"61268";"7439";"72";"3";"1";"7";"6";"0";"1";"1";"1";"0"
"7445";"61277";"7445";"72";"1";"1";"7";"5";"0";"1";"1";"1";"0"
"7449";"61279";"7449";"72";"1";"1";"7";"6";"0";"1";"1";"1";"0"
"7450";"61280";"7450";"72";"1";"1";"2";"4";"0";"1";"1";"1";"0"
"7451";"61280";"7451";"72";"1";"1";"7";"6";"0";"1";"1";"1";"0"
"7452";"61280";"7452";"72";"1";"1";"7";"6";"0";"1";"1";"1";"0"
"7454";"61285";"7454";"72";"1";"1";"7";"6";"0";"1";"1";"1";"0"
"7459";"61286";"7459";"72";"1";"1";"7";"6";"0";"1";"1";"1";"0"
"7463";"61289";"7463";"72";"1";"1";"7";"6";"0";"1";"1";"1";"0"
"7464";"61292";"7464";"72";"1";"1";"7";"6";"0";"1";"1";"1";"0"
"7465";"61292";"7465";"72";"1";"1";"7";"6";"0";"1";"1";"1";"0"