"accident_id";"lieu_id";"date_id";"cause_id";"lum_id";"intemp_id";"etat_surface_id";"impliq_id";"nb_blesses_graves";"nb_blesses_legers";"nb_indemnes";"gravite";"nb_morts"
"7466";"61292";"7466";"72";"1";"1";"7";"6";"0";"1";"3";"1";"0"
"7467";"61292";"3173";"72";"1";"1";"7";"6";"0";"1";"1";"1";"0"
"7468";"61292";"7468";"72";"1";"1";"7";"6";"0";"0";"2";"3";"0"
"7469";"61292";"7469";"72";"1";"1";"7";"6";"0";"1";"1";"1";"0"
"7470";"61292";"7470";"72";"1";"1";"7";"6";"0";"1";"1";"1";"0"
"7471";"61292";"7471";"72";"1";"1";"7";"6";"0";"1";"1";"1";"0"
"7473";"61292";"7473";"72";"3";"1";"7";"6";"0";"1";"1";"1";"0"
"7474";"61292";"7474";"72";"1";"1";"1";"6";"0";"1";"1";"1";"0"
"7475";"61294";"7475";"72";"3";"3";"1";"6";"0";"1";"1";"1";"0"
"7480";"61308";"7480";"72";"1";"1";"7";"6";"0";"1";"1";"1";"0"
"7492";"61323";"7492";"72";"1";"1";"7";"6";"0";"1";"1";"1";"0"
"7493";"61329";"7493";"72";"1";"1";"7";"6";"0";"1";"1";"1";"0"
"7494";"61329";"7494";"72";"1";"1";"7";"6";"0";"1";"1";"1";"0"
"7495";"61332";"7495";"72";"1";"3";"1";"6";"0";"2";"1";"1";"0"
"7499";"61342";"7499";"72";"1";"1";"7";"6";"0";"1";"1";"1";"0"
"7505";"61349";"7505";"72";"2";"3";"1";"6";"0";"1";"1";"1";"0"
"7506";"61350";"7506";"72";"1";"1";"7";"6";"0";"1";"1";"1";"0"
"7507";"61350";"7493";"72";"1";"1";"7";"6";"1";"0";"1";"2";"0"
"7508";"61350";"7508";"72";"1";"1";"7";"6";"0";"1";"1";"1";"0"
"7509";"61351";"7509";"72";"1";"1";"7";"6";"0";"1";"1";"1";"0"
"7511";"61351";"7511";"72";"2";"1";"7";"6";"0";"1";"1";"1";"0"
"7512";"61356";"7512";"72";"1";"1";"7";"4";"0";"1";"1";"1";"0"
"7513";"61356";"7513";"72";"1";"1";"7";"6";"0";"1";"1";"1";"0"
"7514";"61356";"7514";"72";"1";"1";"7";"6";"0";"1";"1";"1";"0"
"7515";"61356";"7515";"72";"1";"1";"1";"6";"0";"1";"1";"1";"0"
"7518";"61356";"7518";"72";"1";"1";"7";"6";"0";"1";"1";"1";"0"
"7525";"61360";"7525";"72";"1";"3";"2";"6";"0";"1";"1";"1";"0"
"7526";"61360";"7526";"72";"1";"1";"7";"6";"0";"1";"1";"1";"0"
"7528";"61360";"7528";"72";"1";"1";"7";"8";"1";"0";"0";"2";"0"
"7543";"61364";"7543";"72";"1";"1";"1";"6";"0";"1";"1";"1";"0"
"7551";"61365";"7551";"72";"1";"1";"7";"6";"0";"1";"1";"1";"0"
"7560";"61384";"7560";"72";"1";"3";"2";"6";"0";"1";"1";"1";"0"
"7561";"61384";"7561";"72";"1";"1";"7";"6";"0";"1";"1";"1";"0"
"7562";"61391";"7562";"72";"1";"3";"1";"6";"0";"1";"1";"1";"0"
"7564";"61392";"7564";"72";"1";"1";"7";"6";"0";"1";"1";"1";"0"
"7565";"61392";"7565";"72";"1";"1";"7";"6";"0";"1";"1";"1";"0"
"7567";"61396";"7567";"72";"1";"1";"7";"6";"0";"1";"1";"1";"0"
"7568";"61399";"7568";"72";"1";"1";"7";"6";"0";"1";"1";"1";"0"
"7573";"61411";"7573";"72";"2";"1";"7";"6";"0";"1";"2";"1";"0"
"7575";"61413";"7575";"72";"1";"1";"7";"6";"1";"0";"1";"2";"0"
"7576";"61414";"7576";"72";"1";"1";"7";"6";"1";"0";"1";"2";"0"
"7577";"61418";"7577";"72";"1";"1";"7";"6";"0";"1";"1";"1";"0"
"7578";"61418";"7578";"72";"1";"1";"7";"6";"0";"1";"1";"1";"0"
"7587";"61434";"7587";"72";"1";"1";"7";"6";"1";"0";"1";"2";"0"
"7596";"61438";"7596";"72";"1";"1";"7";"6";"1";"0";"1";"2";"0"
"7602";"61440";"7602";"72";"1";"1";"7";"6";"0";"1";"1";"1";"0"
"7613";"61446";"7613";"72";"3";"3";"1";"6";"0";"1";"1";"1";"0"
"7617";"61453";"7617";"72";"1";"1";"7";"6";"0";"1";"1";"1";"0"
"7618";"61453";"7618";"72";"3";"1";"7";"6";"0";"0";"1";"3";"0"
"7620";"61454";"7620";"72";"1";"1";"7";"6";"0";"1";"1";"1";"0"
"7622";"61458";"7622";"72";"1";"1";"7";"6";"0";"1";"1";"1";"0"
"7627";"61475";"7627";"72";"1";"1";"7";"6";"0";"1";"1";"1";"0"
"7640";"61478";"7640";"72";"1";"1";"7";"6";"0";"1";"1";"1";"0"
"7642";"61479";"7642";"72";"1";"1";"7";"6";"0";"1";"1";"1";"0"
"7644";"61479";"7644";"72";"1";"1";"7";"6";"0";"1";"1";"1";"0"
"7648";"61479";"7648";"72";"1";"1";"7";"6";"0";"1";"1";"1";"0"
"7651";"61480";"7651";"72";"1";"1";"7";"6";"0";"1";"1";"1";"0"
"7653";"61480";"7653";"72";"1";"1";"7";"6";"0";"1";"1";"1";"0"
"7673";"61486";"7673";"72";"1";"1";"7";"6";"0";"1";"1";"1";"0"
"7678";"61493";"7678";"72";"1";"1";"7";"6";"0";"1";"1";"1";"0"
"7679";"61493";"7679";"72";"1";"1";"7";"6";"0";"1";"1";"1";"0"
"7680";"61496";"7680";"72";"1";"1";"7";"6";"0";"1";"1";"1";"0"
"7692";"61505";"7692";"72";"1";"1";"7";"7";"1";"0";"1";"2";"0"
"7695";"61505";"7695";"72";"1";"1";"7";"6";"0";"1";"1";"1";"0"
"7712";"61518";"7712";"72";"1";"1";"7";"6";"0";"1";"1";"1";"0"
"7722";"61528";"7722";"72";"1";"1";"7";"6";"0";"1";"1";"1";"0"
"7726";"61531";"7726";"72";"1";"1";"7";"6";"0";"1";"1";"1";"0"
"7730";"61531";"7730";"72";"3";"1";"1";"3";"0";"2";"0";"1";"0"
"7748";"61545";"7748";"72";"1";"1";"7";"6";"0";"1";"1";"1";"0"
"7749";"61545";"7749";"72";"1";"1";"7";"6";"0";"1";"1";"1";"0"
"7752";"61545";"7752";"72";"1";"1";"7";"6";"0";"1";"1";"1";"0"
"7766";"61573";"7766";"72";"1";"1";"7";"6";"0";"1";"1";"1";"0"
"7774";"61580";"7774";"72";"1";"1";"7";"6";"0";"1";"1";"1";"0"
"7777";"61584";"7777";"72";"1";"1";"7";"6";"0";"1";"1";"1";"0"
"7778";"61586";"7778";"72";"1";"1";"7";"6";"0";"1";"1";"1";"0"
"7779";"61586";"7779";"72";"1";"1";"7";"6";"0";"1";"1";"1";"0"
"7780";"61586";"7780";"72";"3";"1";"7";"6";"0";"1";"1";"1";"0"
"7781";"61586";"7781";"72";"1";"1";"7";"6";"0";"1";"1";"1";"0"
"7783";"61595";"7783";"72";"1";"1";"7";"6";"0";"0";"1";"3";"0"
"7788";"61599";"7788";"72";"2";"1";"7";"6";"0";"1";"1";"1";"0"
"7801";"61637";"7801";"72";"1";"1";"7";"6";"0";"1";"1";"1";"0"
"7804";"61638";"7804";"72";"1";"1";"7";"6";"0";"1";"1";"1";"0"
"7805";"61639";"7805";"72";"1";"1";"7";"5";"1";"1";"0";"2";"0"
"7806";"61639";"7806";"72";"1";"1";"7";"5";"0";"1";"1";"1";"0"
"7807";"61639";"7807";"72";"1";"1";"7";"6";"0";"1";"1";"1";"0"
"7822";"61676";"7822";"72";"1";"1";"7";"6";"0";"1";"1";"1";"0"
"7826";"61685";"7826";"72";"1";"1";"7";"6";"0";"1";"1";"1";"0"
"7828";"61686";"7828";"72";"1";"1";"7";"6";"0";"1";"1";"1";"0"
"7830";"61690";"7830";"72";"2";"1";"7";"6";"0";"1";"1";"1";"0"
"7832";"61693";"7832";"72";"1";"1";"7";"6";"0";"1";"1";"1";"0"
"7833";"61693";"7833";"72";"1";"1";"7";"6";"0";"2";"1";"1";"0"
"7835";"61693";"7835";"72";"1";"1";"7";"6";"0";"1";"1";"1";"0"
"7836";"61695";"7836";"72";"1";"1";"7";"6";"0";"1";"1";"1";"0"
"7839";"61696";"7839";"72";"1";"1";"7";"6";"0";"1";"1";"1";"0"
"7842";"61700";"7842";"72";"1";"1";"7";"6";"0";"1";"1";"1";"0"
"7846";"61710";"7846";"72";"1";"1";"7";"6";"1";"0";"1";"2";"0"
"7847";"61711";"7847";"72";"1";"1";"7";"6";"0";"1";"1";"1";"0"
"7856";"61718";"7856";"72";"1";"1";"7";"6";"0";"1";"1";"1";"0"
"7858";"61722";"7858";"72";"1";"1";"7";"6";"0";"1";"1";"1";"0"
"7859";"61722";"7859";"72";"1";"1";"7";"6";"0";"1";"1";"1";"0"
"7860";"61722";"7860";"72";"3";"3";"1";"6";"0";"1";"1";"1";"0"
"7882";"61744";"7882";"72";"1";"1";"7";"6";"0";"1";"1";"1";"0"
"7888";"61752";"7888";"72";"1";"3";"1";"6";"0";"1";"1";"1";"0"
"7893";"61757";"7893";"72";"1";"1";"7";"6";"0";"1";"1";"1";"0"
"7895";"61759";"7895";"72";"1";"1";"7";"6";"1";"0";"1";"2";"0"
"7901";"61763";"7901";"72";"1";"1";"7";"9";"0";"0";"1";"3";"0"
"7911";"61764";"7911";"72";"1";"1";"7";"6";"0";"1";"1";"1";"0"
"7952";"61776";"7952";"72";"1";"1";"7";"6";"1";"0";"1";"2";"0"
"7961";"61788";"7961";"72";"1";"1";"7";"6";"0";"1";"1";"1";"0"
"7962";"61790";"7962";"72";"3";"1";"7";"6";"1";"0";"1";"2";"0"
"7964";"61791";"7964";"72";"1";"1";"7";"6";"0";"1";"1";"1";"0"
"7965";"61791";"7965";"72";"3";"1";"7";"6";"0";"1";"1";"1";"0"
"7967";"61792";"7967";"72";"1";"1";"7";"6";"1";"0";"1";"2";"0"
"7969";"61793";"7969";"72";"1";"1";"7";"6";"0";"1";"1";"1";"0"
"7970";"61793";"7970";"72";"1";"1";"7";"6";"0";"1";"1";"1";"0"
"7971";"61793";"7971";"72";"1";"1";"7";"6";"0";"1";"1";"1";"0"
"7972";"61793";"7972";"72";"1";"1";"7";"6";"1";"0";"1";"2";"0"
"7973";"61793";"7973";"72";"1";"1";"7";"6";"0";"1";"1";"1";"0"
"7975";"61794";"7975";"72";"1";"1";"7";"6";"0";"1";"1";"1";"0"
"7976";"61794";"7976";"72";"3";"1";"7";"6";"0";"1";"2";"1";"0"
"7977";"61795";"7977";"72";"1";"1";"7";"6";"0";"1";"1";"1";"0"
"7979";"61796";"7979";"72";"1";"1";"7";"6";"0";"1";"1";"1";"0"
"7982";"61797";"7982";"72";"3";"1";"7";"6";"1";"0";"0";"2";"0"
"7988";"61806";"7988";"72";"1";"1";"7";"6";"0";"0";"1";"3";"0"
"7991";"61806";"7991";"72";"1";"1";"7";"4";"0";"1";"1";"1";"0"
"7992";"61806";"7992";"72";"1";"1";"7";"6";"0";"1";"1";"1";"0"
"7993";"61806";"7993";"72";"1";"1";"7";"6";"0";"1";"1";"1";"0"
"7994";"61806";"7994";"72";"1";"1";"7";"6";"1";"0";"1";"2";"0"
"7995";"61806";"7995";"72";"1";"1";"7";"6";"0";"1";"1";"1";"0"
"8003";"61809";"8003";"72";"1";"1";"7";"6";"0";"1";"1";"1";"0"
"8008";"61811";"8008";"72";"1";"1";"7";"6";"0";"1";"1";"1";"0"
"8011";"61815";"8011";"72";"1";"1";"7";"3";"0";"1";"1";"1";"0"
"8012";"61815";"8012";"72";"1";"1";"7";"6";"0";"1";"1";"1";"0"
"8013";"61815";"8013";"72";"1";"1";"7";"6";"0";"1";"1";"1";"0"
"8015";"61815";"8015";"72";"1";"1";"7";"6";"0";"1";"1";"1";"0"
"8016";"61816";"8016";"72";"1";"1";"7";"6";"0";"1";"1";"1";"0"
"8018";"61818";"8018";"72";"1";"1";"7";"4";"0";"1";"1";"1";"0"
"8024";"61820";"8024";"72";"2";"1";"7";"6";"0";"1";"1";"1";"0"
"8026";"61820";"8026";"72";"1";"1";"2";"5";"1";"0";"1";"2";"0"
"8027";"61820";"8027";"72";"1";"1";"7";"6";"0";"1";"1";"1";"0"
"8029";"61820";"8029";"72";"1";"1";"7";"6";"0";"1";"1";"1";"0"
"8031";"61820";"8031";"72";"1";"1";"7";"6";"0";"1";"1";"1";"0"
"8034";"61821";"8034";"72";"1";"1";"7";"6";"0";"1";"1";"1";"0"
"8035";"61821";"8035";"72";"1";"1";"7";"6";"0";"1";"1";"1";"0"
"8037";"61824";"8037";"72";"3";"1";"7";"6";"0";"1";"1";"1";"0"
"8042";"61828";"8042";"72";"1";"1";"7";"6";"1";"0";"1";"2";"0"
"8044";"61829";"8044";"72";"3";"1";"7";"6";"0";"1";"1";"1";"0"
"8053";"61830";"8053";"72";"1";"1";"7";"6";"0";"1";"1";"1";"0"
"8081";"61861";"8081";"72";"1";"1";"7";"6";"0";"1";"1";"1";"0"
"8083";"61861";"8083";"72";"3";"1";"7";"6";"1";"0";"1";"2";"0"
"8085";"61861";"8085";"72";"1";"1";"1";"6";"0";"1";"1";"1";"0"
"8089";"61865";"8089";"72";"1";"1";"7";"6";"0";"1";"1";"1";"0"
"8090";"61865";"8090";"72";"3";"1";"7";"6";"0";"1";"1";"1";"0"
"8097";"61871";"8097";"72";"1";"1";"7";"6";"0";"1";"1";"1";"0"
"8098";"61871";"8098";"72";"1";"1";"7";"6";"0";"1";"1";"1";"0"
"8100";"61874";"8100";"72";"2";"1";"7";"6";"0";"1";"0";"1";"0"
"8108";"61882";"8108";"72";"1";"1";"7";"6";"0";"1";"2";"1";"0"
"8111";"61884";"8111";"72";"2";"1";"7";"6";"0";"1";"1";"1";"0"
"8112";"61884";"8112";"72";"1";"1";"7";"6";"0";"1";"1";"1";"0"
"8113";"61884";"8113";"72";"3";"6";"1";"6";"0";"1";"1";"1";"0"
"8114";"61885";"8114";"72";"3";"1";"7";"6";"0";"1";"1";"1";"0"
"8122";"61891";"8122";"72";"1";"1";"7";"6";"1";"1";"2";"2";"0"
"8126";"61891";"8126";"72";"1";"1";"7";"6";"1";"0";"1";"2";"0"
"8133";"61892";"8133";"72";"3";"1";"1";"6";"0";"1";"1";"1";"0"
"8135";"61892";"8135";"72";"3";"1";"7";"6";"0";"1";"1";"1";"0"
"8136";"61892";"8136";"72";"3";"1";"1";"6";"0";"1";"1";"1";"0"
"8139";"61893";"8139";"72";"3";"1";"7";"6";"0";"1";"1";"1";"0"
"8143";"61893";"8143";"72";"1";"1";"7";"6";"0";"1";"1";"1";"0"
"8145";"61894";"8145";"72";"1";"3";"1";"6";"0";"1";"1";"1";"0"
"8148";"61894";"8148";"72";"1";"1";"7";"6";"0";"1";"1";"1";"0"
"8149";"61895";"8149";"72";"2";"1";"7";"6";"0";"2";"1";"1";"0"
"8157";"61896";"8157";"72";"3";"3";"1";"6";"0";"1";"1";"1";"0"
"8158";"61896";"8158";"72";"1";"1";"1";"6";"1";"0";"1";"2";"0"
"8167";"61900";"8167";"72";"1";"1";"7";"6";"0";"1";"1";"1";"0"
"8169";"61901";"8169";"72";"1";"1";"7";"6";"0";"1";"1";"1";"0"
"8170";"61901";"8170";"72";"1";"3";"1";"6";"0";"1";"1";"1";"0"
"8171";"61902";"8171";"72";"1";"1";"7";"6";"0";"1";"1";"1";"0"
"8175";"61902";"8175";"72";"1";"1";"7";"6";"0";"1";"1";"1";"0"
"8176";"61902";"8176";"72";"1";"1";"7";"6";"0";"1";"1";"1";"0"
"8182";"61904";"8182";"72";"3";"1";"7";"6";"1";"0";"1";"2";"0"
"8189";"61907";"8189";"72";"3";"6";"1";"6";"0";"1";"1";"1";"0"
"8190";"61907";"8190";"72";"3";"1";"7";"6";"0";"1";"1";"1";"0"
"8210";"61911";"8210";"72";"1";"1";"7";"6";"0";"1";"1";"1";"0"
"8220";"61925";"8220";"72";"1";"1";"7";"6";"1";"0";"1";"2";"0"
"8223";"61933";"8223";"72";"1";"1";"7";"6";"0";"1";"1";"1";"0"
"8224";"61933";"8224";"72";"1";"1";"7";"6";"1";"0";"1";"2";"0"
"8227";"61938";"8227";"72";"1";"1";"7";"6";"1";"0";"4";"2";"0"
"8233";"61947";"8233";"72";"1";"1";"1";"6";"0";"1";"2";"1";"0"
"8234";"61954";"8234";"72";"1";"1";"7";"6";"0";"1";"1";"1";"0"
"8236";"61955";"8236";"72";"1";"1";"7";"6";"0";"1";"1";"1";"0"
"8237";"61955";"8237";"72";"1";"1";"7";"6";"0";"1";"1";"1";"0"
"8238";"61961";"8238";"72";"1";"1";"7";"6";"0";"1";"1";"1";"0"
"8257";"62001";"8257";"72";"1";"3";"2";"6";"0";"1";"1";"1";"0"
"8258";"62003";"8258";"72";"3";"1";"7";"6";"0";"1";"1";"1";"0"
"8261";"62003";"8261";"72";"1";"1";"7";"6";"0";"1";"1";"1";"0"
"8264";"62004";"8264";"72";"1";"1";"7";"6";"0";"1";"1";"1";"0"
"8268";"62006";"8268";"72";"1";"1";"7";"6";"0";"1";"1";"1";"0"
"8270";"62007";"8270";"72";"1";"1";"7";"6";"0";"1";"1";"1";"0"
"8271";"62007";"8271";"72";"1";"1";"7";"6";"0";"1";"1";"1";"0"
"8276";"62017";"8276";"72";"1";"1";"7";"6";"0";"2";"1";"1";"0"
"8281";"62021";"8281";"72";"1";"1";"7";"6";"0";"1";"1";"1";"0"
"8288";"62034";"8288";"72";"1";"1";"7";"6";"0";"1";"1";"1";"0"
"8291";"62034";"8291";"72";"1";"1";"7";"6";"0";"1";"1";"1";"0"
"8292";"62058";"8292";"72";"1";"1";"7";"6";"0";"1";"1";"1";"0"
"8293";"62058";"8293";"72";"1";"1";"7";"6";"0";"1";"1";"1";"0"
"8294";"62063";"8294";"72";"1";"1";"7";"6";"0";"1";"1";"1";"0"
"8304";"62066";"402";"72";"1";"1";"7";"8";"0";"1";"0";"1";"0"
"8310";"62071";"8310";"72";"1";"1";"7";"4";"0";"1";"1";"1";"0"
"8311";"62072";"8311";"72";"1";"1";"7";"6";"0";"1";"1";"1";"0"
"8312";"62073";"8312";"72";"1";"1";"7";"6";"0";"1";"1";"1";"0"
"8313";"62078";"8313";"72";"1";"1";"7";"6";"0";"1";"1";"1";"0"
"8314";"62083";"8314";"72";"3";"1";"7";"6";"1";"0";"1";"3";"0"
"8330";"62111";"8330";"72";"3";"1";"7";"6";"0";"1";"1";"1";"0"
"8331";"62111";"8331";"72";"1";"1";"7";"6";"0";"1";"1";"1";"0"
"8332";"62111";"8332";"72";"1";"1";"7";"6";"0";"1";"1";"1";"0"
"8333";"62111";"8333";"72";"1";"1";"7";"5";"0";"2";"0";"1";"0"
"8334";"62111";"5596";"72";"3";"1";"7";"6";"0";"1";"1";"1";"0"
"8336";"62111";"8336";"72";"1";"1";"7";"6";"0";"1";"1";"1";"0"
"8337";"62111";"8337";"72";"1";"1";"7";"6";"1";"0";"1";"2";"0"
"8340";"62111";"8340";"72";"1";"1";"7";"6";"0";"1";"1";"1";"0"
"8341";"62111";"8341";"72";"1";"1";"7";"6";"0";"1";"1";"1";"0"
"8342";"62111";"8342";"72";"1";"1";"7";"6";"1";"0";"0";"2";"0"
"8343";"62111";"8343";"72";"1";"1";"7";"6";"0";"1";"1";"1";"0"
"8344";"62111";"8344";"72";"3";"1";"7";"6";"0";"1";"0";"1";"0"
"8348";"62112";"8348";"72";"1";"1";"7";"6";"1";"0";"1";"2";"0"
"8351";"62112";"8351";"72";"1";"1";"7";"6";"0";"0";"1";"3";"0"
"8353";"62113";"8353";"72";"1";"1";"7";"6";"0";"1";"1";"1";"0"
"8366";"62116";"8366";"72";"1";"1";"7";"6";"0";"1";"1";"1";"0"
"8375";"62144";"8375";"72";"1";"1";"7";"6";"1";"0";"1";"2";"0"
"8381";"62156";"8381";"72";"2";"1";"7";"6";"0";"1";"1";"1";"0"
"8385";"62157";"8385";"72";"1";"1";"7";"6";"1";"0";"1";"2";"0"
"8386";"62157";"8386";"72";"1";"1";"7";"6";"0";"1";"1";"1";"0"
"8387";"62157";"8387";"72";"1";"1";"7";"6";"0";"1";"2";"1";"0"
"8394";"62171";"8394";"72";"2";"1";"7";"6";"0";"1";"1";"1";"0"
"8396";"62171";"8396";"72";"1";"1";"7";"8";"2";"0";"0";"2";"0"
"8398";"62171";"8398";"72";"1";"1";"7";"6";"0";"1";"1";"1";"0"
"8409";"62178";"8409";"72";"3";"1";"7";"6";"0";"0";"2";"3";"0"
"8414";"62185";"8414";"72";"1";"1";"7";"6";"0";"1";"1";"1";"0"
"8415";"62185";"8415";"72";"1";"1";"7";"6";"0";"1";"1";"1";"0"
"8416";"62188";"8416";"72";"1";"1";"7";"3";"0";"1";"1";"1";"0"
"8422";"62196";"8422";"72";"1";"7";"7";"6";"0";"1";"1";"1";"0"
"8423";"62205";"8423";"72";"1";"1";"7";"6";"0";"1";"1";"1";"0"
"8429";"62212";"8429";"72";"1";"1";"7";"6";"0";"1";"1";"1";"0"
"8433";"62214";"8433";"72";"1";"1";"7";"6";"0";"1";"1";"1";"0"
"8438";"62215";"8438";"72";"1";"1";"1";"6";"0";"1";"1";"1";"0"
"8442";"62216";"8442";"72";"1";"1";"7";"6";"0";"1";"1";"1";"0"
"8447";"62216";"8447";"72";"1";"1";"7";"6";"0";"1";"2";"1";"0"
"8475";"62222";"8475";"72";"1";"1";"1";"6";"0";"1";"1";"1";"0"
"8491";"62243";"8491";"72";"3";"1";"7";"6";"1";"0";"1";"2";"0"
"8493";"62244";"8493";"72";"1";"1";"7";"6";"0";"1";"1";"1";"0"
"8498";"62248";"8498";"72";"1";"1";"7";"6";"0";"1";"1";"1";"0"
"8502";"62253";"8502";"72";"1";"1";"7";"6";"0";"1";"1";"1";"0"
"8505";"62261";"8505";"72";"1";"1";"7";"6";"0";"1";"1";"1";"0"
"8507";"62263";"8507";"72";"1";"1";"7";"6";"0";"1";"1";"1";"0"
"8508";"62263";"8508";"72";"5";"1";"1";"6";"0";"1";"1";"1";"0"
"8509";"62263";"8509";"72";"1";"3";"1";"6";"1";"0";"1";"2";"0"
"8512";"62267";"8512";"72";"1";"1";"7";"6";"0";"1";"1";"1";"0"
"8514";"62268";"8514";"72";"1";"1";"7";"6";"0";"1";"1";"1";"0"
"8515";"62275";"8515";"72";"1";"3";"1";"6";"0";"1";"1";"1";"0"
"8532";"62286";"8532";"72";"1";"1";"7";"4";"1";"0";"1";"2";"0"
"8534";"62286";"8534";"72";"1";"1";"7";"4";"0";"1";"1";"1";"0"
"8537";"62286";"8537";"72";"1";"1";"7";"6";"0";"1";"1";"1";"0"
"8543";"62286";"8543";"72";"1";"1";"7";"6";"0";"1";"1";"1";"0"
"8547";"62287";"8547";"72";"1";"1";"7";"6";"0";"1";"1";"1";"0"
"8556";"62288";"8556";"72";"1";"1";"7";"4";"0";"2";"0";"1";"0"
"8561";"62289";"8561";"72";"1";"1";"7";"6";"0";"1";"1";"1";"0"
"8564";"62290";"8564";"72";"1";"1";"7";"4";"0";"1";"1";"1";"0"
"8566";"62290";"8566";"72";"1";"1";"7";"9";"0";"1";"0";"1";"0"
"8572";"62294";"8572";"72";"1";"1";"7";"6";"0";"1";"1";"1";"0"
"8573";"62295";"8573";"72";"1";"1";"7";"6";"0";"1";"1";"1";"0"
"8575";"62299";"8575";"72";"3";"3";"1";"6";"0";"1";"2";"1";"0"
"8576";"62299";"8576";"72";"1";"1";"7";"6";"0";"1";"1";"1";"0"
"8577";"62305";"8577";"72";"1";"1";"7";"6";"1";"0";"1";"2";"0"
"8578";"62305";"8578";"72";"1";"1";"7";"6";"0";"1";"1";"1";"0"
"8580";"62307";"8580";"72";"1";"1";"7";"4";"0";"1";"1";"1";"0"
"8581";"62310";"8581";"72";"1";"1";"7";"7";"0";"1";"1";"1";"0"
"8582";"62310";"8582";"72";"1";"1";"7";"6";"0";"1";"2";"1";"0"
"8583";"62310";"8583";"72";"3";"1";"7";"6";"0";"1";"1";"1";"0"
"8584";"62311";"8584";"72";"1";"1";"7";"6";"0";"1";"1";"1";"0"
"8585";"62311";"8585";"72";"2";"1";"7";"6";"0";"1";"1";"1";"0"
"8586";"62315";"8586";"72";"1";"1";"7";"6";"0";"1";"1";"1";"0"
"8589";"62322";"8589";"72";"1";"1";"7";"6";"0";"1";"1";"1";"0"
"8590";"62329";"8590";"72";"3";"1";"7";"6";"0";"1";"0";"1";"0"
"8597";"62354";"8597";"72";"1";"1";"7";"6";"0";"1";"1";"1";"0"
"8613";"62361";"8613";"72";"1";"1";"7";"4";"0";"2";"1";"1";"0"
"8614";"62361";"8614";"72";"1";"1";"7";"6";"0";"1";"1";"1";"0"
"8622";"62363";"8622";"72";"1";"1";"7";"6";"1";"0";"1";"2";"0"
"8626";"62366";"8626";"72";"1";"1";"7";"6";"0";"1";"1";"1";"0"
"8628";"62366";"8628";"72";"3";"1";"7";"2";"0";"2";"4";"1";"0"
"8630";"62366";"8630";"72";"3";"1";"1";"6";"0";"1";"1";"1";"0"
"8632";"62366";"8632";"72";"3";"3";"1";"6";"0";"1";"1";"1";"0"
"8635";"62366";"8635";"72";"2";"1";"7";"6";"0";"1";"1";"1";"0"
"8636";"62366";"8636";"72";"1";"1";"7";"6";"0";"1";"1";"1";"0"
"8642";"62367";"8642";"72";"1";"1";"7";"6";"0";"1";"1";"1";"0"
"8644";"62367";"8644";"72";"1";"1";"7";"6";"0";"1";"1";"1";"0"
"8645";"62367";"8645";"72";"1";"1";"7";"6";"0";"1";"1";"1";"0"
"8646";"62368";"8646";"72";"1";"1";"7";"6";"0";"1";"1";"1";"0"
"8650";"62368";"8650";"72";"1";"1";"7";"6";"0";"1";"1";"1";"0"
"8658";"62370";"8658";"72";"1";"1";"7";"6";"0";"1";"1";"1";"0"
"8675";"62385";"8675";"72";"1";"1";"7";"4";"0";"2";"0";"1";"0"
"8676";"62385";"8676";"72";"1";"1";"7";"6";"1";"0";"1";"2";"0"
"8678";"62388";"8678";"72";"1";"1";"7";"6";"0";"1";"1";"1";"0"
"8687";"62422";"8687";"72";"1";"1";"7";"6";"0";"1";"1";"1";"0"
"8689";"62422";"8689";"72";"2";"1";"7";"6";"0";"3";"3";"1";"0"
"8692";"62432";"8692";"72";"1";"1";"7";"6";"0";"1";"1";"1";"0"
"8693";"62432";"8693";"72";"1";"1";"7";"6";"0";"1";"1";"1";"0"
"8695";"62447";"8695";"72";"1";"1";"7";"6";"0";"1";"1";"1";"0"
"8696";"62448";"8696";"72";"1";"1";"7";"6";"0";"1";"1";"1";"0"
"8709";"62456";"8709";"72";"1";"1";"7";"6";"0";"1";"1";"1";"0"
"8714";"62463";"8714";"72";"1";"1";"7";"6";"0";"1";"0";"1";"0"
"8716";"62464";"8716";"72";"1";"1";"7";"6";"0";"1";"1";"1";"0"
"8723";"62469";"8723";"72";"1";"1";"7";"6";"0";"1";"1";"1";"0"
"8731";"62484";"8731";"72";"1";"1";"7";"4";"1";"0";"1";"2";"0"
"8741";"62498";"8741";"72";"1";"1";"7";"6";"0";"1";"1";"1";"0"
"8742";"62498";"8742";"72";"1";"1";"7";"6";"0";"1";"1";"1";"0"
"8744";"62505";"8744";"72";"1";"1";"7";"6";"0";"1";"1";"1";"0"
"8745";"62505";"8745";"72";"1";"1";"7";"6";"0";"1";"1";"1";"0"
"8747";"62513";"8747";"72";"1";"1";"7";"6";"0";"1";"1";"1";"0"
"8749";"62519";"8749";"72";"1";"1";"7";"4";"0";"2";"1";"1";"0"
"8750";"62519";"8750";"72";"1";"1";"7";"6";"0";"1";"1";"1";"0"
"8751";"62519";"8751";"72";"1";"1";"7";"6";"0";"1";"1";"1";"0"
"8753";"62532";"8753";"72";"1";"1";"7";"6";"0";"1";"1";"1";"0"
"8755";"62536";"8755";"72";"1";"1";"7";"6";"0";"1";"1";"1";"0"
"8758";"62544";"8758";"72";"3";"3";"1";"6";"0";"1";"0";"1";"0"
"8763";"62547";"8763";"72";"1";"1";"7";"6";"0";"1";"1";"1";"0"
"8764";"62551";"8764";"72";"1";"1";"7";"6";"0";"1";"1";"1";"0"
"8769";"62567";"8769";"72";"1";"1";"7";"6";"0";"1";"1";"1";"0"
"8770";"62567";"8770";"72";"3";"1";"7";"6";"0";"1";"1";"1";"0"
"8771";"62571";"8771";"72";"1";"1";"7";"6";"0";"1";"1";"1";"0"
"8780";"62591";"8780";"72";"1";"1";"7";"6";"0";"1";"1";"1";"0"
"8781";"62591";"8781";"72";"1";"1";"7";"6";"0";"1";"1";"1";"0"
"8784";"62596";"8784";"72";"1";"1";"7";"6";"0";"0";"1";"3";"0"
"8786";"62600";"8786";"72";"1";"1";"7";"6";"0";"1";"1";"1";"0"
"8787";"62603";"8787";"72";"1";"1";"7";"6";"1";"0";"1";"2";"0"
"8794";"62603";"8794";"72";"3";"1";"7";"6";"0";"1";"1";"1";"0"