"accident_id";"lieu_id";"date_id";"cause_id";"lum_id";"intemp_id";"etat_surface_id";"impliq_id";"nb_blesses_graves";"nb_blesses_legers";"nb_indemnes";"gravite";"nb_morts"
"8796";"62605";"8796";"72";"3";"4";"4";"6";"0";"1";"1";"1";"0"
"8799";"62605";"8799";"72";"1";"1";"7";"6";"0";"1";"1";"1";"0"
"8803";"62606";"8803";"72";"3";"1";"7";"6";"1";"0";"1";"2";"0"
"8808";"62606";"8808";"72";"1";"1";"7";"6";"0";"1";"1";"1";"0"
"8810";"62607";"8810";"72";"1";"1";"7";"6";"0";"1";"1";"1";"0"
"8814";"62609";"8814";"72";"1";"1";"7";"6";"0";"1";"1";"1";"0"
"8818";"62609";"8818";"72";"1";"1";"7";"4";"0";"2";"0";"1";"0"
"8828";"62612";"8828";"72";"1";"1";"7";"4";"0";"1";"1";"1";"0"
"8833";"62636";"8833";"72";"1";"1";"7";"6";"0";"1";"1";"1";"0"
"8844";"62638";"8844";"72";"1";"1";"7";"6";"0";"2";"0";"1";"0"
"8858";"62641";"8858";"72";"1";"1";"7";"6";"0";"1";"1";"1";"0"
"8864";"62645";"8864";"72";"3";"1";"7";"6";"1";"0";"1";"2";"0"
"8866";"62646";"8866";"72";"2";"3";"1";"6";"0";"1";"1";"1";"0"
"8868";"62647";"8868";"72";"3";"1";"7";"6";"1";"0";"1";"2";"0"
"8872";"62649";"8872";"72";"1";"2";"1";"6";"0";"1";"1";"1";"0"
"8882";"62670";"8882";"72";"1";"1";"1";"6";"0";"1";"1";"1";"0"
"8884";"62674";"8884";"72";"1";"1";"7";"6";"0";"1";"1";"1";"0"
"8885";"62678";"8885";"72";"3";"3";"1";"6";"0";"1";"0";"1";"0"
"8886";"62679";"8886";"72";"1";"1";"7";"6";"0";"1";"1";"1";"0"
"8888";"62688";"8888";"72";"1";"1";"7";"6";"0";"1";"3";"1";"0"
"8889";"62689";"8889";"72";"1";"1";"7";"6";"0";"1";"1";"1";"0"
"8890";"62697";"8890";"72";"1";"1";"7";"6";"1";"0";"1";"2";"0"
"8891";"62697";"8891";"72";"1";"1";"7";"6";"0";"1";"1";"1";"0"
"8892";"62697";"8892";"72";"1";"1";"7";"6";"0";"1";"1";"1";"0"
"8893";"62697";"8893";"72";"1";"1";"7";"6";"0";"1";"1";"1";"0"
"8901";"62701";"8901";"72";"1";"1";"7";"6";"0";"1";"1";"1";"0"
"8907";"62701";"8907";"72";"1";"1";"7";"6";"0";"1";"1";"1";"0"
"8910";"62701";"8910";"72";"2";"1";"7";"6";"0";"1";"1";"1";"0"
"8925";"62715";"8925";"72";"1";"1";"7";"6";"0";"1";"1";"1";"0"
"8926";"62716";"6934";"72";"1";"1";"1";"6";"0";"1";"1";"1";"0"
"8927";"62716";"8927";"72";"1";"1";"7";"6";"0";"1";"1";"1";"0"
"8928";"62716";"8928";"72";"1";"1";"7";"6";"0";"1";"1";"1";"0"
"8932";"62717";"8932";"72";"1";"1";"7";"6";"0";"1";"0";"1";"0"
"8935";"62726";"8935";"72";"1";"1";"7";"6";"0";"1";"1";"1";"0"
"8937";"62726";"8937";"72";"1";"1";"7";"6";"0";"1";"1";"1";"0"
"8939";"62728";"8939";"72";"1";"1";"7";"3";"0";"2";"0";"1";"0"
"8940";"62730";"8940";"72";"1";"1";"7";"5";"0";"2";"0";"1";"0"
"8942";"62733";"8942";"72";"1";"1";"7";"6";"0";"1";"1";"1";"0"
"8943";"62733";"8943";"72";"1";"1";"7";"6";"0";"1";"1";"1";"0"
"8945";"62736";"8945";"72";"1";"1";"7";"6";"1";"0";"1";"2";"0"
"8949";"62736";"8949";"72";"3";"1";"7";"6";"0";"1";"1";"1";"0"
"8951";"62736";"8951";"72";"1";"1";"7";"6";"0";"1";"1";"1";"0"
"8952";"62736";"8952";"72";"1";"1";"7";"6";"0";"1";"1";"1";"0"
"8953";"62736";"8953";"72";"1";"1";"7";"6";"0";"1";"1";"1";"0"
"8955";"62743";"8955";"72";"1";"1";"7";"3";"0";"1";"1";"1";"0"
"8959";"62748";"8959";"72";"1";"1";"7";"6";"0";"1";"1";"1";"0"
"8961";"62752";"8961";"72";"3";"3";"2";"6";"0";"0";"1";"3";"0"
"8969";"62787";"8969";"72";"1";"1";"7";"6";"0";"1";"1";"1";"0"
"8970";"62787";"1209";"72";"1";"1";"7";"6";"0";"1";"1";"1";"0"
"8973";"62792";"8973";"72";"3";"1";"7";"6";"0";"1";"1";"1";"0"
"8982";"62831";"8982";"72";"1";"2";"2";"9";"0";"1";"0";"1";"0"
"8985";"62845";"8985";"72";"1";"1";"7";"6";"0";"1";"1";"1";"0"
"8986";"62845";"8986";"72";"1";"1";"7";"6";"0";"1";"1";"1";"0"
"8998";"62941";"8998";"72";"1";"1";"7";"9";"0";"1";"0";"1";"0"
"9000";"62941";"9000";"72";"1";"1";"7";"6";"1";"0";"1";"2";"0"
"9014";"62949";"9014";"72";"3";"1";"1";"6";"0";"1";"1";"1";"0"
"9022";"62955";"9022";"72";"1";"1";"7";"6";"0";"1";"1";"1";"0"
"9030";"62967";"9030";"72";"1";"1";"7";"6";"0";"1";"1";"1";"0"
"9032";"62968";"9032";"72";"1";"1";"7";"6";"0";"1";"1";"1";"0"
"9036";"62975";"9036";"72";"1";"1";"7";"6";"0";"1";"1";"1";"0"
"9046";"63005";"9046";"72";"3";"2";"1";"6";"0";"1";"1";"1";"0"
"9052";"63011";"9052";"72";"3";"3";"5";"6";"0";"1";"1";"1";"0"
"9054";"63019";"9054";"72";"1";"1";"7";"6";"0";"1";"1";"1";"0"
"9062";"63024";"9062";"72";"1";"1";"1";"4";"0";"2";"0";"1";"0"
"9063";"63024";"9063";"72";"2";"2";"1";"5";"0";"1";"1";"1";"0"
"9066";"63026";"9066";"72";"1";"1";"7";"6";"0";"1";"1";"1";"0"
"9079";"63036";"9079";"72";"1";"1";"7";"6";"0";"1";"1";"1";"0"
"9080";"63036";"9080";"72";"1";"1";"7";"6";"0";"1";"1";"1";"0"
"9082";"63038";"9082";"72";"2";"1";"7";"6";"0";"1";"1";"1";"0"
"9083";"63038";"9083";"72";"1";"1";"7";"6";"1";"0";"1";"2";"0"
"9085";"63039";"9085";"72";"1";"1";"7";"6";"0";"1";"1";"1";"0"
"9086";"63039";"9086";"72";"1";"1";"7";"6";"1";"1";"0";"2";"0"
"9096";"63054";"9096";"72";"1";"1";"7";"6";"0";"1";"1";"1";"0"
"9099";"63060";"9096";"72";"1";"1";"7";"6";"0";"1";"1";"1";"0"
"9104";"63067";"9104";"72";"1";"1";"7";"6";"0";"0";"1";"3";"0"
"9136";"64301";"9136";"72";"2";"1";"7";"6";"1";"0";"1";"2";"0"
"9153";"65087";"9153";"72";"1";"1";"7";"6";"0";"1";"1";"1";"0"
"9156";"65095";"9156";"72";"3";"2";"1";"6";"1";"0";"2";"2";"0"
"9167";"65131";"9167";"72";"5";"1";"7";"6";"0";"1";"1";"1";"0"
"9184";"65883";"9184";"72";"1";"1";"7";"6";"0";"1";"1";"1";"0"
"9188";"65893";"9188";"72";"1";"1";"7";"6";"0";"1";"1";"1";"0"
"9190";"65895";"9190";"72";"1";"1";"7";"6";"0";"1";"1";"1";"0"
"9197";"65902";"9197";"72";"3";"1";"7";"6";"0";"1";"1";"1";"0"
"9204";"65906";"9204";"72";"1";"1";"7";"6";"0";"1";"1";"1";"0"
"9206";"65907";"9206";"72";"5";"1";"7";"6";"1";"0";"1";"2";"0"
"9210";"65908";"9210";"72";"1";"1";"7";"6";"0";"1";"1";"1";"0"
"9220";"65915";"9220";"72";"1";"1";"7";"6";"0";"1";"1";"1";"0"
"9232";"65930";"9232";"72";"1";"1";"7";"6";"0";"1";"1";"1";"0"
"9234";"65933";"9234";"72";"1";"1";"7";"6";"1";"0";"1";"2";"0"
"9238";"65947";"9238";"72";"1";"1";"7";"3";"0";"1";"1";"1";"0"
"9241";"65950";"9241";"72";"1";"1";"7";"6";"0";"1";"1";"1";"0"
"9264";"66000";"9264";"72";"1";"1";"7";"6";"0";"1";"1";"1";"0"
"9270";"66035";"9270";"72";"1";"1";"7";"6";"0";"1";"1";"1";"0"
"9272";"66054";"9272";"72";"1";"1";"6";"6";"0";"1";"1";"1";"0"
"9274";"66056";"9274";"72";"1";"1";"7";"6";"0";"1";"1";"1";"0"
"9279";"66065";"9279";"72";"4";"1";"7";"6";"0";"1";"2";"1";"0"
"9290";"66077";"9290";"72";"1";"3";"1";"6";"0";"1";"1";"1";"0"
"9291";"66077";"9291";"72";"1";"3";"1";"6";"1";"0";"1";"2";"0"
"9292";"66078";"9292";"72";"1";"1";"7";"6";"1";"0";"1";"2";"0"
"9299";"66106";"9299";"72";"1";"1";"7";"6";"1";"0";"1";"2";"0"
"9300";"66111";"9300";"72";"1";"1";"7";"6";"0";"1";"1";"1";"0"
"9333";"66138";"9333";"72";"4";"3";"1";"6";"0";"1";"1";"1";"0"
"9337";"66142";"9337";"72";"1";"1";"7";"6";"0";"1";"1";"1";"0"
"9340";"66164";"9340";"72";"2";"4";"1";"6";"0";"1";"1";"1";"0"
"9352";"66215";"9352";"72";"1";"1";"7";"6";"0";"1";"1";"1";"0"
"9357";"66814";"9357";"72";"3";"1";"7";"6";"1";"0";"1";"2";"0"
"9366";"66930";"9366";"72";"1";"1";"7";"6";"0";"1";"1";"1";"0"
"9372";"67537";"9372";"72";"1";"1";"7";"6";"1";"0";"1";"2";"0"
"9378";"67568";"9378";"72";"1";"1";"7";"6";"1";"0";"1";"2";"0"
"9379";"67568";"9379";"72";"1";"1";"7";"6";"1";"0";"1";"2";"0"
"9381";"67579";"9381";"72";"1";"6";"1";"6";"0";"1";"1";"1";"0"
"9388";"67628";"9388";"72";"5";"1";"7";"6";"0";"0";"1";"3";"0"
"9389";"67628";"9389";"72";"1";"1";"7";"6";"0";"1";"1";"1";"0"
"9405";"68367";"9405";"72";"1";"1";"7";"6";"1";"0";"1";"2";"0"
"9407";"68381";"9407";"72";"1";"1";"7";"6";"0";"1";"1";"1";"0"
"9408";"68389";"9408";"72";"1";"1";"7";"6";"0";"1";"1";"1";"0"
"9409";"68398";"9409";"72";"1";"1";"7";"6";"1";"0";"0";"2";"0"
"9411";"68460";"9411";"72";"1";"1";"7";"6";"0";"1";"1";"1";"0"
"9421";"68515";"9421";"72";"1";"1";"7";"3";"0";"2";"0";"1";"0"
"9423";"68517";"9423";"72";"1";"1";"7";"4";"0";"2";"0";"1";"0"
"9446";"68556";"9446";"72";"1";"1";"7";"6";"1";"0";"1";"2";"0"
"9450";"68557";"9450";"72";"1";"1";"7";"6";"0";"1";"1";"1";"0"
"9451";"68557";"9451";"72";"3";"1";"7";"6";"1";"0";"1";"2";"0"
"9459";"68592";"9459";"72";"2";"1";"7";"4";"0";"1";"1";"1";"0"
"9468";"68673";"9468";"72";"1";"1";"7";"6";"1";"0";"1";"2";"0"
"9471";"68681";"9471";"72";"1";"1";"2";"6";"0";"0";"1";"3";"0"
"9481";"68698";"9481";"72";"1";"1";"7";"6";"0";"1";"1";"1";"0"
"9513";"68915";"9513";"72";"1";"3";"1";"6";"0";"1";"1";"1";"0"
"9514";"68957";"9514";"72";"3";"3";"2";"6";"1";"0";"1";"2";"0"
"9551";"69510";"9551";"72";"1";"1";"7";"6";"1";"1";"1";"2";"0"
"9552";"69510";"9552";"72";"1";"3";"2";"9";"0";"1";"0";"3";"0"
"9556";"69550";"9556";"72";"1";"1";"7";"6";"1";"0";"1";"2";"0"
"9565";"69596";"9565";"72";"2";"1";"7";"6";"0";"1";"1";"1";"0"
"9573";"69607";"9573";"72";"1";"1";"7";"1";"1";"1";"1";"2";"0"
"9577";"69667";"9577";"72";"1";"1";"7";"6";"0";"1";"1";"1";"0"
"9611";"70424";"9611";"72";"1";"1";"7";"6";"1";"0";"1";"2";"0"
"9617";"70481";"9617";"72";"1";"1";"7";"9";"0";"1";"1";"3";"0"
"9619";"71071";"9619";"72";"1";"1";"7";"6";"0";"1";"1";"1";"0"
"19228";"81714208";"19228";"72";"1";"1";"7";"6";"1";"0";"1";"2";"0"
"19247";"81722310";"19247";"72";"1";"1";"7";"6";"0";"0";"1";"3";"0"
"19289";"81734205";"19289";"72";"1";"1";"7";"6";"1";"0";"1";"2";"0"
"19322";"81744401";"19322";"72";"1";"1";"7";"6";"1";"0";"1";"2";"0"
"19342";"81751201";"19342";"72";"1";"1";"7";"6";"1";"0";"1";"2";"0"
"19352";"81752108";"19352";"72";"1";"1";"7";"6";"0";"1";"1";"1";"0"
"19384";"81755204";"19384";"72";"3";"1";"7";"6";"1";"0";"1";"2";"0"
"19429";"81757504";"19429";"72";"1";"1";"7";"3";"1";"0";"1";"2";"0"
"19466";"81762501";"19466";"72";"1";"1";"7";"6";"0";"1";"1";"1";"0"
"19517";"81763309";"19517";"72";"1";"1";"7";"6";"1";"0";"1";"2";"0"
"19534";"81764101";"19534";"72";"1";"1";"7";"6";"0";"1";"1";"1";"0"
"19573";"81765107";"19573";"72";"3";"1";"7";"6";"0";"1";"1";"1";"0"
"19574";"81765107";"19574";"72";"1";"1";"7";"6";"0";"1";"1";"1";"0"
"19610";"81766203";"19610";"72";"1";"3";"2";"6";"0";"1";"1";"1";"0"
"19678";"81767308";"19678";"72";"1";"1";"7";"6";"0";"1";"1";"1";"0"
"19686";"81771509";"19686";"72";"1";"1";"7";"9";"1";"0";"1";"2";"0"
"19862";"81791409";"19862";"72";"1";"1";"7";"6";"1";"0";"1";"2";"0"
"19912";"81795205";"19912";"72";"1";"1";"7";"6";"1";"0";"1";"2";"0"
"19925";"81796201";"19925";"72";"3";"1";"7";"6";"1";"0";"1";"2";"0"
"19943";"81797303";"19943";"72";"1";"3";"2";"6";"1";"0";"1";"2";"0"
"20067";"81836405";"20067";"72";"1";"1";"7";"9";"0";"1";"1";"1";"0"
"20087";"81845304";"20087";"72";"1";"1";"7";"6";"0";"1";"1";"1";"0"
"20181";"82706304";"20181";"72";"1";"1";"7";"6";"1";"0";"1";"2";"0"
"20297";"82751507";"20297";"72";"3";"1";"7";"6";"0";"1";"1";"1";"0"
"20330";"82754411";"20330";"72";"1";"3";"2";"6";"1";"0";"1";"2";"0"
"20344";"82755404";"20344";"72";"1";"1";"7";"6";"0";"1";"1";"1";"0"
"20380";"82756506";"20380";"72";"1";"1";"7";"4";"0";"2";"0";"1";"0"
"20399";"82761202";"20399";"72";"3";"1";"7";"5";"0";"2";"0";"1";"0"
"20466";"82764412";"20466";"72";"1";"1";"7";"6";"0";"1";"0";"1";"0"
"20564";"82777202";"20564";"72";"1";"1";"7";"6";"1";"0";"1";"2";"0"
"20630";"82793405";"20630";"72";"3";"1";"7";"6";"0";"1";"1";"1";"0"
"20659";"82797504";"20659";"72";"3";"1";"7";"9";"0";"1";"0";"3";"0"
"20661";"82797504";"20661";"72";"3";"4";"2";"9";"1";"0";"0";"2";"0"
"20776";"82816303";"20776";"72";"1";"2";"2";"9";"1";"0";"0";"2";"0"
"21041";"83752210";"21041";"72";"1";"1";"7";"6";"0";"1";"1";"1";"0"
"21086";"83756507";"21086";"72";"1";"1";"7";"6";"0";"1";"1";"1";"0"
"21267";"83791503";"21267";"72";"1";"1";"7";"6";"0";"1";"1";"1";"0"
"21361";"83805506";"21361";"72";"1";"1";"2";"6";"0";"1";"1";"1";"0"
"21363";"83805506";"7526";"72";"1";"1";"7";"6";"0";"1";"1";"1";"0"
"21384";"83806309";"21384";"72";"1";"1";"7";"6";"0";"1";"2";"1";"0"
"21479";"83816403";"21479";"72";"1";"1";"7";"6";"0";"1";"1";"1";"0"
"21577";"83836408";"21577";"72";"1";"1";"7";"6";"1";"0";"2";"2";"0"
"21585";"83837210";"21585";"72";"1";"1";"7";"6";"1";"0";"2";"2";"0"
"21646";"83857304";"21646";"72";"1";"1";"7";"6";"1";"0";"1";"2";"0"
"21833";"83876401";"21833";"72";"1";"1";"7";"4";"0";"1";"1";"1";"0"
"21839";"83877104";"11853";"72";"1";"1";"7";"5";"0";"1";"1";"1";"0"
"21857";"83877402";"21857";"72";"1";"1";"7";"6";"0";"1";"1";"1";"0"
"22006";"83923402";"22006";"72";"1";"1";"7";"5";"2";"0";"0";"2";"0"
"22059";"83934215";"22059";"72";"1";"1";"7";"6";"0";"1";"1";"1";"0"
"22064";"83936202";"22064";"72";"1";"1";"7";"6";"0";"1";"1";"1";"0"
"22065";"84672502";"22065";"72";"1";"1";"7";"6";"1";"0";"3";"2";"0"
"22084";"84722504";"22084";"72";"1";"1";"7";"5";"0";"1";"0";"3";"0"
"22093";"84734406";"22093";"72";"3";"1";"7";"2";"0";"1";"1";"1";"0"
"22333";"84791403";"22333";"72";"3";"3";"1";"9";"0";"1";"0";"1";"0"
"22378";"84793502";"18475";"72";"1";"1";"7";"6";"1";"0";"1";"2";"0"
"22407";"84803503";"11132";"72";"1";"1";"7";"6";"0";"1";"1";"1";"0"
"22469";"84805507";"22469";"72";"1";"1";"7";"7";"0";"1";"1";"1";"0"
"22470";"84806207";"22470";"72";"1";"1";"7";"6";"0";"1";"1";"1";"0"
"22550";"84812202";"22550";"72";"1";"1";"7";"6";"1";"0";"1";"2";"0"
"22623";"84816509";"22623";"72";"1";"1";"7";"6";"0";"1";"1";"1";"0"
"22652";"84822204";"22652";"72";"1";"1";"7";"6";"0";"1";"1";"1";"0"
"22697";"84824403";"22697";"72";"1";"1";"7";"6";"1";"0";"1";"2";"0"
"22704";"84825215";"22704";"72";"1";"1";"7";"6";"0";"1";"1";"1";"0"
"22707";"84825307";"22707";"72";"1";"1";"7";"6";"1";"0";"1";"2";"0"
"22741";"84827206";"22741";"72";"1";"1";"7";"6";"0";"2";"1";"1";"0"
"22746";"84827305";"22746";"72";"1";"1";"7";"6";"0";"1";"1";"1";"0"
"22792";"84834110";"22792";"72";"1";"1";"7";"5";"0";"2";"0";"1";"0"
"22793";"84834110";"22793";"72";"1";"1";"7";"6";"0";"1";"1";"1";"0"
"22835";"84836201";"22835";"72";"1";"1";"7";"6";"0";"1";"1";"1";"0"
"22869";"84836503";"22869";"72";"1";"3";"1";"6";"0";"1";"1";"1";"0"
"22972";"84847324";"22972";"72";"1";"1";"7";"6";"0";"1";"1";"1";"0"
"23004";"84852406";"23004";"72";"4";"3";"2";"6";"1";"0";"1";"2";"0"
"23090";"84856502";"23090";"72";"1";"1";"7";"3";"0";"2";"0";"1";"0"
"23165";"84861505";"23165";"72";"1";"1";"7";"6";"0";"1";"1";"1";"0"
"23191";"84862103";"23191";"72";"1";"1";"7";"6";"0";"1";"1";"1";"0"
"23237";"84863401";"23237";"72";"1";"1";"1";"6";"0";"1";"1";"1";"0"
"23330";"84866512";"23330";"72";"1";"1";"1";"6";"0";"1";"1";"1";"0"
"23460";"84874104";"23460";"72";"2";"1";"7";"6";"0";"1";"1";"1";"0"
"23516";"84876101";"23516";"72";"1";"3";"1";"6";"0";"1";"0";"1";"0"
"23518";"84876107";"23518";"72";"1";"1";"7";"6";"0";"1";"1";"1";"0"
"23519";"84876205";"23519";"72";"3";"1";"7";"6";"0";"1";"1";"1";"0"
"23579";"84877402";"23579";"72";"1";"1";"7";"6";"1";"0";"1";"2";"0"
"23603";"84877513";"23603";"72";"1";"1";"7";"7";"0";"0";"1";"3";"0"
"23657";"84886406";"23657";"72";"1";"1";"7";"6";"0";"1";"1";"1";"0"
"23670";"84895201";"23670";"72";"1";"1";"7";"8";"1";"0";"1";"2";"0"
"23695";"84913503";"23695";"72";"1";"1";"1";"6";"0";"1";"2";"1";"0"
"23760";"85772403";"23760";"72";"1";"1";"7";"6";"0";"1";"1";"1";"0"
"23872";"85807305";"23872";"72";"1";"1";"7";"6";"0";"1";"1";"1";"0"
"14568";"78717402";"14568";"72";"3";"1";"7";"6";"0";"1";"1";"1";"0"
"14620";"78734408";"14620";"72";"3";"3";"1";"6";"0";"1";"1";"1";"0"
"14678";"78744203";"14678";"72";"1";"1";"7";"4";"0";"2";"1";"1";"0"
"14730";"78746409";"14730";"72";"1";"1";"7";"6";"0";"1";"1";"1";"0"
"14798";"78755206";"14798";"72";"1";"1";"7";"6";"1";"0";"1";"2";"0"
"14849";"78757507";"14849";"72";"1";"1";"7";"6";"0";"1";"1";"1";"0"
"14876";"78762401";"14876";"72";"1";"1";"7";"6";"0";"1";"1";"1";"0"
"14877";"78762403";"14877";"72";"3";"2";"2";"3";"0";"1";"0";"1";"0"
"14900";"78763201";"14900";"72";"1";"1";"7";"6";"0";"1";"1";"1";"0"
"14902";"78763203";"14902";"72";"1";"1";"7";"6";"0";"1";"1";"1";"0"
"14979";"78765302";"14979";"72";"1";"1";"2";"6";"0";"1";"1";"1";"0"
"15097";"78772109";"15097";"72";"1";"1";"7";"6";"0";"1";"1";"1";"0"
"15098";"78772210";"15098";"72";"1";"1";"7";"6";"0";"1";"1";"1";"0"
"15333";"78787505";"15333";"72";"1";"1";"7";"6";"0";"1";"1";"1";"0"
"15480";"79713305";"15480";"72";"1";"1";"7";"6";"1";"0";"1";"2";"0"
"15482";"79714306";"15482";"72";"1";"1";"7";"6";"1";"0";"0";"2";"0"
"15519";"79721406";"15519";"72";"1";"1";"7";"6";"0";"1";"1";"1";"0"
"15596";"79726502";"15596";"72";"1";"1";"7";"6";"0";"1";"1";"1";"0"
"15597";"79726503";"15597";"72";"1";"1";"7";"6";"0";"1";"1";"1";"0"
"15611";"79727509";"15611";"72";"1";"1";"7";"6";"0";"1";"1";"1";"0"
"15625";"79732301";"15625";"72";"1";"1";"7";"6";"0";"1";"1";"1";"0"
"15683";"79734202";"15683";"72";"1";"1";"7";"6";"0";"1";"1";"1";"0"
"15712";"79735101";"15712";"72";"1";"1";"7";"6";"0";"1";"1";"1";"0"
"15781";"79744105";"15781";"72";"1";"1";"7";"4";"0";"1";"1";"1";"0"
"15831";"79745401";"15831";"72";"1";"1";"7";"6";"0";"1";"1";"1";"0"
"15835";"79745401";"15835";"72";"3";"1";"7";"6";"0";"1";"1";"1";"0"
"15879";"79745505";"15879";"72";"1";"1";"7";"7";"1";"0";"1";"2";"0"
"15880";"79746101";"15880";"72";"1";"1";"7";"6";"0";"1";"1";"1";"0"
"15916";"79747102";"15916";"72";"1";"1";"7";"6";"1";"0";"1";"2";"0"
"15922";"79747401";"15922";"72";"1";"1";"7";"6";"0";"1";"1";"1";"0"
"16097";"79752502";"16097";"72";"1";"1";"7";"6";"0";"1";"1";"1";"0"
"16100";"79753104";"16100";"72";"1";"1";"7";"6";"1";"0";"1";"2";"0"
"16150";"79753108";"16150";"72";"1";"1";"7";"6";"0";"1";"1";"1";"0"
"16151";"79753108";"16151";"72";"1";"1";"7";"6";"1";"0";"2";"2";"0"
"16329";"79755404";"16329";"72";"1";"1";"7";"6";"0";"1";"1";"1";"0"
"16354";"79756107";"16354";"72";"1";"1";"7";"6";"0";"1";"1";"1";"0"
"16436";"79757503";"16436";"72";"3";"1";"7";"6";"0";"1";"1";"1";"0"
"16463";"79761209";"16463";"72";"1";"1";"7";"6";"0";"0";"1";"3";"0"
"16555";"79764102";"16555";"72";"1";"1";"7";"6";"0";"1";"2";"1";"0"
"16611";"79765203";"16611";"72";"1";"1";"7";"6";"0";"1";"1";"1";"0"
"16703";"79767101";"16703";"72";"3";"1";"1";"6";"0";"1";"1";"1";"0"
"16866";"79767403";"16866";"72";"1";"1";"7";"6";"0";"1";"1";"1";"0"
"16869";"79767502";"16869";"72";"1";"1";"7";"6";"1";"0";"1";"2";"0"
"16890";"79773505";"16890";"72";"3";"1";"7";"6";"0";"1";"3";"1";"0"
"16900";"79774523";"16900";"72";"3";"1";"7";"6";"1";"0";"1";"2";"0"
"17034";"79787406";"17034";"72";"3";"1";"7";"5";"0";"1";"1";"1";"0"
"17035";"79787406";"17035";"72";"1";"1";"7";"6";"1";"0";"1";"2";"0"
"17057";"79793208";"17057";"72";"1";"1";"7";"6";"0";"1";"1";"1";"0"
"17085";"79794301";"17085";"72";"1";"1";"1";"6";"0";"1";"1";"1";"0"
"17120";"79805110";"17120";"72";"1";"1";"7";"6";"0";"1";"1";"1";"0"
"17202";"79913308";"17202";"72";"1";"1";"7";"6";"0";"1";"1";"1";"0"
"17350";"80735308";"17350";"72";"2";"3";"1";"6";"1";"0";"2";"2";"0"
"17359";"80736302";"17359";"72";"1";"1";"7";"6";"0";"1";"1";"1";"0"
"17369";"80737103";"17369";"72";"3";"1";"7";"6";"0";"2";"1";"1";"0"
"17455";"80742105";"17455";"72";"1";"1";"7";"6";"1";"0";"1";"2";"0"
"17497";"80742202";"17497";"72";"1";"1";"7";"6";"0";"1";"1";"1";"0"
"17526";"80742411";"17526";"72";"1";"1";"7";"6";"0";"1";"1";"1";"0"
"17575";"80743403";"17575";"72";"1";"1";"7";"6";"0";"1";"1";"1";"0"
"17739";"80747303";"17739";"72";"1";"1";"7";"6";"0";"1";"1";"1";"0"
"17747";"80747405";"17747";"72";"1";"1";"7";"6";"0";"1";"1";"1";"0"
"17818";"80752101";"17818";"72";"1";"1";"1";"6";"1";"0";"1";"2";"0"
"17889";"80753101";"17889";"72";"1";"1";"7";"6";"1";"0";"1";"2";"0"
"17919";"80753202";"17919";"72";"1";"1";"7";"6";"0";"1";"1";"1";"0"
"17974";"80754201";"17974";"72";"3";"1";"7";"5";"1";"0";"1";"3";"0"
"17978";"80754202";"17978";"72";"1";"1";"7";"6";"1";"0";"1";"2";"0"
"18088";"80756101";"18088";"72";"1";"1";"7";"6";"0";"1";"1";"1";"0"
"18208";"80761302";"18208";"72";"1";"1";"7";"6";"0";"1";"1";"1";"0"
"18237";"80761406";"18237";"72";"1";"1";"2";"6";"0";"1";"1";"1";"0"
"18292";"80762209";"18292";"72";"1";"1";"7";"6";"0";"1";"1";"1";"0"
"18329";"80762505";"18329";"72";"3";"1";"7";"6";"0";"1";"1";"1";"0"
"18345";"80763307";"18345";"72";"1";"1";"1";"6";"0";"1";"1";"1";"0"
"18346";"80763406";"18346";"72";"1";"1";"7";"6";"0";"1";"1";"1";"0"
"18357";"80763502";"18357";"72";"1";"1";"7";"5";"0";"1";"1";"1";"0"
"18479";"80765402";"18479";"72";"1";"1";"7";"4";"0";"1";"1";"1";"0"
"18502";"80765405";"18502";"72";"1";"1";"7";"8";"0";"1";"1";"1";"0"
"18538";"80767105";"18538";"72";"1";"3";"2";"6";"0";"1";"1";"1";"0"
"18596";"80772406";"18596";"72";"1";"1";"7";"6";"1";"0";"1";"2";"0"
"18597";"80772513";"18597";"72";"1";"1";"1";"6";"0";"1";"1";"1";"0"
"18617";"80774103";"18617";"72";"3";"1";"7";"6";"0";"1";"1";"1";"0"
"18723";"80776206";"18723";"72";"2";"1";"7";"6";"0";"1";"1";"1";"0"
"18748";"80777308";"18748";"72";"1";"1";"7";"6";"0";"1";"1";"1";"0"
"18915";"80786502";"18915";"72";"3";"3";"2";"6";"1";"0";"1";"2";"0"
"18927";"80787304";"18927";"72";"1";"1";"7";"5";"0";"1";"1";"1";"0"
"18928";"80792102";"18928";"72";"4";"3";"2";"6";"0";"2";"1";"1";"0"
"18934";"80793505";"17521";"72";"1";"1";"7";"6";"0";"1";"1";"1";"0"
"18945";"80793506";"18945";"72";"1";"1";"7";"6";"0";"1";"1";"1";"0"
"18952";"80794510";"18952";"72";"1";"1";"7";"6";"0";"1";"1";"1";"0"
"19033";"80803101";"19033";"72";"1";"1";"7";"6";"0";"1";"1";"1";"0"
"19036";"80803405";"19036";"72";"1";"1";"7";"6";"0";"1";"1";"1";"0"
"19048";"80804203";"19048";"72";"1";"7";"7";"4";"1";"1";"0";"2";"0"
"19108";"80813101";"19108";"72";"3";"1";"7";"6";"1";"0";"1";"2";"0"
"19144";"80876403";"19144";"72";"3";"1";"7";"6";"1";"0";"1";"2";"0"
"19145";"80876403";"19145";"72";"1";"4";"3";"6";"0";"0";"1";"3";"0"
"28757";"87803511";"28757";"72";"1";"1";"7";"6";"0";"1";"1";"1";"0"