"accident_id";"lieu_id";"date_id";"cause_id";"lum_id";"intemp_id";"etat_surface_id";"impliq_id";"nb_blesses_graves";"nb_blesses_legers";"nb_indemnes";"gravite";"nb_morts"
"28758";"87803513";"28758";"72";"1";"1";"7";"4";"0";"1";"2";"1";"0"
"28765";"87804404";"28765";"72";"1";"1";"7";"6";"0";"1";"1";"1";"0"
"28793";"87805509";"28793";"72";"1";"1";"7";"6";"0";"1";"1";"1";"0"
"29103";"87821204";"29103";"72";"3";"1";"7";"6";"0";"1";"1";"1";"0"
"29119";"87821304";"29119";"72";"1";"1";"7";"6";"0";"1";"1";"1";"0"
"29122";"87821401";"29122";"72";"1";"1";"7";"6";"0";"1";"1";"1";"0"
"29161";"87822201";"29161";"72";"3";"1";"1";"6";"0";"2";"1";"1";"0"
"29212";"87824103";"29212";"72";"3";"1";"7";"6";"0";"1";"1";"1";"0"
"29221";"87825103";"29221";"72";"1";"1";"7";"6";"0";"1";"1";"1";"0"
"29246";"87826101";"29246";"72";"3";"3";"1";"6";"0";"1";"1";"1";"0"
"29282";"87832317";"6328";"72";"1";"1";"7";"6";"0";"1";"1";"1";"0"
"29333";"87834409";"29333";"72";"1";"1";"7";"3";"0";"2";"0";"1";"0"
"29341";"87835102";"29341";"72";"1";"1";"7";"7";"0";"0";"1";"3";"0"
"29357";"87836401";"29357";"72";"3";"1";"7";"6";"0";"0";"1";"3";"0"
"29364";"87836411";"29364";"72";"1";"1";"7";"6";"0";"1";"1";"1";"0"
"29396";"87841106";"29396";"72";"1";"1";"1";"6";"0";"1";"1";"1";"0"
"29397";"87841106";"29397";"72";"3";"1";"2";"6";"0";"1";"1";"1";"0"
"29400";"87841210";"29400";"72";"1";"1";"7";"9";"1";"1";"0";"2";"0"
"29445";"87844315";"29445";"72";"1";"1";"7";"6";"0";"1";"1";"1";"0"
"29450";"87844513";"29450";"72";"3";"1";"7";"6";"0";"1";"1";"1";"0"
"29451";"87845101";"371";"72";"1";"1";"7";"6";"0";"1";"1";"1";"0"
"29511";"88761204";"29511";"72";"1";"1";"7";"6";"1";"0";"1";"2";"0"
"29515";"88791309";"29515";"72";"1";"1";"7";"6";"1";"0";"1";"2";"0"
"29581";"88811102";"29581";"72";"1";"1";"7";"6";"0";"1";"1";"1";"0"
"29595";"88817304";"29595";"72";"1";"1";"7";"6";"0";"1";"1";"1";"0"
"29717";"88844404";"29717";"72";"1";"1";"7";"6";"1";"0";"1";"2";"0"
"29733";"88847113";"29733";"72";"1";"1";"7";"6";"0";"1";"1";"1";"0"
"29763";"89813403";"29763";"72";"1";"1";"7";"6";"0";"1";"1";"1";"0"
"29800";"89841105";"29800";"72";"1";"1";"7";"6";"0";"1";"1";"1";"0"
"9639";"71145";"9639";"72";"1";"1";"7";"6";"0";"1";"2";"1";"0"
"9648";"71153";"9648";"72";"1";"1";"7";"6";"0";"1";"1";"1";"0"
"9661";"71251";"9661";"72";"1";"1";"7";"6";"0";"1";"1";"1";"0"
"9664";"71823";"9664";"72";"1";"7";"7";"6";"0";"1";"1";"1";"0"
"9666";"71825";"9666";"72";"1";"1";"7";"6";"0";"1";"1";"1";"0"
"9681";"71837";"9681";"72";"1";"1";"7";"6";"0";"1";"1";"1";"0"
"9689";"71863";"9689";"72";"1";"1";"7";"3";"0";"1";"0";"1";"0"
"9702";"71874";"9702";"72";"2";"3";"2";"6";"1";"0";"1";"2";"0"
"9704";"71875";"9704";"72";"1";"1";"7";"6";"1";"0";"1";"2";"0"
"9705";"71875";"9705";"72";"5";"1";"7";"6";"0";"1";"1";"1";"0"
"9709";"71878";"9709";"72";"1";"1";"7";"6";"1";"0";"1";"2";"0"
"9711";"71886";"9711";"72";"1";"1";"7";"6";"0";"1";"1";"1";"0"
"9715";"71900";"9715";"72";"1";"1";"7";"6";"0";"1";"1";"1";"0"
"9716";"71900";"9716";"72";"1";"1";"7";"6";"1";"0";"1";"2";"0"
"9717";"71900";"9717";"72";"1";"1";"7";"6";"0";"1";"1";"1";"0"
"9724";"71933";"9724";"72";"1";"1";"7";"6";"0";"1";"1";"1";"0"
"9727";"71964";"5219";"72";"1";"1";"7";"6";"0";"1";"1";"1";"0"
"9728";"71966";"9728";"72";"2";"1";"7";"3";"0";"1";"1";"1";"0"
"9735";"71999";"9735";"72";"1";"1";"7";"6";"0";"1";"1";"1";"0"
"9740";"72006";"9740";"72";"1";"1";"7";"6";"0";"1";"1";"1";"0"
"9744";"72013";"9744";"72";"1";"1";"7";"6";"1";"0";"1";"2";"0"
"9745";"72013";"9745";"72";"3";"1";"7";"6";"0";"0";"1";"3";"0"
"9747";"72015";"9747";"72";"1";"1";"7";"5";"1";"1";"0";"2";"0"
"9748";"72017";"9748";"72";"2";"1";"7";"6";"0";"1";"1";"1";"0"
"9750";"72019";"9750";"72";"1";"1";"7";"6";"0";"1";"1";"1";"0"
"9756";"72034";"9756";"72";"1";"1";"7";"6";"0";"1";"1";"1";"0"
"9758";"72042";"9758";"72";"1";"1";"1";"6";"0";"1";"1";"1";"0"
"9760";"72043";"9760";"72";"3";"1";"7";"3";"0";"1";"1";"1";"0"
"9761";"72044";"9761";"72";"4";"1";"7";"6";"0";"1";"1";"1";"0"
"9766";"72058";"9766";"72";"1";"1";"7";"5";"1";"0";"1";"2";"0"
"9767";"72058";"9767";"72";"2";"1";"7";"6";"1";"0";"1";"2";"0"
"9768";"72058";"9768";"72";"1";"1";"7";"6";"0";"1";"1";"1";"0"
"9770";"72065";"9770";"72";"1";"1";"7";"6";"0";"1";"1";"1";"0"
"9775";"72068";"9775";"72";"1";"1";"7";"6";"0";"1";"1";"1";"0"
"9777";"72068";"9777";"72";"1";"1";"7";"6";"0";"1";"1";"1";"0"
"9784";"72083";"9784";"72";"1";"1";"7";"6";"0";"1";"1";"1";"0"
"9795";"72086";"9795";"72";"1";"1";"7";"6";"0";"1";"1";"1";"0"
"9797";"72087";"9797";"72";"1";"4";"3";"6";"0";"1";"1";"1";"0"
"9800";"72088";"9800";"72";"1";"1";"7";"4";"0";"2";"0";"1";"0"
"9804";"72090";"9804";"72";"1";"3";"1";"6";"0";"1";"1";"1";"0"
"9808";"72090";"9808";"72";"1";"1";"7";"6";"0";"1";"1";"1";"0"
"9813";"72098";"9813";"72";"1";"3";"1";"6";"1";"0";"1";"2";"0"
"9820";"72105";"9820";"72";"1";"3";"2";"6";"0";"1";"1";"1";"0"
"9824";"72114";"9824";"72";"1";"1";"7";"6";"0";"1";"1";"1";"0"
"9825";"72118";"7360";"72";"1";"1";"7";"6";"0";"1";"1";"1";"0"
"9831";"72122";"9831";"72";"1";"1";"7";"6";"0";"1";"1";"1";"0"
"9836";"72123";"9836";"72";"1";"1";"7";"6";"0";"1";"1";"1";"0"
"9837";"72130";"9837";"72";"3";"1";"1";"6";"1";"0";"1";"2";"0"
"9840";"72131";"9840";"72";"1";"1";"7";"6";"1";"0";"1";"2";"0"
"9845";"72148";"9845";"72";"3";"1";"7";"6";"1";"0";"1";"2";"0"
"9848";"72148";"9848";"72";"1";"1";"7";"6";"0";"1";"1";"1";"0"
"9852";"72153";"9852";"72";"1";"2";"2";"4";"1";"0";"1";"2";"0"
"9856";"72155";"9856";"72";"1";"1";"7";"6";"0";"1";"1";"1";"0"
"9866";"72173";"9866";"72";"1";"1";"7";"6";"0";"1";"1";"1";"0"
"9868";"72177";"9868";"72";"1";"1";"7";"4";"0";"2";"0";"1";"0"
"9872";"72182";"9872";"72";"1";"1";"7";"9";"0";"1";"1";"1";"0"
"9877";"72188";"9877";"72";"1";"1";"7";"6";"0";"1";"1";"1";"0"
"9882";"72201";"9882";"72";"1";"1";"7";"6";"0";"1";"1";"1";"0"
"9892";"72221";"9892";"72";"1";"3";"2";"4";"0";"0";"1";"3";"0"
"9893";"72221";"9893";"72";"1";"1";"7";"6";"0";"2";"0";"1";"0"
"9894";"72226";"9894";"72";"1";"1";"7";"6";"0";"1";"1";"1";"0"
"9895";"72228";"9895";"72";"1";"1";"7";"6";"0";"1";"1";"1";"0"
"9896";"72228";"9896";"72";"1";"1";"7";"6";"0";"1";"1";"1";"0"
"9897";"72230";"9897";"72";"2";"1";"1";"6";"0";"1";"1";"1";"0"
"9899";"72245";"9899";"72";"1";"1";"1";"6";"0";"1";"1";"1";"0"
"9903";"72251";"9903";"72";"1";"1";"7";"6";"0";"1";"1";"1";"0"
"9905";"72258";"9905";"72";"3";"1";"7";"4";"0";"1";"1";"1";"0"
"9912";"72266";"9912";"72";"1";"1";"7";"6";"0";"1";"1";"1";"0"
"9914";"72270";"9914";"72";"1";"1";"7";"6";"1";"0";"1";"2";"0"
"9915";"72273";"9915";"72";"1";"1";"7";"6";"0";"1";"1";"1";"0"
"9928";"72342";"9928";"72";"2";"1";"1";"6";"1";"0";"1";"2";"0"
"9930";"72342";"9930";"72";"1";"1";"7";"6";"0";"1";"1";"1";"0"
"9931";"72342";"9931";"72";"1";"1";"7";"6";"0";"1";"1";"1";"0"
"9932";"72342";"9932";"72";"1";"2";"2";"6";"0";"1";"1";"1";"0"
"9934";"72342";"9934";"72";"1";"1";"7";"6";"1";"0";"1";"2";"0"
"9941";"72344";"9941";"72";"1";"1";"7";"6";"0";"1";"1";"1";"0"
"9953";"72350";"9953";"72";"1";"1";"7";"6";"0";"1";"1";"1";"0"
"9967";"72373";"9967";"72";"1";"1";"7";"6";"1";"0";"1";"2";"0"
"9980";"72378";"9980";"72";"1";"1";"7";"6";"0";"1";"1";"1";"0"
"9981";"72378";"9981";"72";"1";"1";"7";"6";"1";"0";"1";"2";"0"
"9982";"72379";"9982";"72";"2";"1";"7";"6";"1";"0";"1";"2";"0"
"9985";"72382";"9985";"72";"1";"1";"7";"6";"0";"1";"1";"1";"0"
"9991";"72420";"9991";"72";"1";"1";"7";"6";"1";"0";"1";"2";"0"
"9992";"72420";"9992";"72";"1";"3";"2";"6";"0";"1";"1";"1";"0"
"9993";"72423";"9993";"72";"1";"1";"7";"8";"0";"1";"2";"1";"0"
"9996";"72427";"9996";"72";"1";"1";"7";"6";"0";"1";"1";"1";"0"
"9997";"72427";"8438";"72";"1";"1";"7";"6";"0";"1";"1";"1";"0"
"10002";"72439";"10002";"72";"1";"1";"7";"6";"1";"0";"1";"2";"0"
"10006";"72440";"10006";"72";"1";"1";"7";"6";"0";"1";"1";"1";"0"
"10007";"72440";"10007";"72";"3";"1";"7";"6";"1";"0";"1";"2";"0"
"10009";"72442";"10009";"72";"1";"1";"7";"6";"1";"0";"1";"2";"0"
"10014";"72460";"10014";"72";"1";"1";"7";"6";"0";"1";"1";"1";"0"
"10015";"72460";"10015";"72";"1";"1";"7";"6";"0";"1";"1";"1";"0"
"10028";"72472";"10028";"72";"1";"1";"7";"4";"0";"1";"3";"1";"0"
"10029";"72473";"10029";"72";"1";"1";"7";"6";"1";"0";"1";"2";"0"
"10030";"72473";"10030";"72";"1";"1";"7";"6";"0";"1";"1";"1";"0"
"10032";"72477";"10032";"72";"1";"1";"7";"6";"0";"1";"1";"1";"0"
"10034";"72486";"10034";"72";"1";"1";"7";"6";"0";"1";"1";"1";"0"
"10039";"72504";"10039";"72";"1";"1";"7";"6";"0";"1";"1";"1";"0"
"10044";"72506";"10044";"72";"1";"1";"7";"9";"0";"1";"0";"1";"0"
"10051";"72521";"10051";"72";"3";"4";"2";"6";"0";"1";"1";"1";"0"
"10054";"72529";"10054";"72";"1";"3";"1";"7";"0";"1";"1";"1";"0"
"10057";"72530";"10057";"72";"3";"1";"7";"6";"1";"0";"1";"2";"0"
"10066";"72535";"10066";"72";"1";"3";"2";"6";"0";"1";"1";"1";"0"
"10078";"72541";"10078";"72";"1";"1";"7";"6";"0";"1";"1";"1";"0"
"10088";"72548";"10088";"72";"1";"1";"7";"6";"0";"1";"1";"1";"0"
"10094";"72554";"10094";"72";"1";"1";"7";"6";"0";"1";"1";"1";"0"
"10100";"72556";"10100";"72";"3";"1";"7";"6";"0";"1";"1";"1";"0"
"10101";"72568";"10101";"72";"1";"1";"7";"6";"1";"0";"1";"2";"0"
"10102";"72568";"10102";"72";"1";"1";"7";"6";"1";"0";"1";"2";"0"
"10103";"72568";"10103";"72";"2";"3";"1";"6";"1";"0";"1";"2";"0"
"10114";"72588";"10114";"72";"1";"1";"7";"6";"0";"1";"1";"1";"0"
"10123";"72594";"10123";"72";"1";"1";"7";"6";"1";"0";"1";"2";"0"
"10125";"72604";"10125";"72";"1";"1";"7";"6";"0";"1";"1";"1";"0"
"10158";"72631";"10158";"72";"2";"1";"7";"6";"0";"1";"1";"1";"0"
"10182";"72638";"10182";"72";"1";"1";"7";"6";"1";"0";"1";"2";"0"
"10186";"72640";"10186";"72";"1";"1";"7";"6";"1";"0";"1";"2";"0"
"10187";"72640";"10187";"72";"3";"1";"1";"6";"0";"1";"1";"1";"0"
"10190";"72641";"10190";"72";"1";"1";"2";"6";"0";"1";"1";"1";"0"
"10201";"72646";"10201";"72";"1";"1";"1";"6";"0";"1";"1";"1";"0"
"10216";"72655";"10216";"72";"1";"1";"7";"6";"1";"0";"1";"2";"0"
"10220";"72659";"10220";"72";"1";"3";"2";"6";"0";"1";"1";"1";"0"
"10223";"72667";"10223";"72";"3";"1";"7";"6";"1";"0";"1";"2";"0"
"10224";"72669";"10224";"72";"1";"1";"7";"6";"0";"1";"1";"1";"0"
"10228";"72678";"10228";"72";"1";"1";"7";"6";"0";"1";"1";"1";"0"
"10236";"72691";"10236";"72";"1";"1";"7";"6";"0";"1";"1";"1";"0"
"10237";"72691";"10099";"72";"1";"1";"7";"6";"1";"0";"1";"2";"0"
"10241";"72702";"10241";"72";"1";"1";"7";"6";"1";"0";"1";"2";"0"
"10242";"72704";"10242";"72";"1";"1";"7";"6";"0";"1";"1";"1";"0"
"10243";"72704";"10243";"72";"1";"1";"7";"6";"0";"1";"1";"1";"0"
"10244";"72707";"10244";"72";"3";"1";"1";"6";"0";"1";"1";"1";"0"
"10248";"72707";"10248";"72";"1";"1";"1";"6";"0";"0";"1";"3";"0"
"10254";"72709";"10254";"72";"1";"1";"7";"6";"0";"0";"1";"3";"0"
"10264";"72725";"10264";"72";"1";"1";"1";"6";"0";"1";"1";"1";"0"
"10271";"72728";"10271";"72";"3";"1";"7";"6";"0";"1";"1";"1";"0"
"10272";"72728";"10272";"72";"1";"1";"1";"6";"0";"1";"1";"1";"0"
"10273";"72728";"10273";"72";"1";"1";"7";"6";"1";"1";"1";"2";"0"
"10275";"72729";"10275";"72";"2";"1";"7";"6";"0";"1";"1";"1";"0"
"10276";"72729";"10276";"72";"1";"1";"7";"5";"0";"1";"1";"1";"0"
"10277";"72730";"10277";"72";"1";"1";"7";"6";"0";"1";"1";"1";"0"
"10278";"72731";"10278";"72";"1";"1";"7";"6";"0";"1";"1";"1";"0"
"10283";"72748";"10283";"72";"1";"1";"7";"6";"1";"0";"1";"2";"0"
"10285";"72748";"10285";"72";"1";"1";"7";"5";"0";"1";"1";"3";"0"
"10287";"72751";"10287";"72";"1";"1";"7";"6";"0";"1";"1";"1";"0"
"10293";"72769";"10293";"72";"1";"1";"7";"4";"0";"1";"1";"1";"0"
"10296";"72780";"10296";"72";"1";"1";"5";"6";"0";"1";"1";"1";"0"
"10299";"72784";"10299";"72";"1";"3";"2";"6";"0";"1";"1";"1";"0"
"10301";"72790";"10301";"72";"1";"1";"7";"6";"0";"1";"1";"1";"0"
"10302";"72790";"10302";"72";"1";"1";"7";"6";"0";"1";"1";"1";"0"
"10310";"72819";"10310";"72";"1";"1";"7";"6";"0";"1";"1";"1";"0"
"10313";"72822";"10313";"72";"3";"1";"1";"6";"0";"1";"1";"1";"0"
"10316";"72823";"10316";"72";"3";"1";"7";"6";"0";"1";"1";"1";"0"
"10319";"72832";"10319";"72";"1";"1";"7";"4";"0";"1";"1";"1";"0"
"10323";"72861";"10323";"72";"1";"1";"7";"6";"0";"1";"1";"1";"0"
"10329";"72878";"10329";"72";"1";"1";"7";"6";"0";"1";"1";"1";"0"
"10330";"72879";"10330";"72";"1";"1";"7";"6";"1";"0";"1";"2";"0"
"10331";"72884";"10331";"72";"1";"1";"7";"6";"0";"1";"1";"1";"0"
"10333";"72897";"10333";"72";"1";"1";"7";"6";"0";"1";"1";"1";"0"
"10336";"72911";"10336";"72";"1";"1";"7";"4";"0";"1";"1";"1";"0"
"10338";"72924";"10338";"72";"1";"1";"7";"6";"0";"1";"1";"1";"0"
"10364";"72962";"10364";"72";"1";"1";"7";"6";"0";"1";"1";"1";"0"
"10371";"72972";"10371";"72";"1";"3";"1";"6";"0";"1";"1";"1";"0"
"10373";"72974";"10373";"72";"3";"1";"7";"6";"0";"1";"1";"1";"0"
"10378";"72975";"10378";"72";"1";"1";"7";"6";"1";"0";"1";"2";"0"
"10386";"73001";"10386";"72";"1";"1";"7";"6";"1";"0";"1";"2";"0"
"10390";"73025";"10390";"72";"1";"1";"7";"6";"0";"1";"1";"1";"0"
"10395";"73029";"10395";"72";"1";"1";"7";"8";"0";"1";"1";"1";"0"
"10396";"73029";"10396";"72";"1";"1";"7";"6";"0";"1";"4";"1";"0"
"10397";"73029";"10397";"72";"1";"1";"7";"6";"1";"0";"1";"2";"0"
"10447";"73082";"10447";"72";"1";"1";"7";"6";"0";"1";"1";"1";"0"
"10449";"73084";"10449";"72";"1";"1";"7";"6";"1";"0";"1";"2";"0"
"10454";"73099";"10454";"72";"4";"6";"1";"6";"0";"1";"1";"1";"0"
"10456";"73099";"10456";"72";"3";"1";"7";"6";"0";"1";"1";"1";"0"
"10472";"73108";"10472";"72";"1";"1";"7";"6";"0";"1";"1";"1";"0"
"10478";"73131";"10478";"72";"1";"1";"7";"6";"0";"1";"1";"1";"0"
"10479";"73146";"10479";"72";"1";"1";"7";"6";"0";"1";"1";"1";"0"
"10485";"73166";"3061";"72";"1";"1";"7";"6";"0";"1";"1";"1";"0"
"10496";"73197";"8881";"72";"1";"1";"7";"6";"0";"1";"1";"1";"0"
"10497";"73197";"10497";"72";"1";"1";"1";"6";"0";"1";"1";"1";"0"
"10498";"73199";"10498";"72";"1";"1";"7";"6";"0";"1";"0";"1";"0"
"10501";"73208";"10501";"72";"1";"1";"7";"6";"0";"1";"1";"1";"0"
"10503";"73208";"10503";"72";"1";"1";"7";"6";"0";"1";"1";"1";"0"
"10517";"73213";"10517";"72";"1";"1";"7";"6";"0";"1";"1";"1";"0"
"10518";"73213";"10518";"72";"1";"1";"1";"6";"0";"2";"1";"1";"0"
"10520";"73213";"10520";"72";"1";"1";"7";"6";"0";"1";"1";"1";"0"
"10522";"73216";"10522";"72";"1";"1";"7";"6";"0";"1";"1";"1";"0"
"10525";"73225";"10525";"72";"1";"1";"7";"6";"0";"1";"1";"1";"0"
"10526";"73236";"10526";"72";"1";"1";"7";"6";"0";"1";"1";"1";"0"
"10528";"73238";"10528";"72";"1";"1";"7";"6";"1";"0";"1";"2";"0"
"10531";"73247";"10531";"72";"1";"1";"7";"6";"1";"0";"1";"2";"0"
"10547";"73266";"10547";"72";"1";"1";"7";"6";"0";"1";"1";"1";"0"
"10548";"73266";"10548";"72";"3";"3";"1";"6";"0";"1";"1";"1";"0"
"10550";"73269";"10550";"72";"2";"1";"7";"4";"0";"2";"0";"1";"0"
"10551";"73269";"10551";"72";"1";"1";"7";"6";"0";"1";"1";"1";"0"
"10553";"73269";"10553";"72";"1";"1";"7";"6";"0";"1";"1";"1";"0"
"10556";"73280";"10556";"72";"1";"1";"7";"6";"0";"1";"1";"1";"0"
"10559";"73288";"10559";"72";"1";"1";"7";"6";"0";"1";"1";"1";"0"
"10560";"73288";"10560";"72";"1";"3";"1";"6";"0";"1";"1";"1";"0"
"10563";"73291";"10563";"72";"1";"1";"7";"6";"0";"1";"1";"1";"0"
"10570";"73323";"10570";"72";"1";"1";"7";"6";"1";"0";"1";"2";"0"
"10573";"73325";"10573";"72";"3";"1";"7";"6";"0";"1";"1";"1";"0"
"10580";"73330";"10580";"72";"4";"1";"7";"6";"0";"0";"1";"3";"0"
"10601";"73356";"10601";"72";"1";"1";"7";"6";"1";"0";"1";"2";"0"
"10606";"73358";"10606";"72";"1";"1";"7";"6";"0";"1";"1";"1";"0"
"10614";"73377";"10614";"72";"1";"1";"7";"6";"0";"1";"1";"1";"0"
"10615";"73386";"10615";"72";"1";"1";"7";"6";"0";"1";"1";"1";"0"
"10616";"73386";"10616";"72";"1";"1";"7";"6";"0";"1";"1";"1";"0"
"10617";"73386";"10617";"72";"1";"1";"7";"6";"0";"1";"1";"1";"0"
"10618";"73386";"10618";"72";"1";"1";"7";"6";"0";"1";"1";"1";"0"
"10619";"73386";"10619";"72";"1";"1";"7";"6";"0";"1";"1";"1";"0"
"10622";"73391";"10622";"72";"1";"1";"7";"6";"0";"1";"1";"1";"0"
"10623";"73398";"10623";"72";"1";"1";"7";"6";"0";"2";"1";"1";"0"
"10626";"73399";"10626";"72";"1";"1";"7";"6";"0";"1";"1";"1";"0"
"10630";"73421";"10630";"72";"3";"1";"2";"6";"0";"1";"2";"1";"0"
"10633";"73451";"10633";"72";"1";"1";"7";"6";"1";"0";"1";"2";"0"
"10635";"73453";"10635";"72";"3";"3";"2";"6";"0";"1";"1";"1";"0"
"10637";"73453";"10637";"72";"2";"3";"1";"6";"0";"1";"1";"1";"0"
"10638";"73453";"10638";"72";"3";"3";"1";"6";"0";"1";"0";"1";"0"
"10642";"73455";"10642";"72";"1";"1";"7";"3";"0";"1";"1";"1";"0"
"10650";"73464";"10650";"72";"1";"1";"7";"5";"0";"2";"0";"1";"0"
"10651";"73464";"10651";"72";"3";"1";"7";"6";"0";"1";"1";"1";"0"
"10663";"73466";"10663";"72";"3";"1";"7";"6";"0";"1";"1";"1";"0"
"10669";"73476";"10669";"72";"1";"1";"7";"6";"0";"1";"1";"1";"0"
"10670";"73477";"10670";"72";"1";"3";"1";"6";"0";"1";"1";"1";"0"
"10680";"73493";"10680";"72";"4";"1";"1";"6";"0";"0";"1";"3";"0"
"10683";"73494";"10683";"72";"3";"2";"2";"7";"0";"1";"1";"1";"0"
"10688";"73494";"10688";"72";"2";"3";"1";"6";"0";"1";"1";"1";"0"
"10692";"73495";"10692";"72";"1";"1";"7";"6";"0";"1";"1";"1";"0"
"10696";"73497";"10696";"72";"1";"1";"7";"6";"0";"1";"1";"1";"0"
"10698";"73497";"10698";"72";"1";"1";"7";"6";"0";"1";"1";"1";"0"
"10700";"73497";"10700";"72";"1";"1";"1";"4";"0";"1";"1";"1";"0"
"10702";"73498";"10702";"72";"1";"1";"7";"6";"0";"2";"1";"1";"0"
"10712";"73508";"10712";"72";"1";"1";"7";"6";"0";"1";"1";"1";"0"
"10713";"73508";"10713";"72";"1";"1";"7";"6";"0";"1";"1";"1";"0"
"10716";"73536";"10716";"72";"1";"1";"7";"6";"0";"1";"1";"1";"0"
"10720";"73569";"10720";"72";"1";"1";"7";"6";"0";"1";"1";"1";"0"
"10732";"73593";"10732";"72";"1";"1";"7";"6";"0";"1";"1";"1";"0"
"10734";"73593";"10734";"72";"1";"1";"7";"6";"1";"0";"1";"2";"0"
"10735";"73596";"10735";"72";"1";"1";"7";"6";"1";"0";"1";"2";"0"
"10738";"73618";"10738";"72";"1";"1";"7";"6";"0";"1";"1";"1";"0"
"10739";"73618";"10739";"72";"1";"1";"7";"6";"0";"1";"1";"1";"0"
"10741";"73650";"10741";"72";"5";"1";"7";"6";"0";"1";"1";"1";"0"
"10743";"73656";"10743";"72";"1";"1";"7";"6";"0";"1";"1";"1";"0"
"10748";"73657";"10748";"72";"3";"3";"1";"6";"0";"1";"0";"1";"0"
"10751";"73658";"10751";"72";"1";"1";"1";"6";"0";"1";"1";"1";"0"
"10752";"73658";"10752";"72";"1";"1";"7";"6";"0";"1";"1";"1";"0"
"10753";"73658";"10753";"72";"1";"3";"2";"6";"1";"0";"1";"2";"0"
"10756";"73663";"10756";"72";"1";"1";"7";"6";"1";"1";"2";"2";"0"
"10763";"73690";"10763";"72";"1";"1";"7";"6";"1";"0";"1";"2";"0"
"10767";"73700";"10767";"72";"1";"1";"7";"6";"0";"1";"1";"1";"0"
"10771";"73706";"10771";"72";"3";"1";"7";"6";"0";"1";"1";"1";"0"
"10772";"73709";"10772";"72";"1";"1";"7";"6";"0";"1";"1";"1";"0"
"10773";"73709";"10773";"72";"1";"1";"7";"6";"0";"1";"1";"1";"0"
"10775";"73711";"10775";"72";"1";"1";"1";"3";"0";"1";"1";"1";"0"
"10776";"73716";"10776";"72";"1";"2";"2";"6";"0";"1";"1";"1";"0"
"10784";"73716";"10784";"72";"1";"1";"7";"6";"0";"1";"1";"1";"0"
"10786";"73718";"10786";"72";"1";"1";"7";"6";"0";"1";"1";"1";"0"
"10788";"73723";"10788";"72";"1";"1";"1";"6";"0";"1";"1";"1";"0"
"10792";"73725";"10792";"72";"1";"3";"1";"6";"0";"1";"1";"1";"0"
"10797";"73729";"10797";"72";"1";"1";"7";"6";"0";"1";"1";"1";"0"
"10802";"73732";"10802";"72";"1";"1";"7";"6";"0";"1";"1";"1";"0"
"10809";"73741";"10809";"72";"1";"1";"6";"6";"1";"0";"1";"2";"0"
"10833";"73913";"10833";"72";"1";"1";"7";"6";"0";"1";"1";"1";"0"
"10835";"73955";"10835";"72";"4";"1";"7";"6";"0";"1";"1";"1";"0"
"10848";"73977";"10848";"72";"1";"1";"7";"6";"0";"1";"1";"1";"0"
"10851";"73994";"10851";"72";"1";"1";"7";"4";"0";"1";"1";"1";"0"
"10860";"74023";"10860";"72";"1";"1";"7";"6";"0";"1";"1";"1";"0"
"10865";"74054";"10865";"72";"3";"1";"7";"6";"0";"1";"1";"1";"0"
"10868";"74057";"10868";"72";"1";"1";"1";"6";"0";"1";"1";"1";"0"
"10871";"74059";"10871";"72";"1";"1";"7";"7";"0";"1";"1";"1";"0"
"10872";"74059";"10872";"72";"1";"3";"1";"6";"0";"1";"1";"1";"0"
"10875";"74073";"10875";"72";"1";"1";"7";"4";"0";"2";"0";"1";"0"
"10876";"74073";"10876";"72";"1";"1";"1";"3";"0";"1";"1";"1";"0"
"10878";"74078";"10878";"72";"1";"1";"7";"4";"0";"1";"1";"1";"0"
"10881";"74091";"10881";"72";"1";"2";"1";"6";"0";"1";"1";"1";"0"
"10882";"74092";"10882";"72";"1";"1";"7";"6";"0";"1";"1";"1";"0"
"10883";"74093";"10883";"72";"1";"1";"1";"6";"1";"0";"1";"2";"0"
"10884";"74095";"10884";"72";"1";"1";"7";"6";"0";"1";"1";"1";"0"
"10885";"74100";"10885";"72";"1";"1";"7";"6";"0";"1";"1";"1";"0"
"10886";"74106";"10886";"72";"1";"1";"2";"6";"0";"1";"1";"1";"0"
"10887";"74108";"10887";"72";"1";"1";"7";"6";"1";"0";"1";"2";"0"
"10892";"74150";"10892";"72";"1";"1";"7";"6";"0";"1";"1";"1";"0"
"10893";"74150";"10893";"72";"1";"1";"7";"6";"0";"1";"1";"1";"0"
"10894";"74151";"10894";"72";"3";"1";"7";"6";"1";"0";"1";"2";"0"
"10900";"74583";"10900";"72";"2";"1";"7";"6";"0";"1";"1";"1";"0"
"10903";"75207";"10903";"72";"3";"1";"7";"6";"0";"1";"1";"1";"0"
"10916";"75286";"10916";"72";"1";"1";"7";"6";"0";"1";"1";"1";"0"
"10955";"76681";"7501";"72";"1";"3";"1";"6";"1";"0";"1";"2";"0"
"10956";"76681";"10956";"72";"1";"1";"7";"6";"0";"1";"1";"1";"0"
"10959";"76683";"10959";"72";"1";"1";"7";"6";"0";"1";"1";"1";"0"
"10993";"76758";"10993";"72";"1";"1";"7";"6";"0";"1";"1";"1";"0"
"11003";"76774";"11003";"72";"1";"1";"7";"6";"0";"1";"1";"1";"0"
"11028";"76799";"11028";"72";"1";"1";"7";"6";"0";"1";"1";"1";"0"
"11039";"76832";"11039";"72";"1";"1";"7";"6";"0";"1";"1";"1";"0"
"11055";"76918";"11055";"72";"3";"1";"7";"6";"0";"1";"1";"1";"0"
"11059";"76958";"11059";"72";"1";"1";"1";"6";"0";"1";"1";"1";"0"
"11071";"76996";"11071";"72";"2";"1";"7";"6";"0";"0";"1";"3";"0"