"accident_id";"lieu_id";"date_id";"cause_id";"lum_id";"intemp_id";"etat_surface_id";"impliq_id";"nb_blesses_graves";"nb_blesses_legers";"nb_indemnes";"gravite";"nb_morts"
"11088";"78268";"11088";"72";"1";"1";"7";"6";"0";"2";"1";"1";"0"
"11098";"78302";"11098";"72";"2";"1";"1";"6";"0";"1";"1";"1";"0"
"11114";"78353";"11114";"72";"3";"1";"1";"6";"0";"1";"1";"1";"0"
"11119";"78354";"11119";"72";"3";"1";"7";"6";"1";"0";"1";"2";"0"
"11133";"78382";"11133";"72";"1";"3";"1";"6";"0";"1";"1";"1";"0"
"11158";"78460";"11158";"72";"2";"1";"7";"6";"0";"1";"1";"1";"0"
"11164";"78492";"11164";"72";"1";"1";"7";"6";"0";"1";"1";"1";"0"
"11178";"78523";"11178";"72";"1";"1";"7";"6";"0";"1";"1";"1";"0"
"11179";"78524";"11179";"72";"3";"1";"7";"6";"0";"1";"1";"1";"0"
"11189";"78543";"11189";"72";"1";"1";"7";"6";"0";"1";"1";"1";"0"
"11191";"78543";"11191";"72";"1";"1";"7";"6";"0";"1";"1";"1";"0"
"11192";"78543";"11192";"72";"1";"1";"7";"6";"1";"0";"1";"2";"0"
"11199";"78579";"11199";"72";"2";"1";"7";"6";"0";"1";"1";"1";"0"
"11200";"78580";"11200";"72";"1";"1";"7";"6";"0";"1";"1";"1";"0"
"11203";"78599";"11203";"72";"1";"1";"7";"6";"0";"1";"1";"1";"0"
"11207";"78631";"11207";"72";"1";"1";"7";"6";"1";"0";"1";"2";"0"
"11208";"78631";"11208";"72";"1";"1";"7";"6";"0";"1";"1";"1";"0"
"11209";"78637";"11209";"72";"1";"2";"2";"6";"0";"1";"1";"1";"0"
"11213";"78657";"11213";"72";"3";"1";"7";"6";"0";"1";"1";"1";"0"
"11230";"78716";"11230";"72";"3";"1";"7";"6";"1";"0";"1";"2";"0"
"11237";"78800";"11237";"72";"1";"1";"7";"6";"0";"1";"1";"1";"0"
"11241";"78830";"11241";"72";"2";"1";"7";"6";"0";"1";"1";"1";"0"
"11281";"79426";"11281";"72";"1";"1";"7";"6";"1";"0";"1";"2";"0"
"11308";"79455";"11308";"72";"3";"2";"1";"6";"1";"0";"1";"2";"0"
"11317";"79496";"11317";"72";"1";"1";"7";"6";"0";"1";"1";"1";"0"
"11318";"79496";"11318";"72";"1";"1";"7";"6";"1";"0";"1";"2";"0"
"11319";"79496";"11319";"72";"1";"1";"7";"6";"1";"0";"1";"2";"0"
"11322";"79512";"11322";"72";"3";"1";"7";"4";"2";"0";"1";"2";"0"
"11337";"79630";"11337";"72";"1";"1";"7";"6";"0";"1";"1";"1";"0"
"11339";"79641";"11339";"72";"3";"1";"7";"6";"0";"1";"1";"1";"0"
"11350";"79724";"11350";"72";"1";"1";"7";"6";"0";"1";"1";"1";"0"
"11359";"79817";"11359";"72";"1";"1";"7";"6";"0";"1";"1";"1";"0"
"11361";"79840";"11361";"72";"1";"1";"7";"6";"1";"0";"1";"2";"0"
"11363";"79841";"11363";"72";"1";"1";"7";"6";"0";"1";"1";"1";"0"
"11371";"80453";"11371";"72";"1";"1";"7";"6";"0";"1";"1";"1";"0"
"11375";"80457";"11375";"72";"1";"1";"7";"6";"0";"1";"1";"1";"0"
"11376";"80464";"11376";"72";"1";"1";"7";"6";"0";"1";"1";"1";"0"
"11378";"80484";"11378";"72";"1";"1";"7";"6";"0";"1";"1";"1";"0"
"11380";"80490";"11380";"72";"1";"1";"7";"6";"0";"1";"2";"1";"0"
"11388";"80492";"11388";"72";"1";"1";"7";"6";"0";"1";"1";"1";"0"
"11391";"80498";"11391";"72";"1";"1";"7";"6";"0";"1";"1";"1";"0"
"11394";"80511";"11394";"72";"1";"1";"7";"6";"0";"1";"1";"1";"0"
"11399";"80581";"11399";"72";"1";"1";"1";"6";"0";"1";"1";"1";"0"
"11403";"80614";"11403";"72";"1";"1";"7";"6";"0";"1";"1";"1";"0"
"11410";"80648";"11410";"72";"2";"3";"1";"6";"0";"1";"1";"1";"0"
"11420";"80651";"11420";"72";"1";"1";"7";"6";"0";"1";"1";"1";"0"
"11438";"80656";"11438";"72";"2";"6";"7";"6";"0";"1";"1";"1";"0"
"11444";"80673";"11444";"72";"1";"1";"7";"6";"0";"1";"1";"1";"0"
"11445";"80673";"11445";"72";"1";"1";"7";"6";"0";"1";"1";"1";"0"
"11450";"80717";"11450";"72";"2";"1";"7";"6";"0";"1";"1";"1";"0"
"11463";"80737";"11463";"72";"3";"1";"7";"6";"0";"1";"1";"1";"0"
"11465";"80755";"11465";"72";"1";"1";"7";"6";"0";"1";"1";"1";"0"
"11466";"80755";"11466";"72";"1";"1";"7";"6";"0";"1";"1";"1";"0"
"11467";"80771";"11467";"72";"1";"1";"7";"4";"0";"1";"0";"1";"0"
"11469";"80784";"11469";"72";"3";"3";"1";"6";"0";"1";"1";"1";"0"
"11473";"80803";"11473";"72";"1";"1";"7";"6";"1";"0";"1";"2";"0"
"11475";"80807";"11475";"72";"2";"3";"2";"6";"0";"1";"1";"1";"0"
"11479";"80833";"11479";"72";"1";"1";"7";"6";"0";"1";"1";"1";"0"
"11486";"80868";"11486";"72";"3";"1";"7";"6";"1";"0";"1";"2";"0"
"11487";"80868";"11487";"72";"1";"1";"7";"6";"0";"2";"0";"1";"0"
"11493";"80887";"11493";"72";"1";"1";"7";"6";"0";"1";"1";"1";"0"
"11497";"80898";"11497";"72";"1";"1";"7";"6";"1";"0";"1";"2";"0"
"11503";"80915";"11503";"72";"1";"1";"7";"6";"1";"0";"1";"2";"0"
"11513";"80959";"11513";"72";"1";"1";"7";"6";"0";"1";"1";"1";"0"
"11515";"80960";"11515";"72";"1";"1";"7";"6";"0";"1";"1";"1";"0"
"11518";"80975";"11518";"72";"3";"7";"1";"6";"0";"1";"1";"1";"0"
"11523";"80983";"11523";"72";"1";"1";"7";"4";"1";"0";"1";"2";"0"
"11524";"80984";"11524";"72";"1";"1";"7";"6";"0";"1";"1";"1";"0"
"11530";"81002";"11530";"72";"1";"1";"1";"6";"0";"1";"1";"1";"0"
"11531";"81002";"11531";"72";"1";"1";"7";"6";"0";"1";"1";"1";"0"
"11543";"81042";"11543";"72";"1";"2";"1";"6";"0";"1";"1";"1";"0"
"11566";"81087";"11566";"72";"1";"1";"1";"6";"0";"1";"1";"1";"0"
"11568";"81095";"11568";"72";"1";"3";"1";"6";"0";"1";"1";"1";"0"
"11570";"81095";"11570";"72";"2";"6";"1";"6";"0";"1";"1";"1";"0"
"11589";"81118";"11589";"72";"1";"1";"7";"6";"0";"1";"1";"1";"0"
"11601";"81125";"11601";"72";"1";"1";"7";"6";"0";"1";"1";"1";"0"
"11613";"81136";"11613";"72";"1";"1";"7";"6";"0";"1";"1";"1";"0"
"11617";"81165";"11617";"72";"1";"1";"7";"6";"0";"1";"0";"1";"0"
"11620";"81173";"11620";"72";"1";"1";"7";"3";"0";"1";"1";"1";"0"
"11624";"81184";"11624";"72";"1";"1";"7";"6";"0";"1";"1";"1";"0"
"11625";"81195";"11625";"72";"1";"1";"7";"6";"0";"1";"1";"1";"0"
"11630";"81198";"11630";"72";"1";"1";"7";"6";"1";"0";"1";"2";"0"
"11637";"81216";"11637";"72";"1";"1";"7";"6";"1";"0";"1";"2";"0"
"11641";"81228";"11641";"72";"1";"1";"7";"6";"0";"1";"1";"1";"0"
"11653";"81240";"11653";"72";"1";"1";"7";"6";"0";"1";"1";"1";"0"
"11665";"81258";"11665";"72";"1";"1";"7";"6";"1";"0";"1";"2";"0"
"11668";"81262";"11668";"72";"1";"3";"1";"6";"0";"1";"1";"1";"0"
"11671";"81279";"11671";"72";"1";"1";"7";"6";"1";"0";"1";"2";"0"
"11691";"81305";"11691";"72";"1";"1";"7";"6";"1";"0";"1";"2";"0"
"11700";"81360";"11700";"72";"1";"1";"7";"6";"1";"0";"1";"2";"0"
"11702";"81361";"11702";"72";"3";"1";"7";"6";"0";"1";"0";"1";"0"
"11704";"81370";"11704";"72";"3";"1";"7";"6";"0";"1";"1";"1";"0"
"11706";"81378";"11706";"72";"3";"3";"1";"6";"0";"1";"1";"1";"0"
"11707";"81378";"11707";"72";"1";"1";"7";"8";"0";"1";"0";"1";"0"
"11709";"81379";"11709";"72";"1";"1";"7";"6";"0";"1";"1";"1";"0"
"11712";"81386";"11712";"72";"1";"1";"7";"6";"1";"0";"1";"2";"0"
"11716";"81404";"11716";"72";"1";"1";"7";"6";"1";"0";"1";"2";"0"
"11719";"81411";"11719";"72";"1";"1";"7";"6";"0";"1";"1";"1";"0"
"11731";"81477";"3561";"72";"1";"1";"7";"6";"0";"1";"1";"1";"0"
"11733";"81479";"11733";"72";"1";"1";"7";"8";"0";"1";"0";"1";"0"
"11739";"81514";"11739";"72";"1";"1";"7";"6";"0";"1";"1";"1";"0"
"11741";"81516";"11741";"72";"1";"1";"7";"6";"0";"1";"1";"1";"0"
"11757";"81557";"11757";"72";"1";"1";"7";"7";"0";"1";"2";"1";"0"
"11767";"81601";"11767";"72";"1";"1";"7";"6";"0";"1";"1";"1";"0"
"11768";"81602";"11768";"72";"1";"1";"7";"6";"1";"0";"1";"2";"0"
"11770";"81602";"11770";"72";"1";"1";"7";"6";"0";"1";"1";"1";"0"
"11773";"81606";"11773";"72";"1";"1";"7";"6";"0";"1";"1";"1";"0"
"11779";"81610";"11779";"72";"1";"3";"1";"6";"0";"1";"1";"1";"0"
"11802";"81755";"11802";"72";"1";"1";"7";"6";"0";"1";"1";"1";"0"
"11803";"81823";"11803";"72";"1";"1";"7";"6";"0";"1";"1";"1";"0"
"11807";"81836";"11807";"72";"3";"1";"1";"6";"0";"1";"1";"1";"0"
"11815";"81876";"11815";"72";"1";"1";"7";"6";"0";"1";"1";"1";"0"
"11816";"81878";"11816";"72";"1";"1";"7";"6";"0";"1";"1";"1";"0"
"11821";"81890";"11821";"72";"1";"1";"7";"6";"0";"1";"1";"1";"0"
"11822";"81891";"11822";"72";"1";"1";"7";"6";"0";"1";"1";"1";"0"
"11823";"81891";"11823";"72";"1";"1";"7";"6";"0";"1";"1";"1";"0"
"11829";"81921";"11829";"72";"1";"1";"7";"6";"0";"1";"1";"1";"0"
"11833";"81969";"11833";"72";"1";"1";"7";"4";"0";"1";"1";"1";"0"
"11839";"81983";"11839";"72";"2";"3";"1";"6";"0";"1";"1";"1";"0"
"11870";"82551";"11870";"72";"1";"1";"7";"6";"1";"0";"2";"2";"0"
"11871";"82560";"11871";"72";"1";"1";"7";"6";"0";"1";"1";"1";"0"
"11880";"82630";"11880";"72";"5";"1";"7";"6";"1";"0";"1";"2";"0"
"11882";"82664";"11882";"72";"1";"1";"7";"6";"1";"0";"1";"2";"0"
"11891";"83392";"11891";"72";"3";"1";"7";"6";"0";"0";"1";"3";"0"
"11903";"83415";"11903";"72";"1";"1";"7";"6";"0";"1";"1";"1";"0"
"11930";"83482";"11930";"72";"3";"1";"1";"6";"2";"0";"1";"2";"0"
"11933";"83516";"11933";"72";"1";"1";"7";"6";"1";"0";"1";"2";"0"
"11955";"84882";"11955";"72";"1";"1";"7";"6";"0";"1";"1";"1";"0"
"11978";"90041";"11978";"72";"3";"6";"1";"6";"0";"0";"2";"3";"0"
"12025";"90143";"12025";"72";"3";"1";"7";"6";"1";"0";"1";"2";"0"
"12037";"90162";"12037";"72";"1";"1";"7";"6";"0";"1";"1";"1";"0"
"12040";"90176";"12040";"72";"1";"1";"7";"6";"1";"1";"1";"2";"0"
"12047";"90204";"12047";"72";"1";"1";"7";"6";"0";"1";"1";"1";"0"
"12050";"90206";"12050";"72";"3";"3";"1";"6";"1";"0";"1";"2";"0"
"12071";"90221";"12071";"72";"5";"1";"7";"6";"1";"0";"1";"2";"0"
"12079";"90244";"12079";"72";"3";"2";"1";"6";"1";"0";"1";"2";"0"
"12086";"90260";"12086";"72";"1";"1";"7";"6";"1";"0";"1";"2";"0"
"12118";"90280";"12118";"72";"1";"1";"7";"6";"0";"1";"1";"1";"0"
"12132";"90293";"12132";"72";"3";"1";"7";"6";"1";"0";"1";"2";"0"
"12142";"90304";"12142";"72";"1";"1";"7";"6";"1";"0";"1";"2";"0"
"12145";"90306";"12145";"72";"3";"1";"7";"6";"1";"0";"1";"2";"0"
"12152";"90308";"12152";"72";"1";"1";"7";"6";"0";"0";"1";"3";"0"
"12153";"90309";"12153";"72";"1";"1";"7";"6";"1";"0";"1";"2";"0"
"12191";"90332";"12191";"72";"3";"1";"7";"6";"1";"0";"1";"2";"0"
"12192";"90333";"12192";"72";"1";"3";"2";"6";"0";"1";"1";"1";"0"
"12199";"90333";"12199";"72";"1";"1";"7";"6";"0";"1";"1";"1";"0"
"12208";"90335";"12208";"72";"1";"1";"7";"6";"0";"1";"1";"1";"0"
"12218";"90362";"12218";"72";"1";"1";"7";"6";"0";"1";"1";"1";"0"
"12220";"90363";"12220";"72";"1";"1";"7";"6";"0";"1";"1";"1";"0"
"12221";"90364";"12221";"72";"3";"1";"7";"6";"0";"1";"1";"1";"0"
"12225";"90385";"12225";"72";"1";"1";"7";"6";"0";"1";"1";"1";"0"
"12233";"90402";"12233";"72";"1";"1";"7";"6";"0";"1";"1";"1";"0"
"12252";"90439";"12252";"72";"1";"1";"1";"6";"0";"1";"1";"1";"0"
"12263";"90464";"12263";"72";"2";"3";"1";"6";"0";"1";"1";"1";"0"
"12266";"90473";"12266";"72";"1";"1";"7";"6";"0";"1";"1";"1";"0"
"12273";"90478";"12273";"72";"1";"3";"2";"6";"0";"1";"1";"1";"0"
"12278";"90482";"12278";"72";"1";"1";"7";"6";"0";"2";"1";"1";"0"
"12279";"90482";"12279";"72";"5";"1";"7";"6";"0";"1";"1";"1";"0"
"12294";"90548";"12294";"72";"2";"1";"7";"6";"0";"1";"1";"1";"0"
"12300";"90554";"12300";"72";"1";"3";"2";"6";"1";"0";"1";"2";"0"
"12314";"90611";"12314";"72";"1";"1";"7";"6";"0";"1";"1";"1";"0"
"12318";"90618";"12318";"72";"1";"1";"7";"6";"1";"0";"1";"2";"0"
"12323";"90620";"12323";"72";"1";"1";"7";"6";"0";"1";"1";"1";"0"
"12326";"90631";"12326";"72";"1";"1";"7";"6";"0";"1";"1";"1";"0"
"12330";"90650";"12330";"72";"1";"1";"7";"6";"0";"1";"1";"1";"0"
"12332";"90650";"12332";"72";"3";"1";"7";"6";"0";"1";"1";"1";"0"
"12339";"90673";"12339";"72";"1";"1";"1";"6";"0";"1";"1";"1";"0"
"12340";"90679";"12340";"72";"1";"3";"2";"4";"0";"2";"0";"1";"0"
"12353";"90725";"12353";"72";"1";"1";"7";"6";"0";"1";"0";"1";"0"
"12354";"90726";"12354";"72";"1";"3";"1";"6";"0";"1";"1";"1";"0"
"12363";"90770";"12363";"72";"1";"1";"7";"6";"0";"1";"1";"1";"0"
"12378";"90778";"12378";"72";"3";"1";"7";"6";"0";"1";"1";"1";"0"
"12396";"90802";"12396";"72";"1";"1";"7";"6";"0";"1";"1";"1";"0"
"12397";"90802";"12397";"72";"3";"1";"7";"6";"0";"1";"1";"1";"0"
"12411";"90827";"12411";"72";"1";"1";"7";"6";"0";"1";"1";"1";"0"
"12413";"90828";"12413";"72";"1";"1";"7";"6";"0";"1";"1";"1";"0"
"12416";"90838";"12416";"72";"1";"1";"2";"6";"0";"1";"1";"1";"0"
"12425";"90850";"12425";"72";"1";"1";"7";"6";"0";"1";"1";"1";"0"
"12521";"68656102";"12521";"72";"5";"1";"7";"6";"1";"0";"1";"2";"0"
"12603";"70814503";"12603";"72";"1";"1";"7";"6";"1";"0";"1";"2";"0"
"12662";"70817410";"12662";"72";"1";"1";"7";"6";"1";"0";"1";"2";"0"
"12666";"70817504";"12666";"72";"3";"1";"7";"6";"1";"0";"1";"2";"0"
"12690";"70825401";"12690";"72";"1";"3";"1";"6";"0";"1";"1";"1";"0"
"12713";"70826305";"12713";"72";"1";"1";"7";"6";"1";"0";"1";"2";"0"
"12733";"70827107";"12733";"72";"3";"1";"7";"6";"0";"0";"1";"3";"0"
"12744";"70827307";"12744";"72";"2";"1";"7";"4";"0";"1";"1";"1";"0"
"12792";"71805406";"12792";"72";"1";"1";"7";"6";"0";"1";"1";"1";"0"
"12794";"71805408";"12794";"72";"1";"1";"7";"6";"1";"0";"1";"2";"0"
"12831";"71812503";"12831";"72";"1";"1";"7";"6";"1";"0";"1";"2";"0"
"12880";"71816504";"12880";"72";"1";"1";"7";"6";"1";"0";"1";"2";"0"
"12902";"71821110";"12902";"72";"1";"1";"7";"6";"1";"0";"1";"2";"0"
"12917";"71821302";"12917";"72";"1";"1";"7";"6";"0";"1";"1";"1";"0"
"12943";"71823407";"12943";"72";"1";"1";"7";"6";"1";"0";"1";"2";"0"
"12974";"71825104";"12974";"72";"1";"1";"7";"6";"0";"1";"1";"1";"0"
"12992";"71826107";"12992";"72";"1";"1";"7";"6";"0";"1";"1";"1";"0"
"13007";"71827208";"13007";"72";"1";"1";"7";"6";"1";"0";"1";"2";"0"
"13012";"71832204";"13012";"72";"1";"1";"7";"6";"1";"0";"1";"2";"0"
"13068";"72802109";"13068";"72";"3";"1";"7";"6";"1";"0";"1";"2";"0"
"13290";"75746204";"13290";"72";"1";"1";"7";"6";"0";"1";"1";"1";"0"
"13343";"75776404";"13343";"72";"3";"1";"7";"6";"0";"0";"1";"3";"0"
"13369";"75794506";"13369";"72";"1";"1";"7";"6";"0";"1";"1";"1";"0"
"13404";"75803501";"13404";"72";"1";"1";"7";"6";"0";"1";"1";"1";"0"
"13457";"76726501";"13457";"72";"1";"1";"7";"6";"0";"1";"1";"1";"0"
"13462";"76731205";"13462";"72";"3";"1";"7";"6";"0";"1";"1";"1";"0"
"13490";"76733308";"13490";"72";"1";"1";"7";"4";"0";"1";"1";"1";"0"
"13492";"76733507";"13492";"72";"1";"1";"7";"6";"0";"1";"0";"1";"0"
"13517";"76736403";"13517";"72";"1";"1";"7";"6";"0";"1";"1";"1";"0"
"13524";"76737501";"13524";"72";"1";"1";"7";"6";"0";"1";"1";"1";"0"
"13656";"76775102";"13656";"72";"1";"1";"7";"6";"1";"0";"1";"2";"0"
"13666";"76776311";"13666";"72";"1";"1";"7";"6";"0";"1";"1";"1";"0"
"13707";"76907303";"13707";"72";"1";"1";"7";"6";"1";"0";"1";"2";"0"
"13800";"77732501";"13800";"72";"1";"1";"7";"6";"0";"1";"1";"1";"0"
"13836";"77736117";"13836";"72";"1";"1";"7";"5";"0";"1";"1";"1";"0"
"13918";"77745103";"13918";"72";"3";"3";"2";"6";"0";"1";"1";"1";"0"
"14327";"77885201";"14327";"72";"1";"1";"7";"6";"0";"1";"1";"1";"0"
"14335";"77901202";"14335";"72";"1";"1";"7";"6";"0";"1";"1";"1";"0"
"14364";"77903302";"14364";"72";"1";"1";"7";"6";"0";"1";"1";"1";"0"
"24044";"85815401";"24044";"72";"1";"1";"7";"6";"0";"1";"1";"1";"0"
"24068";"85815502";"24068";"72";"1";"1";"7";"4";"0";"2";"0";"1";"0"
"24183";"85822403";"24183";"72";"1";"1";"7";"7";"0";"1";"1";"1";"0"
"24215";"85823104";"24215";"72";"1";"1";"7";"6";"0";"1";"1";"1";"0"
"24309";"85824401";"24309";"72";"1";"3";"1";"6";"0";"1";"1";"1";"0"
"24440";"85826505";"24440";"72";"3";"3";"2";"6";"0";"1";"1";"1";"0"
"24498";"85827504";"24498";"72";"1";"1";"7";"6";"0";"2";"1";"1";"0"
"24560";"85833208";"24560";"72";"2";"1";"7";"6";"0";"1";"1";"1";"0"
"24563";"85833208";"24563";"72";"1";"1";"7";"6";"0";"1";"3";"1";"0"
"24588";"85833305";"24588";"72";"1";"1";"7";"6";"0";"1";"0";"1";"0"
"24683";"85834507";"24683";"72";"1";"1";"7";"6";"0";"1";"1";"1";"0"
"24743";"85835303";"24743";"72";"1";"1";"7";"6";"0";"1";"1";"1";"0"
"24772";"85835506";"24772";"72";"1";"1";"7";"6";"0";"1";"1";"1";"0"
"24774";"85835507";"24774";"72";"1";"1";"7";"6";"0";"1";"1";"1";"0"
"24843";"85837402";"24843";"72";"3";"1";"7";"3";"0";"1";"1";"1";"0"
"24856";"85837502";"24856";"72";"1";"1";"7";"6";"0";"1";"1";"1";"0"
"24864";"85837507";"24864";"72";"1";"1";"7";"6";"0";"1";"1";"1";"0"
"24967";"85844102";"24967";"72";"1";"1";"7";"6";"0";"1";"1";"1";"0"
"25075";"85845403";"25075";"72";"1";"1";"7";"5";"0";"1";"1";"1";"0"
"25097";"85846203";"25097";"72";"1";"1";"7";"6";"1";"0";"1";"2";"0"
"25099";"85846207";"25099";"72";"1";"1";"7";"6";"0";"1";"1";"1";"0"
"25375";"85854501";"25375";"72";"1";"2";"2";"6";"0";"1";"1";"1";"0"
"25423";"85857103";"25423";"72";"1";"1";"7";"6";"0";"1";"1";"1";"0"
"25425";"85857104";"25425";"72";"1";"1";"7";"4";"0";"1";"1";"1";"0"
"25512";"85861502";"25512";"72";"2";"1";"7";"6";"0";"1";"1";"1";"0"
"25579";"85863210";"25579";"72";"1";"1";"7";"6";"0";"1";"1";"1";"0"
"25636";"85864204";"25636";"72";"1";"1";"7";"6";"0";"1";"1";"1";"0"
"25679";"85865103";"25679";"72";"1";"6";"1";"6";"1";"0";"1";"2";"0"
"25681";"85865103";"25681";"72";"1";"1";"7";"6";"0";"1";"1";"1";"0"
"25687";"85865207";"25687";"72";"1";"1";"7";"6";"0";"1";"1";"1";"0"
"25731";"85865507";"25731";"72";"1";"1";"7";"6";"0";"1";"1";"1";"0"
"25830";"85872306";"25830";"72";"1";"1";"7";"6";"0";"1";"1";"1";"0"
"25860";"85873203";"25860";"72";"1";"1";"7";"6";"1";"0";"1";"2";"0"
"25867";"85873304";"25867";"72";"1";"3";"1";"6";"0";"1";"1";"1";"0"
"25895";"85874202";"25895";"72";"1";"1";"2";"6";"0";"1";"1";"1";"0"
"25969";"85876201";"25969";"72";"1";"1";"7";"6";"0";"1";"1";"1";"0"
"25981";"85876501";"25981";"72";"1";"2";"2";"6";"0";"1";"1";"1";"0"
"26008";"85877205";"26008";"72";"1";"1";"7";"6";"0";"1";"1";"1";"0"
"26085";"85884201";"26085";"72";"3";"4";"3";"6";"1";"0";"1";"2";"0"
"26091";"85884301";"22642";"72";"4";"3";"2";"6";"0";"1";"1";"1";"0"
"26092";"85884301";"26092";"72";"1";"1";"7";"6";"0";"1";"1";"1";"0"
"26268";"86797508";"26268";"72";"1";"3";"1";"6";"0";"1";"2";"1";"0"
"26280";"86801420";"26280";"72";"1";"1";"7";"6";"0";"1";"1";"1";"0"
"26306";"86802402";"26306";"72";"3";"1";"7";"6";"0";"1";"1";"1";"0"
"26371";"86804208";"26371";"72";"1";"3";"1";"6";"0";"1";"1";"1";"0"
"26464";"86806104";"26464";"72";"1";"1";"7";"5";"0";"1";"1";"1";"0"
"26473";"86806305";"26473";"72";"1";"1";"7";"6";"0";"1";"1";"1";"0"
"26548";"86811301";"26548";"72";"1";"1";"7";"6";"0";"1";"1";"1";"0"
"26560";"86811403";"26560";"72";"1";"1";"7";"6";"0";"1";"1";"1";"0"
"26612";"86812503";"26612";"72";"2";"1";"7";"6";"0";"1";"1";"1";"0"
"26648";"86813404";"26648";"72";"1";"1";"7";"6";"0";"1";"1";"1";"0"
"26701";"86814204";"26701";"72";"1";"1";"7";"6";"0";"1";"1";"1";"0"
"26781";"86815503";"26781";"72";"1";"1";"1";"6";"0";"1";"1";"1";"0"
"26807";"86816502";"26807";"72";"1";"1";"7";"6";"0";"1";"1";"1";"0"
"26810";"86816503";"26810";"72";"3";"1";"7";"6";"0";"1";"1";"1";"0"
"26859";"86817302";"26859";"72";"1";"2";"1";"6";"0";"1";"1";"1";"0"
"26871";"86817304";"26871";"72";"1";"1";"7";"6";"0";"1";"1";"1";"0"
"26986";"86822105";"26986";"72";"1";"1";"7";"3";"0";"2";"0";"1";"0"
"26988";"86822105";"26988";"72";"1";"7";"1";"6";"0";"1";"1";"1";"0"
"26991";"86822202";"26991";"72";"1";"1";"7";"6";"0";"1";"1";"1";"0"
"27028";"86822407";"27028";"72";"1";"1";"7";"6";"0";"1";"2";"1";"0"
"27068";"86823108";"27068";"72";"1";"1";"7";"6";"0";"1";"0";"1";"0"
"27074";"86823203";"27074";"72";"3";"1";"7";"6";"2";"0";"1";"2";"0"
"27096";"86823304";"27096";"72";"1";"3";"1";"6";"0";"1";"1";"1";"0"
"27151";"86823406";"27151";"72";"1";"1";"7";"6";"0";"1";"1";"1";"0"
"27207";"86824109";"27207";"72";"1";"1";"7";"6";"0";"1";"1";"1";"0"
"27270";"86824406";"27270";"72";"1";"1";"7";"6";"0";"2";"1";"1";"0"
"27271";"86824406";"27271";"72";"1";"3";"1";"6";"0";"1";"1";"1";"0"
"27302";"86824504";"27302";"72";"2";"3";"1";"6";"0";"1";"1";"1";"0"
"27311";"86825101";"27311";"72";"1";"1";"7";"4";"0";"2";"0";"1";"0"
"27313";"86825101";"27313";"72";"1";"3";"2";"6";"1";"0";"1";"2";"0"
"27324";"86825105";"27324";"72";"1";"3";"1";"6";"0";"1";"1";"1";"0"
"27364";"86825403";"27364";"72";"1";"1";"7";"6";"0";"1";"1";"1";"0"
"27366";"86825403";"27366";"72";"1";"1";"7";"6";"0";"1";"1";"1";"0"
"27395";"86826102";"27395";"72";"1";"1";"7";"6";"0";"1";"1";"1";"0"
"27424";"86826201";"27424";"72";"1";"1";"7";"6";"0";"1";"1";"1";"0"
"27476";"86827309";"27476";"72";"1";"1";"7";"6";"0";"1";"1";"1";"0"
"27498";"86831201";"27498";"72";"3";"1";"1";"6";"0";"1";"1";"1";"0"
"27586";"86831508";"23367";"72";"1";"1";"7";"7";"1";"0";"1";"2";"0"
"27616";"86832305";"27616";"72";"1";"1";"7";"6";"0";"1";"1";"1";"0"
"27743";"86833507";"27743";"72";"1";"1";"7";"4";"0";"2";"0";"1";"0"
"27744";"86833507";"27744";"72";"1";"1";"7";"6";"0";"1";"1";"1";"0"
"27796";"86834202";"27796";"72";"1";"1";"1";"6";"0";"1";"1";"1";"0"
"27860";"86835101";"27860";"72";"1";"1";"7";"6";"0";"1";"1";"1";"0"
"27871";"86835103";"27871";"72";"1";"1";"7";"6";"0";"1";"1";"1";"0"
"27876";"86835105";"27876";"72";"1";"1";"7";"6";"0";"1";"1";"1";"0"
"27893";"86835503";"27893";"72";"3";"3";"2";"6";"0";"1";"1";"1";"0"
"27967";"86841312";"27967";"72";"1";"1";"7";"6";"1";"0";"1";"2";"0"
"27974";"86841422";"27974";"72";"1";"1";"7";"6";"0";"1";"0";"1";"0"
"27989";"86842103";"22456";"72";"1";"1";"7";"6";"0";"1";"1";"1";"0"
"27995";"86842201";"27995";"72";"1";"1";"7";"7";"0";"0";"1";"3";"0"
"28016";"86843208";"28016";"72";"1";"1";"7";"6";"0";"1";"1";"1";"0"
"28129";"86845102";"28129";"72";"1";"1";"7";"6";"1";"0";"1";"2";"0"
"28145";"86845105";"28145";"72";"3";"1";"7";"6";"1";"0";"1";"2";"0"
"28265";"86855106";"28265";"72";"3";"1";"7";"6";"0";"1";"1";"1";"0"
"28411";"86865202";"17227";"72";"3";"1";"7";"6";"0";"1";"1";"1";"0"
"28454";"86871503";"23046";"72";"1";"1";"7";"6";"0";"1";"1";"1";"0"
"28490";"86873203";"28490";"72";"1";"1";"7";"6";"0";"1";"1";"1";"0"
"28505";"86873404";"28505";"72";"1";"2";"2";"7";"0";"0";"1";"3";"0"
"28546";"86876404";"28546";"72";"1";"1";"7";"6";"0";"1";"0";"1";"0"
"28556";"86881301";"28556";"72";"1";"1";"7";"6";"0";"0";"1";"3";"0"