"accident_id";"lieu_id";"date_id";"cause_id";"lum_id";"intemp_id";"etat_surface_id";"impliq_id";"nb_blesses_graves";"nb_blesses_legers";"nb_indemnes";"gravite";"nb_morts"
"28561";"86881401";"28561";"72";"3";"3";"2";"6";"0";"1";"2";"1";"0"
"28564";"86881405";"28564";"72";"1";"1";"7";"6";"0";"1";"1";"1";"0"
"28594";"87725214";"28594";"72";"1";"1";"1";"6";"0";"1";"1";"1";"0"
"28629";"87792511";"28629";"72";"3";"1";"7";"6";"1";"0";"1";"2";"0"
"28684";"87802412";"28684";"72";"1";"1";"7";"4";"1";"0";"1";"2";"0"
"25798";"85871206";"25798";"73";"2";"1";"7";"6";"0";"1";"1";"1";"0"
"27595";"86832109";"27595";"73";"1";"1";"7";"6";"0";"1";"1";"1";"0"
"28182";"86847112";"28182";"73";"1";"1";"7";"6";"1";"0";"1";"2";"0"
"28453";"86871402";"28453";"73";"1";"1";"7";"6";"1";"0";"1";"2";"0"
"19829";"81785514";"19829";"73";"1";"1";"7";"6";"0";"1";"1";"1";"0"
"20120";"81882407";"20120";"73";"1";"1";"7";"6";"0";"1";"1";"1";"0"
"20449";"82764105";"20449";"73";"1";"1";"7";"2";"0";"1";"1";"1";"0"
"20453";"82764304";"20453";"73";"5";"1";"7";"6";"1";"0";"1";"2";"0"
"22334";"84791403";"22334";"73";"1";"1";"7";"9";"0";"1";"0";"1";"0"
"22364";"84792414";"22364";"73";"1";"1";"7";"6";"1";"0";"2";"2";"0"
"22726";"84826109";"22726";"73";"1";"1";"7";"2";"0";"1";"1";"1";"0"
"23560";"84877212";"23560";"73";"1";"1";"7";"6";"0";"1";"1";"1";"0"
"23634";"84883501";"23634";"73";"3";"1";"1";"6";"0";"2";"0";"1";"0"
"185";"835";"185";"73";"2";"1";"7";"6";"1";"1";"1";"2";"0"
"335";"1344";"335";"73";"1";"1";"7";"3";"1";"0";"1";"2";"0"
"361";"1438";"361";"73";"1";"1";"7";"6";"1";"0";"1";"2";"0"
"385";"1502";"385";"73";"1";"1";"7";"6";"0";"1";"1";"1";"0"
"439";"2193";"439";"73";"1";"1";"7";"6";"0";"1";"0";"1";"0"
"475";"3491";"475";"73";"3";"1";"7";"6";"1";"0";"1";"2";"0"
"553";"3679";"553";"73";"1";"1";"7";"6";"0";"1";"1";"1";"0"
"571";"3816";"571";"73";"2";"1";"7";"6";"1";"0";"1";"2";"0"
"703";"6947";"703";"73";"3";"1";"7";"2";"0";"1";"1";"1";"0"
"1736";"26150";"1736";"73";"1";"1";"7";"6";"1";"0";"4";"2";"0"
"1784";"26929";"1784";"73";"1";"1";"7";"6";"1";"0";"1";"2";"0"
"1829";"27092";"1829";"73";"1";"1";"7";"7";"1";"0";"1";"2";"0"
"2015";"28330";"2015";"73";"1";"1";"7";"4";"0";"1";"1";"1";"0"
"2027";"28900";"2027";"73";"1";"1";"7";"6";"0";"1";"0";"1";"0"
"2035";"28943";"2035";"73";"1";"1";"7";"6";"1";"0";"1";"2";"0"
"2082";"29053";"2082";"73";"1";"3";"2";"6";"0";"1";"1";"1";"0"
"2215";"29255";"2215";"73";"1";"1";"7";"6";"1";"0";"1";"2";"0"
"2314";"31027";"2314";"73";"1";"1";"7";"6";"1";"0";"1";"2";"0"
"2335";"31808";"2335";"73";"1";"1";"7";"2";"1";"1";"1";"2";"0"
"2685";"35635";"2685";"73";"1";"1";"7";"7";"0";"1";"2";"1";"0"
"2692";"35638";"2692";"73";"2";"1";"7";"6";"0";"1";"0";"1";"0"
"2724";"36412";"2724";"73";"1";"1";"7";"6";"0";"1";"1";"1";"0"
"2835";"38090";"2835";"73";"1";"1";"7";"6";"1";"0";"1";"2";"0"
"2906";"38188";"2906";"73";"1";"1";"7";"6";"0";"1";"1";"1";"0"
"2909";"38203";"2909";"73";"1";"1";"7";"6";"0";"0";"1";"3";"0"
"3069";"38709";"3069";"73";"1";"1";"7";"6";"0";"1";"1";"1";"0"
"3070";"38717";"3070";"73";"1";"1";"7";"2";"0";"1";"1";"1";"0"
"3073";"38734";"3073";"73";"1";"1";"7";"6";"0";"1";"1";"1";"0"
"3076";"38741";"3076";"73";"1";"1";"7";"6";"1";"0";"1";"2";"0"
"3114";"38855";"3114";"73";"1";"1";"7";"6";"0";"1";"1";"1";"0"
"3669";"39843";"3669";"73";"1";"1";"7";"6";"0";"1";"1";"1";"0"
"3959";"40303";"3959";"73";"1";"1";"7";"6";"0";"1";"1";"1";"0"
"4108";"40506";"4108";"73";"1";"1";"7";"4";"0";"1";"1";"1";"0"
"4244";"40841";"4244";"73";"1";"1";"2";"4";"1";"1";"0";"2";"0"
"4460";"41261";"4460";"73";"1";"1";"7";"6";"1";"0";"1";"2";"0"
"4704";"41755";"4704";"73";"1";"1";"7";"8";"1";"0";"1";"2";"0"
"5046";"43645";"5046";"73";"1";"1";"7";"9";"1";"0";"0";"2";"0"
"5048";"43654";"5048";"73";"1";"1";"7";"4";"0";"2";"0";"1";"0"
"5107";"45245";"5107";"73";"1";"1";"7";"7";"0";"1";"1";"1";"0"
"5156";"45351";"5156";"73";"3";"1";"7";"6";"0";"2";"1";"1";"0"
"5353";"46290";"5353";"73";"1";"1";"7";"4";"0";"2";"0";"1";"0"
"5469";"46460";"5469";"73";"1";"6";"1";"6";"0";"1";"1";"1";"0"
"5512";"47302";"5512";"73";"1";"1";"7";"6";"0";"1";"1";"1";"0"
"5564";"47416";"5564";"73";"1";"1";"7";"6";"0";"1";"1";"1";"0"
"5649";"47534";"772";"73";"1";"1";"1";"6";"1";"0";"1";"2";"0"
"5711";"47631";"5711";"73";"4";"1";"7";"9";"1";"0";"1";"2";"0"
"5793";"48437";"5793";"73";"1";"1";"7";"6";"0";"1";"1";"1";"0"
"6039";"49067";"6039";"73";"1";"1";"7";"6";"1";"0";"5";"2";"0"
"6100";"49251";"6100";"73";"1";"1";"7";"6";"1";"0";"1";"2";"0"
"6128";"49491";"6128";"73";"1";"1";"7";"6";"1";"0";"1";"2";"0"
"6258";"50486";"6258";"73";"1";"1";"7";"6";"0";"1";"1";"1";"0"
"6304";"51925";"6304";"73";"4";"1";"7";"6";"1";"0";"1";"2";"0"
"6329";"52007";"6329";"73";"1";"1";"7";"6";"0";"1";"0";"1";"0"
"6359";"52071";"6359";"73";"1";"1";"7";"6";"0";"1";"1";"1";"0"
"6692";"57900";"6692";"73";"3";"1";"7";"6";"0";"1";"1";"1";"0"
"6694";"57900";"6694";"73";"1";"1";"7";"6";"1";"0";"1";"2";"0"
"6705";"57988";"6705";"73";"1";"1";"7";"6";"0";"1";"1";"1";"0"
"6716";"58661";"6716";"73";"1";"1";"7";"6";"1";"0";"1";"2";"0"
"7055";"60832";"7055";"73";"1";"1";"7";"7";"1";"0";"1";"2";"0"
"7136";"60899";"7136";"73";"1";"1";"7";"6";"0";"1";"2";"1";"0"
"7193";"60948";"7193";"73";"1";"1";"7";"3";"0";"1";"1";"1";"0"
"7319";"61109";"7319";"73";"1";"1";"7";"6";"0";"0";"1";"3";"0"
"7365";"61179";"7365";"73";"3";"1";"7";"6";"1";"0";"2";"2";"0"
"7403";"61216";"7403";"73";"3";"1";"7";"6";"0";"1";"1";"1";"0"
"7538";"61363";"7538";"73";"1";"1";"7";"6";"0";"1";"0";"1";"0"
"7572";"61410";"7572";"73";"2";"1";"7";"6";"0";"1";"1";"1";"0"
"7625";"61474";"7625";"73";"1";"1";"7";"6";"1";"0";"1";"2";"0"
"7681";"61497";"7681";"73";"1";"1";"7";"6";"0";"1";"1";"1";"0"
"7698";"61505";"7698";"73";"1";"1";"7";"8";"0";"1";"0";"1";"0"
"8047";"61830";"8047";"73";"3";"1";"7";"6";"1";"0";"2";"2";"0"
"8329";"62110";"8329";"73";"1";"1";"7";"5";"0";"1";"1";"1";"0"
"8469";"62220";"8469";"73";"1";"3";"1";"4";"0";"1";"1";"1";"0"
"8538";"62286";"8538";"73";"1";"1";"7";"4";"0";"1";"1";"1";"0"
"8601";"62357";"8601";"73";"1";"1";"7";"6";"0";"1";"1";"1";"0"
"8876";"62659";"8876";"73";"1";"1";"7";"6";"0";"1";"1";"1";"0"
"8938";"62728";"8938";"73";"3";"1";"7";"2";"0";"1";"1";"1";"0"
"8976";"62793";"8976";"73";"1";"1";"7";"4";"0";"1";"1";"1";"0"
"8979";"62828";"8979";"73";"1";"1";"7";"3";"0";"1";"1";"1";"0"
"9355";"66813";"9355";"73";"1";"1";"7";"6";"1";"0";"1";"2";"0"
"9380";"67568";"9380";"73";"1";"1";"7";"6";"0";"1";"1";"1";"0"
"9461";"68593";"9461";"73";"5";"3";"2";"6";"1";"0";"1";"2";"0"
"9501";"68827";"9501";"73";"1";"1";"7";"6";"0";"1";"1";"1";"0"
"9691";"71864";"9691";"73";"3";"1";"7";"6";"0";"1";"1";"1";"0"
"9989";"72414";"9989";"73";"1";"1";"7";"8";"1";"1";"1";"2";"0"
"10040";"72504";"10040";"73";"1";"1";"2";"6";"0";"0";"1";"3";"0"
"10218";"72658";"10218";"73";"1";"1";"7";"6";"0";"1";"1";"1";"0"
"10382";"72984";"10382";"73";"1";"1";"7";"6";"0";"1";"1";"1";"0"
"10450";"73084";"10450";"73";"1";"1";"7";"6";"1";"0";"1";"2";"0"
"10512";"73209";"10512";"73";"1";"1";"7";"7";"0";"1";"1";"1";"0"
"10960";"76683";"10960";"73";"1";"1";"7";"6";"1";"0";"1";"2";"0"
"11030";"76809";"11030";"73";"1";"1";"7";"6";"0";"1";"1";"1";"0"
"11112";"78353";"11112";"73";"1";"1";"2";"6";"1";"0";"1";"2";"0"
"11670";"81271";"11670";"73";"1";"1";"7";"6";"0";"1";"1";"1";"0"
"11737";"81496";"11737";"73";"1";"1";"7";"6";"0";"1";"1";"1";"0"
"11795";"81681";"11795";"73";"4";"1";"7";"6";"0";"0";"1";"3";"0"
"11927";"83474";"11927";"73";"1";"1";"7";"7";"0";"0";"1";"3";"0"
"12060";"90208";"12060";"73";"1";"1";"7";"6";"0";"1";"0";"1";"0"
"12215";"90354";"12215";"73";"1";"1";"7";"8";"1";"0";"1";"2";"0"
"12355";"90727";"12355";"73";"1";"1";"7";"6";"1";"0";"1";"2";"0"
"12814";"71811410";"12814";"73";"3";"1";"7";"6";"0";"1";"1";"1";"0"
"13045";"71842203";"13045";"73";"1";"1";"7";"6";"0";"1";"1";"1";"0"
"13132";"73697204";"13132";"73";"1";"1";"7";"4";"0";"1";"1";"1";"0"
"14718";"78746202";"14718";"73";"2";"1";"7";"6";"0";"1";"1";"1";"0"
"15271";"78782205";"15271";"73";"1";"1";"7";"6";"0";"1";"1";"1";"0"
"15304";"78785204";"15304";"73";"3";"1";"1";"6";"0";"1";"1";"1";"0"
"16462";"79761209";"16462";"73";"1";"1";"7";"6";"0";"1";"1";"1";"0"
"16809";"79767301";"16809";"73";"1";"1";"7";"2";"0";"1";"1";"1";"0"
"16850";"79767304";"16850";"73";"3";"1";"7";"6";"0";"1";"1";"1";"0"
"17019";"79786404";"17019";"73";"1";"1";"7";"6";"0";"1";"1";"1";"0"
"18322";"80762405";"18322";"73";"1";"1";"7";"2";"0";"1";"1";"1";"0"
"29166";"87822303";"29166";"73";"1";"1";"7";"6";"0";"1";"1";"1";"0"
"29143";"87821502";"29143";"74";"3";"3";"1";"6";"0";"1";"1";"1";"0"
"29761";"89812407";"29761";"74";"1";"1";"7";"8";"1";"0";"0";"2";"0"
"169";"797";"169";"74";"1";"1";"7";"6";"0";"1";"1";"1";"0"
"415";"1872";"415";"74";"1";"1";"7";"6";"0";"1";"1";"1";"0"
"569";"3797";"569";"74";"1";"1";"7";"4";"0";"1";"1";"1";"0"
"659";"5475";"659";"74";"5";"1";"7";"6";"1";"1";"1";"2";"0"
"968";"11262";"968";"74";"1";"1";"7";"6";"0";"1";"1";"1";"0"
"1037";"12342";"1037";"74";"1";"1";"7";"9";"0";"1";"1";"1";"0"
"1131";"13328";"1131";"74";"3";"1";"7";"3";"0";"1";"1";"1";"0"
"1133";"13329";"1133";"74";"1";"1";"2";"4";"0";"1";"1";"1";"0"
"1390";"17960";"1390";"74";"5";"6";"1";"6";"1";"0";"1";"2";"0"
"1391";"17961";"1391";"74";"1";"1";"7";"6";"0";"1";"1";"1";"0"
"1485";"19964";"1485";"74";"1";"1";"7";"6";"0";"0";"1";"3";"0"
"1615";"24969";"1615";"74";"3";"2";"1";"6";"0";"0";"1";"3";"0"
"1923";"27979";"1923";"74";"3";"1";"7";"6";"1";"0";"1";"2";"0"
"2060";"29038";"2060";"74";"3";"4";"3";"6";"1";"0";"1";"2";"0"
"2328";"31764";"2328";"74";"1";"1";"7";"3";"0";"2";"0";"1";"0"
"2625";"35399";"2625";"74";"1";"1";"7";"6";"0";"1";"1";"1";"0"
"2652";"35528";"2652";"74";"1";"1";"7";"6";"0";"1";"2";"1";"0"
"2675";"35633";"2675";"74";"1";"1";"7";"6";"0";"1";"1";"1";"0"
"2785";"37322";"2785";"74";"5";"1";"7";"6";"0";"1";"1";"1";"0"
"2915";"38222";"2915";"74";"1";"1";"7";"7";"1";"0";"1";"2";"0"
"3019";"38521";"3019";"74";"1";"1";"7";"4";"0";"2";"0";"1";"0"
"3137";"38932";"3137";"74";"1";"1";"7";"6";"0";"2";"1";"1";"0"
"3180";"38987";"3180";"74";"3";"1";"7";"8";"1";"0";"1";"2";"0"
"3245";"39037";"3245";"74";"3";"1";"7";"5";"0";"2";"0";"3";"0"
"3378";"39343";"3378";"74";"1";"3";"1";"6";"0";"1";"1";"1";"0"
"3521";"39633";"3521";"74";"1";"1";"7";"6";"0";"1";"1";"1";"0"
"3526";"39636";"3526";"74";"3";"3";"2";"6";"0";"1";"1";"1";"0"
"3591";"39695";"3591";"74";"1";"1";"7";"6";"0";"1";"1";"1";"0"
"3697";"39907";"3697";"74";"1";"1";"7";"4";"0";"1";"1";"1";"0"
"3702";"39918";"3702";"74";"1";"3";"2";"6";"1";"0";"1";"2";"0"
"4027";"40380";"4027";"74";"3";"1";"7";"6";"0";"1";"1";"1";"0"
"4291";"40936";"4291";"74";"3";"1";"7";"6";"0";"1";"1";"1";"0"
"4402";"41191";"4402";"74";"1";"1";"7";"6";"0";"1";"1";"1";"0"
"4479";"41335";"4479";"74";"1";"1";"7";"6";"1";"0";"1";"2";"0"
"4688";"41714";"4688";"74";"3";"1";"7";"6";"0";"0";"1";"3";"0"
"4866";"43151";"4866";"74";"1";"3";"2";"6";"0";"1";"1";"1";"0"
"24024";"85815302";"22808";"74";"1";"1";"7";"6";"0";"1";"1";"1";"0"
"24086";"85816201";"24086";"74";"1";"1";"1";"6";"0";"1";"1";"1";"0"
"24158";"85821501";"24158";"74";"1";"1";"7";"6";"0";"1";"1";"1";"0"
"24320";"85825206";"24320";"74";"3";"4";"3";"6";"0";"2";"1";"1";"0"
"25031";"85845203";"25031";"74";"1";"1";"7";"3";"0";"1";"1";"1";"0"
"26580";"86812302";"26580";"74";"1";"1";"7";"6";"0";"1";"1";"1";"0"
"26924";"86821106";"26924";"74";"1";"2";"2";"4";"0";"1";"1";"1";"0"
"27569";"86831506";"27569";"74";"3";"1";"7";"6";"0";"1";"1";"1";"0"
"27874";"86835105";"27874";"74";"3";"2";"2";"6";"0";"1";"1";"1";"0"
"28075";"86844203";"28075";"74";"1";"1";"7";"7";"1";"0";"1";"2";"0"
"21303";"83794505";"21303";"74";"1";"3";"2";"4";"0";"1";"1";"1";"0"
"22476";"84806207";"22476";"74";"2";"1";"7";"6";"0";"2";"1";"1";"0"
"16394";"79757202";"16394";"74";"1";"1";"7";"6";"0";"1";"1";"1";"0"
"17021";"79786404";"17021";"74";"1";"1";"7";"4";"0";"1";"1";"1";"0"
"4929";"43305";"4929";"74";"1";"7";"7";"6";"0";"1";"2";"1";"0"
"4990";"43461";"4990";"74";"3";"1";"7";"6";"1";"0";"1";"2";"0"
"5043";"43641";"5043";"74";"1";"1";"7";"9";"1";"0";"1";"2";"0"
"5488";"46535";"5488";"74";"3";"1";"7";"6";"1";"0";"1";"2";"0"
"5706";"47628";"5706";"74";"1";"1";"7";"9";"0";"1";"1";"1";"0"
"6112";"49423";"6112";"74";"4";"1";"2";"6";"1";"0";"1";"2";"0"
"6140";"49643";"6140";"74";"3";"1";"7";"9";"0";"1";"0";"1";"0"
"6503";"53314";"6503";"74";"3";"1";"7";"4";"0";"2";"0";"1";"0"
"6721";"58705";"6721";"74";"1";"1";"7";"6";"1";"0";"1";"2";"0"
"6800";"59068";"6800";"74";"1";"1";"7";"4";"0";"2";"0";"1";"0"
"6838";"59849";"6838";"74";"3";"1";"7";"6";"0";"1";"1";"1";"0"
"6898";"59968";"6898";"74";"3";"1";"7";"4";"0";"1";"1";"1";"0"
"6902";"59969";"6902";"74";"1";"1";"7";"4";"0";"1";"1";"1";"0"
"7022";"60822";"7022";"74";"3";"1";"1";"6";"0";"0";"1";"3";"0"
"7417";"61238";"7417";"74";"1";"1";"7";"6";"0";"1";"1";"1";"0"
"7559";"61384";"7559";"74";"1";"4";"3";"6";"0";"1";"1";"1";"0"
"7584";"61428";"7584";"74";"3";"4";"3";"6";"0";"1";"1";"1";"0"
"7713";"61518";"7713";"74";"3";"1";"7";"6";"1";"0";"1";"2";"0"
"7928";"61769";"7928";"74";"1";"1";"7";"9";"0";"1";"0";"1";"0"
"7945";"61771";"7945";"74";"1";"1";"7";"9";"0";"1";"1";"3";"0"
"8489";"62237";"8489";"74";"1";"1";"7";"6";"0";"1";"0";"1";"0"
"8527";"62285";"8527";"74";"1";"1";"7";"4";"0";"1";"1";"1";"0"
"8542";"62286";"8542";"74";"1";"1";"7";"4";"0";"2";"0";"1";"0"
"8546";"62286";"8546";"74";"1";"1";"7";"6";"0";"1";"1";"1";"0"
"8560";"62289";"8560";"74";"1";"1";"7";"6";"0";"1";"1";"1";"0"
"8686";"62420";"8686";"74";"1";"1";"7";"6";"0";"1";"1";"1";"0"
"9040";"63000";"9040";"74";"1";"3";"2";"6";"0";"1";"1";"1";"0"
"9179";"65875";"9179";"74";"4";"1";"1";"6";"0";"0";"1";"3";"0"
"9189";"65895";"9189";"74";"1";"1";"7";"6";"0";"1";"1";"1";"0"
"9267";"66019";"9267";"74";"1";"1";"7";"6";"0";"1";"1";"1";"0"
"9312";"66124";"9312";"74";"1";"1";"7";"4";"1";"1";"1";"2";"0"
"9684";"71844";"9684";"74";"3";"3";"1";"6";"0";"1";"1";"1";"0"
"9734";"71996";"9734";"74";"1";"3";"1";"6";"0";"1";"1";"1";"0"
"9860";"72165";"9860";"74";"1";"1";"7";"6";"0";"1";"1";"1";"0"
"9864";"72171";"9864";"74";"1";"1";"7";"4";"0";"1";"1";"1";"0"
"9886";"72202";"9886";"74";"1";"1";"7";"4";"0";"1";"1";"1";"0"
"10279";"72734";"10279";"74";"3";"1";"7";"6";"1";"0";"1";"2";"0"
"10284";"72748";"10284";"74";"1";"1";"7";"6";"1";"0";"1";"2";"0"
"10369";"72972";"10369";"74";"1";"3";"2";"6";"0";"1";"1";"1";"0"
"10430";"73073";"10430";"74";"1";"1";"7";"6";"0";"1";"1";"1";"0"
"10477";"73130";"10477";"74";"1";"1";"7";"6";"0";"1";"1";"1";"0"
"10527";"73236";"10527";"74";"3";"1";"7";"4";"1";"0";"1";"2";"0"
"10944";"76017";"10944";"74";"1";"1";"7";"6";"0";"1";"1";"1";"0"
"10995";"76766";"10995";"74";"1";"1";"7";"6";"0";"1";"1";"1";"0"
"11246";"78835";"11246";"74";"3";"4";"3";"6";"0";"2";"1";"1";"0"
"11351";"79727";"11351";"74";"1";"1";"7";"6";"0";"1";"1";"1";"0"
"11817";"81878";"11817";"74";"1";"1";"7";"6";"0";"1";"1";"1";"0"
"11872";"82572";"11872";"74";"1";"1";"7";"6";"1";"0";"1";"2";"0"
"11910";"83422";"11910";"74";"3";"3";"1";"6";"1";"0";"1";"2";"0"
"11973";"90013";"11973";"74";"5";"1";"7";"4";"1";"0";"1";"2";"0"
"11980";"90048";"11980";"74";"5";"1";"7";"6";"1";"0";"1";"2";"0"
"12161";"90316";"12161";"74";"4";"1";"7";"6";"1";"0";"1";"2";"0"
"12271";"90478";"12271";"74";"3";"3";"2";"6";"1";"0";"1";"2";"0"
"12336";"90660";"12336";"74";"5";"7";"2";"6";"0";"0";"1";"3";"0"
"9739";"72005";"9739";"75";"1";"1";"7";"6";"1";"0";"1";"2";"0"
"11175";"78518";"2078";"75";"1";"1";"7";"6";"0";"1";"1";"1";"0"
"11341";"79658";"11341";"75";"3";"3";"1";"2";"1";"0";"0";"2";"0"
"14338";"77901408";"14338";"75";"2";"1";"1";"7";"0";"1";"1";"1";"0"
"24052";"85815501";"24052";"75";"1";"1";"7";"6";"0";"1";"1";"1";"0"
"24736";"85835303";"24736";"75";"1";"1";"7";"0";"0";"1";"2";"1";"0"
"25835";"85872401";"25835";"75";"1";"3";"2";"6";"0";"1";"1";"1";"0"
"28206";"86851106";"28206";"75";"1";"1";"7";"6";"0";"1";"1";"1";"0"
"29606";"88825102";"29606";"75";"1";"1";"1";"6";"0";"1";"1";"1";"0"
"850";"8249";"850";"75";"1";"1";"7";"6";"0";"1";"1";"1";"0"
"1086";"13133";"1086";"75";"3";"1";"7";"6";"0";"0";"1";"3";"0"
"1467";"19696";"1467";"75";"1";"1";"7";"6";"1";"0";"1";"2";"0"
"1641";"25206";"1641";"75";"1";"1";"7";"4";"0";"2";"0";"1";"0"
"1881";"27286";"1881";"75";"1";"1";"7";"4";"0";"2";"0";"1";"0"
"1892";"27302";"1892";"75";"3";"1";"7";"6";"0";"1";"1";"1";"0"
"2184";"29220";"2184";"75";"3";"1";"7";"6";"1";"0";"1";"2";"0"
"2256";"29508";"2256";"75";"1";"1";"7";"6";"1";"0";"1";"2";"0"
"2633";"35437";"2633";"75";"1";"1";"7";"6";"0";"1";"1";"1";"0"
"2900";"38168";"2900";"75";"1";"1";"7";"6";"0";"1";"1";"1";"0"
"3035";"38578";"3035";"75";"1";"1";"7";"4";"0";"1";"3";"1";"0"
"3301";"39116";"3301";"75";"3";"1";"7";"6";"0";"1";"1";"1";"0"
"4017";"40376";"4017";"75";"3";"1";"7";"6";"0";"1";"1";"1";"0"
"4076";"40468";"4076";"75";"1";"1";"7";"4";"0";"2";"1";"1";"0"
"4314";"40994";"4314";"75";"1";"1";"7";"6";"0";"1";"1";"1";"0"
"5039";"43611";"5039";"75";"1";"1";"7";"6";"0";"1";"1";"1";"0"
"5143";"45309";"5143";"75";"1";"1";"7";"6";"0";"1";"1";"1";"0"
"5477";"46474";"5477";"75";"1";"3";"1";"6";"0";"1";"1";"1";"0"
"5707";"47628";"5707";"75";"1";"2";"2";"9";"1";"0";"2";"2";"0"
"6379";"52207";"6379";"75";"1";"1";"7";"7";"1";"0";"1";"2";"0"
"7014";"60816";"7014";"75";"1";"1";"7";"6";"0";"1";"1";"1";"0"
"8941";"62730";"8941";"75";"1";"1";"7";"5";"0";"2";"0";"1";"0"
"9599";"70297";"9599";"75";"5";"3";"2";"6";"0";"1";"1";"1";"0"
"19229";"81714208";"19229";"75";"1";"1";"7";"7";"0";"0";"1";"3";"0"
"22423";"84804507";"22423";"75";"3";"1";"7";"6";"0";"1";"2";"1";"0"
"17360";"80736309";"17360";"75";"1";"1";"7";"6";"1";"0";"1";"2";"0"
"19062";"80805203";"19062";"75";"1";"1";"7";"4";"1";"0";"0";"2";"0"
"15455";"79703502";"15455";"76";"1";"1";"7";"6";"1";"0";"1";"2";"0"
"9686";"71847";"9686";"76";"1";"1";"7";"8";"1";"0";"1";"2";"0"
"10561";"73289";"10561";"76";"1";"1";"7";"8";"1";"0";"1";"2";"0"
"11340";"79652";"11340";"76";"3";"6";"1";"6";"0";"1";"1";"1";"0"
"11631";"81200";"11631";"76";"2";"1";"4";"6";"0";"1";"1";"1";"0"
"19909";"81794504";"19909";"76";"3";"1";"2";"6";"0";"1";"1";"1";"0"
"443";"2244";"443";"76";"1";"1";"7";"6";"0";"1";"1";"1";"0"
"836";"8242";"836";"76";"1";"1";"7";"6";"1";"0";"1";"2";"0"
"974";"11310";"974";"76";"1";"1";"7";"8";"1";"0";"1";"2";"0"
"2219";"29257";"2219";"76";"3";"1";"7";"6";"1";"0";"1";"2";"0"
"2962";"38445";"2962";"76";"5";"1";"7";"8";"0";"1";"1";"1";"0"
"3370";"39332";"3370";"76";"3";"1";"7";"4";"0";"1";"1";"1";"0"
"3794";"40056";"3794";"76";"1";"1";"7";"6";"1";"0";"1";"2";"0"
"4093";"40484";"4093";"76";"1";"1";"7";"6";"0";"1";"1";"1";"0"
"5096";"45199";"5096";"76";"1";"1";"7";"6";"0";"1";"1";"1";"0"
"5125";"45256";"5125";"76";"3";"3";"2";"6";"0";"1";"1";"1";"0"
"5906";"48839";"5906";"76";"1";"1";"1";"6";"0";"1";"1";"1";"0"
"5965";"48922";"5965";"76";"1";"1";"7";"2";"1";"0";"1";"2";"0"
"6002";"49061";"6002";"76";"1";"1";"7";"6";"1";"0";"1";"2";"0"
"6334";"52007";"6334";"76";"1";"1";"7";"6";"0";"1";"1";"1";"0"
"6387";"52234";"6387";"76";"1";"1";"7";"6";"1";"0";"1";"2";"0"
"6393";"52265";"6393";"76";"1";"1";"7";"6";"0";"1";"1";"1";"0"
"6811";"59161";"6811";"76";"1";"1";"7";"6";"0";"1";"1";"1";"0"
"7853";"61715";"7853";"76";"1";"1";"7";"6";"0";"1";"1";"1";"0"
"7936";"61770";"7936";"76";"1";"1";"7";"9";"0";"1";"0";"1";"0"
"8203";"61909";"8203";"76";"1";"1";"1";"6";"0";"1";"1";"1";"0"
"7696";"61505";"7696";"77";"1";"1";"7";"8";"0";"1";"0";"1";"0"
"7699";"61505";"7699";"77";"1";"1";"7";"8";"0";"1";"0";"1";"0"
"17671";"80746405";"17671";"77";"1";"1";"7";"8";"0";"1";"1";"1";"0"
"18499";"80765404";"18499";"77";"2";"1";"7";"8";"0";"1";"1";"1";"0"
"18500";"80765404";"18500";"77";"3";"1";"7";"8";"0";"1";"0";"1";"0"
"24443";"85826505";"24443";"77";"1";"1";"7";"8";"0";"1";"0";"1";"0"
"28248";"86853106";"28248";"77";"3";"3";"1";"8";"1";"0";"0";"2";"0"
"2632";"35431";"2632";"77";"1";"1";"4";"1";"1";"0";"1";"2";"0"
"2964";"38446";"2964";"77";"5";"1";"7";"8";"1";"0";"1";"2";"0"
"9990";"72414";"9990";"77";"1";"3";"1";"8";"0";"1";"1";"1";"0"
"11440";"80657";"11440";"77";"3";"1";"7";"8";"0";"1";"1";"1";"0"
"9654";"71240";"9654";"81";"3";"1";"7";"6";"0";"1";"0";"1";"0"
"9657";"71241";"9657";"81";"3";"1";"7";"0";"2";"0";"1";"2";"0"
"9670";"71828";"9670";"81";"3";"6";"1";"6";"0";"3";"0";"1";"0"
"9674";"71830";"1964";"81";"1";"3";"1";"6";"0";"2";"1";"1";"0"
"9692";"71866";"9692";"81";"3";"1";"7";"6";"0";"2";"1";"1";"0"
"9741";"72011";"9741";"81";"3";"6";"1";"6";"0";"1";"1";"1";"0"
"9753";"72024";"9753";"81";"1";"1";"7";"4";"0";"1";"1";"1";"0"
"9785";"72083";"9785";"81";"3";"1";"7";"6";"1";"0";"1";"2";"0"
"9807";"72090";"9807";"81";"3";"1";"7";"6";"1";"0";"1";"2";"0"
"9810";"72092";"9810";"81";"1";"1";"7";"6";"0";"1";"1";"1";"0"
"9888";"72202";"9888";"81";"3";"1";"7";"0";"0";"1";"0";"1";"0"
"9890";"72213";"9890";"81";"3";"1";"7";"6";"0";"3";"0";"1";"0"
"9940";"72344";"9940";"81";"3";"1";"7";"6";"0";"1";"1";"1";"0"
"9965";"72372";"9965";"81";"3";"1";"1";"6";"1";"0";"1";"2";"0"
"10004";"72439";"10004";"81";"1";"1";"7";"1";"1";"0";"1";"2";"0"
"10005";"72440";"10005";"81";"3";"3";"1";"6";"0";"1";"1";"1";"0"
"10017";"72460";"10017";"81";"1";"1";"7";"6";"0";"2";"0";"1";"0"
"10055";"72529";"10055";"81";"3";"1";"7";"0";"0";"2";"0";"3";"0"
"10073";"72539";"10073";"81";"3";"1";"7";"0";"1";"0";"0";"2";"0"
"10119";"72594";"10119";"81";"3";"1";"7";"6";"0";"2";"0";"1";"0"
"10121";"72594";"10121";"81";"1";"1";"7";"7";"0";"0";"1";"3";"0"