"accident_id";"lieu_id";"date_id";"cause_id";"lum_id";"intemp_id";"etat_surface_id";"impliq_id";"nb_blesses_graves";"nb_blesses_legers";"nb_indemnes";"gravite";"nb_morts"
"10126";"72613";"10126";"81";"1";"1";"7";"6";"0";"2";"1";"1";"0"
"10130";"72619";"10130";"81";"3";"1";"1";"6";"1";"3";"1";"2";"0"
"10154";"72631";"10154";"81";"3";"1";"7";"6";"1";"4";"0";"2";"0"
"10250";"72709";"10250";"81";"3";"1";"7";"7";"0";"1";"1";"1";"0"
"10295";"72771";"10295";"81";"3";"1";"7";"0";"0";"2";"0";"1";"0"
"10298";"72784";"10298";"81";"3";"1";"7";"0";"0";"1";"0";"1";"0"
"10326";"72863";"10326";"81";"3";"1";"7";"0";"1";"0";"0";"2";"0"
"10340";"72933";"10340";"81";"1";"1";"7";"6";"0";"1";"2";"1";"0"
"10342";"72953";"10342";"81";"3";"1";"7";"0";"2";"1";"0";"2";"0"
"10343";"72953";"10343";"81";"3";"6";"1";"0";"4";"0";"0";"3";"0"
"10344";"72953";"10344";"81";"1";"1";"7";"6";"1";"2";"0";"2";"0"
"10345";"72953";"10345";"81";"3";"1";"7";"6";"0";"1";"0";"1";"0"
"10360";"72956";"10360";"81";"1";"1";"7";"6";"0";"3";"1";"1";"0"
"10367";"72970";"10367";"81";"3";"1";"7";"6";"0";"1";"1";"1";"0"
"10370";"72972";"10370";"81";"3";"1";"1";"6";"0";"1";"1";"1";"0"
"10407";"73035";"10407";"81";"3";"3";"1";"6";"0";"2";"0";"1";"0"
"10412";"73054";"10412";"81";"3";"1";"1";"6";"1";"0";"0";"2";"0"
"10414";"73055";"10414";"81";"1";"1";"7";"6";"0";"1";"1";"1";"0"
"10426";"73057";"10426";"81";"3";"3";"1";"0";"0";"1";"0";"1";"0"
"10428";"73057";"10428";"81";"3";"1";"7";"6";"0";"3";"0";"1";"0"
"10432";"73078";"10432";"81";"3";"3";"2";"6";"0";"1";"1";"1";"0"
"10465";"73104";"10465";"81";"3";"1";"1";"0";"0";"2";"0";"1";"0"
"10469";"73105";"10469";"81";"1";"1";"7";"9";"1";"0";"1";"2";"0"
"10470";"73106";"10470";"81";"1";"1";"7";"0";"0";"2";"0";"1";"0"
"10476";"73129";"10476";"81";"1";"1";"7";"6";"0";"1";"1";"1";"0"
"10489";"73181";"10489";"81";"1";"1";"7";"1";"0";"1";"1";"1";"0"
"10500";"73202";"10500";"81";"3";"1";"7";"2";"0";"0";"1";"3";"0"
"10515";"73212";"10515";"81";"1";"1";"7";"4";"0";"1";"1";"1";"0"
"10536";"73262";"10536";"81";"1";"1";"7";"0";"0";"1";"0";"1";"0"
"10541";"73264";"10541";"81";"3";"1";"7";"6";"0";"1";"0";"1";"0"
"10543";"73265";"10543";"81";"3";"3";"2";"6";"0";"1";"1";"1";"0"
"10545";"73266";"10545";"81";"3";"1";"7";"0";"0";"1";"0";"1";"0"
"10590";"73336";"10590";"81";"2";"1";"7";"6";"0";"1";"2";"1";"0"
"10599";"73340";"10599";"81";"3";"1";"7";"7";"0";"1";"1";"1";"0"
"10604";"73356";"10604";"81";"3";"1";"7";"6";"1";"1";"0";"2";"0"
"10632";"73450";"10632";"81";"1";"1";"7";"4";"0";"1";"1";"1";"0"
"10644";"73455";"10644";"81";"3";"3";"1";"6";"0";"1";"1";"1";"0"
"10647";"73456";"10647";"81";"3";"1";"7";"0";"0";"1";"0";"1";"0"
"10648";"73457";"6993";"81";"1";"1";"4";"0";"1";"0";"0";"2";"0"
"10665";"73466";"10665";"81";"3";"1";"7";"6";"0";"1";"0";"3";"0"
"10684";"73494";"10684";"81";"3";"1";"7";"5";"0";"1";"1";"1";"0"
"10686";"73494";"10686";"81";"3";"1";"7";"6";"0";"5";"0";"1";"0"
"10687";"73494";"10687";"81";"3";"1";"7";"2";"1";"0";"1";"2";"0"
"10709";"73501";"10709";"81";"3";"1";"1";"6";"0";"2";"2";"1";"0"
"10725";"73588";"10725";"81";"3";"1";"7";"0";"0";"1";"0";"1";"0"
"10733";"73593";"10733";"81";"3";"1";"7";"6";"0";"1";"1";"1";"0"
"10737";"73604";"10737";"81";"1";"1";"7";"2";"0";"1";"1";"1";"0"
"10745";"73657";"10745";"81";"5";"6";"1";"6";"0";"1";"1";"1";"0"
"10746";"73657";"10746";"81";"3";"1";"7";"6";"0";"3";"0";"1";"0"
"10749";"73658";"10749";"81";"3";"3";"1";"0";"0";"1";"0";"1";"0"
"10800";"73731";"10800";"81";"3";"1";"7";"6";"0";"1";"1";"1";"0"
"10808";"73740";"10808";"81";"3";"1";"7";"6";"0";"2";"2";"1";"0"
"10810";"73742";"10810";"81";"3";"1";"7";"6";"1";"5";"0";"2";"0"
"10811";"73743";"10811";"81";"1";"1";"7";"6";"0";"1";"1";"1";"0"
"10829";"73831";"10829";"81";"3";"1";"2";"9";"1";"0";"1";"2";"0"
"10838";"73971";"10838";"81";"3";"1";"7";"6";"0";"2";"1";"1";"0"
"10896";"74557";"10896";"81";"3";"1";"7";"0";"1";"0";"1";"2";"0"
"10899";"74567";"10899";"81";"1";"3";"2";"6";"1";"1";"1";"2";"0"
"10901";"74599";"10901";"81";"3";"1";"2";"7";"1";"0";"1";"2";"0"
"10941";"75993";"10941";"81";"3";"1";"1";"2";"0";"1";"1";"1";"0"
"10999";"76774";"10999";"81";"3";"1";"7";"7";"1";"0";"1";"2";"0"
"11026";"76783";"11026";"81";"5";"4";"4";"0";"0";"1";"0";"1";"0"
"11072";"77555";"11072";"81";"5";"3";"2";"0";"0";"1";"2";"1";"0"
"11079";"77565";"11079";"81";"3";"1";"7";"6";"1";"0";"0";"3";"0"
"11080";"77599";"11080";"81";"2";"1";"7";"6";"4";"3";"0";"3";"1"
"11096";"78287";"11096";"81";"5";"1";"7";"0";"1";"0";"0";"2";"0"
"11101";"78326";"11101";"81";"1";"1";"7";"6";"1";"0";"1";"2";"0"
"11128";"78368";"11128";"81";"4";"1";"7";"6";"0";"2";"0";"1";"0"
"11201";"78580";"11201";"81";"3";"1";"7";"6";"0";"1";"1";"1";"0"
"11234";"78722";"11234";"81";"2";"2";"1";"6";"0";"1";"0";"3";"0"
"11279";"79425";"11279";"81";"3";"1";"7";"6";"3";"0";"2";"2";"0"
"11293";"79449";"11293";"81";"3";"1";"7";"6";"0";"1";"1";"1";"0"
"11295";"79450";"11295";"81";"1";"1";"7";"2";"1";"0";"1";"2";"0"
"11296";"79450";"11296";"81";"3";"1";"7";"6";"1";"0";"1";"2";"0"
"11303";"79453";"11303";"81";"1";"1";"7";"3";"0";"0";"1";"3";"0"
"11325";"79518";"11325";"81";"1";"1";"7";"3";"0";"1";"1";"1";"0"
"11346";"79718";"11346";"81";"3";"3";"1";"0";"0";"1";"0";"1";"0"
"11349";"79720";"11349";"81";"1";"1";"7";"0";"4";"3";"0";"3";"1"
"11354";"79731";"11354";"81";"1";"1";"7";"2";"0";"1";"1";"1";"0"
"11412";"80650";"11412";"81";"3";"1";"7";"6";"0";"2";"0";"1";"0"
"11476";"80812";"11476";"81";"3";"1";"7";"6";"0";"1";"0";"1";"0"
"11510";"80954";"11510";"81";"3";"1";"7";"6";"0";"2";"2";"1";"0"
"11519";"80979";"11519";"81";"3";"1";"7";"4";"0";"1";"1";"1";"0"
"11558";"81057";"11558";"81";"1";"1";"7";"0";"0";"3";"0";"1";"0"
"11569";"81095";"11569";"81";"1";"1";"7";"6";"1";"0";"0";"2";"0"
"11598";"81118";"11598";"81";"1";"1";"7";"6";"1";"0";"1";"2";"0"
"11666";"81258";"11666";"81";"3";"1";"7";"2";"0";"1";"1";"1";"0"
"11708";"81379";"11708";"81";"2";"1";"7";"6";"0";"1";"0";"1";"0"
"11764";"81592";"11764";"81";"1";"1";"7";"6";"0";"1";"2";"1";"0"
"11801";"81749";"11801";"81";"3";"1";"7";"4";"0";"1";"1";"1";"0"
"11848";"82433";"11848";"81";"5";"3";"1";"3";"0";"2";"0";"3";"0"
"11850";"82433";"11850";"81";"5";"1";"1";"6";"1";"1";"0";"2";"0"
"11859";"82495";"11859";"81";"5";"1";"7";"6";"1";"1";"0";"2";"0"
"11862";"82520";"11862";"81";"1";"3";"2";"0";"1";"2";"1";"2";"0"
"11864";"82547";"11864";"81";"5";"3";"1";"0";"0";"1";"0";"1";"0"
"11869";"82549";"11869";"81";"5";"1";"1";"7";"0";"1";"1";"1";"0"
"11885";"82791";"11885";"81";"1";"1";"7";"6";"0";"3";"1";"1";"0"
"11890";"82791";"11890";"81";"2";"1";"7";"0";"0";"2";"0";"1";"0"
"11911";"83422";"11911";"81";"1";"1";"7";"6";"0";"2";"0";"1";"0"
"11921";"83459";"11921";"81";"3";"3";"1";"6";"2";"0";"1";"2";"0"
"11923";"83461";"11923";"81";"5";"1";"7";"6";"0";"1";"1";"1";"0"
"11928";"83479";"11928";"81";"3";"3";"2";"6";"0";"2";"0";"1";"0"
"11946";"84834";"11946";"81";"3";"1";"7";"2";"0";"2";"1";"1";"0"
"11948";"84835";"11948";"81";"1";"1";"7";"6";"0";"2";"1";"1";"0"
"11954";"84882";"11954";"81";"3";"1";"7";"6";"1";"1";"4";"2";"0"
"11956";"84892";"11956";"81";"3";"1";"1";"6";"1";"0";"1";"2";"0"
"11964";"85612";"11964";"81";"5";"3";"1";"6";"1";"0";"2";"2";"0"
"11967";"90009";"11967";"81";"5";"1";"7";"6";"1";"0";"0";"2";"0"
"11977";"90040";"11977";"81";"3";"1";"7";"6";"0";"3";"0";"1";"0"
"11981";"90049";"11981";"81";"1";"1";"7";"0";"1";"0";"0";"2";"0"
"11986";"90064";"11986";"81";"3";"3";"2";"6";"1";"0";"2";"2";"0"
"11990";"90069";"11990";"81";"5";"3";"1";"0";"1";"5";"0";"2";"0"
"11995";"90087";"11995";"81";"3";"1";"1";"0";"1";"0";"0";"3";"0"
"11999";"90089";"11999";"81";"5";"1";"7";"6";"1";"0";"0";"3";"0"
"12003";"90100";"12003";"81";"5";"3";"1";"0";"0";"1";"0";"1";"0"
"12022";"90142";"12022";"81";"1";"1";"7";"0";"0";"1";"0";"1";"0"
"12027";"90143";"12027";"81";"3";"1";"7";"0";"0";"1";"0";"3";"0"
"12039";"90165";"12039";"81";"1";"1";"7";"0";"0";"1";"0";"3";"0"
"12041";"90187";"12041";"81";"5";"1";"7";"0";"0";"2";"0";"1";"0"
"12048";"90204";"12048";"81";"3";"1";"1";"0";"0";"1";"0";"1";"0"
"12051";"90207";"12051";"81";"1";"1";"7";"6";"0";"1";"2";"1";"0"
"12072";"90222";"12072";"81";"1";"1";"1";"6";"0";"1";"1";"1";"0"
"12073";"90223";"12073";"81";"3";"5";"4";"9";"0";"2";"0";"1";"0"
"12080";"90249";"12080";"81";"2";"1";"7";"7";"0";"0";"1";"3";"0"
"12085";"90260";"12085";"81";"1";"1";"7";"6";"0";"1";"1";"1";"0"
"12113";"90277";"12113";"81";"3";"3";"2";"0";"0";"1";"0";"1";"0"
"12114";"90277";"12114";"81";"5";"1";"7";"0";"0";"2";"0";"1";"0"
"12117";"90279";"12117";"81";"3";"2";"2";"2";"0";"1";"1";"1";"0"
"12133";"90296";"12133";"81";"3";"1";"7";"0";"0";"1";"0";"1";"0"
"12172";"90329";"12172";"81";"3";"1";"7";"6";"0";"1";"2";"1";"0"
"12185";"90332";"12185";"81";"3";"1";"7";"6";"0";"0";"1";"3";"0"
"12194";"90333";"12194";"81";"3";"1";"7";"6";"1";"2";"0";"2";"0"
"12204";"90334";"12204";"81";"3";"1";"7";"7";"0";"1";"1";"1";"0"
"12217";"90362";"12217";"81";"3";"1";"7";"4";"0";"1";"1";"1";"0"
"12219";"90362";"12219";"81";"3";"1";"7";"0";"1";"0";"0";"2";"0"
"12224";"90382";"12224";"81";"3";"3";"1";"6";"0";"2";"0";"1";"0"
"12230";"90388";"12230";"81";"3";"3";"1";"6";"1";"1";"1";"2";"0"
"12238";"90424";"12238";"81";"1";"1";"7";"6";"0";"3";"0";"1";"0"
"12270";"90476";"12270";"81";"3";"6";"7";"6";"1";"0";"0";"2";"0"
"12277";"90482";"12277";"81";"1";"1";"7";"1";"0";"1";"1";"1";"0"
"12285";"90500";"12285";"81";"1";"1";"7";"6";"0";"3";"1";"1";"0"
"12311";"90610";"12311";"81";"3";"1";"7";"2";"1";"0";"3";"2";"0"
"12347";"90699";"12347";"81";"3";"1";"7";"6";"0";"1";"0";"1";"0"
"12349";"90700";"12349";"81";"3";"6";"1";"6";"2";"2";"0";"2";"0"
"12360";"90743";"12360";"81";"1";"1";"7";"2";"0";"1";"1";"1";"0"
"12366";"90770";"12366";"81";"1";"3";"1";"6";"0";"1";"2";"1";"0"
"12368";"90770";"12368";"81";"1";"1";"7";"2";"0";"1";"2";"1";"0"
"12374";"90772";"12374";"81";"3";"1";"7";"0";"1";"0";"0";"2";"0"
"12398";"90806";"12398";"81";"3";"1";"7";"6";"0";"1";"1";"1";"0"
"12405";"90810";"12405";"81";"5";"1";"7";"0";"0";"0";"0";"3";"0"
"12406";"90810";"12406";"81";"5";"1";"1";"0";"0";"0";"0";"3";"0"
"12408";"90823";"12408";"81";"1";"1";"7";"0";"0";"0";"0";"3";"0"
"12424";"90848";"12424";"81";"5";"1";"7";"0";"1";"0";"1";"2";"0"
"12426";"90853";"12426";"81";"5";"3";"1";"0";"0";"1";"0";"1";"0"
"12427";"90856";"12427";"81";"5";"1";"7";"9";"0";"0";"1";"3";"0"
"12450";"67642409";"12450";"81";"1";"1";"7";"2";"1";"0";"2";"2";"0"
"12463";"67643503";"12463";"81";"3";"1";"2";"6";"0";"4";"3";"1";"0"
"12479";"67651303";"12479";"81";"3";"1";"7";"6";"0";"1";"3";"1";"0"
"12496";"67656205";"12496";"81";"1";"1";"7";"6";"0";"2";"7";"1";"0"
"12504";"68651508";"12504";"81";"1";"1";"7";"4";"1";"0";"1";"2";"0"
"12522";"68656104";"12522";"81";"3";"1";"7";"0";"1";"0";"0";"2";"0"
"12534";"68802303";"12534";"81";"1";"1";"2";"6";"0";"2";"2";"1";"0"
"12541";"69696111";"12541";"81";"5";"1";"7";"5";"1";"3";"2";"2";"0"
"12563";"69815114";"12563";"81";"3";"1";"7";"6";"2";"0";"0";"2";"0"
"12567";"70673201";"12567";"81";"3";"7";"2";"4";"0";"1";"1";"1";"0"
"12569";"70674402";"12569";"81";"1";"1";"7";"4";"0";"1";"1";"1";"0"
"12591";"70812402";"12591";"81";"1";"1";"7";"5";"0";"1";"3";"1";"0"
"12624";"70816105";"12624";"81";"1";"1";"7";"6";"0";"2";"1";"1";"0"
"12656";"70817406";"12656";"81";"3";"1";"7";"6";"0";"1";"0";"1";"0"
"12668";"70821110";"12668";"81";"3";"1";"7";"6";"1";"1";"0";"2";"0"
"12669";"70821110";"12669";"81";"3";"1";"7";"6";"0";"1";"2";"1";"0"
"12679";"70824501";"12679";"81";"1";"1";"7";"7";"0";"1";"1";"1";"0"
"12682";"70824501";"12682";"81";"1";"1";"7";"3";"0";"1";"1";"1";"0"
"12703";"70826105";"12703";"81";"1";"3";"2";"6";"0";"2";"1";"1";"0"
"12707";"70826301";"12707";"81";"3";"1";"7";"6";"1";"0";"1";"2";"0"
"12715";"70826305";"12715";"81";"1";"1";"7";"6";"2";"0";"1";"2";"0"
"12763";"70827401";"12763";"81";"3";"1";"7";"6";"0";"2";"0";"1";"0"
"12799";"71806404";"12799";"81";"3";"1";"7";"2";"0";"1";"1";"1";"0"
"12805";"71811404";"12805";"81";"3";"1";"7";"6";"0";"1";"2";"1";"0"
"12812";"71811410";"12812";"81";"3";"1";"7";"2";"0";"1";"1";"1";"0"
"12850";"71813406";"12850";"81";"3";"1";"7";"2";"1";"0";"1";"2";"0"
"12922";"71822101";"12922";"81";"3";"1";"7";"4";"0";"1";"1";"1";"0"
"12942";"71823402";"12942";"81";"1";"7";"2";"7";"0";"0";"1";"3";"0"
"12949";"71823419";"12949";"81";"3";"1";"7";"0";"0";"1";"0";"1";"0"
"12979";"71825108";"12979";"81";"3";"1";"7";"2";"1";"0";"1";"3";"0"
"12981";"71825108";"12981";"81";"1";"1";"7";"5";"1";"1";"1";"2";"0"
"12984";"71825108";"12984";"81";"3";"1";"7";"6";"1";"1";"0";"2";"0"
"12985";"71825110";"12985";"81";"3";"3";"1";"4";"1";"1";"2";"2";"0"
"12998";"71826107";"12998";"81";"3";"1";"7";"6";"1";"1";"0";"2";"0"
"13017";"71833106";"13017";"81";"1";"1";"7";"6";"0";"1";"1";"1";"0"
"13030";"71833212";"13030";"81";"3";"1";"7";"6";"1";"2";"1";"2";"0"
"13044";"71842111";"13044";"81";"3";"1";"7";"6";"0";"1";"1";"1";"0"
"13063";"72791405";"13063";"81";"3";"1";"7";"6";"1";"1";"0";"2";"0"
"13076";"72817503";"13076";"81";"1";"1";"7";"6";"0";"1";"1";"1";"0"
"13079";"72821201";"13079";"81";"3";"1";"7";"0";"0";"2";"0";"1";"0"
"13080";"72821201";"13080";"81";"1";"1";"1";"6";"1";"0";"1";"2";"0"
"13087";"72822317";"13087";"81";"3";"1";"7";"6";"0";"4";"1";"1";"0"
"13092";"72822319";"13092";"81";"3";"3";"2";"0";"0";"1";"1";"1";"0"
"13093";"72822320";"13093";"81";"1";"1";"7";"6";"0";"2";"2";"1";"0"
"13101";"72823317";"13101";"81";"3";"1";"7";"0";"2";"0";"0";"2";"0"
"13106";"72825404";"13106";"81";"1";"1";"7";"6";"0";"0";"2";"0";"0"
"13113";"72835109";"13113";"81";"3";"1";"2";"6";"1";"0";"1";"2";"0"
"13138";"73714301";"13138";"81";"3";"1";"7";"6";"0";"3";"0";"1";"0"
"13142";"73743304";"13142";"81";"5";"1";"7";"6";"0";"1";"1";"1";"0"
"13161";"73794104";"13161";"81";"3";"1";"7";"6";"3";"1";"0";"2";"0"
"13163";"73794104";"13163";"81";"3";"3";"1";"6";"0";"5";"2";"1";"0"
"13177";"74691409";"13177";"81";"1";"1";"7";"6";"0";"1";"1";"1";"0"
"13197";"74733104";"13197";"81";"3";"1";"7";"6";"1";"0";"2";"3";"2"
"13212";"74737303";"13212";"81";"3";"1";"7";"7";"0";"2";"0";"1";"0"
"13214";"74746102";"13214";"81";"1";"2";"2";"6";"0";"1";"1";"1";"0"
"13385";"75797401";"13385";"81";"3";"3";"1";"6";"1";"5";"0";"2";"0"
"13455";"76725201";"13455";"81";"1";"1";"7";"6";"0";"1";"1";"1";"0"
"13466";"76731405";"13466";"81";"3";"1";"7";"0";"0";"1";"0";"1";"0"
"13507";"76734502";"13507";"81";"1";"1";"7";"6";"0";"2";"1";"1";"0"
"13587";"76766507";"13587";"81";"2";"1";"7";"6";"0";"2";"1";"1";"0"
"13714";"77676502";"13714";"81";"5";"1";"7";"0";"0";"3";"3";"1";"0"
"13715";"77683203";"13715";"81";"3";"1";"7";"6";"0";"1";"1";"1";"0"
"13720";"77691203";"13720";"81";"5";"1";"7";"0";"1";"0";"0";"2";"0"
"13761";"77721502";"13761";"81";"1";"1";"7";"6";"0";"2";"1";"1";"0"
"13782";"77723301";"13782";"81";"3";"2";"1";"6";"1";"3";"0";"3";"1"
"13794";"77731512";"13794";"81";"2";"3";"2";"6";"1";"0";"1";"2";"0"
"13805";"77732501";"13805";"81";"3";"1";"7";"6";"0";"1";"2";"1";"0"
"13853";"77737207";"13853";"81";"1";"2";"1";"6";"0";"1";"7";"1";"0"
"13880";"77737308";"13880";"81";"3";"1";"7";"6";"0";"2";"0";"1";"0"
"13889";"77743102";"13889";"81";"3";"1";"7";"6";"0";"1";"1";"1";"0"
"13912";"77744506";"13912";"81";"1";"1";"7";"6";"1";"0";"1";"2";"0"
"13923";"77745106";"13923";"81";"4";"1";"7";"4";"0";"0";"1";"3";"0"
"13984";"77752507";"13984";"81";"1";"1";"7";"5";"0";"1";"1";"1";"0"
"13995";"77755501";"13995";"81";"3";"1";"7";"2";"0";"1";"1";"1";"0"
"14042";"77763214";"14042";"81";"1";"1";"7";"0";"0";"1";"0";"1";"0"
"14139";"77771406";"14139";"81";"3";"1";"7";"5";"0";"1";"1";"1";"0"
"14178";"77774505";"14178";"81";"3";"1";"7";"5";"1";"0";"1";"2";"0"
"14179";"77775102";"14179";"81";"3";"1";"7";"0";"0";"1";"0";"1";"0"
"14208";"77776305";"14208";"81";"3";"1";"7";"6";"0";"1";"0";"1";"0"
"14235";"77777103";"14235";"81";"1";"1";"7";"6";"0";"0";"2";"0";"0"
"14316";"77851101";"14316";"81";"1";"1";"7";"6";"1";"0";"2";"2";"0"
"14319";"77851105";"14319";"81";"1";"1";"7";"6";"1";"2";"1";"2";"0"
"14322";"77875504";"14322";"81";"1";"3";"2";"6";"1";"3";"0";"2";"0"
"14331";"77893503";"14331";"81";"1";"1";"7";"1";"1";"0";"1";"2";"0"
"14344";"77902304";"14344";"81";"3";"1";"7";"0";"3";"0";"0";"2";"0"
"14352";"77902509";"14352";"81";"3";"1";"1";"2";"1";"0";"2";"2";"0"
"14413";"77906203";"14413";"81";"3";"3";"1";"4";"0";"1";"1";"1";"0"
"14418";"77907506";"14418";"81";"3";"3";"2";"6";"0";"1";"2";"1";"0"
"14419";"77907506";"14419";"81";"3";"1";"7";"6";"1";"0";"1";"2";"0"
"14492";"78676307";"14492";"81";"1";"1";"7";"0";"0";"1";"0";"1";"0"
"14534";"78706103";"14534";"81";"3";"3";"1";"6";"0";"2";"0";"1";"0"
"14542";"78706205";"14542";"81";"1";"1";"7";"1";"0";"1";"1";"1";"0"
"14544";"78706205";"14544";"81";"3";"3";"1";"6";"0";"1";"0";"3";"0"
"14549";"78706410";"14549";"81";"3";"1";"7";"6";"2";"0";"1";"2";"0"
"14552";"78706410";"14552";"81";"5";"1";"1";"6";"0";"2";"0";"1";"0"
"14556";"78706410";"14556";"81";"5";"2";"1";"6";"0";"0";"1";"3";"0"
"14586";"78732204";"14586";"81";"1";"1";"7";"6";"1";"0";"1";"2";"0"
"14609";"78734104";"14609";"81";"1";"1";"7";"6";"0";"2";"0";"1";"0"
"14648";"78743101";"14648";"81";"3";"3";"2";"6";"1";"0";"1";"2";"0"
"14654";"78743201";"14654";"81";"3";"1";"1";"6";"0";"1";"1";"1";"0"
"14675";"78744201";"14675";"81";"1";"3";"2";"6";"0";"1";"0";"1";"0"
"14753";"78747112";"14753";"81";"1";"1";"7";"6";"0";"2";"2";"1";"0"
"14767";"78747510";"14767";"81";"3";"3";"2";"6";"0";"1";"1";"1";"0"
"14805";"78756502";"14805";"81";"3";"1";"7";"6";"0";"1";"2";"1";"0"
"14840";"78757504";"14840";"81";"3";"3";"1";"6";"0";"1";"2";"1";"0"
"14860";"78761303";"14860";"81";"3";"1";"7";"0";"0";"1";"0";"1";"0"
"14916";"78763404";"14916";"81";"1";"1";"7";"4";"0";"0";"1";"3";"0"
"14934";"78764107";"14934";"81";"3";"1";"7";"6";"0";"2";"0";"1";"0"
"14965";"78765201";"14965";"81";"1";"1";"7";"6";"0";"3";"0";"1";"0"
"14977";"78765301";"14977";"81";"3";"1";"7";"0";"1";"0";"0";"2";"0"
"14992";"78766102";"14992";"81";"3";"1";"7";"6";"0";"1";"1";"1";"0"
"14996";"78766510";"14996";"81";"3";"3";"2";"3";"0";"1";"1";"1";"0"
"14997";"78766510";"14997";"81";"3";"1";"7";"3";"0";"2";"1";"1";"0"
"15027";"78771106";"15027";"81";"1";"1";"7";"6";"0";"0";"2";"0";"0"
"15044";"78771108";"15044";"81";"2";"1";"7";"0";"0";"0";"0";"3";"0"
"15045";"78771108";"15045";"81";"2";"1";"7";"2";"0";"1";"1";"1";"0"
"15059";"78771204";"15059";"81";"3";"2";"1";"2";"1";"0";"1";"2";"0"
"15069";"78771208";"15069";"81";"1";"1";"7";"6";"0";"1";"1";"1";"0"
"15122";"78773307";"15122";"81";"3";"3";"2";"6";"0";"1";"1";"1";"0"
"15130";"78773506";"15130";"81";"3";"1";"7";"6";"0";"1";"3";"1";"0"
"15239";"78781402";"15239";"81";"3";"1";"7";"6";"0";"1";"0";"1";"0"
"15358";"78797213";"15358";"81";"1";"1";"7";"2";"1";"0";"1";"2";"0"
"15360";"78797305";"15360";"81";"3";"1";"7";"6";"0";"1";"1";"3";"0"
"15417";"79665502";"15417";"81";"3";"6";"6";"0";"0";"0";"0";"3";"0"
"15437";"79682406";"15437";"81";"3";"1";"7";"6";"0";"5";"0";"1";"0"
"15459";"79705102";"15459";"81";"2";"1";"7";"6";"1";"0";"1";"2";"0"
"15467";"79706403";"15467";"81";"1";"1";"7";"6";"0";"1";"0";"1";"0"
"15468";"79706403";"15468";"81";"3";"1";"7";"6";"0";"1";"0";"1";"0"
"15478";"79713209";"15478";"81";"3";"1";"7";"6";"0";"3";"0";"1";"0"
"15512";"79716303";"15512";"81";"1";"1";"7";"2";"0";"1";"1";"1";"0"
"15514";"79716303";"15514";"81";"3";"1";"1";"6";"1";"1";"0";"2";"0"
"15528";"79721407";"15528";"81";"1";"1";"7";"6";"1";"1";"0";"2";"0"
"15530";"79721407";"15530";"81";"3";"1";"7";"6";"0";"4";"0";"1";"0"
"15534";"79721407";"15534";"81";"3";"1";"7";"4";"0";"2";"1";"1";"0"
"15545";"79725112";"15545";"81";"1";"2";"2";"6";"1";"0";"2";"2";"0"
"15585";"79726304";"15585";"81";"3";"1";"7";"6";"1";"0";"2";"2";"0"
"15594";"79726407";"15594";"81";"1";"1";"7";"6";"0";"2";"0";"1";"0"
"15603";"79727403";"15603";"81";"1";"2";"1";"6";"0";"2";"0";"1";"0"
"15619";"79731305";"15619";"81";"3";"3";"1";"6";"0";"1";"1";"1";"0"
"15624";"79731412";"15624";"81";"3";"1";"7";"6";"0";"2";"0";"1";"0"
"15641";"79733202";"15641";"81";"1";"2";"2";"6";"0";"2";"1";"1";"0"
"15645";"79733202";"15645";"81";"3";"3";"2";"6";"0";"1";"1";"1";"0"
"15650";"79733202";"15650";"81";"3";"1";"7";"6";"0";"0";"3";"3";"1"
"15672";"79733306";"15672";"81";"1";"3";"1";"6";"0";"1";"2";"1";"0"
"15692";"79734202";"15692";"81";"1";"1";"7";"2";"1";"0";"1";"2";"0"
"15694";"79734401";"15694";"81";"2";"3";"1";"3";"0";"2";"1";"1";"0"
"15710";"79734504";"15710";"81";"3";"1";"7";"6";"0";"1";"0";"1";"0"
"15747";"79737101";"15747";"81";"3";"1";"7";"6";"0";"2";"0";"1";"0"
"15749";"79737104";"15749";"81";"3";"1";"7";"0";"2";"1";"0";"3";"1"
"15758";"79741102";"15758";"81";"3";"1";"7";"6";"0";"2";"0";"1";"0"
"15767";"79743401";"15767";"81";"3";"1";"7";"6";"0";"1";"2";"1";"0"
"15799";"79744203";"15799";"81";"3";"1";"7";"6";"0";"2";"1";"1";"0"
"15824";"79744502";"15824";"81";"3";"1";"7";"6";"1";"0";"1";"2";"0"
"15827";"79745105";"15827";"81";"3";"3";"1";"6";"0";"1";"1";"1";"0"
"15840";"79745401";"15840";"81";"3";"3";"1";"0";"0";"2";"0";"1";"0"
"15870";"79745408";"15870";"81";"3";"1";"7";"3";"0";"1";"1";"1";"0"
"15914";"79746507";"15914";"81";"3";"2";"1";"2";"0";"1";"2";"1";"0"
"15919";"79747104";"15919";"81";"1";"1";"7";"6";"0";"1";"1";"1";"0"
"15936";"79747502";"15936";"81";"3";"1";"7";"6";"0";"1";"3";"1";"0"
"15962";"79751206";"15962";"81";"3";"1";"7";"6";"0";"1";"0";"1";"0"
"16068";"79752306";"16068";"81";"3";"1";"7";"2";"0";"1";"1";"1";"0"
"16075";"79752306";"16075";"81";"3";"4";"1";"0";"0";"1";"0";"1";"0"