"accident_id";"lieu_id";"date_id";"cause_id";"lum_id";"intemp_id";"etat_surface_id";"impliq_id";"nb_blesses_graves";"nb_blesses_legers";"nb_indemnes";"gravite";"nb_morts"
"16076";"79752306";"16076";"81";"3";"3";"1";"6";"0";"3";"0";"1";"0"
"16084";"79752306";"16084";"81";"3";"1";"7";"0";"0";"1";"0";"1";"0"
"16085";"79752306";"16085";"81";"2";"1";"7";"0";"0";"1";"0";"1";"0"
"16112";"79753104";"16112";"81";"1";"1";"7";"6";"0";"1";"1";"1";"0"
"16118";"79753104";"16118";"81";"3";"3";"1";"6";"0";"1";"1";"1";"0"
"16166";"79753203";"16166";"81";"3";"1";"7";"0";"1";"1";"0";"2";"0"
"16178";"79753203";"16178";"81";"3";"1";"7";"6";"0";"1";"1";"1";"0"
"16204";"79753501";"16204";"81";"3";"1";"7";"0";"0";"1";"0";"1";"0"
"16226";"79753503";"16226";"81";"3";"1";"7";"6";"0";"1";"1";"1";"0"
"16248";"79753504";"4406";"81";"1";"1";"7";"6";"0";"2";"0";"1";"0"
"16295";"79754305";"16295";"81";"3";"1";"7";"6";"1";"1";"2";"2";"0"
"16306";"79754507";"16306";"81";"3";"1";"7";"6";"0";"1";"1";"1";"0"
"16345";"79755507";"16345";"81";"3";"1";"7";"6";"0";"1";"1";"1";"0"
"16351";"79756104";"16351";"81";"3";"1";"7";"0";"0";"4";"0";"1";"0"
"16359";"79756302";"16359";"81";"1";"1";"7";"6";"0";"2";"2";"1";"0"
"16366";"79756402";"16366";"81";"2";"1";"7";"6";"0";"1";"1";"1";"0"
"16435";"79757503";"16435";"81";"3";"3";"1";"6";"0";"2";"0";"1";"0"
"16439";"79757505";"16439";"81";"3";"1";"7";"6";"0";"5";"0";"1";"0"
"16442";"79757505";"16442";"81";"3";"1";"7";"4";"0";"1";"1";"1";"0"
"16444";"79757505";"16444";"81";"3";"1";"7";"6";"0";"3";"1";"1";"0"
"16455";"79757508";"16455";"81";"3";"1";"7";"6";"0";"1";"1";"1";"0"
"16456";"79757508";"16456";"81";"3";"1";"7";"6";"0";"1";"1";"1";"0"
"16460";"79757509";"16460";"81";"3";"1";"7";"6";"1";"0";"2";"2";"0"
"16468";"79761301";"16468";"81";"3";"1";"7";"6";"0";"2";"0";"1";"0"
"16471";"79761303";"16471";"81";"3";"1";"7";"0";"0";"1";"0";"1";"0"
"16515";"79762309";"16515";"81";"3";"1";"7";"5";"0";"1";"2";"1";"0"
"16536";"79763402";"16536";"81";"3";"1";"7";"0";"0";"1";"1";"1";"0"
"16540";"79764101";"16540";"81";"3";"3";"2";"6";"0";"1";"1";"1";"0"
"16544";"79764101";"16544";"81";"2";"1";"7";"6";"0";"5";"0";"1";"0"
"16547";"79764101";"16547";"81";"3";"1";"7";"6";"0";"1";"1";"1";"0"
"16551";"79764101";"16551";"81";"1";"1";"7";"6";"0";"2";"1";"1";"0"
"16583";"79764301";"16583";"81";"1";"1";"7";"2";"0";"1";"1";"1";"0"
"16620";"79765403";"16620";"81";"3";"1";"7";"6";"0";"3";"0";"1";"0"
"16623";"79765403";"16623";"81";"3";"3";"1";"6";"0";"4";"0";"1";"0"
"16633";"79765505";"16633";"81";"3";"1";"7";"6";"0";"2";"0";"1";"0"
"16634";"79765505";"16634";"81";"1";"1";"7";"4";"0";"1";"1";"1";"0"
"16701";"79767101";"16701";"81";"3";"1";"7";"6";"0";"2";"0";"1";"0"
"16723";"79767107";"16723";"81";"3";"1";"7";"6";"1";"0";"2";"2";"0"
"16733";"79767206";"16733";"81";"3";"1";"7";"6";"0";"1";"1";"1";"0"
"16744";"79767209";"16744";"81";"3";"1";"2";"0";"0";"1";"1";"1";"0"
"16782";"79767301";"16782";"81";"1";"3";"1";"6";"1";"0";"1";"2";"0"
"16820";"79767301";"16820";"81";"1";"1";"7";"6";"0";"1";"1";"1";"0"
"16824";"79767301";"16824";"81";"3";"1";"7";"2";"1";"0";"1";"2";"0"
"16846";"79767303";"16846";"81";"3";"1";"7";"6";"0";"1";"0";"1";"0"
"16856";"79767305";"16856";"81";"3";"1";"7";"6";"0";"3";"0";"1";"0"
"16919";"79775519";"16919";"81";"5";"3";"1";"6";"0";"1";"1";"1";"0"
"16928";"79776103";"16928";"81";"1";"1";"7";"6";"0";"1";"1";"1";"0"
"16935";"79776103";"16935";"81";"3";"3";"1";"6";"0";"3";"0";"1";"0"
"16936";"79776103";"16936";"81";"3";"3";"1";"6";"0";"2";"0";"1";"0"
"16939";"79776106";"16939";"81";"1";"1";"7";"6";"0";"1";"1";"1";"0"
"16943";"79776201";"16943";"81";"1";"1";"7";"6";"1";"0";"1";"2";"0"
"16972";"79777301";"16972";"81";"1";"1";"7";"6";"0";"1";"1";"1";"0"
"17020";"79786404";"17020";"81";"2";"1";"7";"0";"0";"1";"0";"1";"0"
"17045";"79792102";"17045";"81";"3";"1";"7";"6";"0";"1";"1";"1";"0"
"17099";"79795404";"17099";"81";"3";"7";"1";"6";"0";"1";"1";"1";"0"
"17203";"79913308";"17203";"81";"3";"3";"1";"6";"0";"1";"1";"1";"0"
"17206";"79913402";"17206";"81";"3";"1";"7";"6";"1";"0";"1";"2";"0"
"17232";"80662205";"17232";"81";"2";"1";"7";"4";"0";"1";"1";"1";"0"
"17255";"80717101";"17255";"81";"1";"1";"7";"6";"0";"1";"1";"1";"0"
"17256";"80722307";"17256";"81";"3";"1";"7";"6";"0";"3";"0";"1";"0"
"17321";"80732501";"17321";"81";"3";"1";"7";"6";"0";"4";"0";"1";"0"
"17327";"80732506";"17327";"81";"3";"1";"7";"6";"0";"1";"1";"1";"0"
"17348";"80735302";"17348";"81";"1";"1";"7";"6";"0";"2";"1";"1";"0"
"17418";"80741306";"17418";"81";"1";"3";"1";"6";"1";"0";"1";"2";"0"
"17435";"80741502";"17435";"81";"1";"1";"7";"6";"0";"1";"1";"3";"0"
"17440";"80741502";"17440";"81";"3";"1";"7";"6";"0";"0";"1";"3";"0"
"17474";"80742112";"17474";"81";"2";"1";"7";"6";"1";"3";"0";"3";"1"
"17500";"80742202";"17500";"81";"3";"2";"1";"0";"0";"1";"3";"1";"0"
"17548";"80743302";"17548";"81";"3";"1";"7";"6";"0";"1";"0";"3";"0"
"17551";"80743302";"17551";"81";"2";"1";"7";"6";"0";"2";"0";"1";"0"
"17563";"80743303";"17563";"81";"3";"3";"1";"6";"2";"0";"1";"2";"0"
"17570";"80743303";"17570";"81";"3";"1";"7";"6";"0";"1";"0";"1";"0"
"17579";"80743403";"17579";"81";"1";"3";"1";"6";"0";"2";"0";"1";"0"
"17608";"80744501";"17608";"81";"3";"1";"7";"6";"0";"1";"2";"1";"0"
"17611";"80744507";"17611";"81";"3";"1";"7";"6";"0";"2";"0";"1";"0"
"17618";"80745503";"17618";"81";"3";"1";"7";"6";"0";"1";"0";"1";"0"
"17667";"80746405";"17667";"81";"3";"1";"3";"6";"0";"1";"1";"1";"0"
"17680";"80746405";"17680";"81";"1";"1";"7";"6";"0";"1";"1";"1";"0"
"17697";"80746409";"17697";"81";"3";"1";"7";"6";"0";"1";"1";"1";"0"
"17721";"80747101";"17721";"81";"3";"1";"7";"6";"0";"0";"1";"3";"0"
"17731";"80747103";"17731";"81";"3";"1";"7";"6";"0";"1";"0";"1";"0"
"17732";"80747103";"17732";"81";"3";"4";"1";"6";"0";"7";"0";"1";"0"
"17736";"80747201";"17736";"81";"1";"1";"7";"2";"0";"1";"1";"1";"0"
"17745";"80747403";"17745";"81";"3";"1";"7";"0";"0";"1";"0";"1";"0"
"17746";"80747403";"17746";"81";"2";"1";"7";"0";"0";"2";"0";"1";"0"
"17786";"80751204";"17786";"81";"3";"1";"7";"6";"0";"1";"1";"1";"0"
"17788";"80751301";"17788";"81";"1";"1";"7";"8";"0";"2";"0";"1";"0"
"17825";"80752101";"17825";"81";"3";"3";"1";"6";"0";"2";"0";"1";"0"
"17838";"80752102";"17838";"81";"3";"1";"7";"6";"0";"1";"2";"1";"0"
"17876";"80752301";"17876";"81";"3";"1";"7";"6";"0";"1";"1";"1";"0"
"17877";"80752301";"17877";"81";"3";"1";"7";"6";"0";"1";"1";"1";"0"
"17879";"80752407";"17879";"81";"1";"1";"7";"6";"0";"1";"1";"1";"0"
"17903";"80753102";"17903";"81";"3";"2";"1";"6";"0";"1";"1";"1";"0"
"17917";"80753201";"17917";"81";"1";"1";"7";"6";"0";"2";"0";"1";"0"
"17923";"80753308";"17923";"81";"3";"1";"7";"6";"2";"5";"0";"2";"0"
"17936";"80753505";"17936";"81";"3";"1";"7";"6";"0";"1";"2";"1";"0"
"17951";"80753505";"17951";"81";"3";"2";"1";"6";"0";"3";"1";"1";"0"
"17952";"80753505";"17952";"81";"3";"1";"7";"5";"0";"1";"1";"1";"0"
"17991";"80754208";"17991";"81";"3";"1";"7";"6";"0";"1";"1";"1";"0"
"18045";"80755306";"18045";"81";"1";"1";"7";"4";"0";"0";"1";"3";"0"
"18064";"80755407";"18064";"81";"3";"1";"7";"6";"0";"4";"0";"1";"0"
"18074";"80755408";"18074";"81";"3";"1";"2";"6";"1";"0";"1";"2";"0"
"18119";"80757101";"18119";"81";"3";"1";"7";"6";"0";"2";"2";"1";"0"
"18165";"80761201";"18165";"81";"3";"1";"7";"6";"0";"2";"0";"1";"0"
"18199";"80761301";"8291";"81";"1";"1";"7";"2";"0";"1";"1";"1";"0"
"18200";"80761301";"18200";"81";"5";"1";"7";"6";"1";"0";"1";"2";"0"
"18221";"80761306";"18221";"81";"3";"1";"7";"6";"1";"1";"0";"2";"0"
"18224";"80761306";"18224";"81";"3";"1";"7";"6";"0";"1";"1";"1";"0"
"18227";"80761306";"18227";"81";"1";"1";"7";"4";"0";"1";"1";"1";"0"
"18228";"80761306";"18228";"81";"3";"1";"7";"6";"0";"3";"1";"1";"0"
"18244";"80761506";"18244";"81";"3";"1";"7";"0";"0";"1";"0";"1";"0"
"18259";"80762104";"18259";"81";"3";"1";"7";"6";"0";"2";"2";"1";"0"
"18260";"80762104";"18260";"81";"3";"3";"1";"6";"0";"1";"1";"1";"0"
"18271";"80762108";"18271";"81";"3";"1";"7";"6";"0";"1";"5";"1";"0"
"18277";"80762108";"18277";"81";"3";"1";"7";"6";"0";"2";"0";"3";"0"
"18281";"80762108";"18281";"81";"3";"1";"7";"6";"1";"1";"2";"2";"0"
"18286";"80762109";"18286";"81";"3";"1";"7";"6";"0";"1";"1";"1";"0"
"18289";"80762109";"18289";"81";"3";"1";"7";"6";"0";"3";"0";"1";"0"
"18312";"80762403";"18312";"81";"3";"1";"7";"6";"0";"2";"0";"1";"0"
"18325";"80762406";"18325";"81";"3";"1";"7";"6";"0";"1";"1";"1";"0"
"18353";"80763410";"18353";"81";"3";"1";"7";"2";"0";"1";"1";"1";"0"
"18365";"80764102";"18365";"81";"3";"1";"7";"6";"1";"1";"1";"2";"0"
"18401";"80764204";"18401";"81";"2";"1";"7";"6";"0";"1";"0";"1";"0"
"18409";"80764302";"18409";"81";"3";"1";"7";"2";"0";"1";"1";"1";"0"
"18461";"80765203";"18461";"81";"3";"1";"7";"6";"0";"1";"3";"1";"0"
"18470";"80765304";"18470";"81";"3";"1";"7";"6";"0";"1";"1";"1";"0"
"18496";"80765404";"18496";"81";"3";"6";"1";"6";"0";"1";"1";"1";"0"
"18513";"80765406";"18513";"81";"3";"1";"1";"6";"0";"0";"1";"0";"0"
"18546";"80767208";"18546";"81";"3";"1";"7";"6";"0";"2";"1";"1";"0"
"18566";"80771302";"18566";"81";"3";"1";"7";"6";"0";"1";"1";"1";"0"
"18583";"80772313";"18583";"81";"5";"1";"7";"6";"0";"1";"1";"1";"0"
"18604";"80773112";"18604";"81";"3";"1";"7";"8";"0";"2";"0";"1";"0"
"18638";"80774402";"18638";"81";"3";"1";"7";"0";"0";"1";"0";"1";"0"
"18643";"80774504";"18643";"81";"3";"1";"7";"0";"0";"0";"0";"3";"0"
"18653";"80774505";"18653";"81";"3";"1";"7";"6";"1";"1";"2";"2";"0"
"18699";"80775101";"18699";"81";"1";"1";"7";"6";"0";"1";"1";"1";"0"
"18703";"80775101";"18703";"81";"3";"1";"7";"2";"0";"2";"1";"1";"0"
"18708";"80775101";"18708";"81";"3";"1";"7";"6";"0";"3";"0";"1";"0"
"18739";"80776305";"18739";"81";"3";"1";"7";"6";"0";"3";"0";"1";"0"
"18751";"80777417";"18751";"81";"3";"3";"1";"6";"1";"1";"1";"2";"0"
"18776";"80782303";"18776";"81";"3";"3";"1";"6";"0";"2";"1";"1";"0"
"18792";"80783406";"18792";"81";"1";"1";"7";"6";"0";"1";"0";"1";"0"
"18819";"80784406";"18819";"81";"3";"1";"7";"2";"0";"1";"1";"1";"0"
"18862";"80785315";"18862";"81";"1";"1";"7";"2";"0";"1";"1";"1";"0"
"18913";"80786407";"18913";"81";"3";"1";"7";"6";"0";"1";"0";"1";"0"
"18935";"80793505";"18935";"81";"3";"1";"7";"6";"0";"1";"1";"1";"0"
"18941";"80793505";"18941";"81";"3";"1";"7";"6";"0";"1";"2";"1";"0"
"18943";"80793505";"18943";"81";"3";"1";"7";"6";"0";"1";"1";"1";"0"
"18993";"80797401";"18993";"81";"3";"1";"7";"0";"0";"1";"0";"1";"0"
"19002";"80797403";"19002";"81";"3";"1";"1";"0";"1";"0";"0";"2";"0"
"19031";"80797508";"19031";"81";"1";"1";"7";"6";"0";"1";"2";"1";"0"
"19088";"80807107";"19088";"81";"3";"1";"1";"6";"0";"1";"1";"1";"0"
"19097";"80807208";"19097";"81";"2";"3";"1";"6";"1";"0";"1";"2";"0"
"19109";"80813101";"19109";"81";"1";"1";"7";"5";"2";"0";"1";"2";"0"
"28732";"87803305";"28732";"81";"3";"1";"7";"6";"0";"1";"1";"1";"0"
"28770";"87804405";"28770";"81";"1";"1";"7";"3";"0";"1";"1";"1";"0"
"28778";"87805301";"28778";"81";"3";"1";"7";"6";"0";"1";"2";"1";"0"
"28787";"87805306";"28787";"81";"3";"1";"7";"6";"1";"0";"0";"2";"0"
"28806";"87806205";"28806";"81";"3";"1";"7";"6";"0";"1";"1";"1";"0"
"28862";"87811202";"28862";"81";"5";"3";"2";"6";"0";"1";"1";"1";"0"
"28992";"87813205";"28992";"81";"3";"1";"7";"4";"0";"1";"1";"1";"0"
"29051";"87813501";"29051";"81";"1";"1";"7";"4";"0";"1";"1";"1";"0"
"29144";"87821502";"29144";"81";"2";"1";"1";"5";"0";"2";"4";"1";"0"
"29157";"87822105";"29157";"81";"3";"1";"7";"6";"1";"3";"0";"2";"0"
"29270";"87831102";"29270";"81";"1";"1";"7";"6";"0";"2";"3";"1";"0"
"29272";"87831201";"29272";"81";"3";"1";"7";"6";"0";"1";"2";"1";"0"
"29285";"87833308";"29285";"81";"1";"1";"7";"6";"0";"1";"2";"1";"0"
"29378";"87837203";"29378";"81";"3";"1";"7";"6";"0";"2";"0";"1";"0"
"29382";"87837203";"29382";"81";"1";"1";"7";"6";"0";"3";"1";"1";"0"
"29383";"87837203";"29383";"81";"3";"1";"7";"6";"0";"1";"3";"1";"0"
"29506";"88746204";"29506";"81";"1";"1";"7";"6";"1";"1";"1";"2";"0"
"29509";"88754403";"29509";"81";"1";"1";"7";"3";"1";"0";"1";"2";"0"
"29737";"89734403";"29737";"81";"1";"6";"1";"6";"0";"1";"1";"1";"0"
"29804";"89841512";"29804";"81";"1";"1";"7";"6";"0";"1";"1";"1";"0"
"4879";"43161";"4879";"81";"1";"1";"7";"0";"0";"1";"0";"1";"0"
"4906";"43233";"4906";"81";"3";"1";"7";"6";"0";"1";"0";"1";"0"
"4912";"43265";"4912";"81";"1";"3";"1";"6";"0";"1";"0";"1";"0"
"4935";"43305";"4935";"81";"1";"1";"7";"5";"1";"0";"1";"2";"0"
"4987";"43461";"4987";"81";"5";"1";"7";"6";"0";"2";"0";"1";"0"
"5074";"44556";"5074";"81";"3";"1";"7";"2";"1";"0";"1";"2";"0"
"5093";"45183";"5093";"81";"3";"1";"7";"6";"0";"2";"2";"1";"0"
"5116";"45254";"5116";"81";"1";"1";"7";"6";"0";"1";"1";"1";"0"
"5119";"45254";"5119";"81";"3";"1";"7";"6";"0";"1";"4";"1";"0"
"5149";"45331";"5149";"81";"1";"1";"7";"6";"1";"1";"0";"2";"0"
"5157";"45352";"5157";"81";"1";"1";"7";"6";"0";"1";"0";"1";"0"
"5162";"45382";"5162";"81";"3";"1";"7";"0";"2";"0";"0";"2";"0"
"5164";"45382";"5164";"81";"3";"1";"7";"6";"0";"3";"0";"1";"0"
"5183";"45386";"5183";"81";"3";"1";"7";"5";"0";"2";"0";"1";"0"
"5198";"45390";"5198";"81";"5";"1";"7";"0";"0";"1";"0";"1";"0"
"5206";"45394";"5206";"81";"3";"1";"7";"6";"1";"2";"0";"2";"0"
"5220";"45401";"5220";"81";"2";"1";"7";"6";"0";"1";"1";"1";"0"
"5227";"45420";"5227";"81";"3";"3";"1";"6";"0";"1";"1";"1";"0"
"5239";"45424";"5239";"81";"1";"1";"7";"6";"0";"1";"2";"1";"0"
"5245";"45440";"5245";"81";"3";"3";"7";"6";"1";"2";"0";"2";"0"
"5264";"45469";"5264";"81";"2";"1";"7";"0";"0";"1";"0";"1";"0"
"5265";"45476";"5265";"81";"1";"1";"7";"0";"0";"1";"0";"1";"0"
"5277";"45487";"5277";"81";"3";"1";"7";"6";"0";"1";"1";"1";"0"
"5284";"45505";"5284";"81";"1";"1";"7";"0";"0";"1";"0";"1";"0"
"5296";"45530";"5296";"81";"5";"1";"7";"6";"0";"1";"1";"1";"0"
"5316";"45650";"5316";"81";"3";"1";"7";"6";"0";"3";"1";"1";"0"
"5418";"46373";"5418";"81";"3";"1";"7";"2";"0";"2";"1";"1";"0"
"5475";"46472";"5475";"81";"3";"1";"7";"2";"0";"1";"1";"1";"0"
"5500";"46671";"5500";"81";"1";"1";"7";"1";"0";"0";"1";"3";"0"
"5543";"47374";"5543";"81";"1";"1";"7";"2";"0";"1";"1";"1";"0"
"5574";"47468";"5574";"81";"1";"1";"7";"6";"0";"2";"0";"1";"0"
"5583";"47487";"5583";"81";"1";"3";"1";"6";"0";"1";"1";"1";"0"
"5591";"47502";"5591";"81";"3";"3";"2";"6";"0";"1";"2";"1";"0"
"5599";"47523";"5599";"81";"1";"1";"7";"6";"1";"0";"0";"2";"0"
"5617";"47533";"5617";"81";"3";"1";"7";"6";"0";"2";"0";"1";"0"
"5618";"47533";"5618";"81";"3";"2";"2";"0";"0";"0";"0";"3";"0"
"5623";"47533";"5623";"81";"3";"4";"2";"6";"1";"0";"1";"2";"0"
"5627";"47533";"5627";"81";"3";"3";"1";"0";"0";"1";"0";"1";"0"
"5645";"47534";"5645";"81";"1";"1";"7";"0";"1";"0";"0";"2";"0"
"5652";"47534";"5652";"81";"1";"2";"1";"2";"0";"1";"1";"1";"0"
"5664";"47544";"5664";"81";"1";"1";"7";"0";"0";"1";"0";"1";"0"
"5680";"47608";"5680";"81";"3";"1";"7";"0";"1";"0";"0";"3";"0"
"5688";"47618";"5688";"81";"3";"1";"7";"6";"0";"5";"0";"1";"0"
"5700";"47620";"5700";"81";"3";"1";"7";"0";"1";"0";"0";"2";"0"
"5709";"47629";"5709";"81";"3";"1";"7";"0";"0";"1";"0";"1";"0"
"5733";"47640";"5733";"81";"1";"1";"7";"0";"0";"1";"0";"1";"0"
"5747";"47643";"5747";"81";"1";"1";"7";"0";"0";"1";"0";"1";"0"
"5750";"47662";"5750";"81";"1";"1";"7";"0";"0";"0";"0";"3";"0"
"5757";"47701";"5757";"81";"1";"1";"7";"2";"1";"0";"1";"2";"0"
"5769";"48299";"5769";"81";"3";"7";"1";"6";"0";"1";"0";"1";"0"
"5812";"48569";"5812";"81";"3";"1";"7";"2";"1";"0";"1";"2";"0"
"5908";"48839";"5908";"81";"3";"2";"1";"6";"0";"1";"0";"1";"0"
"5945";"48862";"5945";"81";"3";"3";"1";"0";"1";"0";"0";"2";"0"
"5946";"48862";"5946";"81";"3";"3";"1";"6";"2";"0";"0";"2";"0"
"5957";"48919";"5957";"81";"1";"1";"7";"6";"0";"3";"0";"1";"0"
"5982";"48933";"5982";"81";"3";"3";"2";"6";"0";"1";"1";"1";"0"
"5984";"48933";"5984";"81";"3";"3";"1";"2";"1";"0";"1";"2";"0"
"5994";"49028";"5994";"81";"3";"1";"7";"6";"0";"1";"1";"1";"0"
"6000";"49056";"6000";"81";"3";"3";"1";"6";"0";"1";"1";"1";"0"
"6012";"49063";"6012";"81";"3";"3";"1";"6";"0";"1";"1";"1";"0"
"6014";"49063";"6014";"81";"1";"2";"1";"6";"0";"1";"0";"1";"0"
"6016";"49063";"6016";"81";"3";"1";"7";"0";"1";"1";"0";"2";"0"
"6019";"49065";"6019";"81";"3";"1";"7";"6";"0";"1";"0";"1";"0"
"6022";"49066";"6022";"81";"3";"1";"7";"6";"2";"0";"0";"2";"0"
"6046";"49067";"6046";"81";"3";"1";"4";"6";"0";"2";"0";"1";"0"
"6060";"49071";"6060";"81";"1";"4";"2";"6";"0";"2";"0";"1";"0"
"6080";"49207";"6080";"81";"5";"1";"7";"7";"0";"1";"1";"1";"0"
"6081";"49209";"6081";"81";"2";"1";"7";"9";"1";"0";"0";"2";"0"
"6109";"49422";"6109";"81";"3";"1";"7";"0";"0";"0";"0";"3";"0"
"6120";"49442";"6120";"81";"4";"1";"1";"6";"0";"1";"1";"1";"0"
"6139";"49635";"6139";"81";"3";"5";"3";"6";"0";"1";"1";"1";"0"
"6151";"49690";"6151";"81";"3";"1";"7";"6";"0";"3";"0";"1";"0"
"6174";"50184";"6174";"81";"1";"1";"7";"6";"1";"2";"0";"2";"0"
"6199";"50216";"6199";"81";"3";"1";"1";"6";"0";"1";"1";"1";"0"
"6268";"51095";"6268";"81";"5";"1";"7";"0";"1";"0";"0";"2";"0"
"6295";"51890";"6295";"81";"3";"1";"1";"6";"0";"1";"0";"1";"0"
"6302";"51922";"6302";"81";"3";"1";"7";"3";"1";"0";"1";"2";"0"
"6384";"52221";"6384";"81";"2";"2";"1";"6";"0";"1";"1";"1";"0"
"6408";"52863";"6408";"81";"1";"1";"7";"0";"1";"0";"0";"2";"0"
"6425";"53009";"6425";"81";"3";"1";"7";"0";"0";"1";"0";"1";"0"
"6442";"53036";"6442";"81";"3";"1";"7";"0";"2";"0";"0";"2";"0"
"6449";"53083";"6449";"81";"3";"1";"7";"0";"0";"1";"0";"1";"0"
"6467";"53088";"6467";"81";"3";"1";"7";"6";"1";"2";"0";"2";"0"
"6548";"54219";"6548";"81";"1";"1";"7";"7";"0";"1";"1";"1";"0"
"6555";"54226";"6555";"81";"1";"1";"7";"0";"0";"1";"0";"1";"0"
"6648";"55846";"6648";"81";"3";"1";"7";"4";"0";"1";"1";"1";"0"
"6664";"57085";"6664";"81";"3";"1";"7";"0";"1";"0";"1";"2";"0"
"6669";"57099";"6669";"81";"1";"1";"7";"1";"1";"0";"1";"2";"0"
"6672";"57820";"6672";"81";"5";"1";"1";"0";"0";"4";"0";"1";"0"
"6674";"57823";"6674";"81";"5";"1";"7";"0";"1";"0";"0";"2";"0"
"6681";"57842";"6681";"81";"3";"3";"1";"6";"0";"0";"1";"3";"0"
"6689";"57878";"6689";"81";"1";"1";"7";"0";"0";"0";"0";"3";"0"
"6693";"57900";"6693";"81";"1";"1";"7";"6";"1";"1";"1";"2";"0"
"6719";"58678";"6719";"81";"1";"1";"7";"0";"0";"1";"0";"1";"0"
"6734";"58773";"6734";"81";"1";"1";"7";"2";"0";"1";"1";"1";"0"
"6759";"58844";"6759";"81";"3";"1";"7";"7";"0";"1";"1";"1";"0"
"6762";"58873";"6762";"81";"1";"1";"7";"0";"0";"1";"0";"1";"0"
"6784";"58997";"6784";"81";"1";"1";"7";"1";"1";"0";"1";"2";"0"
"6790";"58999";"6790";"81";"3";"1";"7";"3";"1";"0";"1";"2";"0"
"6803";"59093";"6803";"81";"1";"1";"7";"7";"1";"0";"1";"2";"0"
"6816";"59776";"6816";"81";"1";"3";"2";"6";"0";"1";"1";"1";"0"
"6825";"59837";"6825";"81";"3";"1";"1";"6";"0";"1";"1";"1";"0"
"6833";"59843";"6833";"81";"1";"3";"2";"6";"1";"1";"0";"2";"0"
"6851";"59886";"6851";"81";"1";"1";"7";"4";"0";"1";"2";"1";"0"
"6899";"59968";"6899";"81";"3";"1";"7";"2";"0";"1";"1";"1";"0"
"6900";"59968";"6900";"81";"3";"1";"7";"6";"1";"4";"0";"3";"1"
"6901";"59969";"6901";"81";"3";"1";"7";"0";"0";"0";"1";"0";"0"
"6905";"59969";"6905";"81";"3";"1";"7";"6";"0";"1";"2";"1";"0"
"6908";"59969";"6908";"81";"3";"1";"7";"0";"0";"0";"0";"3";"0"
"6912";"59976";"6912";"81";"3";"3";"2";"6";"1";"0";"1";"2";"0"
"6917";"59979";"6917";"81";"1";"1";"7";"6";"0";"1";"2";"1";"0"
"6944";"60040";"6944";"81";"1";"3";"1";"6";"2";"0";"0";"2";"0"
"6947";"60041";"6947";"81";"3";"1";"7";"0";"0";"0";"0";"3";"0"
"6979";"60179";"6979";"81";"1";"1";"7";"5";"0";"1";"1";"1";"0"
"6984";"60197";"6984";"81";"5";"1";"7";"6";"2";"0";"1";"2";"0"
"6986";"60205";"6986";"81";"5";"1";"1";"0";"1";"1";"0";"2";"0"
"6997";"60236";"6997";"81";"3";"1";"1";"6";"1";"2";"0";"2";"0"
"7001";"60263";"7001";"81";"2";"1";"7";"6";"0";"2";"1";"1";"0"
"7105";"60868";"7105";"81";"3";"1";"7";"6";"0";"3";"1";"1";"0"
"7119";"60881";"7119";"81";"3";"1";"7";"2";"0";"1";"1";"1";"0"
"7229";"60974";"7229";"81";"1";"1";"7";"6";"0";"1";"1";"1";"0"
"7238";"60980";"7238";"81";"3";"3";"1";"6";"0";"1";"0";"1";"0"
"7249";"60985";"7249";"81";"3";"1";"7";"2";"0";"0";"1";"3";"0"
"7279";"61069";"7279";"81";"1";"1";"7";"1";"0";"1";"1";"1";"0"
"7296";"61083";"7296";"81";"3";"2";"1";"6";"1";"0";"1";"2";"0"
"7359";"61176";"7359";"81";"3";"1";"7";"2";"0";"1";"1";"1";"0"
"7380";"61184";"7380";"81";"1";"1";"7";"1";"0";"1";"1";"1";"0"
"7500";"61342";"7500";"81";"3";"6";"1";"6";"0";"1";"1";"1";"0"
"7535";"61363";"7535";"81";"3";"1";"7";"2";"0";"0";"1";"3";"0"
"7593";"61438";"7593";"81";"1";"1";"7";"4";"0";"1";"1";"1";"0"
"7599";"61440";"7599";"81";"5";"1";"7";"2";"1";"0";"1";"2";"0"
"7612";"61446";"7612";"81";"3";"1";"7";"0";"0";"1";"0";"1";"0"
"7637";"61477";"7637";"81";"3";"2";"1";"6";"0";"1";"3";"1";"0"
"7727";"61531";"7727";"81";"3";"1";"7";"6";"0";"1";"2";"1";"0"
"7732";"61532";"7732";"81";"3";"1";"1";"2";"0";"1";"1";"1";"0"
"7751";"61545";"7751";"81";"3";"1";"1";"6";"0";"3";"1";"1";"0"
"7825";"61682";"7825";"81";"3";"1";"7";"6";"1";"1";"3";"2";"0"
"7854";"61715";"7854";"81";"1";"1";"7";"4";"0";"1";"1";"1";"0"
"7875";"61738";"7875";"81";"3";"1";"7";"0";"1";"0";"1";"2";"0"
"7898";"61762";"7898";"81";"1";"1";"7";"2";"1";"0";"1";"2";"0"
"7915";"61764";"7915";"81";"3";"1";"7";"0";"1";"2";"0";"2";"0"
"7978";"61795";"7978";"81";"1";"1";"7";"6";"0";"1";"3";"1";"0"
"8014";"61815";"8014";"81";"3";"1";"7";"2";"0";"1";"1";"1";"0"
"8032";"61820";"8032";"81";"3";"1";"7";"2";"0";"1";"1";"1";"0"
"8036";"61824";"8036";"81";"1";"1";"7";"3";"0";"1";"1";"1";"0"
"8055";"61840";"8055";"81";"1";"1";"7";"6";"0";"3";"1";"1";"0"