"accident_id";"lieu_id";"date_id";"cause_id";"lum_id";"intemp_id";"etat_surface_id";"impliq_id";"nb_blesses_graves";"nb_blesses_legers";"nb_indemnes";"gravite";"nb_morts"
"8132";"61892";"8132";"81";"3";"3";"1";"6";"1";"1";"0";"2";"0"
"8142";"61893";"8142";"81";"1";"1";"7";"2";"0";"1";"1";"1";"0"
"8172";"61902";"8172";"81";"3";"4";"3";"6";"0";"1";"2";"1";"0"
"8192";"61907";"8192";"81";"3";"1";"7";"6";"1";"0";"1";"2";"0"
"8213";"61912";"8213";"81";"3";"2";"1";"6";"0";"1";"1";"1";"0"
"8248";"61967";"8248";"81";"3";"3";"1";"6";"0";"1";"2";"1";"0"
"8262";"62003";"8262";"81";"3";"1";"7";"6";"0";"2";"1";"1";"0"
"8266";"62004";"8266";"81";"1";"1";"7";"1";"0";"1";"0";"1";"0"
"8277";"62019";"8277";"81";"3";"1";"7";"6";"0";"1";"2";"1";"0"
"8297";"62064";"8297";"81";"3";"1";"2";"0";"0";"1";"0";"1";"0"
"8328";"62103";"8328";"81";"1";"1";"7";"6";"0";"2";"2";"1";"0"
"8339";"62111";"8339";"81";"1";"3";"2";"2";"0";"1";"1";"1";"0"
"8395";"62171";"8395";"81";"1";"1";"7";"2";"1";"0";"1";"2";"0"
"8421";"62195";"8421";"81";"1";"1";"7";"6";"1";"0";"1";"2";"0"
"8434";"62214";"8434";"81";"1";"1";"7";"6";"0";"2";"2";"1";"0"
"8473";"62221";"8473";"81";"1";"1";"7";"6";"0";"1";"1";"1";"0"
"8474";"62221";"8474";"81";"1";"1";"7";"6";"0";"1";"1";"1";"0"
"8477";"62222";"8477";"81";"1";"1";"7";"6";"0";"3";"2";"1";"0"
"8482";"62223";"8482";"81";"3";"3";"1";"0";"2";"0";"0";"2";"0"
"8496";"62248";"8496";"81";"3";"1";"7";"4";"0";"1";"1";"1";"0"
"8631";"62366";"8631";"81";"3";"1";"7";"6";"0";"1";"1";"1";"0"
"8700";"62452";"8700";"81";"1";"1";"7";"6";"0";"1";"2";"1";"0"
"8779";"62588";"8779";"81";"1";"1";"7";"0";"0";"1";"1";"1";"0"
"8788";"62603";"2103";"81";"3";"1";"7";"0";"0";"1";"0";"1";"0"
"8791";"62603";"8791";"81";"3";"1";"7";"6";"0";"1";"1";"1";"0"
"8827";"62611";"8827";"81";"3";"1";"1";"6";"0";"1";"1";"1";"0"
"8830";"62612";"8830";"81";"3";"1";"1";"6";"0";"1";"2";"1";"0"
"8865";"62646";"8865";"81";"3";"1";"7";"6";"0";"1";"0";"1";"0"
"8870";"62647";"8870";"81";"3";"1";"7";"1";"0";"3";"0";"1";"0"
"8920";"62714";"8920";"81";"3";"3";"1";"6";"1";"1";"1";"2";"0"
"8930";"62717";"8930";"81";"3";"1";"7";"6";"0";"1";"1";"1";"0"
"8958";"62748";"8958";"81";"3";"1";"7";"6";"0";"1";"4";"1";"0"
"8972";"62792";"8972";"81";"3";"1";"7";"2";"0";"1";"1";"1";"0"
"9058";"63023";"9058";"81";"3";"1";"7";"6";"2";"0";"1";"2";"0"
"9061";"63024";"9061";"81";"1";"1";"7";"6";"0";"1";"1";"1";"0"
"9078";"63036";"9078";"81";"3";"1";"1";"6";"0";"1";"0";"1";"0"
"9110";"63532";"9110";"81";"3";"3";"1";"6";"1";"0";"2";"2";"0"
"9119";"64264";"9119";"81";"1";"1";"7";"6";"1";"0";"2";"2";"0"
"9122";"64271";"9122";"81";"3";"1";"2";"0";"1";"1";"0";"2";"0"
"9139";"64333";"9139";"81";"3";"1";"2";"0";"0";"1";"0";"1";"0"
"9145";"64394";"9145";"81";"1";"3";"1";"6";"2";"2";"0";"2";"0"
"9154";"65094";"9154";"81";"1";"1";"7";"6";"0";"1";"1";"1";"0"
"9162";"65109";"9162";"81";"3";"1";"7";"6";"0";"2";"1";"1";"0"
"9181";"65875";"9181";"81";"3";"3";"1";"6";"0";"2";"0";"1";"0"
"9192";"65900";"9192";"81";"3";"3";"1";"6";"1";"3";"5";"3";"1"
"9208";"65908";"9208";"81";"3";"1";"7";"6";"0";"1";"1";"1";"0"
"9223";"65916";"9223";"81";"3";"1";"1";"6";"0";"1";"1";"1";"0"
"9249";"65967";"9249";"81";"3";"1";"7";"0";"0";"1";"0";"1";"0"
"9263";"66000";"9263";"81";"3";"1";"1";"6";"1";"0";"4";"2";"0"
"9341";"66165";"9341";"81";"3";"3";"2";"6";"2";"0";"0";"2";"0"
"9343";"66165";"9343";"81";"3";"4";"2";"6";"0";"1";"7";"1";"0"
"9346";"66165";"9346";"81";"3";"1";"7";"6";"0";"1";"1";"1";"0"
"9360";"66859";"9360";"81";"2";"1";"7";"6";"0";"1";"1";"3";"0"
"9361";"66923";"9361";"81";"1";"1";"7";"0";"2";"0";"0";"2";"0"
"9362";"66927";"9362";"81";"5";"3";"1";"6";"0";"2";"1";"1";"0"
"9367";"67517";"9367";"81";"1";"3";"2";"6";"3";"1";"0";"2";"0"
"9376";"67566";"9376";"81";"3";"1";"2";"5";"2";"0";"2";"2";"0"
"9390";"67628";"9390";"81";"5";"1";"7";"6";"1";"2";"0";"2";"0"
"9419";"68515";"9419";"81";"1";"1";"7";"8";"1";"0";"0";"2";"0"
"9434";"68553";"9434";"81";"3";"1";"7";"6";"0";"2";"2";"1";"0"
"9438";"68553";"9438";"81";"3";"1";"7";"0";"0";"1";"0";"1";"0"
"9457";"68592";"9457";"81";"1";"6";"1";"4";"0";"1";"1";"1";"0"
"9460";"68593";"9460";"81";"5";"3";"2";"9";"1";"0";"0";"3";"0"
"9462";"68598";"9462";"81";"2";"3";"2";"0";"0";"2";"0";"1";"0"
"9469";"68674";"9469";"81";"3";"1";"7";"6";"0";"1";"1";"1";"0"
"9482";"68699";"9482";"81";"1";"3";"1";"6";"1";"0";"1";"2";"0"
"9509";"68899";"9509";"81";"1";"1";"7";"7";"0";"2";"1";"1";"0"
"9515";"68957";"9515";"81";"1";"1";"7";"0";"0";"1";"0";"1";"0"
"9520";"68966";"9520";"81";"3";"1";"7";"6";"0";"1";"1";"1";"0"
"9524";"68967";"9524";"81";"3";"1";"4";"6";"0";"2";"0";"1";"0"
"9527";"68991";"9527";"81";"3";"1";"7";"2";"0";"1";"1";"1";"0"
"9558";"69552";"9558";"81";"3";"1";"7";"4";"1";"0";"1";"2";"0"
"9578";"69687";"9578";"81";"3";"1";"7";"6";"2";"0";"0";"2";"0"
"9582";"69693";"9582";"81";"3";"1";"7";"6";"0";"4";"0";"1";"0"
"104";"633";"104";"81";"3";"1";"7";"0";"1";"0";"0";"2";"0"
"126";"694";"126";"81";"3";"4";"3";"6";"0";"3";"1";"1";"0"
"217";"860";"217";"81";"3";"1";"7";"6";"1";"4";"0";"3";"1"
"223";"884";"223";"81";"2";"1";"2";"6";"0";"1";"1";"1";"0"
"247";"938";"247";"81";"1";"1";"7";"6";"0";"1";"3";"1";"0"
"273";"1062";"273";"81";"1";"1";"7";"0";"0";"2";"0";"1";"0"
"275";"1080";"275";"81";"1";"1";"7";"6";"0";"2";"0";"1";"0"
"302";"1219";"302";"81";"3";"1";"7";"0";"0";"1";"1";"1";"0"
"303";"1220";"303";"81";"5";"1";"7";"2";"0";"1";"1";"1";"0"
"310";"1242";"310";"81";"3";"3";"1";"2";"0";"0";"1";"3";"0"
"393";"1606";"393";"81";"3";"1";"7";"7";"0";"1";"1";"1";"0"
"408";"1723";"408";"81";"3";"1";"7";"6";"0";"1";"1";"1";"0"
"419";"1956";"419";"81";"3";"1";"7";"6";"0";"2";"2";"1";"0"
"428";"2083";"428";"81";"5";"1";"2";"6";"1";"1";"5";"3";"2"
"440";"2206";"440";"81";"3";"1";"7";"2";"0";"1";"1";"1";"0"
"449";"2745";"449";"81";"3";"1";"7";"0";"1";"0";"1";"2";"0"
"455";"3378";"455";"81";"2";"1";"7";"6";"0";"0";"2";"3";"0"
"469";"3470";"469";"81";"1";"1";"7";"2";"0";"1";"1";"1";"0"
"477";"3499";"477";"81";"1";"1";"7";"6";"0";"1";"1";"1";"0"
"483";"3516";"483";"81";"3";"1";"7";"6";"0";"1";"3";"1";"0"
"484";"3527";"484";"81";"2";"1";"7";"3";"0";"1";"1";"1";"0"
"491";"3533";"491";"81";"3";"2";"1";"2";"0";"0";"1";"3";"0"
"496";"3534";"496";"81";"3";"3";"1";"6";"0";"4";"0";"1";"0"
"499";"3550";"499";"81";"3";"1";"7";"0";"0";"1";"0";"1";"0"
"515";"3592";"515";"81";"3";"1";"7";"6";"1";"0";"1";"2";"0"
"522";"3617";"522";"81";"3";"1";"7";"6";"1";"0";"1";"2";"0"
"540";"3651";"540";"81";"1";"1";"7";"6";"0";"3";"0";"1";"0"
"545";"3654";"545";"81";"3";"1";"7";"6";"0";"2";"0";"1";"0"
"549";"3663";"549";"81";"3";"3";"1";"6";"1";"0";"1";"2";"0"
"555";"3682";"555";"81";"5";"1";"7";"6";"0";"2";"2";"1";"0"
"557";"3682";"557";"81";"3";"1";"7";"0";"1";"2";"0";"2";"0"
"561";"3689";"561";"81";"1";"1";"7";"6";"0";"1";"1";"1";"0"
"562";"3717";"562";"81";"3";"1";"7";"6";"1";"2";"1";"2";"0"
"573";"3832";"573";"81";"1";"1";"7";"6";"1";"0";"1";"2";"0"
"593";"3861";"593";"81";"3";"1";"7";"6";"0";"2";"0";"1";"0"
"594";"3861";"594";"81";"3";"1";"7";"6";"1";"0";"1";"2";"0"
"601";"4009";"601";"81";"3";"1";"7";"6";"3";"2";"1";"2";"0"
"610";"4052";"610";"81";"1";"1";"7";"6";"0";"1";"1";"1";"0"
"612";"4052";"612";"81";"3";"1";"7";"3";"0";"1";"1";"1";"0"
"618";"4665";"618";"81";"1";"1";"7";"0";"1";"0";"0";"2";"0"
"621";"4722";"621";"81";"3";"3";"1";"0";"0";"2";"0";"1";"0"
"623";"4732";"623";"81";"3";"1";"7";"9";"0";"0";"1";"3";"0"
"624";"4829";"624";"81";"1";"1";"7";"0";"1";"0";"1";"2";"0"
"625";"4833";"625";"81";"3";"6";"1";"2";"0";"0";"1";"3";"0"
"646";"4880";"646";"81";"5";"2";"1";"4";"0";"3";"0";"1";"0"
"655";"5438";"655";"81";"3";"1";"2";"0";"1";"0";"1";"2";"0"
"658";"5475";"658";"81";"3";"1";"7";"6";"0";"2";"2";"1";"0"
"670";"5522";"670";"81";"1";"1";"7";"6";"1";"0";"1";"2";"0"
"686";"5610";"686";"81";"3";"1";"7";"6";"1";"0";"1";"2";"0"
"754";"7172";"754";"81";"3";"3";"1";"0";"1";"0";"0";"3";"0"
"825";"8225";"825";"81";"3";"1";"7";"2";"0";"1";"1";"1";"0"
"869";"8301";"869";"81";"2";"1";"7";"6";"1";"0";"1";"2";"0"
"875";"8304";"875";"81";"3";"1";"1";"0";"0";"0";"0";"3";"0"
"879";"8305";"879";"81";"3";"1";"7";"0";"0";"0";"0";"3";"0"
"882";"8988";"882";"81";"5";"1";"7";"0";"1";"0";"0";"2";"0"
"887";"9001";"887";"81";"1";"1";"7";"0";"0";"0";"0";"3";"0"
"908";"10415";"908";"81";"1";"1";"7";"6";"1";"0";"1";"2";"0"
"930";"10463";"930";"81";"1";"1";"7";"6";"1";"1";"0";"2";"0"
"941";"10471";"941";"81";"3";"1";"7";"0";"0";"2";"0";"1";"0"
"944";"10474";"944";"81";"3";"3";"1";"6";"1";"5";"0";"2";"0"
"945";"10474";"945";"81";"1";"1";"7";"6";"0";"2";"1";"3";"1"
"947";"10481";"947";"81";"1";"1";"7";"6";"0";"1";"1";"1";"0"
"953";"10488";"953";"81";"2";"2";"2";"0";"1";"0";"0";"2";"0"
"956";"10511";"956";"81";"3";"1";"7";"2";"1";"1";"1";"2";"0"
"959";"10516";"959";"81";"1";"2";"1";"6";"0";"2";"1";"1";"0"
"963";"10541";"963";"81";"3";"3";"1";"6";"0";"1";"2";"1";"0"
"970";"11304";"970";"81";"3";"1";"7";"6";"0";"1";"0";"1";"0"
"977";"11332";"977";"81";"1";"1";"7";"6";"1";"0";"1";"2";"0"
"984";"12022";"984";"81";"3";"3";"2";"6";"0";"1";"1";"1";"0"
"990";"12024";"990";"81";"5";"3";"2";"0";"0";"3";"0";"1";"0"
"1019";"12212";"1019";"81";"1";"1";"7";"6";"0";"1";"1";"1";"0"
"1062";"12565";"1062";"81";"3";"7";"1";"6";"0";"2";"0";"1";"0"
"1067";"12592";"1067";"81";"1";"3";"1";"6";"1";"1";"0";"2";"0"
"1187";"13428";"1187";"81";"1";"1";"7";"6";"0";"4";"0";"1";"0"
"1304";"14407";"1304";"81";"3";"1";"7";"6";"1";"0";"1";"2";"0"
"1312";"14564";"1312";"81";"5";"1";"7";"6";"1";"0";"1";"2";"0"
"1318";"15160";"1318";"81";"5";"1";"7";"0";"0";"2";"0";"1";"0"
"1321";"15169";"1321";"81";"3";"1";"7";"6";"0";"2";"0";"1";"0"
"1349";"15925";"1349";"81";"1";"1";"7";"6";"0";"2";"1";"1";"0"
"1359";"16611";"1359";"81";"5";"1";"7";"0";"1";"0";"0";"2";"0"
"1360";"16611";"1360";"81";"1";"1";"7";"0";"1";"0";"0";"2";"0"
"1363";"16649";"1363";"81";"5";"1";"7";"0";"0";"1";"0";"1";"0"
"1385";"17328";"1385";"81";"5";"1";"7";"0";"1";"0";"1";"2";"0"
"1388";"17959";"1388";"81";"3";"1";"7";"6";"1";"0";"0";"2";"0"
"1392";"17961";"1392";"81";"3";"1";"7";"0";"0";"0";"0";"3";"0"
"1394";"17963";"1394";"81";"1";"1";"7";"1";"1";"0";"1";"2";"0"
"1397";"17965";"1397";"81";"3";"1";"7";"0";"0";"1";"0";"1";"0"
"1400";"17966";"1400";"81";"1";"2";"2";"0";"0";"2";"4";"1";"0"
"1402";"17980";"1402";"81";"3";"2";"2";"2";"1";"0";"1";"2";"0"
"1425";"18024";"1425";"81";"1";"1";"7";"0";"1";"0";"0";"2";"0"
"1428";"18026";"1428";"81";"5";"1";"7";"0";"1";"0";"2";"2";"0"
"1442";"19471";"1442";"81";"3";"1";"7";"6";"1";"0";"0";"2";"0"
"1452";"19618";"1452";"81";"2";"1";"7";"6";"1";"0";"1";"2";"0"
"1493";"21237";"1493";"81";"5";"1";"7";"6";"1";"3";"0";"2";"0"
"1499";"21238";"1499";"81";"1";"1";"7";"6";"1";"1";"0";"2";"0"
"1504";"21258";"1504";"81";"5";"1";"7";"0";"0";"2";"1";"1";"0"
"1511";"21273";"1511";"81";"5";"1";"7";"6";"0";"1";"5";"1";"0"
"1516";"21908";"1516";"81";"5";"1";"7";"6";"0";"3";"6";"1";"0"
"1525";"21943";"1525";"81";"2";"3";"2";"4";"0";"1";"0";"3";"0"
"1529";"21945";"1529";"81";"1";"1";"7";"7";"0";"1";"1";"1";"0"
"1537";"22063";"1537";"81";"1";"1";"7";"0";"1";"1";"1";"2";"0"
"1551";"22750";"1551";"81";"1";"1";"7";"0";"0";"1";"0";"1";"0"
"1552";"22750";"1552";"81";"1";"1";"7";"0";"0";"1";"0";"1";"0"
"1554";"22750";"1554";"81";"3";"1";"7";"0";"0";"1";"0";"1";"0"
"1556";"22751";"1556";"81";"5";"1";"7";"7";"0";"1";"1";"1";"0"
"1568";"22787";"1568";"81";"1";"2";"1";"0";"0";"1";"0";"1";"0"
"1593";"24222";"1593";"81";"3";"1";"1";"6";"4";"0";"1";"3";"1"
"1594";"24235";"1594";"81";"3";"1";"7";"6";"0";"1";"1";"1";"0"
"1597";"24249";"1597";"81";"1";"1";"7";"4";"0";"1";"1";"1";"0"
"1600";"24274";"1600";"81";"1";"1";"1";"6";"0";"2";"1";"1";"0"
"1611";"24941";"1611";"81";"3";"1";"7";"0";"0";"1";"0";"1";"0"
"1640";"25205";"1640";"81";"1";"1";"7";"6";"1";"1";"0";"3";"0"
"1647";"25209";"1647";"81";"3";"1";"7";"6";"1";"1";"0";"2";"0"
"1656";"25213";"1656";"81";"3";"3";"1";"6";"0";"3";"2";"1";"0"
"1661";"25222";"1661";"81";"1";"1";"7";"6";"0";"1";"1";"1";"0"
"1681";"25271";"1681";"81";"3";"2";"1";"6";"0";"1";"2";"1";"0"
"1700";"25346";"1700";"81";"2";"7";"7";"6";"0";"1";"1";"1";"0"
"1707";"25353";"1707";"81";"3";"1";"7";"0";"0";"1";"0";"1";"0"
"1716";"25420";"1716";"81";"1";"1";"7";"6";"0";"1";"1";"1";"0"
"1735";"25650";"1735";"81";"3";"1";"7";"0";"0";"1";"0";"1";"0"
"1738";"26159";"1738";"81";"1";"1";"7";"0";"1";"0";"0";"2";"0"
"1785";"26931";"1785";"81";"3";"1";"7";"6";"0";"2";"2";"1";"0"
"1794";"26938";"1794";"81";"3";"1";"7";"0";"0";"1";"0";"1";"0"
"1795";"26940";"1795";"81";"3";"1";"7";"6";"0";"1";"0";"1";"0"
"1804";"26986";"1804";"81";"3";"1";"7";"3";"0";"1";"0";"1";"0"
"1824";"27091";"1824";"81";"3";"1";"7";"0";"1";"0";"0";"2";"0"
"1928";"28006";"1928";"81";"3";"1";"7";"0";"0";"1";"0";"1";"0"
"1943";"28078";"1943";"81";"1";"1";"7";"6";"0";"1";"1";"1";"0"
"1948";"28106";"1948";"81";"1";"1";"7";"0";"0";"0";"0";"3";"0"
"1950";"28119";"1950";"81";"1";"1";"7";"6";"0";"1";"1";"1";"0"
"1969";"28179";"1969";"81";"3";"3";"1";"6";"0";"2";"1";"1";"0"
"1970";"28179";"1970";"81";"3";"3";"1";"0";"0";"1";"4";"1";"0"
"1972";"28179";"1972";"81";"3";"1";"7";"0";"0";"3";"0";"3";"0"
"1994";"28293";"1994";"81";"3";"1";"7";"0";"0";"2";"1";"1";"0"
"2012";"28327";"2012";"81";"3";"1";"7";"6";"0";"1";"1";"1";"0"
"2070";"29040";"2070";"81";"3";"1";"5";"6";"0";"2";"1";"1";"0"
"2121";"29119";"2121";"81";"1";"1";"7";"6";"1";"0";"1";"2";"0"
"2165";"29213";"2165";"81";"3";"1";"7";"6";"0";"2";"1";"1";"0"
"2203";"29240";"2203";"81";"3";"1";"7";"6";"1";"0";"1";"2";"0"
"2218";"29255";"2218";"81";"1";"1";"7";"6";"0";"1";"1";"1";"0"
"2257";"29522";"2257";"81";"5";"3";"1";"6";"0";"0";"2";"3";"0"
"2308";"30347";"2308";"81";"3";"1";"7";"0";"0";"2";"0";"1";"0"
"2309";"30353";"2309";"81";"5";"1";"7";"0";"0";"2";"1";"1";"0"
"2327";"31745";"2327";"81";"3";"1";"7";"9";"0";"0";"1";"3";"0"
"2336";"31809";"2336";"81";"5";"1";"1";"0";"0";"1";"0";"1";"0"
"2338";"31809";"2338";"81";"1";"3";"1";"0";"1";"0";"0";"2";"0"
"2342";"31867";"2342";"81";"3";"1";"7";"0";"0";"1";"1";"1";"0"
"2356";"31933";"2356";"81";"1";"1";"7";"6";"1";"0";"1";"2";"0"
"2360";"31939";"2360";"81";"3";"1";"7";"0";"1";"0";"0";"2";"0"
"2368";"31977";"2368";"81";"3";"1";"7";"2";"0";"1";"1";"1";"0"
"2380";"32099";"2380";"81";"3";"1";"7";"0";"0";"1";"0";"1";"0"
"2389";"32710";"2389";"81";"2";"3";"1";"6";"0";"2";"3";"1";"0"
"2393";"32711";"2393";"81";"5";"3";"1";"4";"1";"0";"1";"2";"0"
"2396";"32711";"2396";"81";"5";"1";"7";"6";"1";"0";"0";"2";"0"
"2401";"32753";"2401";"81";"5";"3";"1";"0";"1";"0";"0";"2";"0"
"2431";"33441";"2431";"81";"3";"1";"7";"6";"0";"1";"1";"1";"0"
"2440";"33446";"2440";"81";"3";"3";"1";"6";"0";"1";"2";"1";"0"
"2452";"33460";"2452";"81";"1";"1";"7";"6";"0";"1";"1";"1";"0"
"2494";"33640";"2494";"81";"1";"1";"7";"0";"0";"1";"1";"1";"0"
"2495";"33641";"2495";"81";"3";"1";"7";"3";"0";"1";"1";"1";"0"
"2544";"33775";"2544";"81";"3";"3";"2";"6";"0";"2";"0";"1";"0"
"2580";"34066";"2580";"81";"3";"3";"1";"6";"0";"2";"1";"1";"0"
"2643";"35497";"2643";"81";"1";"1";"7";"6";"0";"4";"0";"1";"0"
"2644";"35499";"2644";"81";"3";"1";"7";"6";"1";"0";"1";"2";"0"
"2705";"35823";"2705";"81";"1";"3";"1";"3";"0";"1";"1";"1";"0"
"2716";"35843";"2716";"81";"3";"1";"7";"6";"0";"1";"2";"1";"0"
"2743";"36509";"2743";"81";"1";"1";"7";"4";"1";"0";"1";"2";"0"
"2753";"36631";"2753";"81";"1";"1";"7";"3";"0";"1";"0";"3";"0"
"2757";"36660";"2757";"81";"1";"1";"7";"6";"0";"1";"0";"1";"0"
"2760";"36664";"2760";"81";"5";"3";"1";"6";"0";"3";"0";"1";"0"
"2762";"36664";"2762";"81";"1";"1";"7";"0";"1";"0";"0";"2";"0"
"2808";"38029";"2808";"81";"1";"1";"7";"0";"0";"1";"1";"1";"0"
"2817";"38057";"2817";"81";"3";"1";"7";"6";"1";"0";"2";"2";"0"
"2821";"38063";"2821";"81";"3";"1";"7";"2";"0";"1";"1";"1";"0"
"2842";"38090";"2842";"81";"3";"1";"7";"6";"0";"1";"1";"1";"0"
"2853";"38093";"2853";"81";"1";"1";"7";"6";"2";"0";"0";"2";"0"
"2890";"38149";"2890";"81";"3";"1";"7";"5";"1";"0";"1";"3";"0"
"2891";"38150";"2891";"81";"3";"1";"7";"6";"0";"2";"2";"1";"0"
"2892";"38155";"2892";"81";"3";"1";"7";"0";"0";"1";"0";"1";"0"
"2932";"38299";"2932";"81";"3";"3";"1";"0";"0";"1";"0";"1";"0"
"2933";"38314";"2933";"81";"1";"1";"7";"1";"0";"1";"1";"1";"0"
"3006";"38520";"3006";"81";"3";"1";"7";"6";"0";"2";"0";"1";"0"
"3045";"38595";"3045";"81";"3";"3";"1";"6";"0";"1";"3";"1";"0"
"3082";"38747";"3082";"81";"3";"1";"7";"2";"0";"2";"0";"1";"0"
"3110";"38826";"3110";"81";"3";"3";"1";"6";"0";"5";"0";"1";"0"
"3111";"38826";"3111";"81";"3";"1";"7";"6";"0";"1";"1";"1";"0"
"3112";"38827";"3112";"81";"1";"1";"7";"0";"0";"1";"1";"1";"0"
"3140";"38935";"3140";"81";"3";"1";"7";"6";"0";"1";"2";"1";"0"
"3141";"38935";"3141";"81";"3";"1";"7";"6";"0";"2";"1";"1";"0"
"3149";"38938";"3149";"81";"1";"1";"7";"6";"0";"1";"1";"1";"0"
"3160";"38945";"3160";"81";"1";"1";"7";"6";"0";"2";"0";"1";"0"
"3175";"38976";"3175";"81";"1";"1";"7";"1";"0";"1";"1";"1";"0"
"3212";"39018";"3212";"81";"3";"2";"1";"6";"0";"2";"0";"1";"0"
"3240";"39033";"3240";"81";"3";"1";"7";"6";"0";"1";"0";"1";"0"
"3247";"39037";"3247";"81";"3";"1";"7";"0";"0";"1";"0";"1";"0"
"3255";"39047";"3255";"81";"3";"1";"7";"3";"0";"0";"1";"3";"0"
"3260";"39047";"3260";"81";"3";"1";"7";"0";"0";"1";"0";"1";"0"
"3263";"39048";"3263";"81";"1";"1";"7";"2";"0";"1";"1";"1";"0"
"3316";"39151";"3316";"81";"3";"1";"7";"2";"0";"2";"0";"3";"0"
"3320";"39185";"3320";"81";"5";"1";"7";"0";"0";"1";"1";"1";"0"
"3331";"39191";"3331";"81";"3";"1";"7";"6";"0";"1";"1";"1";"0"
"3359";"39296";"3359";"81";"3";"2";"1";"0";"0";"2";"0";"1";"0"
"3395";"39393";"3395";"81";"1";"1";"7";"2";"0";"2";"1";"1";"0"
"3410";"39445";"3410";"81";"3";"3";"1";"6";"0";"1";"0";"1";"0"
"3411";"39446";"3411";"81";"3";"3";"1";"3";"0";"0";"1";"3";"0"
"3412";"39447";"3412";"81";"3";"1";"7";"0";"0";"1";"0";"1";"0"
"3426";"39480";"3426";"81";"1";"1";"7";"2";"1";"0";"1";"2";"0"
"3453";"39536";"3453";"81";"3";"1";"2";"7";"1";"0";"1";"2";"0"
"3461";"39548";"3461";"81";"3";"1";"7";"6";"0";"1";"2";"1";"0"
"3463";"39549";"3463";"81";"3";"1";"1";"6";"0";"4";"0";"1";"0"
"3469";"39565";"3469";"81";"1";"1";"7";"1";"1";"0";"1";"2";"0"
"3471";"39567";"3471";"81";"3";"3";"1";"6";"0";"1";"4";"1";"0"
"3473";"39568";"3473";"81";"1";"1";"7";"2";"0";"2";"2";"1";"0"
"3476";"39577";"3476";"81";"3";"1";"7";"6";"0";"2";"0";"1";"0"
"3504";"39614";"3504";"81";"1";"1";"7";"3";"0";"1";"1";"1";"0"
"3531";"39640";"3531";"81";"2";"3";"1";"6";"0";"1";"0";"1";"0"
"3537";"39644";"3537";"81";"1";"1";"7";"6";"0";"1";"1";"1";"0"
"3558";"39658";"3558";"81";"1";"1";"7";"0";"0";"2";"0";"1";"0"
"3560";"39658";"3560";"81";"3";"1";"7";"6";"0";"1";"1";"1";"0"
"3569";"39661";"3569";"81";"3";"1";"7";"6";"0";"1";"0";"1";"0"
"3573";"39665";"3573";"81";"3";"1";"7";"0";"1";"0";"0";"2";"0"
"3596";"39697";"3596";"81";"3";"3";"2";"6";"1";"1";"1";"2";"0"
"3610";"39709";"3610";"81";"1";"1";"7";"6";"0";"1";"1";"1";"0"
"3613";"39709";"3613";"81";"3";"6";"1";"0";"0";"1";"0";"1";"0"
"3614";"39709";"3614";"81";"3";"1";"7";"6";"0";"3";"0";"1";"0"
"3631";"39751";"3631";"81";"3";"1";"7";"6";"0";"1";"0";"1";"0"
"3634";"39758";"3634";"81";"3";"1";"7";"0";"0";"3";"0";"1";"0"
"3636";"39758";"3636";"81";"3";"2";"1";"0";"0";"0";"0";"3";"0"
"3649";"39787";"3649";"81";"3";"1";"7";"6";"0";"1";"1";"1";"0"
"3673";"39863";"3673";"81";"3";"1";"7";"6";"0";"1";"0";"1";"0"
"3690";"39902";"3690";"81";"3";"3";"1";"6";"0";"1";"1";"1";"0"
"3713";"39963";"3713";"81";"1";"1";"7";"0";"0";"1";"0";"1";"0"
"3738";"40013";"3738";"81";"1";"1";"7";"2";"0";"1";"1";"1";"0"
"3749";"40018";"3749";"81";"3";"1";"7";"6";"0";"1";"1";"1";"0"
"3760";"40027";"3760";"81";"3";"1";"7";"0";"0";"1";"0";"1";"0"
"3784";"40053";"3784";"81";"1";"1";"7";"6";"0";"1";"1";"1";"0"
"3787";"40054";"3787";"81";"1";"2";"1";"6";"0";"1";"0";"1";"0"
"3802";"40071";"3802";"81";"1";"1";"7";"2";"0";"1";"1";"1";"0"
"3803";"40078";"3735";"81";"3";"1";"7";"6";"0";"3";"0";"1";"0"
"3843";"40095";"3843";"81";"3";"1";"7";"0";"0";"1";"1";"1";"0"
"3851";"40098";"3851";"81";"3";"1";"7";"6";"0";"1";"1";"1";"0"
"3867";"40104";"3867";"81";"3";"1";"7";"6";"0";"0";"2";"3";"0"
"3869";"40105";"3869";"81";"1";"1";"7";"6";"0";"0";"1";"3";"0"
"3878";"40120";"3878";"81";"3";"1";"7";"2";"0";"1";"1";"1";"0"
"3885";"40159";"3885";"81";"2";"4";"6";"6";"0";"1";"3";"3";"2"
"3894";"40165";"3894";"81";"2";"1";"7";"6";"0";"3";"0";"1";"0"
"3918";"40219";"3918";"81";"2";"1";"7";"0";"1";"0";"0";"2";"0"
"3951";"40295";"3951";"81";"3";"1";"7";"0";"0";"3";"0";"1";"0"
"3979";"40309";"3979";"81";"3";"1";"7";"4";"0";"1";"1";"1";"0"
"3981";"40310";"3981";"81";"1";"3";"1";"6";"0";"1";"1";"1";"0"
"4006";"40361";"4006";"81";"5";"1";"7";"0";"0";"1";"0";"1";"0"
"4008";"40369";"4008";"81";"3";"1";"7";"6";"0";"1";"1";"1";"0"
"4009";"40370";"4009";"81";"1";"1";"2";"6";"0";"3";"0";"1";"0"
"4039";"40382";"4039";"81";"3";"1";"7";"6";"0";"1";"1";"1";"0"
"4056";"40392";"4056";"81";"2";"1";"7";"2";"0";"0";"1";"3";"0"
"4073";"40452";"4073";"81";"3";"3";"1";"0";"0";"0";"0";"3";"0"
"4077";"40468";"4077";"81";"5";"1";"7";"6";"0";"1";"1";"1";"0"
"4097";"40488";"4097";"81";"3";"1";"7";"2";"0";"1";"1";"1";"0"
"4102";"40490";"4102";"81";"1";"1";"7";"0";"0";"2";"0";"1";"0"
"4142";"40605";"4142";"81";"1";"1";"7";"6";"0";"1";"2";"1";"0"
"4147";"40633";"4147";"81";"3";"1";"7";"2";"0";"0";"1";"3";"0"
"4157";"40696";"4157";"81";"3";"1";"7";"6";"1";"0";"3";"2";"0"
"4160";"40706";"4160";"81";"3";"1";"7";"6";"0";"2";"1";"1";"0"
"4170";"40718";"4170";"81";"3";"3";"1";"2";"0";"3";"2";"1";"0"