"accident_id";"lieu_id";"date_id";"cause_id";"lum_id";"intemp_id";"etat_surface_id";"impliq_id";"nb_blesses_graves";"nb_blesses_legers";"nb_indemnes";"gravite";"nb_morts"
"4200";"40752";"4200";"81";"3";"1";"7";"6";"0";"1";"1";"1";"0"
"4202";"40752";"4202";"81";"2";"1";"7";"6";"0";"2";"0";"1";"0"
"4217";"40756";"4217";"81";"3";"3";"2";"6";"0";"1";"1";"1";"0"
"4257";"40854";"4257";"81";"1";"1";"7";"0";"0";"1";"0";"1";"0"
"4275";"40890";"4275";"81";"1";"1";"7";"8";"0";"1";"2";"1";"0"
"4290";"40936";"4290";"81";"3";"1";"7";"6";"1";"0";"2";"2";"0"
"4300";"40940";"4300";"81";"3";"2";"1";"0";"2";"2";"0";"2";"0"
"4303";"40941";"4303";"81";"3";"3";"1";"6";"1";"0";"1";"2";"0"
"4308";"40961";"4308";"81";"1";"1";"7";"6";"0";"1";"2";"1";"0"
"4315";"40994";"4315";"81";"1";"1";"7";"1";"0";"1";"1";"1";"0"
"4320";"41000";"4320";"81";"3";"1";"7";"1";"1";"1";"1";"2";"0"
"4323";"41003";"4323";"81";"1";"1";"7";"1";"0";"1";"1";"1";"0"
"4361";"41042";"4361";"81";"5";"1";"7";"2";"0";"1";"1";"1";"0"
"4367";"41083";"4367";"81";"3";"1";"7";"0";"0";"5";"0";"1";"0"
"4373";"41129";"4373";"81";"1";"1";"7";"1";"0";"2";"2";"1";"0"
"4375";"41129";"4375";"81";"3";"3";"1";"5";"1";"0";"1";"2";"0"
"4380";"41132";"4380";"81";"3";"1";"1";"6";"0";"1";"1";"1";"0"
"4407";"41194";"4407";"81";"3";"1";"7";"0";"1";"0";"0";"2";"0"
"4420";"41234";"4420";"81";"3";"3";"1";"0";"0";"1";"0";"1";"0"
"4431";"41236";"4431";"81";"3";"1";"1";"0";"0";"1";"1";"1";"0"
"4433";"41236";"4433";"81";"3";"1";"7";"6";"2";"1";"0";"2";"0"
"4444";"41239";"4444";"81";"3";"1";"7";"6";"0";"1";"2";"1";"0"
"4451";"41252";"4451";"81";"3";"3";"1";"2";"0";"1";"1";"1";"0"
"4502";"41422";"4502";"81";"3";"1";"7";"6";"0";"1";"2";"1";"0"
"4542";"41531";"4542";"81";"3";"1";"7";"6";"0";"2";"0";"1";"0"
"4570";"41598";"4570";"81";"3";"1";"7";"6";"0";"0";"2";"3";"0"
"4583";"41599";"4583";"81";"3";"3";"1";"2";"1";"0";"1";"2";"0"
"4594";"41602";"4594";"81";"3";"1";"7";"1";"1";"0";"1";"2";"0"
"4600";"41617";"4600";"81";"3";"1";"7";"6";"0";"1";"1";"3";"0"
"4639";"41670";"4639";"81";"3";"1";"7";"0";"1";"0";"0";"2";"0"
"4656";"41681";"4656";"81";"3";"1";"7";"0";"0";"1";"0";"1";"0"
"4661";"41683";"4661";"81";"3";"1";"7";"0";"0";"3";"0";"1";"0"
"4666";"41683";"4666";"81";"3";"1";"7";"6";"0";"1";"0";"3";"0"
"4677";"41695";"4677";"81";"3";"1";"7";"6";"0";"1";"4";"1";"0"
"4698";"41742";"4698";"81";"1";"1";"7";"5";"0";"1";"1";"1";"0"
"4746";"42194";"4746";"81";"3";"1";"1";"1";"1";"0";"1";"2";"0"
"4779";"42965";"4779";"81";"3";"1";"7";"7";"1";"0";"1";"2";"0"
"4780";"42973";"4780";"81";"3";"1";"7";"6";"0";"1";"1";"1";"0"
"4789";"42973";"4789";"81";"3";"1";"7";"6";"0";"2";"0";"1";"0"
"4824";"43097";"4824";"81";"3";"1";"7";"0";"0";"2";"0";"1";"0"
"4854";"43115";"4854";"81";"1";"1";"7";"6";"1";"0";"1";"2";"0"
"23936";"85812203";"23936";"81";"3";"3";"1";"6";"0";"3";"1";"1";"0"
"24172";"85822107";"24172";"81";"1";"1";"7";"4";"0";"1";"1";"1";"0"
"24195";"85822406";"24195";"81";"3";"1";"7";"6";"0";"2";"0";"1";"0"
"24246";"85823304";"24246";"81";"1";"1";"7";"0";"0";"3";"1";"1";"0"
"24254";"85823504";"24254";"81";"3";"1";"7";"6";"0";"1";"1";"1";"0"
"24412";"85826205";"24412";"81";"1";"1";"7";"3";"0";"0";"1";"3";"0"
"24413";"85826205";"24413";"81";"3";"1";"7";"6";"0";"1";"1";"1";"0"
"24469";"85827303";"24469";"81";"1";"1";"7";"6";"0";"2";"1";"1";"0"
"24535";"85831502";"24535";"81";"1";"3";"2";"6";"0";"1";"1";"1";"0"
"24553";"85832501";"24553";"81";"1";"3";"1";"2";"0";"1";"1";"1";"0"
"24610";"85834104";"12573";"81";"1";"1";"7";"6";"0";"1";"3";"1";"0"
"24666";"85834308";"24666";"81";"3";"1";"1";"6";"1";"8";"0";"2";"0"
"24669";"85834308";"24669";"81";"3";"1";"7";"6";"0";"1";"3";"1";"0"
"24684";"85835102";"24684";"81";"3";"1";"7";"6";"0";"1";"1";"1";"0"
"24765";"85835406";"24765";"81";"3";"1";"7";"6";"0";"1";"2";"1";"0"
"24767";"85835407";"24767";"81";"1";"3";"2";"2";"0";"1";"1";"1";"0"
"24782";"85836106";"24782";"81";"1";"1";"7";"6";"0";"1";"3";"1";"0"
"24827";"85836508";"24827";"81";"1";"1";"7";"6";"0";"1";"1";"1";"0"
"24861";"85837507";"24861";"81";"1";"3";"2";"6";"0";"1";"2";"1";"0"
"24888";"85841408";"24888";"81";"3";"3";"1";"3";"0";"2";"0";"1";"0"
"24899";"85841506";"24899";"81";"3";"2";"1";"6";"0";"1";"1";"1";"0"
"24905";"85841506";"24905";"81";"3";"3";"2";"6";"0";"1";"1";"1";"0"
"24907";"85841506";"24907";"81";"3";"1";"7";"0";"0";"1";"0";"1";"0"
"24913";"85841506";"24913";"81";"1";"4";"7";"6";"1";"0";"1";"2";"0"
"24915";"85841506";"24915";"81";"3";"3";"1";"6";"0";"0";"1";"3";"0"
"24938";"85842105";"24938";"81";"3";"3";"1";"6";"0";"1";"2";"1";"0"
"24958";"85842212";"24958";"81";"2";"1";"7";"6";"0";"2";"0";"1";"0"
"25148";"85851202";"25148";"81";"1";"1";"7";"6";"0";"1";"1";"1";"0"
"25161";"85851303";"25161";"81";"1";"3";"2";"6";"0";"1";"2";"1";"0"
"25164";"85851303";"25164";"81";"1";"1";"7";"6";"0";"1";"1";"1";"0"
"25167";"85851303";"25167";"81";"1";"1";"7";"6";"0";"1";"1";"1";"0"
"25205";"85851403";"25205";"81";"3";"1";"7";"0";"0";"1";"0";"1";"0"
"25232";"85851406";"25232";"81";"1";"1";"7";"6";"0";"2";"1";"1";"0"
"25240";"85851406";"25240";"81";"3";"1";"7";"6";"0";"1";"1";"1";"0"
"25241";"85851406";"25241";"81";"3";"1";"7";"6";"0";"2";"0";"1";"0"
"25245";"85851406";"25245";"81";"3";"1";"7";"6";"0";"3";"0";"1";"0"
"25275";"85852402";"25275";"81";"1";"3";"1";"2";"1";"0";"1";"2";"0"
"25277";"85852402";"25277";"81";"3";"1";"7";"6";"1";"0";"1";"2";"0"
"25300";"85852503";"25300";"81";"3";"4";"3";"6";"0";"1";"1";"1";"0"
"25301";"85852503";"25301";"81";"1";"1";"7";"6";"0";"1";"3";"1";"0"
"25307";"85853202";"25307";"81";"3";"1";"7";"8";"1";"0";"1";"2";"0"
"25311";"85853303";"25311";"81";"3";"1";"2";"3";"0";"1";"1";"1";"0"
"25319";"85853405";"25319";"81";"3";"1";"7";"0";"0";"1";"0";"1";"0"
"25331";"85853406";"25331";"81";"1";"1";"7";"6";"1";"0";"1";"2";"0"
"25349";"85854106";"25349";"81";"1";"1";"7";"6";"0";"2";"0";"1";"0"
"25358";"85854401";"6554";"81";"3";"3";"1";"6";"2";"0";"0";"2";"0"
"25361";"85854401";"25361";"81";"3";"1";"7";"7";"0";"1";"1";"1";"0"
"25427";"85857106";"25427";"81";"3";"1";"7";"5";"1";"4";"0";"2";"0"
"25438";"85857311";"25438";"81";"2";"3";"1";"6";"0";"2";"1";"1";"0"
"25499";"85861302";"25499";"81";"3";"3";"1";"6";"2";"3";"0";"2";"0"
"25516";"85861502";"25516";"81";"3";"1";"7";"6";"0";"2";"1";"1";"0"
"25522";"85862101";"25522";"81";"3";"1";"7";"6";"0";"3";"0";"1";"0"
"25542";"85862101";"25542";"81";"3";"1";"7";"6";"0";"1";"1";"1";"0"
"25569";"85862407";"25569";"81";"1";"1";"7";"0";"0";"1";"0";"1";"0"
"25589";"85863401";"25589";"81";"3";"1";"7";"6";"0";"2";"0";"1";"0"
"25596";"85863402";"25596";"81";"3";"1";"7";"6";"0";"1";"1";"1";"0"
"25624";"85864102";"25624";"81";"3";"1";"7";"6";"0";"3";"0";"1";"0"
"25629";"85864201";"25629";"81";"1";"1";"7";"6";"0";"1";"1";"1";"0"
"25641";"85864204";"25641";"81";"1";"3";"1";"6";"0";"2";"0";"1";"0"
"25647";"85864401";"25647";"81";"3";"1";"7";"6";"0";"1";"1";"1";"0"
"25667";"85864504";"25667";"81";"2";"1";"7";"4";"1";"0";"1";"2";"0"
"25700";"85865306";"25700";"81";"1";"1";"7";"6";"0";"1";"1";"1";"0"
"25722";"85865503";"25722";"81";"3";"1";"7";"0";"0";"3";"0";"1";"0"
"25773";"85871109";"25773";"81";"1";"1";"7";"2";"0";"1";"1";"1";"0"
"25777";"85871111";"25777";"81";"3";"1";"7";"3";"0";"1";"1";"1";"0"
"25801";"85871207";"25801";"81";"3";"1";"7";"0";"0";"1";"0";"1";"0"
"25890";"85874104";"25890";"81";"3";"6";"1";"6";"0";"1";"1";"1";"0"
"25938";"85874508";"25938";"81";"3";"1";"7";"6";"0";"2";"0";"3";"0"
"25944";"85875102";"25944";"81";"3";"2";"1";"6";"0";"3";"0";"1";"0"
"25947";"85875501";"25947";"81";"1";"1";"7";"6";"0";"4";"0";"1";"0"
"25984";"85876501";"25984";"81";"3";"1";"1";"6";"1";"0";"1";"2";"0"
"25986";"85876501";"25986";"81";"3";"3";"1";"6";"0";"1";"1";"1";"0"
"25987";"85876501";"25987";"81";"3";"1";"1";"5";"2";"0";"1";"2";"0"
"26006";"85877102";"26006";"81";"1";"1";"1";"7";"1";"0";"1";"2";"0"
"26026";"85881220";"26026";"81";"3";"1";"1";"0";"0";"1";"0";"1";"0"
"26043";"85882102";"26043";"81";"1";"3";"2";"4";"0";"1";"1";"1";"0"
"26044";"85882102";"26044";"81";"3";"1";"7";"6";"0";"3";"1";"1";"0"
"26048";"85882102";"26048";"81";"3";"2";"1";"6";"0";"4";"0";"1";"0"
"26078";"85883204";"26078";"81";"3";"1";"7";"6";"0";"2";"0";"1";"0"
"26084";"85884110";"26084";"81";"3";"6";"1";"0";"1";"4";"0";"2";"0"
"26118";"85887504";"26118";"81";"3";"3";"1";"6";"0";"2";"0";"1";"0"
"26134";"85887506";"26134";"81";"1";"1";"1";"6";"0";"1";"1";"1";"0"
"26164";"86701301";"22965";"81";"1";"3";"2";"3";"0";"0";"1";"3";"0"
"26246";"86795506";"26246";"81";"3";"1";"7";"2";"1";"0";"1";"2";"0"
"26369";"86804202";"26369";"81";"1";"1";"7";"3";"0";"2";"1";"1";"0"
"26417";"86804507";"26417";"81";"3";"3";"1";"6";"0";"1";"2";"1";"0"
"26450";"86805404";"26450";"81";"1";"1";"7";"6";"0";"1";"1";"1";"0"
"26489";"86806504";"26489";"81";"3";"1";"7";"6";"0";"3";"1";"1";"0"
"26561";"86811403";"26561";"81";"1";"1";"7";"6";"0";"1";"1";"1";"0"
"26601";"86812501";"26601";"81";"3";"1";"7";"6";"2";"1";"0";"2";"0"
"26604";"86812501";"26604";"81";"3";"3";"2";"6";"1";"0";"1";"2";"0"
"26625";"86813101";"26625";"81";"3";"1";"7";"5";"0";"1";"2";"1";"0"
"26744";"86814505";"26744";"81";"3";"1";"7";"6";"0";"1";"2";"1";"0"
"26763";"86815304";"26763";"81";"3";"1";"7";"6";"0";"3";"0";"1";"0"
"26780";"86815406";"26780";"81";"3";"1";"1";"6";"0";"1";"2";"1";"0"
"26784";"86816204";"26784";"81";"1";"1";"7";"6";"1";"0";"1";"2";"0"
"26792";"86816401";"26792";"81";"3";"1";"7";"6";"0";"3";"4";"1";"0"
"26806";"86816502";"26806";"81";"5";"1";"7";"2";"1";"0";"1";"2";"0"
"26844";"86817101";"26844";"81";"3";"1";"7";"6";"0";"1";"1";"1";"0"
"26987";"86822105";"26987";"81";"1";"3";"2";"6";"1";"0";"1";"2";"0"
"27080";"86823301";"27080";"81";"3";"1";"7";"6";"0";"1";"1";"1";"0"
"27088";"86823301";"27088";"81";"1";"1";"7";"2";"0";"1";"1";"1";"0"
"27153";"86823406";"27153";"81";"3";"6";"1";"6";"0";"1";"1";"1";"0"
"27154";"86823406";"27154";"81";"3";"2";"1";"6";"1";"0";"1";"2";"0"
"27184";"86823503";"27184";"81";"3";"1";"7";"6";"0";"1";"1";"1";"0"
"27187";"86823503";"27187";"81";"3";"1";"7";"6";"1";"2";"0";"3";"0"
"27192";"86823503";"27192";"81";"3";"1";"7";"6";"0";"2";"0";"1";"0"
"27197";"86823503";"27197";"81";"3";"3";"1";"6";"0";"1";"1";"1";"0"
"27217";"86824204";"27217";"81";"1";"1";"7";"6";"0";"4";"1";"1";"0"
"27222";"86824204";"27222";"81";"3";"3";"1";"6";"0";"1";"0";"1";"0"
"27307";"86824509";"27307";"81";"3";"1";"7";"3";"0";"1";"1";"1";"0"
"27419";"86826201";"27419";"81";"1";"1";"7";"6";"0";"1";"0";"1";"0"
"27444";"86826306";"27444";"81";"3";"1";"7";"6";"1";"0";"1";"2";"0"
"27459";"86827210";"27459";"81";"3";"1";"7";"2";"0";"1";"1";"1";"0"
"27475";"86827306";"27475";"81";"3";"1";"7";"6";"0";"2";"1";"1";"0"
"27477";"86827401";"27477";"81";"3";"1";"7";"6";"0";"1";"1";"1";"0"
"27522";"86831207";"27522";"81";"3";"1";"7";"6";"0";"1";"0";"1";"0"
"27589";"86832101";"27589";"81";"1";"1";"7";"3";"0";"1";"1";"1";"0"
"27622";"86832401";"27622";"81";"5";"1";"7";"6";"0";"1";"1";"1";"0"
"27682";"86833206";"27682";"81";"3";"1";"7";"6";"0";"1";"1";"1";"0"
"27731";"86833503";"27731";"81";"2";"1";"7";"6";"0";"2";"1";"1";"0"
"27773";"86834107";"27773";"81";"3";"3";"1";"6";"0";"2";"0";"1";"0"
"27791";"86834201";"27791";"81";"1";"1";"7";"1";"1";"0";"1";"2";"0"
"27797";"86834202";"27797";"81";"1";"1";"7";"6";"0";"1";"2";"1";"0"
"27808";"86834203";"27808";"81";"1";"1";"7";"6";"0";"1";"2";"1";"0"
"27848";"86835101";"27848";"81";"1";"1";"7";"6";"0";"1";"2";"1";"0"
"27854";"86835101";"27854";"81";"2";"1";"7";"2";"0";"1";"0";"1";"0"
"27937";"86837202";"27937";"81";"3";"3";"1";"6";"0";"1";"1";"1";"0"
"27953";"86841308";"27953";"81";"3";"1";"7";"6";"0";"3";"5";"1";"0"
"27956";"86841308";"27956";"81";"1";"1";"7";"6";"0";"1";"1";"1";"0"
"27969";"86841312";"27969";"81";"1";"1";"7";"6";"0";"1";"1";"1";"0"
"27970";"86841312";"27970";"81";"3";"1";"7";"6";"0";"4";"1";"1";"0"
"28015";"86843206";"28015";"81";"3";"1";"7";"0";"0";"1";"1";"1";"0"
"28022";"86843209";"28022";"81";"1";"3";"2";"6";"0";"5";"0";"1";"0"
"28026";"86843209";"28026";"81";"3";"1";"7";"6";"0";"1";"2";"1";"0"
"28108";"86844406";"28108";"81";"1";"1";"1";"6";"0";"3";"1";"1";"0"
"28331";"86862201";"28331";"81";"3";"1";"7";"0";"1";"0";"0";"2";"0"
"28333";"86862202";"28333";"81";"3";"1";"7";"0";"0";"2";"0";"1";"0"
"28336";"86862202";"28336";"81";"3";"1";"7";"0";"1";"0";"0";"2";"0"
"28350";"86862302";"28350";"81";"1";"1";"7";"0";"0";"1";"0";"1";"0"
"28375";"86863303";"28375";"81";"1";"1";"7";"6";"0";"2";"0";"1";"0"
"28378";"86863303";"28378";"81";"3";"1";"1";"6";"0";"2";"0";"1";"0"
"28405";"86863401";"28405";"81";"3";"3";"1";"6";"0";"1";"0";"1";"0"
"28434";"86871205";"28434";"81";"3";"1";"7";"0";"0";"1";"0";"1";"0"
"28447";"86871303";"28447";"81";"3";"1";"7";"6";"0";"4";"0";"1";"0"
"28479";"86872303";"28479";"81";"3";"1";"7";"6";"1";"2";"0";"2";"0"
"28495";"86873203";"28495";"81";"3";"1";"7";"0";"1";"1";"0";"2";"0"
"28521";"86874406";"28521";"81";"3";"3";"2";"0";"0";"1";"1";"1";"0"
"28537";"86875509";"28537";"81";"1";"1";"7";"6";"0";"1";"1";"1";"0"
"28581";"86883201";"28581";"81";"3";"6";"1";"0";"0";"1";"0";"1";"0"
"28587";"86884101";"28587";"81";"2";"1";"7";"2";"0";"1";"1";"1";"0"
"28598";"87751303";"28598";"81";"3";"3";"2";"6";"1";"2";"1";"2";"0"
"28601";"87791507";"28601";"81";"1";"1";"7";"6";"0";"1";"0";"1";"0"
"19200";"81705401";"19200";"81";"1";"2";"1";"0";"1";"0";"0";"2";"0"
"19222";"81713406";"18128";"81";"2";"1";"7";"6";"0";"2";"0";"1";"0"
"19230";"81714208";"19230";"81";"1";"1";"7";"5";"1";"0";"1";"2";"0"
"19231";"81721204";"19231";"81";"2";"3";"1";"6";"1";"0";"1";"2";"0"
"19232";"81721204";"19232";"81";"1";"1";"7";"6";"0";"1";"0";"1";"0"
"19245";"81722206";"19245";"81";"1";"1";"7";"7";"2";"0";"1";"2";"0"
"19264";"81724401";"19264";"81";"1";"1";"7";"6";"0";"3";"0";"1";"0"
"19325";"81744515";"19325";"81";"3";"3";"1";"6";"0";"1";"3";"1";"0"
"19365";"81753201";"19365";"81";"1";"1";"7";"7";"0";"0";"1";"3";"0"
"19378";"81755102";"19378";"81";"3";"1";"7";"6";"0";"1";"1";"1";"0"
"19381";"81755102";"19381";"81";"1";"1";"7";"6";"0";"3";"0";"1";"0"
"19382";"81755102";"3025";"81";"2";"1";"7";"6";"0";"1";"1";"1";"0"
"19389";"81755304";"19389";"81";"3";"1";"7";"0";"0";"2";"0";"1";"0"
"19397";"81755307";"19397";"81";"3";"1";"7";"6";"0";"1";"3";"1";"0"
"19452";"81762201";"19452";"81";"1";"1";"7";"5";"0";"2";"1";"1";"0"
"19453";"81762201";"19453";"81";"1";"1";"7";"0";"0";"1";"2";"1";"0"
"19456";"81762201";"19456";"81";"1";"1";"7";"6";"0";"1";"0";"1";"0"
"19510";"81763302";"19510";"81";"3";"1";"7";"6";"0";"2";"0";"1";"0"
"19536";"81764202";"19536";"81";"1";"1";"2";"6";"1";"0";"1";"2";"0"
"19541";"81764204";"19541";"81";"3";"1";"7";"6";"0";"1";"1";"1";"0"
"19557";"81764401";"19557";"81";"3";"1";"7";"6";"0";"1";"2";"1";"0"
"19584";"81765206";"19584";"81";"3";"1";"7";"0";"0";"1";"1";"1";"0"
"19608";"81766203";"19608";"81";"3";"1";"7";"5";"0";"1";"1";"1";"0"
"19668";"81767301";"19668";"81";"3";"1";"7";"6";"0";"1";"0";"1";"0"
"19762";"81777517";"19762";"81";"3";"7";"7";"0";"0";"0";"0";"3";"0"
"19848";"81787203";"19848";"81";"3";"1";"7";"6";"0";"1";"2";"1";"0"
"19864";"81791503";"19864";"81";"3";"3";"2";"6";"0";"2";"0";"1";"0"
"20062";"81836405";"20062";"81";"3";"3";"1";"6";"0";"1";"1";"1";"0"
"20089";"81871404";"20089";"81";"3";"1";"1";"6";"0";"1";"1";"1";"0"
"20139";"81893501";"20139";"81";"1";"3";"1";"6";"2";"2";"0";"2";"0"
"20179";"82706201";"20179";"81";"3";"3";"1";"6";"0";"2";"0";"1";"0"
"20215";"82715403";"20215";"81";"1";"1";"7";"6";"0";"2";"1";"1";"0"
"20246";"82743411";"20246";"81";"1";"1";"7";"2";"0";"1";"1";"1";"0"
"20249";"82743422";"20249";"81";"3";"6";"2";"6";"0";"2";"2";"1";"0"
"20331";"82755312";"20331";"81";"3";"1";"7";"6";"0";"3";"0";"1";"0"
"20342";"82755402";"20342";"81";"3";"1";"7";"2";"0";"1";"1";"1";"0"
"20406";"82761301";"20406";"81";"3";"3";"2";"5";"0";"1";"1";"1";"0"
"20422";"82762301";"20422";"81";"3";"1";"7";"5";"0";"1";"1";"1";"0"
"20451";"82764201";"20451";"81";"3";"1";"7";"6";"0";"1";"1";"1";"0"
"20465";"82764412";"20465";"81";"3";"1";"7";"0";"0";"1";"0";"1";"0"
"20519";"82773206";"20519";"81";"2";"1";"7";"6";"0";"2";"5";"1";"0"
"20549";"82776401";"20549";"81";"1";"1";"7";"6";"1";"0";"1";"2";"0"
"20606";"82792504";"20606";"81";"3";"1";"7";"0";"0";"1";"0";"1";"0"
"20617";"82792510";"20617";"81";"1";"1";"7";"9";"1";"0";"0";"2";"0"
"20683";"82797504";"20683";"81";"3";"1";"7";"6";"0";"0";"1";"3";"0"
"20843";"82854512";"20843";"81";"3";"1";"7";"0";"0";"1";"0";"1";"0"
"20844";"82854512";"20844";"81";"3";"1";"7";"6";"0";"2";"0";"1";"0"
"20870";"82887105";"20870";"81";"3";"1";"1";"6";"0";"1";"1";"1";"0"
"20875";"82887105";"20875";"81";"3";"1";"7";"5";"1";"1";"0";"2";"0"
"20932";"83734306";"20932";"81";"3";"1";"7";"6";"0";"2";"0";"1";"0"
"20957";"83741304";"20957";"81";"2";"1";"7";"6";"0";"1";"1";"1";"0"
"20986";"83747213";"20986";"81";"3";"1";"7";"6";"1";"1";"0";"2";"0"
"21008";"83747312";"21008";"81";"1";"3";"2";"6";"1";"1";"1";"2";"0"
"21026";"83747521";"21026";"81";"1";"1";"7";"6";"0";"1";"1";"1";"0"
"21034";"83747521";"21034";"81";"3";"3";"1";"6";"0";"0";"1";"3";"0"
"21102";"83762208";"21102";"81";"1";"1";"7";"6";"0";"1";"1";"1";"0"
"21119";"83762208";"21119";"81";"1";"1";"7";"6";"0";"1";"2";"1";"0"
"21121";"83762304";"21121";"81";"2";"1";"1";"6";"1";"1";"2";"2";"0"
"21132";"83762412";"21132";"81";"2";"1";"7";"6";"0";"1";"3";"1";"0"
"21173";"83771403";"21173";"81";"3";"1";"7";"6";"0";"1";"0";"1";"0"
"21179";"83772205";"21179";"81";"3";"1";"7";"2";"1";"0";"1";"2";"0"
"21184";"83773101";"21184";"81";"3";"6";"1";"7";"0";"1";"1";"1";"0"
"21190";"83773301";"21190";"81";"3";"3";"2";"6";"1";"0";"0";"3";"0"
"21307";"83795404";"21307";"81";"3";"1";"7";"6";"0";"1";"2";"1";"0"
"21464";"83814509";"21464";"81";"3";"1";"7";"6";"0";"1";"1";"1";"0"
"21525";"83825503";"21525";"81";"3";"1";"7";"4";"0";"2";"4";"1";"0"
"21565";"83836105";"21565";"81";"3";"1";"7";"6";"0";"2";"1";"1";"0"
"21674";"83866402";"21674";"81";"1";"6";"1";"6";"0";"2";"0";"1";"0"
"21675";"83866402";"21675";"81";"3";"3";"4";"6";"2";"3";"0";"2";"0"
"21728";"83867504";"21728";"81";"3";"1";"1";"6";"0";"2";"0";"3";"0"
"21731";"83867504";"21731";"81";"3";"1";"7";"6";"0";"1";"1";"1";"0"
"21743";"83867509";"21743";"81";"3";"1";"7";"6";"1";"1";"0";"2";"0"
"21757";"83867509";"21757";"81";"3";"1";"7";"6";"0";"1";"1";"1";"0"
"21778";"83874503";"21778";"81";"3";"1";"7";"4";"0";"1";"1";"1";"0"
"21820";"83876311";"21820";"81";"2";"1";"1";"5";"1";"0";"1";"2";"0"
"21852";"83877205";"21852";"81";"3";"1";"7";"0";"0";"0";"0";"3";"0"
"21929";"83893104";"21929";"81";"1";"1";"7";"6";"1";"0";"1";"2";"0"
"21950";"83895204";"21950";"81";"1";"3";"1";"0";"1";"2";"0";"2";"0"
"21955";"83897401";"21955";"81";"3";"1";"1";"7";"2";"0";"7";"3";"1"
"21960";"83901202";"21960";"81";"1";"1";"7";"6";"1";"1";"0";"2";"0"
"21966";"83906301";"21966";"81";"1";"1";"7";"6";"0";"3";"1";"1";"0"
"21971";"83906301";"21971";"81";"1";"1";"7";"5";"1";"0";"0";"3";"0"
"21987";"83922105";"21987";"81";"3";"1";"7";"6";"0";"0";"1";"3";"0"
"22091";"84733102";"22091";"81";"3";"3";"2";"6";"0";"2";"0";"1";"0"
"22098";"84742202";"22098";"81";"1";"1";"7";"5";"0";"2";"1";"1";"0"
"22104";"84742505";"22104";"81";"3";"3";"2";"6";"0";"1";"1";"1";"0"
"22152";"84744315";"22152";"81";"1";"1";"7";"6";"0";"1";"0";"1";"0"
"22327";"84785501";"22327";"81";"1";"1";"7";"6";"0";"1";"1";"1";"0"
"22507";"84807309";"22507";"81";"1";"3";"2";"6";"0";"1";"1";"1";"0"
"22517";"84807405";"6939";"81";"1";"1";"1";"6";"0";"2";"2";"1";"0"
"22528";"84807408";"22528";"81";"3";"1";"1";"6";"0";"1";"3";"1";"0"
"22575";"84814207";"22575";"81";"1";"1";"7";"6";"0";"2";"1";"1";"0"
"22579";"84815110";"763";"81";"3";"1";"7";"1";"2";"1";"1";"2";"0"
"22586";"84815115";"22586";"81";"3";"1";"7";"6";"0";"2";"2";"1";"0"
"22591";"84815414";"13468";"81";"1";"3";"1";"6";"0";"1";"1";"1";"0"
"22665";"84823207";"22665";"81";"1";"3";"1";"6";"0";"2";"3";"1";"0"
"22695";"84824309";"22695";"81";"1";"1";"7";"6";"0";"1";"1";"1";"0"
"22724";"84825507";"22724";"81";"2";"1";"1";"6";"0";"3";"1";"1";"0"
"22754";"84831405";"22754";"81";"1";"1";"7";"4";"0";"1";"1";"1";"0"
"22762";"84831405";"22762";"81";"3";"1";"7";"6";"0";"2";"0";"1";"0"
"22801";"84834202";"22801";"81";"1";"1";"1";"6";"0";"1";"0";"1";"0"
"22841";"84836202";"22841";"81";"3";"1";"7";"6";"0";"1";"1";"1";"0"
"22846";"84836202";"22846";"81";"3";"3";"1";"8";"1";"0";"1";"2";"0"
"22875";"84836505";"22875";"81";"1";"3";"1";"6";"0";"1";"1";"1";"0"
"22876";"84836514";"22876";"81";"3";"1";"7";"0";"1";"0";"0";"2";"0"
"22882";"84837104";"22882";"81";"2";"6";"1";"6";"0";"1";"1";"1";"0"
"22910";"84842105";"22910";"81";"3";"1";"7";"4";"0";"1";"1";"1";"0"
"22914";"84842105";"22914";"81";"1";"2";"1";"6";"0";"3";"0";"1";"0"
"22966";"84847123";"22966";"81";"3";"1";"7";"8";"0";"1";"2";"1";"0"
"23009";"84852409";"23009";"81";"3";"6";"1";"0";"0";"1";"0";"1";"0"
"23028";"84853502";"23028";"81";"1";"1";"7";"6";"0";"1";"1";"1";"0"
"23034";"84854106";"23034";"81";"1";"1";"7";"6";"0";"1";"2";"1";"0"
"23066";"84855401";"23066";"81";"3";"1";"7";"4";"0";"1";"1";"1";"0"
"23084";"84856406";"23084";"81";"1";"3";"1";"6";"0";"1";"1";"1";"0"
"23143";"84861203";"23143";"81";"3";"1";"1";"6";"1";"0";"2";"2";"0"
"23164";"84861503";"23164";"81";"3";"1";"7";"5";"1";"0";"1";"2";"0"
"23208";"84862405";"23208";"81";"3";"1";"1";"4";"0";"1";"1";"1";"0"
"23214";"84863203";"23214";"81";"1";"1";"7";"6";"0";"1";"1";"1";"0"
"23245";"84863402";"23245";"81";"1";"1";"7";"6";"1";"0";"1";"2";"0"