"accident_id";"lieu_id";"date_id";"cause_id";"lum_id";"intemp_id";"etat_surface_id";"impliq_id";"nb_blesses_graves";"nb_blesses_legers";"nb_indemnes";"gravite";"nb_morts"
"23251";"84863506";"23251";"81";"3";"1";"7";"4";"1";"0";"1";"2";"0"
"23270";"84864508";"23270";"81";"2";"1";"7";"0";"1";"1";"0";"2";"0"
"23301";"84865302";"23301";"81";"3";"1";"7";"6";"0";"4";"0";"1";"0"
"23306";"84865304";"23306";"81";"3";"6";"4";"6";"0";"1";"1";"1";"0"
"23310";"84866105";"23310";"81";"1";"1";"7";"4";"1";"0";"1";"2";"0"
"23351";"84867308";"23351";"81";"3";"1";"7";"6";"0";"2";"0";"1";"0"
"23356";"84867318";"23356";"81";"3";"1";"1";"2";"0";"1";"1";"1";"0"
"23363";"84871108";"23363";"81";"3";"1";"7";"5";"1";"0";"1";"2";"0"
"23383";"84871108";"23383";"81";"3";"1";"7";"6";"0";"1";"1";"1";"0"
"23435";"84873303";"23435";"81";"5";"1";"7";"6";"0";"1";"1";"1";"0"
"23455";"84873303";"23455";"81";"3";"4";"1";"6";"0";"2";"1";"1";"0"
"23491";"84875301";"23491";"81";"3";"1";"7";"6";"0";"4";"0";"1";"0"
"23499";"84875501";"5158";"81";"1";"1";"7";"6";"0";"2";"0";"1";"0"
"23503";"84875501";"23503";"81";"3";"3";"1";"6";"2";"2";"1";"2";"0"
"23562";"84877213";"23562";"81";"1";"1";"1";"6";"0";"1";"1";"1";"0"
"23587";"84877506";"23587";"81";"3";"1";"1";"6";"0";"1";"1";"1";"0"
"23625";"84882304";"23625";"81";"3";"1";"7";"6";"0";"3";"0";"1";"0"
"23654";"84885402";"23654";"81";"3";"3";"1";"6";"0";"3";"0";"1";"0"
"23689";"84907402";"23689";"81";"3";"1";"2";"6";"1";"1";"0";"2";"0"
"23727";"85741204";"23727";"81";"1";"1";"7";"6";"0";"4";"1";"1";"0"
"23749";"85753107";"23749";"81";"1";"1";"7";"4";"1";"0";"1";"2";"0"
"23794";"85772501";"23794";"81";"3";"1";"7";"6";"0";"2";"1";"1";"0"
"23825";"85785203";"23825";"81";"3";"1";"7";"6";"0";"1";"2";"1";"0"
"23857";"85801502";"23857";"81";"3";"1";"7";"6";"0";"1";"0";"1";"0"
"19448";"81762201";"19448";"82";"3";"1";"7";"0";"0";"1";"0";"1";"0"
"20889";"82923403";"20889";"82";"1";"1";"7";"0";"0";"1";"0";"1";"0"
"21750";"83867509";"21750";"82";"1";"1";"7";"6";"0";"1";"3";"1";"0"
"29434";"87844203";"29434";"82";"1";"1";"7";"9";"0";"1";"0";"1";"0"
"9680";"71835";"9680";"82";"1";"1";"7";"2";"0";"1";"1";"1";"0"
"10262";"72717";"10262";"82";"1";"1";"7";"6";"0";"2";"0";"1";"0"
"10389";"73009";"10389";"82";"1";"3";"1";"6";"0";"1";"1";"1";"0"
"10585";"73336";"10585";"82";"3";"3";"1";"0";"0";"2";"0";"1";"0"
"10837";"73969";"10837";"82";"1";"1";"7";"7";"0";"1";"1";"1";"0"
"10869";"74057";"10869";"82";"2";"1";"7";"6";"0";"0";"2";"3";"0"
"11414";"80650";"11414";"82";"3";"1";"7";"0";"0";"1";"0";"1";"0"
"11664";"81257";"11664";"82";"1";"1";"7";"2";"0";"1";"0";"3";"0"
"11937";"83571";"11937";"82";"4";"6";"1";"6";"1";"0";"1";"2";"0"
"12024";"90142";"12024";"82";"3";"1";"7";"6";"0";"1";"1";"1";"0"
"12171";"90328";"12171";"82";"1";"1";"7";"6";"0";"1";"1";"1";"0"
"13039";"71842101";"13039";"82";"1";"1";"7";"0";"0";"1";"0";"3";"0"
"13202";"74734101";"13202";"82";"1";"1";"7";"0";"1";"0";"0";"2";"0"
"13263";"75735501";"13263";"82";"1";"3";"1";"6";"0";"1";"1";"1";"0"
"14430";"78662106";"14430";"82";"1";"1";"7";"0";"0";"0";"0";"3";"0"
"14433";"78662106";"14433";"82";"1";"1";"7";"0";"1";"0";"0";"2";"0"
"15770";"79743401";"15770";"82";"1";"3";"2";"6";"0";"1";"2";"1";"0"
"15995";"79751303";"15995";"82";"1";"1";"7";"6";"0";"5";"0";"1";"0"
"16396";"79757203";"16396";"82";"3";"1";"7";"6";"0";"1";"2";"1";"0"
"16962";"79777202";"16962";"82";"3";"1";"7";"6";"0";"1";"1";"1";"0"
"18418";"80764307";"18418";"82";"1";"1";"7";"0";"0";"0";"0";"3";"0"
"24388";"85826101";"24388";"82";"1";"1";"7";"6";"0";"1";"2";"1";"0"
"25734";"85866207";"25734";"82";"1";"1";"7";"6";"0";"1";"0";"1";"0"
"4902";"43232";"4902";"82";"1";"1";"7";"0";"0";"1";"0";"1";"0"
"5490";"46583";"5490";"82";"1";"1";"7";"0";"0";"0";"0";"3";"0"
"5681";"47609";"5681";"82";"1";"1";"7";"0";"0";"1";"0";"1";"0"
"5701";"47621";"5701";"82";"3";"1";"7";"0";"0";"0";"0";"3";"0"
"5999";"49051";"5999";"82";"1";"1";"7";"6";"0";"2";"0";"1";"0"
"6074";"49193";"6074";"82";"1";"3";"1";"7";"0";"1";"1";"1";"0"
"6465";"53088";"6465";"82";"2";"1";"7";"6";"0";"0";"2";"3";"0"
"6622";"55757";"6622";"82";"1";"1";"7";"6";"0";"1";"1";"1";"0"
"6797";"59004";"6797";"82";"1";"1";"7";"6";"0";"2";"0";"3";"0"
"6798";"59019";"6798";"82";"1";"1";"7";"0";"0";"1";"0";"1";"0"
"7393";"61205";"7393";"82";"1";"1";"7";"6";"0";"2";"0";"1";"0"
"7397";"61213";"7397";"82";"1";"1";"7";"6";"0";"1";"2";"1";"0"
"7421";"61247";"7421";"82";"1";"1";"7";"0";"0";"1";"0";"1";"0"
"7444";"61277";"7444";"82";"1";"1";"7";"6";"0";"1";"1";"1";"0"
"7536";"61363";"7536";"82";"1";"1";"7";"2";"0";"1";"1";"1";"0"
"7656";"61480";"7656";"82";"1";"1";"7";"0";"0";"0";"0";"3";"0"
"7666";"61482";"7666";"82";"1";"1";"7";"0";"0";"0";"0";"3";"0"
"7821";"61675";"7821";"82";"1";"1";"7";"6";"0";"1";"1";"1";"0"
"8231";"61947";"8231";"82";"1";"1";"7";"0";"0";"1";"0";"1";"0"
"8773";"62572";"8773";"82";"1";"1";"7";"0";"0";"3";"0";"3";"1"
"9246";"65958";"9246";"82";"1";"1";"7";"6";"0";"1";"1";"1";"0"
"9470";"68680";"9470";"82";"1";"1";"7";"6";"1";"1";"1";"2";"0"
"9540";"69019";"9540";"82";"1";"6";"7";"4";"1";"1";"0";"2";"0"
"9572";"69606";"9572";"82";"1";"1";"7";"6";"0";"1";"1";"1";"0"
"231";"891";"231";"82";"3";"1";"1";"6";"0";"4";"0";"1";"0"
"317";"1279";"317";"82";"1";"1";"7";"0";"0";"1";"1";"3";"0"
"502";"3550";"502";"82";"1";"1";"7";"0";"0";"0";"1";"3";"0"
"803";"7675";"803";"82";"1";"1";"7";"7";"0";"1";"1";"1";"0"
"804";"7675";"804";"82";"1";"1";"7";"0";"0";"1";"0";"1";"0"
"937";"10470";"937";"82";"1";"1";"7";"0";"0";"1";"0";"1";"0"
"1306";"14431";"1306";"82";"1";"1";"7";"6";"1";"0";"1";"2";"0"
"1490";"20542";"1490";"82";"3";"1";"7";"0";"0";"1";"0";"1";"0"
"1605";"24284";"1605";"82";"5";"1";"7";"6";"0";"1";"0";"3";"0"
"1859";"27124";"1859";"82";"1";"1";"7";"6";"0";"2";"0";"1";"0"
"1871";"27199";"1871";"82";"1";"1";"7";"6";"0";"1";"4";"1";"0"
"1874";"27231";"1874";"82";"1";"3";"1";"6";"0";"1";"1";"1";"0"
"1884";"27298";"1884";"82";"1";"1";"7";"6";"0";"0";"1";"3";"0"
"2104";"29090";"2104";"82";"1";"1";"7";"6";"0";"1";"1";"1";"0"
"2222";"29259";"2222";"82";"3";"1";"7";"6";"0";"1";"1";"1";"0"
"2388";"32710";"2388";"82";"3";"1";"7";"7";"0";"1";"1";"1";"0"
"2548";"33819";"2548";"82";"1";"1";"7";"0";"0";"1";"0";"1";"0"
"2567";"33927";"2567";"82";"3";"1";"7";"6";"0";"6";"2";"1";"0"
"2635";"35473";"2635";"82";"2";"3";"1";"6";"0";"1";"0";"1";"0"
"2730";"36442";"2730";"82";"3";"1";"1";"0";"1";"0";"0";"2";"0"
"2739";"36483";"2739";"82";"1";"1";"7";"0";"1";"1";"0";"2";"0"
"2949";"38413";"2949";"82";"3";"1";"7";"6";"0";"1";"1";"1";"0"
"3084";"38764";"3084";"82";"1";"1";"7";"6";"0";"1";"1";"1";"0"
"3403";"39402";"3403";"82";"1";"1";"7";"6";"0";"1";"3";"1";"0"
"3562";"39660";"3562";"82";"1";"1";"7";"6";"0";"1";"0";"1";"0"
"3830";"40087";"3830";"82";"3";"1";"7";"6";"1";"0";"1";"2";"0"
"4001";"40354";"4001";"82";"1";"1";"7";"0";"0";"1";"0";"1";"0"
"4678";"41695";"4678";"82";"1";"1";"7";"0";"1";"0";"1";"2";"0"
"4773";"42960";"4773";"82";"1";"1";"7";"3";"0";"1";"1";"1";"0"
"429";"2137";"429";"85";"5";"1";"7";"6";"0";"1";"2";"1";"0"
"955";"10510";"955";"85";"5";"1";"7";"6";"0";"1";"1";"1";"0"
"964";"10541";"964";"85";"5";"1";"7";"6";"2";"0";"1";"2";"0"
"1051";"12390";"1051";"85";"2";"1";"7";"6";"0";"1";"0";"1";"0"
"1993";"28293";"1993";"85";"3";"1";"7";"6";"0";"1";"1";"1";"0"
"3155";"38940";"3155";"85";"3";"3";"2";"6";"0";"1";"2";"1";"0"
"4343";"41021";"4343";"85";"3";"1";"2";"6";"1";"0";"1";"2";"0"
"9742";"72012";"9742";"85";"5";"1";"7";"6";"0";"1";"1";"1";"0"
"9920";"72277";"9920";"85";"3";"3";"2";"6";"0";"1";"1";"1";"0"
"9938";"72343";"9938";"85";"3";"3";"2";"6";"0";"1";"1";"1";"0"
"10375";"72975";"10375";"85";"3";"1";"7";"6";"0";"2";"1";"1";"0"
"10413";"73055";"10413";"85";"3";"1";"7";"7";"1";"1";"1";"2";"0"
"11278";"79407";"11278";"85";"3";"2";"2";"6";"0";"1";"1";"1";"0"
"11644";"81233";"11644";"85";"5";"1";"2";"6";"0";"1";"1";"1";"0"
"11746";"81522";"11746";"85";"3";"3";"1";"4";"0";"2";"0";"1";"0"
"12196";"90333";"12196";"85";"3";"3";"2";"6";"0";"1";"1";"1";"0"
"12422";"90846";"12422";"85";"2";"1";"7";"5";"0";"2";"0";"1";"0"
"12636";"70816303";"12636";"85";"3";"1";"7";"6";"0";"1";"1";"1";"0"
"12638";"70816406";"12638";"85";"3";"1";"7";"6";"1";"0";"1";"2";"0"
"13005";"71827203";"13005";"85";"3";"1";"7";"6";"1";"0";"1";"2";"0"
"13444";"76723405";"13444";"85";"3";"2";"1";"6";"0";"1";"1";"1";"0"
"13503";"76734403";"13503";"85";"3";"1";"7";"6";"0";"1";"1";"1";"0"
"14102";"77767205";"14102";"85";"3";"1";"7";"6";"0";"1";"1";"1";"0"
"19587";"81765303";"19587";"85";"3";"1";"7";"6";"0";"1";"1";"1";"0"
"19654";"81767102";"19654";"85";"5";"1";"7";"4";"0";"1";"1";"1";"0"
"20032";"81815201";"20032";"85";"2";"1";"7";"6";"0";"1";"1";"1";"0"
"20171";"81912404";"20171";"85";"3";"3";"2";"6";"1";"0";"1";"2";"0"
"20185";"82706401";"20185";"85";"3";"1";"7";"6";"1";"0";"1";"2";"0"
"20235";"82733110";"20235";"85";"2";"1";"7";"6";"1";"0";"1";"2";"0"
"20478";"82766301";"20478";"85";"3";"1";"7";"6";"0";"1";"1";"1";"0"
"20487";"82766303";"20487";"85";"3";"1";"1";"6";"0";"1";"1";"1";"0"
"21533";"83826303";"21533";"85";"3";"1";"7";"6";"0";"1";"1";"1";"0"
"21847";"83877204";"21847";"85";"3";"1";"7";"6";"0";"1";"1";"1";"0"
"21980";"83912505";"21980";"85";"2";"3";"1";"6";"0";"1";"1";"1";"0"
"22796";"84834202";"22796";"85";"3";"6";"1";"6";"0";"2";"0";"1";"0"
"22967";"84847123";"22967";"85";"3";"1";"7";"6";"0";"1";"1";"1";"0"
"23274";"84864511";"23274";"85";"1";"1";"7";"6";"0";"1";"1";"1";"0"
"23606";"84882104";"23606";"85";"3";"1";"7";"6";"0";"1";"1";"1";"0"
"23806";"85782103";"23806";"85";"2";"1";"7";"6";"0";"1";"1";"1";"0"
"23906";"85811105";"23906";"85";"5";"1";"7";"6";"0";"1";"1";"1";"0"
"29303";"87834207";"29303";"85";"3";"1";"7";"7";"0";"1";"1";"1";"0"
"29605";"88825102";"29605";"85";"3";"1";"7";"6";"0";"1";"1";"1";"0"
"29652";"88837502";"29652";"85";"3";"1";"7";"6";"0";"1";"3";"1";"0"
"5471";"46462";"5471";"85";"3";"3";"2";"6";"0";"1";"0";"1";"0"
"5810";"48569";"5810";"85";"3";"1";"7";"6";"0";"1";"1";"1";"0"
"6430";"53028";"6430";"85";"3";"1";"7";"6";"0";"1";"1";"1";"0"
"6868";"59910";"6868";"85";"3";"1";"7";"6";"1";"0";"1";"2";"0"
"6873";"59913";"6873";"85";"3";"1";"7";"6";"1";"0";"1";"2";"0"
"6881";"59939";"6881";"85";"3";"1";"1";"6";"1";"0";"2";"2";"0"
"9283";"66068";"9283";"85";"4";"1";"7";"6";"1";"0";"1";"2";"0"
"14782";"78751504";"14782";"85";"5";"1";"1";"6";"0";"0";"1";"3";"0"
"15159";"78774306";"15159";"85";"3";"1";"7";"6";"0";"1";"1";"1";"0"
"15161";"78775104";"15161";"85";"3";"3";"1";"6";"1";"0";"1";"2";"0"
"15477";"79713209";"15477";"85";"2";"3";"2";"6";"1";"0";"1";"2";"0"
"15950";"79751102";"15950";"85";"3";"1";"7";"6";"0";"1";"1";"1";"0"
"16017";"79752106";"16017";"85";"3";"1";"7";"6";"0";"1";"1";"1";"0"
"16234";"79753503";"16234";"85";"5";"1";"7";"6";"0";"1";"1";"1";"0"
"16304";"79754507";"16304";"85";"3";"1";"7";"6";"0";"1";"1";"1";"0"
"16516";"79762401";"16516";"85";"3";"1";"7";"6";"0";"1";"1";"1";"0"
"16830";"79767303";"16830";"85";"3";"1";"2";"6";"0";"1";"1";"1";"0"
"17132";"79806202";"17132";"85";"3";"1";"7";"6";"0";"1";"1";"1";"0"
"17173";"79827401";"17173";"85";"3";"3";"2";"6";"0";"1";"1";"1";"0"
"17224";"79916504";"17224";"85";"3";"1";"7";"6";"0";"1";"1";"1";"0"
"17270";"80725301";"17270";"85";"3";"3";"1";"6";"1";"0";"1";"2";"0"
"17806";"80751501";"17806";"85";"3";"1";"7";"6";"0";"1";"1";"1";"0"
"18683";"80775101";"18683";"85";"3";"1";"7";"6";"0";"1";"1";"1";"0"
"18985";"80796502";"18985";"85";"5";"1";"7";"6";"0";"1";"1";"1";"0"
"24128";"85821203";"24128";"85";"3";"1";"7";"6";"1";"0";"1";"2";"0"
"24886";"85841408";"24886";"85";"3";"1";"7";"6";"0";"1";"1";"1";"0"
"25410";"85856303";"25410";"85";"3";"1";"7";"6";"0";"1";"1";"1";"0"
"25437";"85857303";"25437";"85";"3";"1";"7";"6";"0";"1";"1";"1";"0"
"25776";"85871111";"25776";"85";"3";"1";"7";"6";"0";"1";"1";"1";"0"
"26147";"85895204";"26147";"85";"3";"1";"7";"6";"0";"1";"1";"1";"0"
"26148";"85897103";"26148";"85";"3";"1";"7";"6";"0";"1";"1";"1";"0"
"26439";"86805309";"26439";"85";"3";"1";"7";"6";"2";"0";"2";"2";"0"
"26774";"86815404";"26774";"85";"3";"1";"7";"6";"0";"1";"1";"1";"0"
"28267";"86855201";"28267";"85";"3";"1";"1";"6";"1";"1";"1";"2";"0"
"28486";"86872503";"28486";"85";"3";"1";"1";"6";"0";"1";"1";"1";"0"
"28597";"87735404";"28597";"85";"3";"3";"1";"6";"0";"1";"0";"1";"0"
"25930";"85874508";"25930";"86";"1";"1";"7";"3";"1";"0";"1";"2";"0"
"26049";"85882102";"26049";"86";"1";"1";"7";"2";"1";"0";"1";"2";"0"
"26053";"85882102";"26053";"86";"1";"1";"7";"2";"0";"1";"1";"1";"0"
"26146";"85895204";"26146";"86";"3";"2";"1";"5";"0";"1";"1";"1";"0"
"28503";"86873203";"28503";"86";"1";"3";"1";"6";"0";"2";"0";"1";"0"
"28520";"86874406";"28520";"86";"1";"1";"7";"2";"1";"0";"1";"2";"0"
"28562";"86881401";"28562";"86";"1";"1";"7";"3";"0";"1";"1";"1";"0"
"19565";"81764411";"19565";"86";"1";"1";"7";"2";"0";"1";"1";"1";"0"
"19902";"81794504";"19902";"86";"1";"1";"7";"4";"1";"0";"1";"2";"0"
"20054";"81834504";"20054";"86";"1";"1";"7";"3";"1";"0";"1";"2";"0"
"20106";"81881201";"20106";"86";"1";"3";"1";"2";"0";"3";"0";"1";"0"
"20329";"82754408";"20329";"86";"1";"1";"7";"2";"0";"2";"1";"1";"0"
"20381";"82756507";"20381";"86";"1";"1";"7";"1";"0";"2";"1";"1";"0"
"20692";"82801407";"20692";"86";"1";"1";"7";"3";"0";"1";"1";"1";"0"
"20731";"82804402";"20731";"86";"1";"4";"1";"2";"0";"1";"1";"1";"0"
"22049";"83931209";"22049";"86";"1";"1";"7";"3";"0";"1";"1";"1";"0"
"23080";"84856303";"23080";"86";"1";"1";"7";"6";"0";"1";"1";"1";"0"
"23265";"84864305";"23265";"86";"1";"1";"7";"2";"0";"1";"1";"1";"0"
"23331";"84867107";"23331";"86";"1";"1";"7";"6";"0";"1";"1";"1";"0"
"447";"2281";"447";"86";"1";"1";"7";"2";"1";"0";"3";"2";"0"
"1027";"12287";"1027";"86";"1";"1";"7";"3";"0";"1";"1";"1";"0"
"1614";"24969";"1614";"86";"2";"1";"1";"2";"1";"0";"1";"2";"0"
"1734";"25649";"1734";"86";"3";"1";"7";"6";"0";"1";"1";"1";"0"
"1988";"28287";"1988";"86";"1";"1";"7";"2";"1";"0";"1";"2";"0"
"2349";"31877";"2349";"86";"1";"1";"7";"3";"0";"1";"1";"1";"0"
"2722";"36389";"2722";"86";"5";"1";"1";"1";"0";"1";"1";"1";"0"
"3209";"39018";"3209";"86";"3";"1";"7";"2";"0";"2";"1";"1";"0"
"4250";"40844";"4250";"86";"1";"1";"7";"6";"0";"1";"1";"1";"0"
"4372";"41126";"4372";"86";"1";"1";"7";"6";"0";"1";"2";"1";"0"
"4753";"42245";"4753";"86";"4";"1";"7";"0";"0";"2";"0";"1";"0"
"9799";"72088";"9799";"86";"1";"1";"7";"6";"0";"0";"3";"3";"2"
"10486";"73168";"10486";"86";"1";"1";"1";"2";"0";"1";"1";"1";"0"
"11311";"79477";"11311";"86";"3";"1";"7";"7";"0";"1";"1";"1";"0"
"11897";"83414";"11897";"86";"1";"1";"7";"6";"0";"1";"0";"1";"0"
"12038";"90162";"12038";"86";"2";"1";"7";"6";"1";"2";"1";"2";"0"
"12075";"90240";"12075";"86";"1";"4";"3";"7";"0";"1";"1";"1";"0"
"12722";"70826402";"12722";"86";"2";"3";"1";"2";"1";"0";"1";"2";"0"
"12774";"71695104";"12774";"86";"1";"1";"1";"9";"0";"1";"3";"1";"0"
"13112";"72827501";"13112";"86";"3";"2";"2";"6";"0";"1";"1";"1";"0"
"14133";"77771402";"14133";"86";"1";"1";"7";"6";"0";"2";"0";"1";"0"
"14361";"77903209";"14361";"86";"1";"1";"7";"3";"0";"0";"1";"3";"0"
"14401";"77904501";"14401";"86";"1";"1";"7";"3";"0";"1";"1";"1";"0"
"14988";"78765410";"14988";"86";"1";"1";"7";"6";"0";"1";"1";"1";"0"
"15011";"78766510";"15011";"86";"1";"1";"7";"2";"0";"1";"1";"1";"0"
"15019";"78767302";"15019";"86";"1";"1";"7";"6";"0";"2";"1";"1";"0"
"15321";"78787105";"15321";"86";"1";"1";"7";"3";"1";"0";"1";"2";"0"
"15354";"78797210";"15354";"86";"1";"1";"7";"3";"1";"0";"1";"2";"0"
"15751";"79737105";"15751";"86";"1";"1";"7";"6";"0";"4";"2";"1";"0"
"16977";"79781106";"16977";"86";"3";"1";"7";"2";"0";"1";"0";"3";"0"
"17046";"79792103";"17046";"86";"1";"1";"7";"3";"1";"0";"1";"2";"0"
"17130";"79806201";"17130";"86";"1";"1";"7";"2";"0";"0";"1";"3";"0"
"18241";"80761406";"18241";"86";"1";"1";"7";"2";"0";"1";"1";"1";"0"
"5091";"45178";"5091";"86";"1";"1";"7";"2";"1";"0";"1";"2";"0"
"5140";"45276";"5140";"86";"1";"1";"7";"2";"0";"2";"2";"1";"0"
"5283";"45505";"5283";"86";"1";"1";"7";"2";"0";"1";"1";"1";"0"
"6185";"50204";"6185";"86";"1";"1";"1";"2";"1";"0";"1";"2";"0"
"6839";"59851";"6839";"86";"1";"1";"7";"7";"0";"1";"1";"1";"0"
"8430";"62212";"8430";"86";"1";"1";"7";"6";"0";"1";"1";"1";"0"
"9255";"65985";"9255";"86";"1";"1";"1";"2";"0";"1";"1";"1";"0"
"4901";"43232";"4901";"99";"5";"7";"7";"4";"0";"2";"0";"1";"0"
"5021";"43532";"5021";"99";"2";"1";"7";"6";"1";"0";"1";"2";"0"
"5224";"45420";"5224";"99";"1";"1";"7";"0";"1";"0";"0";"2";"0"
"5590";"47500";"5590";"99";"3";"1";"1";"0";"0";"1";"1";"1";"0"
"5668";"47562";"5668";"99";"1";"1";"7";"0";"0";"1";"0";"1";"0"
"5826";"48582";"5826";"99";"3";"1";"7";"4";"0";"2";"0";"1";"0"
"6353";"52061";"6353";"99";"1";"1";"1";"2";"0";"1";"1";"1";"0"
"6696";"57901";"6696";"99";"3";"7";"7";"0";"1";"1";"0";"2";"0"
"6710";"58658";"6710";"99";"1";"1";"7";"7";"0";"0";"1";"3";"0"
"7135";"60897";"7135";"99";"1";"1";"7";"6";"0";"1";"1";"1";"0"
"7234";"60977";"7234";"99";"1";"1";"7";"6";"0";"1";"2";"1";"0"
"7477";"61298";"7477";"99";"1";"1";"7";"1";"0";"1";"1";"1";"0"
"7517";"61356";"7517";"99";"1";"1";"7";"2";"1";"0";"2";"2";"0"
"7591";"61438";"7591";"99";"1";"1";"7";"2";"0";"1";"1";"1";"0"
"8679";"62388";"8679";"99";"1";"1";"7";"2";"0";"1";"0";"1";"0"
"8743";"62505";"8743";"99";"3";"1";"7";"4";"0";"1";"1";"1";"0"
"8887";"62679";"8887";"99";"2";"1";"7";"1";"0";"1";"1";"1";"0"
"8957";"62743";"8957";"99";"1";"1";"7";"9";"0";"1";"0";"1";"0"
"9592";"69721";"9592";"99";"5";"1";"7";"6";"0";"4";"0";"1";"0"
"9974";"72375";"9974";"99";"1";"1";"7";"6";"0";"4";"1";"1";"0"
"10577";"73326";"10577";"99";"1";"1";"7";"1";"1";"0";"1";"2";"0"
"10609";"73359";"10609";"99";"3";"3";"2";"2";"1";"0";"1";"2";"0"
"10676";"73484";"10676";"99";"1";"1";"7";"3";"1";"1";"1";"2";"0"
"11120";"78354";"11120";"99";"3";"1";"2";"6";"1";"0";"1";"2";"0"
"11122";"78354";"11122";"99";"3";"1";"7";"2";"0";"1";"0";"1";"0"
"11143";"78439";"11143";"99";"1";"1";"7";"8";"0";"1";"1";"1";"0"
"11804";"81824";"11804";"99";"1";"1";"7";"6";"0";"2";"0";"1";"0"
"11814";"81872";"11814";"99";"1";"1";"7";"2";"0";"1";"1";"1";"0"
"12043";"90187";"12043";"99";"1";"1";"7";"6";"1";"0";"1";"2";"0"
"12168";"90319";"12133";"99";"5";"1";"7";"3";"1";"0";"0";"2";"0"
"12385";"90785";"12385";"99";"1";"1";"7";"6";"0";"3";"4";"1";"0"
"12681";"70824501";"12681";"99";"1";"1";"7";"4";"1";"0";"1";"2";"0"
"13273";"75736505";"13273";"99";"1";"1";"7";"7";"0";"1";"1";"1";"0"
"13876";"77737308";"13876";"99";"1";"1";"7";"6";"0";"2";"0";"1";"0"
"13902";"77743104";"13902";"99";"1";"1";"7";"6";"0";"1";"1";"1";"0"
"14246";"77777203";"14246";"99";"1";"1";"7";"6";"0";"1";"1";"1";"0"
"28928";"87811406";"28928";"99";"3";"1";"7";"3";"0";"1";"0";"1";"0"
"29749";"89811306";"29749";"99";"1";"1";"7";"6";"0";"0";"1";"3";"0"
"19327";"81744515";"19327";"99";"1";"1";"7";"2";"1";"0";"1";"2";"0"
"19818";"81785304";"19818";"99";"3";"1";"7";"6";"0";"1";"2";"1";"0"
"20471";"82765404";"20471";"99";"3";"1";"1";"3";"0";"1";"0";"1";"0"
"21402";"83811503";"21402";"99";"1";"1";"7";"3";"0";"1";"1";"1";"0"
"21874";"83885201";"21874";"99";"1";"1";"7";"0";"0";"1";"0";"1";"0"
"22923";"84842302";"22923";"99";"1";"1";"1";"6";"0";"2";"1";"1";"0"
"23074";"84856303";"23074";"99";"1";"1";"7";"3";"0";"0";"1";"3";"0"
"24163";"85822104";"7460";"99";"1";"1";"7";"4";"0";"1";"1";"1";"0"
"24735";"85835303";"24735";"99";"3";"1";"7";"4";"0";"1";"1";"1";"0"
"24986";"85844206";"24986";"99";"1";"1";"7";"3";"0";"0";"1";"3";"0"
"26029";"85882102";"26029";"99";"1";"2";"2";"7";"0";"0";"1";"3";"0"
"26225";"86793204";"26225";"99";"3";"2";"1";"3";"0";"1";"0";"1";"0"
"26297";"86802401";"26297";"99";"1";"1";"7";"2";"0";"1";"1";"1";"0"
"26552";"86811303";"26552";"99";"1";"1";"7";"2";"0";"1";"1";"1";"0"
"26857";"86817302";"26857";"99";"1";"1";"7";"3";"0";"1";"1";"1";"0"
"27225";"86824206";"27225";"99";"3";"1";"7";"3";"0";"1";"1";"1";"0"
"28289";"86855502";"28289";"99";"1";"1";"7";"4";"0";"1";"0";"1";"0"
"14519";"78691507";"14519";"99";"1";"1";"7";"6";"1";"0";"2";"2";"0"
"15193";"78775404";"15193";"99";"1";"1";"7";"7";"1";"0";"1";"2";"0"
"18343";"80763208";"18343";"99";"1";"1";"7";"6";"0";"1";"1";"1";"0"
"18403";"80764204";"18403";"99";"3";"1";"7";"6";"0";"1";"1";"1";"0"
"206";"848";"206";"99";"3";"1";"7";"0";"1";"0";"0";"2";"0"
"405";"1629";"405";"99";"1";"1";"7";"2";"0";"1";"1";"1";"0"
"490";"3532";"490";"99";"1";"1";"7";"2";"1";"0";"4";"2";"0"
"547";"3657";"547";"99";"1";"1";"7";"6";"0";"1";"1";"1";"0"
"604";"4018";"604";"99";"1";"1";"7";"2";"1";"0";"1";"2";"0"
"1028";"12292";"1028";"99";"1";"7";"1";"6";"1";"0";"1";"2";"0"
"1039";"12355";"1039";"99";"1";"1";"7";"7";"1";"0";"1";"2";"0"
"1267";"13670";"1267";"99";"1";"3";"1";"3";"0";"2";"0";"1";"0"
"1275";"13693";"1275";"99";"3";"1";"1";"9";"0";"1";"0";"1";"0"
"1386";"17949";"1386";"99";"1";"1";"7";"0";"2";"0";"1";"2";"0"
"1557";"22752";"1557";"99";"1";"1";"7";"7";"0";"0";"1";"3";"0"
"1870";"27199";"1870";"99";"1";"1";"7";"2";"0";"1";"1";"1";"0"
"2196";"29228";"2196";"99";"1";"1";"7";"6";"0";"2";"3";"1";"0"
"2220";"29257";"2220";"99";"1";"1";"7";"2";"0";"1";"1";"1";"0"
"2317";"31049";"2317";"99";"3";"3";"1";"4";"0";"1";"1";"1";"0"
"2976";"38481";"2976";"99";"3";"1";"7";"6";"0";"0";"1";"3";"0"
"3147";"38937";"3147";"99";"1";"1";"7";"2";"0";"1";"1";"1";"0"
"3250";"39047";"3250";"99";"1";"1";"7";"0";"2";"0";"0";"2";"0"
"3423";"39480";"3423";"99";"1";"1";"7";"7";"0";"1";"1";"1";"0"
"3661";"39815";"3661";"99";"1";"1";"7";"7";"0";"1";"1";"1";"0"
"4216";"40756";"4216";"99";"2";"3";"1";"6";"0";"1";"1";"1";"0"